,Wavelength (nm),Target Reflectance,foldername
0,339.3,27.1465,bent005ck
1,340.8,26.822,bent005ck
2,342.3,26.178,bent005ck
3,343.7,25.431,bent005ck
4,345.2,24.94,bent005ck
5,346.7,24.538000000000004,bent005ck
6,348.1,24.149,bent005ck
7,349.6,23.864,bent005ck
8,351.1,23.6245,bent005ck
9,352.5,23.4195,bent005ck
10,354.0,23.271,bent005ck
11,355.5,23.209,bent005ck
12,357.0,23.1375,bent005ck
13,358.4,23.111,bent005ck
14,359.9,23.0265,bent005ck
15,361.4,23.086,bent005ck
16,362.8,23.1385,bent005ck
17,364.3,23.172500000000003,bent005ck
18,365.8,23.1775,bent005ck
19,367.2,23.2365,bent005ck
20,368.7,23.284,bent005ck
21,370.1,23.472500000000004,bent005ck
22,371.6,23.585,bent005ck
23,373.1,23.7525,bent005ck
24,374.5,23.834,bent005ck
25,376.0,23.949500000000004,bent005ck
26,377.5,24.0465,bent005ck
27,378.9,24.248,bent005ck
28,380.4,24.4815,bent005ck
29,381.9,24.5725,bent005ck
30,383.3,24.7475,bent005ck
31,384.8,24.875,bent005ck
32,386.2,25.03,bent005ck
33,387.7,25.0845,bent005ck
34,389.2,25.2365,bent005ck
35,390.6,25.302,bent005ck
36,392.1,25.431,bent005ck
37,393.6,25.5185,bent005ck
38,395.0,25.6095,bent005ck
39,396.5,25.7155,bent005ck
40,397.9,25.809000000000005,bent005ck
41,399.4,25.864,bent005ck
42,400.9,25.956,bent005ck
43,402.3,26.047999999999995,bent005ck
44,403.8,26.1405,bent005ck
45,405.2,26.2425,bent005ck
46,406.7,26.323,bent005ck
47,408.1,26.3905,bent005ck
48,409.6,26.4905,bent005ck
49,411.1,26.5605,bent005ck
50,412.5,26.694,bent005ck
51,414.0,26.8025,bent005ck
52,415.4,26.909,bent005ck
53,416.9,27.023000000000003,bent005ck
54,418.3,27.1255,bent005ck
55,419.8,27.2655,bent005ck
56,421.2,27.4195,bent005ck
57,422.7,27.555999999999997,bent005ck
58,424.1,27.716,bent005ck
59,425.6,27.837,bent005ck
60,427.0,27.96,bent005ck
61,428.5,28.0935,bent005ck
62,429.9,28.2245,bent005ck
63,431.4,28.365,bent005ck
64,432.8,28.49900000000001,bent005ck
65,434.3,28.629,bent005ck
66,435.7,28.76,bent005ck
67,437.2,28.887,bent005ck
68,438.6,29.0285,bent005ck
69,440.1,29.1745,bent005ck
70,441.5,29.3205,bent005ck
71,443.0,29.451,bent005ck
72,444.4,29.5745,bent005ck
73,445.8,29.68999999999999,bent005ck
74,447.3,29.806500000000007,bent005ck
75,448.7,29.921000000000003,bent005ck
76,450.2,30.0265,bent005ck
77,451.6,30.117999999999995,bent005ck
78,453.0,30.205,bent005ck
79,454.5,30.2905,bent005ck
80,455.9,30.3765,bent005ck
81,457.4,30.45,bent005ck
82,458.8,30.5225,bent005ck
83,460.2,30.5965,bent005ck
84,461.7,30.6655,bent005ck
85,463.1,30.7305,bent005ck
86,464.5,30.7955,bent005ck
87,466.0,30.878000000000004,bent005ck
88,467.4,30.946999999999992,bent005ck
89,468.9,31.018,bent005ck
90,470.3,31.08300000000001,bent005ck
91,471.7,31.159,bent005ck
92,473.1,31.227500000000003,bent005ck
93,474.6,31.296,bent005ck
94,476.0,31.372000000000003,bent005ck
95,477.4,31.442,bent005ck
96,478.9,31.514500000000005,bent005ck
97,480.3,31.584,bent005ck
98,481.7,31.649500000000007,bent005ck
99,483.1,31.722999999999995,bent005ck
100,484.6,31.790000000000003,bent005ck
101,486.0,31.869,bent005ck
102,487.4,31.944499999999994,bent005ck
103,488.9,32.017,bent005ck
104,490.3,32.084,bent005ck
105,491.7,32.152,bent005ck
106,493.1,32.225,bent005ck
107,494.5,32.2935,bent005ck
108,496.0,32.3685,bent005ck
109,497.4,32.449,bent005ck
110,498.8,32.523500000000006,bent005ck
111,500.2,32.595,bent005ck
112,501.6,32.666,bent005ck
113,503.1,32.73900000000001,bent005ck
114,504.5,32.80949999999999,bent005ck
115,505.9,32.885000000000005,bent005ck
116,507.3,32.9575,bent005ck
117,508.7,33.034,bent005ck
118,510.1,33.1015,bent005ck
119,511.6,33.174,bent005ck
120,513.0,33.24900000000001,bent005ck
121,514.4,33.327,bent005ck
122,515.8,33.40050000000001,bent005ck
123,517.2,33.47499999999999,bent005ck
124,518.6,33.5465,bent005ck
125,520.0,33.621,bent005ck
126,521.5,33.69199999999999,bent005ck
127,522.9,33.763,bent005ck
128,524.3,33.840999999999994,bent005ck
129,525.7,33.908,bent005ck
130,527.1,33.950500000000005,bent005ck
131,528.5,33.988,bent005ck
132,529.9,34.041999999999994,bent005ck
133,531.3,34.1135,bent005ck
134,532.7,34.208000000000006,bent005ck
135,534.1,34.298,bent005ck
136,535.5,34.3875,bent005ck
137,536.9,34.4635,bent005ck
138,538.3,34.5355,bent005ck
139,539.7,34.59499999999999,bent005ck
140,541.1,34.6735,bent005ck
141,542.5,34.733000000000004,bent005ck
142,544.0,34.7935,bent005ck
143,545.3,34.88,bent005ck
144,546.8,35.00200000000001,bent005ck
145,548.2,35.0955,bent005ck
146,549.5,35.157500000000006,bent005ck
147,550.9,35.233000000000004,bent005ck
148,552.3,35.2915,bent005ck
149,553.7,35.281,bent005ck
150,555.1,35.25600000000001,bent005ck
151,556.5,35.26649999999999,bent005ck
152,557.9,35.31150000000001,bent005ck
153,559.3,35.371500000000005,bent005ck
154,560.7,35.421499999999995,bent005ck
155,562.1,35.469500000000004,bent005ck
156,563.5,35.519499999999994,bent005ck
157,564.9,35.56999999999999,bent005ck
158,566.3,35.61800000000001,bent005ck
159,567.7,35.666999999999994,bent005ck
160,569.1,35.7125,bent005ck
161,570.5,35.758,bent005ck
162,571.8,35.798500000000004,bent005ck
163,573.2,35.843500000000006,bent005ck
164,574.6,35.892,bent005ck
165,576.0,35.935500000000005,bent005ck
166,577.4,35.9775,bent005ck
167,578.8,36.0125,bent005ck
168,580.2,36.049,bent005ck
169,581.5,36.08899999999999,bent005ck
170,582.9,36.126000000000005,bent005ck
171,584.3,36.163,bent005ck
172,585.7,36.1985,bent005ck
173,587.1,36.231,bent005ck
174,588.5,36.2615,bent005ck
175,589.8,36.2915,bent005ck
176,591.2,36.322500000000005,bent005ck
177,592.6,36.355500000000006,bent005ck
178,594.0,36.3885,bent005ck
179,595.4,36.4145,bent005ck
180,596.7,36.4395,bent005ck
181,598.1,36.46300000000001,bent005ck
182,599.5,36.48900000000001,bent005ck
183,600.9,36.5115,bent005ck
184,602.2,36.54,bent005ck
185,603.6,36.56349999999999,bent005ck
186,605.0,36.5895,bent005ck
187,606.4,36.612,bent005ck
188,607.7,36.636,bent005ck
189,609.1,36.664,bent005ck
190,610.5,36.691500000000005,bent005ck
191,611.9,36.7195,bent005ck
192,613.2,36.748000000000005,bent005ck
193,614.6,36.776500000000006,bent005ck
194,616.0,36.8035,bent005ck
195,617.3,36.828,bent005ck
196,618.7,36.852,bent005ck
197,620.1,36.879,bent005ck
198,621.5,36.907,bent005ck
199,622.8,36.936,bent005ck
200,624.2,36.962,bent005ck
201,625.5,36.98499999999999,bent005ck
202,626.9,37.0065,bent005ck
203,628.3,37.031,bent005ck
204,629.6,37.05500000000001,bent005ck
205,631.0,37.082,bent005ck
206,632.4,37.103,bent005ck
207,633.7,37.12649999999999,bent005ck
208,635.1,37.150000000000006,bent005ck
209,636.5,37.166,bent005ck
210,637.8,37.1855,bent005ck
211,639.2,37.2015,bent005ck
212,640.5,37.2145,bent005ck
213,641.9,37.23,bent005ck
214,643.2,37.233,bent005ck
215,644.6,37.2355,bent005ck
216,646.0,37.238,bent005ck
217,647.3,37.24900000000001,bent005ck
218,648.7,37.264,bent005ck
219,650.0,37.288,bent005ck
220,651.4,37.3035,bent005ck
221,652.7,37.2975,bent005ck
222,654.1,37.2675,bent005ck
223,655.4,37.2525,bent005ck
224,656.8,37.2765,bent005ck
225,658.1,37.298,bent005ck
226,659.5,37.3155,bent005ck
227,660.8,37.3265,bent005ck
228,662.2,37.3335,bent005ck
229,663.5,37.33550000000001,bent005ck
230,664.9,37.354,bent005ck
231,666.2,37.379000000000005,bent005ck
232,667.6,37.3775,bent005ck
233,668.9,37.4125,bent005ck
234,670.3,37.5325,bent005ck
235,671.6,37.645,bent005ck
236,673.0,37.7055,bent005ck
237,674.3,37.791500000000006,bent005ck
238,675.6,37.859,bent005ck
239,677.0,37.8375,bent005ck
240,678.3,37.77600000000001,bent005ck
241,679.7,37.7605,bent005ck
242,681.0,37.7905,bent005ck
243,682.3,37.825500000000005,bent005ck
244,683.7,37.861,bent005ck
245,685.0,37.89399999999999,bent005ck
246,686.4,37.9295,bent005ck
247,687.7,37.96,bent005ck
248,689.0,37.9885,bent005ck
249,690.4,38.022,bent005ck
250,691.7,38.0555,bent005ck
251,693.0,38.0885,bent005ck
252,694.4,38.1195,bent005ck
253,695.7,38.1495,bent005ck
254,697.0,38.178,bent005ck
255,698.4,38.21,bent005ck
256,699.7,38.241,bent005ck
257,701.0,38.272000000000006,bent005ck
258,702.4,38.30499999999999,bent005ck
259,703.7,38.33149999999999,bent005ck
260,705.0,38.3615,bent005ck
261,706.3,38.39049999999999,bent005ck
262,707.7,38.419,bent005ck
263,709.0,38.447500000000005,bent005ck
264,710.3,38.4755,bent005ck
265,711.6,38.5015,bent005ck
266,713.0,38.53,bent005ck
267,714.3,38.5535,bent005ck
268,715.6,38.5765,bent005ck
269,716.9,38.6005,bent005ck
270,718.2,38.62650000000001,bent005ck
271,719.6,38.647,bent005ck
272,720.9,38.6735,bent005ck
273,722.2,38.695,bent005ck
274,723.5,38.71650000000001,bent005ck
275,724.8,38.741,bent005ck
276,726.2,38.7635,bent005ck
277,727.5,38.783,bent005ck
278,728.8,38.8015,bent005ck
279,730.1,38.818,bent005ck
280,731.4,38.84,bent005ck
281,732.7,38.85850000000001,bent005ck
282,734.0,38.87650000000001,bent005ck
283,735.3,38.8965,bent005ck
284,736.7,38.912,bent005ck
285,738.0,38.929,bent005ck
286,739.3,38.9455,bent005ck
287,740.6,38.9645,bent005ck
288,741.9,38.982000000000006,bent005ck
289,743.2,38.99850000000001,bent005ck
290,744.5,39.016000000000005,bent005ck
291,745.8,39.0355,bent005ck
292,747.1,39.05,bent005ck
293,748.4,39.066,bent005ck
294,749.7,39.0805,bent005ck
295,751.0,39.099,bent005ck
296,752.3,39.1165,bent005ck
297,753.6,39.132000000000005,bent005ck
298,754.9,39.1465,bent005ck
299,756.2,39.163,bent005ck
300,757.5,39.175,bent005ck
301,758.8,39.1885,bent005ck
302,760.1,39.2035,bent005ck
303,761.4,39.21999999999999,bent005ck
304,762.7,39.23949999999999,bent005ck
305,764.0,39.2495,bent005ck
306,765.3,39.267,bent005ck
307,766.6,39.276500000000006,bent005ck
308,767.9,39.2925,bent005ck
309,769.2,39.3045,bent005ck
310,770.4,39.314,bent005ck
311,771.7,39.327,bent005ck
312,773.0,39.3445,bent005ck
313,774.3,39.3575,bent005ck
314,775.6,39.3695,bent005ck
315,776.9,39.38100000000001,bent005ck
316,778.2,39.39300000000001,bent005ck
317,779.4,39.4055,bent005ck
318,780.7,39.4185,bent005ck
319,782.0,39.43050000000001,bent005ck
320,783.3,39.437,bent005ck
321,784.5,39.4485,bent005ck
322,785.8,39.462,bent005ck
323,787.1,39.473,bent005ck
324,788.4,39.4835,bent005ck
325,789.7,39.492,bent005ck
326,790.9,39.499,bent005ck
327,792.2,39.508500000000005,bent005ck
328,793.5,39.517,bent005ck
329,794.8,39.527,bent005ck
330,796.0,39.53750000000001,bent005ck
331,797.3,39.5465,bent005ck
332,798.5,39.5545,bent005ck
333,799.8,39.563,bent005ck
334,801.1,39.5675,bent005ck
335,802.3,39.5785,bent005ck
336,803.6,39.5855,bent005ck
337,804.9,39.5955,bent005ck
338,806.1,39.6005,bent005ck
339,807.4,39.60900000000001,bent005ck
340,808.7,39.617,bent005ck
341,809.9,39.61900000000001,bent005ck
342,811.2,39.629,bent005ck
343,812.4,39.6315,bent005ck
344,813.7,39.63850000000001,bent005ck
345,815.0,39.642500000000005,bent005ck
346,816.2,39.649,bent005ck
347,817.5,39.654,bent005ck
348,818.7,39.6625,bent005ck
349,820.0,39.6615,bent005ck
350,821.2,39.661,bent005ck
351,822.5,39.659000000000006,bent005ck
352,823.7,39.66,bent005ck
353,825.0,39.666500000000006,bent005ck
354,826.2,39.676,bent005ck
355,827.5,39.68749999999999,bent005ck
356,828.7,39.6975,bent005ck
357,829.9,39.702000000000005,bent005ck
358,831.2,39.696000000000005,bent005ck
359,832.4,39.681,bent005ck
360,833.7,39.6915,bent005ck
361,834.9,39.6905,bent005ck
362,836.1,39.696,bent005ck
363,837.4,39.697500000000005,bent005ck
364,838.6,39.70099999999999,bent005ck
365,839.8,39.6915,bent005ck
366,841.1,39.6965,bent005ck
367,842.3,39.702000000000005,bent005ck
368,843.5,39.709,bent005ck
369,844.8,39.70649999999999,bent005ck
370,846.0,39.7155,bent005ck
371,847.2,39.71249999999999,bent005ck
372,848.5,39.709500000000006,bent005ck
373,849.7,39.7045,bent005ck
374,850.9,39.703500000000005,bent005ck
375,852.2,39.708,bent005ck
376,853.4,39.709,bent005ck
377,854.6,39.712,bent005ck
378,855.8,39.714,bent005ck
379,857.0,39.71,bent005ck
380,858.3,39.715,bent005ck
381,859.5,39.712,bent005ck
382,860.7,39.7125,bent005ck
383,861.9,39.711000000000006,bent005ck
384,863.1,39.71150000000001,bent005ck
385,864.3,39.7155,bent005ck
386,865.5,39.71150000000001,bent005ck
387,866.8,39.719,bent005ck
388,868.0,39.723,bent005ck
389,869.2,39.7175,bent005ck
390,870.4,39.71900000000001,bent005ck
391,871.6,39.7095,bent005ck
392,872.8,39.711,bent005ck
393,874.0,39.712,bent005ck
394,875.2,39.714,bent005ck
395,876.4,39.723000000000006,bent005ck
396,877.6,39.7205,bent005ck
397,878.8,39.7225,bent005ck
398,880.0,39.722,bent005ck
399,881.2,39.721500000000006,bent005ck
400,882.4,39.723,bent005ck
401,883.6,39.728,bent005ck
402,884.8,39.7245,bent005ck
403,886.0,39.726000000000006,bent005ck
404,887.2,39.726000000000006,bent005ck
405,888.4,39.732,bent005ck
406,889.6,39.733,bent005ck
407,890.8,39.7365,bent005ck
408,892.0,39.7445,bent005ck
409,893.2,39.7385,bent005ck
410,894.3,39.7405,bent005ck
411,895.5,39.742,bent005ck
412,896.7,39.7495,bent005ck
413,897.9,39.748,bent005ck
414,899.1,39.759,bent005ck
415,900.3,39.74600000000001,bent005ck
416,901.5,39.7535,bent005ck
417,902.6,39.749,bent005ck
418,903.8,39.75000000000001,bent005ck
419,905.0,39.7705,bent005ck
420,906.2,39.764,bent005ck
421,907.4,39.7745,bent005ck
422,908.5,39.771,bent005ck
423,909.7,39.7805,bent005ck
424,910.9,39.782500000000006,bent005ck
425,912.1,39.7735,bent005ck
426,913.2,39.78150000000001,bent005ck
427,914.4,39.802,bent005ck
428,915.6,39.804,bent005ck
429,916.8,39.816,bent005ck
430,917.9,39.803,bent005ck
431,919.1,39.8205,bent005ck
432,920.2,39.80749999999999,bent005ck
433,921.4,39.8205,bent005ck
434,922.6,39.838,bent005ck
435,923.8,39.8245,bent005ck
436,924.9,39.845,bent005ck
437,926.1,39.8405,bent005ck
438,927.2,39.841,bent005ck
439,928.4,39.8495,bent005ck
440,929.6,39.858,bent005ck
441,930.7,39.8625,bent005ck
442,931.9,39.863,bent005ck
443,933.0,39.864,bent005ck
444,934.2,39.873,bent005ck
445,935.3,39.88,bent005ck
446,936.5,39.87349999999999,bent005ck
447,937.7,39.8885,bent005ck
448,938.8,39.9065,bent005ck
449,940.0,39.9155,bent005ck
450,941.1,39.913,bent005ck
451,942.3,39.906,bent005ck
452,943.4,39.90400000000001,bent005ck
453,944.6,39.914,bent005ck
454,945.7,39.91400000000001,bent005ck
455,946.9,39.919,bent005ck
456,948.0,39.9185,bent005ck
457,949.2,39.9155,bent005ck
458,950.3,39.908,bent005ck
459,951.5,39.9335,bent005ck
460,952.6,39.9365,bent005ck
461,953.8,39.94100000000001,bent005ck
462,954.9,39.94499999999999,bent005ck
463,956.1,39.95399999999999,bent005ck
464,957.2,39.966,bent005ck
465,958.3,39.93650000000001,bent005ck
466,959.5,39.9375,bent005ck
467,960.6,39.935,bent005ck
468,961.8,39.96,bent005ck
469,962.9,39.966,bent005ck
470,964.1,39.9455,bent005ck
471,965.2,39.952,bent005ck
472,966.3,39.9935,bent005ck
473,967.5,39.98949999999999,bent005ck
474,968.6,40.0185,bent005ck
475,969.8,40.0405,bent005ck
476,970.9,40.061,bent005ck
477,972.1,40.019000000000005,bent005ck
478,973.2,40.051,bent005ck
479,974.3,40.059000000000005,bent005ck
480,975.5,40.0975,bent005ck
481,976.6,40.11599999999999,bent005ck
482,977.8,40.10349999999999,bent005ck
483,978.9,40.1045,bent005ck
484,980.0,40.08399999999999,bent005ck
485,981.2,40.111,bent005ck
486,982.3,40.119,bent005ck
487,983.5,40.14149999999999,bent005ck
488,984.6,40.172,bent005ck
489,985.7,40.133,bent005ck
490,986.9,40.157,bent005ck
491,988.0,40.1345,bent005ck
492,989.1,40.107,bent005ck
493,992.0,40.5335,bent005ck
494,995.9,40.523,bent005ck
495,999.7,40.50599999999999,bent005ck
496,1003.6,40.52649999999999,bent005ck
497,1007.4,40.55649999999999,bent005ck
498,1011.3,40.587,bent005ck
499,1015.1,40.615,bent005ck
500,1019.0,40.6315,bent005ck
501,1022.8,40.658,bent005ck
502,1026.7,40.6615,bent005ck
503,1030.5,40.6815,bent005ck
504,1034.4,40.654500000000006,bent005ck
505,1038.2,40.676,bent005ck
506,1042.1,40.70649999999999,bent005ck
507,1045.9,40.71149999999999,bent005ck
508,1049.7,40.7405,bent005ck
509,1053.6,40.71,bent005ck
510,1057.4,40.767,bent005ck
511,1061.2,40.769000000000005,bent005ck
512,1065.1,40.7675,bent005ck
513,1068.9,40.81299999999999,bent005ck
514,1072.7,40.841,bent005ck
515,1076.6,40.791,bent005ck
516,1080.4,40.8045,bent005ck
517,1084.2,40.84400000000001,bent005ck
518,1088.0,40.8775,bent005ck
519,1091.8,40.8865,bent005ck
520,1095.7,40.9015,bent005ck
521,1099.5,40.901,bent005ck
522,1103.3,40.931,bent005ck
523,1107.1,40.958,bent005ck
524,1110.9,40.96300000000001,bent005ck
525,1114.8,40.9885,bent005ck
526,1118.6,40.982000000000006,bent005ck
527,1122.4,41.05299999999999,bent005ck
528,1126.2,41.116,bent005ck
529,1130.0,41.157500000000006,bent005ck
530,1133.8,41.2025,bent005ck
531,1137.6,41.264500000000005,bent005ck
532,1141.4,41.3585,bent005ck
533,1145.2,41.4185,bent005ck
534,1149.0,41.4855,bent005ck
535,1152.8,41.601000000000006,bent005ck
536,1156.6,41.76,bent005ck
537,1160.4,41.8665,bent005ck
538,1164.2,41.9875,bent005ck
539,1168.0,42.009,bent005ck
540,1171.8,42.0195,bent005ck
541,1175.6,41.9625,bent005ck
542,1179.4,41.8445,bent005ck
543,1183.2,41.663,bent005ck
544,1187.0,41.519,bent005ck
545,1190.7,41.4355,bent005ck
546,1194.5,41.3855,bent005ck
547,1198.3,41.4195,bent005ck
548,1202.1,41.416,bent005ck
549,1205.9,41.426,bent005ck
550,1209.7,41.4965,bent005ck
551,1213.4,41.53,bent005ck
552,1217.2,41.538,bent005ck
553,1221.0,41.55749999999999,bent005ck
554,1224.8,41.571000000000005,bent005ck
555,1228.5,41.601,bent005ck
556,1232.3,41.639500000000005,bent005ck
557,1236.1,41.6545,bent005ck
558,1239.8,41.6325,bent005ck
559,1243.6,41.6895,bent005ck
560,1247.4,41.718500000000006,bent005ck
561,1251.1,41.69850000000001,bent005ck
562,1254.9,41.760000000000005,bent005ck
563,1258.7,41.7955,bent005ck
564,1262.4,41.803,bent005ck
565,1266.2,41.7965,bent005ck
566,1269.9,41.802,bent005ck
567,1273.7,41.83200000000001,bent005ck
568,1277.4,41.8755,bent005ck
569,1281.2,41.923,bent005ck
570,1284.9,41.88250000000001,bent005ck
571,1288.7,41.923,bent005ck
572,1292.4,41.8785,bent005ck
573,1296.2,41.9145,bent005ck
574,1299.9,41.903000000000006,bent005ck
575,1303.7,41.9145,bent005ck
576,1307.4,41.904,bent005ck
577,1311.2,41.9035,bent005ck
578,1314.9,41.886,bent005ck
579,1318.7,41.902,bent005ck
580,1322.4,41.887,bent005ck
581,1326.1,41.887,bent005ck
582,1329.9,41.8895,bent005ck
583,1333.6,41.868,bent005ck
584,1337.3,41.8695,bent005ck
585,1341.1,41.8505,bent005ck
586,1344.8,41.8195,bent005ck
587,1348.5,41.77950000000001,bent005ck
588,1352.2,41.75099999999999,bent005ck
589,1356.0,41.7145,bent005ck
590,1359.7,41.67,bent005ck
591,1363.4,41.578500000000005,bent005ck
592,1367.1,41.5455,bent005ck
593,1370.8,41.41100000000001,bent005ck
594,1374.6,41.2185,bent005ck
595,1378.3,40.95100000000001,bent005ck
596,1382.0,40.662,bent005ck
597,1385.7,40.275,bent005ck
598,1389.4,39.779,bent005ck
599,1393.1,39.18300000000001,bent005ck
600,1396.8,38.552,bent005ck
601,1400.5,37.9345,bent005ck
602,1404.2,37.447500000000005,bent005ck
603,1407.9,37.1165,bent005ck
604,1411.7,37.0865,bent005ck
605,1415.4,37.3195,bent005ck
606,1419.1,37.7425,bent005ck
607,1422.8,38.182500000000005,bent005ck
608,1426.4,38.658,bent005ck
609,1430.2,39.0535,bent005ck
610,1433.8,39.3965,bent005ck
611,1437.5,39.659000000000006,bent005ck
612,1441.2,39.837500000000006,bent005ck
613,1444.9,40.0005,bent005ck
614,1448.6,40.11,bent005ck
615,1452.3,40.206,bent005ck
616,1456.0,40.252,bent005ck
617,1459.7,40.3335,bent005ck
618,1463.3,40.345000000000006,bent005ck
619,1467.0,40.5015,bent005ck
620,1470.7,40.5965,bent005ck
621,1474.4,40.71849999999999,bent005ck
622,1478.1,40.80350000000001,bent005ck
623,1481.7,40.9635,bent005ck
624,1485.4,41.0515,bent005ck
625,1489.1,41.124,bent005ck
626,1492.8,41.1955,bent005ck
627,1496.4,41.279,bent005ck
628,1500.1,41.3665,bent005ck
629,1503.8,41.445,bent005ck
630,1507.4,41.514,bent005ck
631,1511.1,41.581,bent005ck
632,1514.7,41.65,bent005ck
633,1518.4,41.6955,bent005ck
634,1522.1,41.732,bent005ck
635,1525.7,41.782,bent005ck
636,1529.4,41.82,bent005ck
637,1533.0,41.8555,bent005ck
638,1536.7,41.8965,bent005ck
639,1540.3,41.9335,bent005ck
640,1544.0,41.9795,bent005ck
641,1547.6,42.0065,bent005ck
642,1551.3,42.0615,bent005ck
643,1554.9,42.109,bent005ck
644,1558.6,42.13099999999999,bent005ck
645,1562.2,42.1735,bent005ck
646,1565.8,42.203500000000005,bent005ck
647,1569.5,42.2305,bent005ck
648,1573.1,42.267,bent005ck
649,1576.8,42.28099999999999,bent005ck
650,1580.4,42.3075,bent005ck
651,1584.0,42.318000000000005,bent005ck
652,1587.7,42.35699999999999,bent005ck
653,1591.3,42.377,bent005ck
654,1594.9,42.395,bent005ck
655,1598.5,42.412,bent005ck
656,1602.2,42.435,bent005ck
657,1605.8,42.4305,bent005ck
658,1609.4,42.4715,bent005ck
659,1613.0,42.49,bent005ck
660,1616.7,42.5155,bent005ck
661,1620.3,42.52900000000001,bent005ck
662,1623.9,42.532500000000006,bent005ck
663,1627.5,42.556,bent005ck
664,1631.1,42.569,bent005ck
665,1634.7,42.58999999999999,bent005ck
666,1638.3,42.635000000000005,bent005ck
667,1641.9,42.654,bent005ck
668,1645.6,42.6535,bent005ck
669,1649.2,42.6745,bent005ck
670,1652.8,42.69350000000001,bent005ck
671,1656.4,42.68000000000001,bent005ck
672,1660.0,42.703,bent005ck
673,1663.6,42.71650000000001,bent005ck
674,1667.2,42.70550000000001,bent005ck
675,1670.8,42.7365,bent005ck
676,1674.4,42.743,bent005ck
677,1678.0,42.749,bent005ck
678,1681.6,42.739,bent005ck
679,1685.1,42.76,bent005ck
680,1688.7,42.771,bent005ck
681,1692.3,42.773,bent005ck
682,1695.9,42.75699999999999,bent005ck
683,1699.5,42.7505,bent005ck
684,1703.1,42.748,bent005ck
685,1706.7,42.7555,bent005ck
686,1710.2,42.744,bent005ck
687,1713.8,42.72200000000001,bent005ck
688,1717.4,42.717000000000006,bent005ck
689,1721.0,42.663,bent005ck
690,1724.5,42.6405,bent005ck
691,1728.1,42.6135,bent005ck
692,1731.7,42.6645,bent005ck
693,1735.2,42.638000000000005,bent005ck
694,1738.8,42.57749999999999,bent005ck
695,1742.4,42.5075,bent005ck
696,1745.9,42.4405,bent005ck
697,1749.5,42.403,bent005ck
698,1753.1,42.352500000000006,bent005ck
699,1756.6,42.3175,bent005ck
700,1760.2,42.25900000000001,bent005ck
701,1763.8,42.28,bent005ck
702,1767.3,42.238,bent005ck
703,1770.9,42.207,bent005ck
704,1774.4,42.1965,bent005ck
705,1778.0,42.164,bent005ck
706,1781.5,42.175,bent005ck
707,1785.1,42.154500000000006,bent005ck
708,1788.6,42.1475,bent005ck
709,1792.1,42.1555,bent005ck
710,1795.7,42.1435,bent005ck
711,1799.2,42.142,bent005ck
712,1802.8,42.09,bent005ck
713,1806.3,42.109,bent005ck
714,1809.8,42.1125,bent005ck
715,1813.4,42.0695,bent005ck
716,1816.9,42.087,bent005ck
717,1820.4,42.0005,bent005ck
718,1824.0,42.0475,bent005ck
719,1827.5,42.024,bent005ck
720,1831.0,42.0275,bent005ck
721,1834.6,42.0035,bent005ck
722,1838.1,41.991,bent005ck
723,1841.6,41.95700000000001,bent005ck
724,1845.1,41.92850000000001,bent005ck
725,1848.6,41.8515,bent005ck
726,1852.2,41.795,bent005ck
727,1855.7,41.67,bent005ck
728,1859.2,41.5415,bent005ck
729,1862.7,41.33749999999999,bent005ck
730,1866.2,41.016000000000005,bent005ck
731,1869.7,40.6275,bent005ck
732,1873.2,40.12949999999999,bent005ck
733,1876.7,39.504000000000005,bent005ck
734,1880.2,38.68500000000001,bent005ck
735,1883.7,37.6485,bent005ck
736,1887.2,36.365,bent005ck
737,1890.7,34.92999999999999,bent005ck
738,1894.2,33.53399999999999,bent005ck
739,1897.7,32.304500000000004,bent005ck
740,1902.7,32.0805,bent005ck
741,1905.5,31.744,bent005ck
742,1908.2,31.676500000000004,bent005ck
743,1911.0,31.87400000000001,bent005ck
744,1913.7,32.198,bent005ck
745,1916.5,32.578,bent005ck
746,1919.2,32.999500000000005,bent005ck
747,1921.9,33.37599999999999,bent005ck
748,1924.7,33.712,bent005ck
749,1927.4,33.9845,bent005ck
750,1930.1,34.208,bent005ck
751,1932.9,34.3635,bent005ck
752,1935.6,34.514,bent005ck
753,1938.3,34.6665,bent005ck
754,1941.0,34.776999999999994,bent005ck
755,1943.7,34.884,bent005ck
756,1946.4,35.008,bent005ck
757,1949.2,35.1205,bent005ck
758,1951.9,35.277,bent005ck
759,1954.6,35.459,bent005ck
760,1957.3,35.6345,bent005ck
761,1960.0,35.8015,bent005ck
762,1962.7,35.975,bent005ck
763,1965.4,36.139,bent005ck
764,1968.1,36.285,bent005ck
765,1970.7,36.44500000000001,bent005ck
766,1973.4,36.619,bent005ck
767,1976.1,36.792,bent005ck
768,1978.8,36.97099999999999,bent005ck
769,1981.5,37.1475,bent005ck
770,1984.1,37.342000000000006,bent005ck
771,1986.8,37.548,bent005ck
772,1989.5,37.758500000000005,bent005ck
773,1992.1,37.98649999999999,bent005ck
774,1994.8,38.2325,bent005ck
775,1997.5,38.464000000000006,bent005ck
776,2000.1,38.691,bent005ck
777,2002.8,38.9085,bent005ck
778,2005.4,39.1265,bent005ck
779,2008.1,39.328,bent005ck
780,2010.7,39.53,bent005ck
781,2013.4,39.7275,bent005ck
782,2016.0,39.9185,bent005ck
783,2018.6,40.111,bent005ck
784,2021.3,40.28,bent005ck
785,2023.9,40.431,bent005ck
786,2026.5,40.5895,bent005ck
787,2029.2,40.728,bent005ck
788,2031.8,40.849,bent005ck
789,2034.4,40.98049999999999,bent005ck
790,2037.0,41.1155,bent005ck
791,2039.7,41.2265,bent005ck
792,2042.3,41.325,bent005ck
793,2044.9,41.4155,bent005ck
794,2047.5,41.496,bent005ck
795,2050.1,41.572,bent005ck
796,2052.7,41.64,bent005ck
797,2055.3,41.70400000000001,bent005ck
798,2057.9,41.7675,bent005ck
799,2060.5,41.81400000000001,bent005ck
800,2063.1,41.843500000000006,bent005ck
801,2065.7,41.8875,bent005ck
802,2068.3,41.9115,bent005ck
803,2070.9,41.939,bent005ck
804,2073.4,41.971,bent005ck
805,2076.0,41.989,bent005ck
806,2078.6,42.0115,bent005ck
807,2081.2,42.0435,bent005ck
808,2083.7,42.05650000000001,bent005ck
809,2086.3,42.0685,bent005ck
810,2088.9,42.079,bent005ck
811,2091.4,42.10000000000001,bent005ck
812,2094.0,42.135,bent005ck
813,2096.6,42.17550000000001,bent005ck
814,2099.1,42.2175,bent005ck
815,2101.6,42.260000000000005,bent005ck
816,2104.2,42.286,bent005ck
817,2106.8,42.3305,bent005ck
818,2109.3,42.391000000000005,bent005ck
819,2111.8,42.4585,bent005ck
820,2114.4,42.523500000000006,bent005ck
821,2116.9,42.5855,bent005ck
822,2119.4,42.64149999999999,bent005ck
823,2122.0,42.6845,bent005ck
824,2124.5,42.706,bent005ck
825,2127.0,42.7085,bent005ck
826,2129.6,42.7115,bent005ck
827,2132.1,42.708000000000006,bent005ck
828,2134.6,42.6875,bent005ck
829,2137.1,42.6495,bent005ck
830,2139.6,42.59,bent005ck
831,2142.1,42.503,bent005ck
832,2144.6,42.42549999999999,bent005ck
833,2147.1,42.334,bent005ck
834,2149.6,42.2125,bent005ck
835,2152.1,42.0765,bent005ck
836,2154.6,41.883,bent005ck
837,2157.1,41.6395,bent005ck
838,2159.6,41.355,bent005ck
839,2162.1,41.036,bent005ck
840,2164.6,40.6805,bent005ck
841,2167.1,40.290000000000006,bent005ck
842,2169.6,39.878,bent005ck
843,2172.0,39.44350000000001,bent005ck
844,2174.5,38.9795,bent005ck
845,2177.0,38.5345,bent005ck
846,2179.4,38.11,bent005ck
847,2181.9,37.6805,bent005ck
848,2184.4,37.24250000000001,bent005ck
849,2186.8,36.82249999999999,bent005ck
850,2189.3,36.427,bent005ck
851,2191.7,36.056,bent005ck
852,2194.2,35.6875,bent005ck
853,2196.6,35.3565,bent005ck
854,2199.1,35.096999999999994,bent005ck
855,2201.5,34.8865,bent005ck
856,2204.0,34.76049999999999,bent005ck
857,2206.4,34.761,bent005ck
858,2208.9,34.855000000000004,bent005ck
859,2211.3,35.011,bent005ck
860,2213.7,35.211000000000006,bent005ck
861,2216.1,35.447500000000005,bent005ck
862,2218.6,35.719500000000004,bent005ck
863,2221.0,35.9805,bent005ck
864,2223.4,36.2275,bent005ck
865,2225.8,36.457,bent005ck
866,2228.2,36.682,bent005ck
867,2230.6,36.886,bent005ck
868,2233.1,37.074,bent005ck
869,2235.5,37.2805,bent005ck
870,2237.9,37.4775,bent005ck
871,2240.3,37.69949999999999,bent005ck
872,2242.7,37.925,bent005ck
873,2245.1,38.1515,bent005ck
874,2247.5,38.35549999999999,bent005ck
875,2249.9,38.526,bent005ck
876,2252.2,38.676,bent005ck
877,2254.6,38.8095,bent005ck
878,2257.0,38.935500000000005,bent005ck
879,2259.4,39.04050000000001,bent005ck
880,2261.8,39.0985,bent005ck
881,2264.1,39.1405,bent005ck
882,2266.5,39.18300000000001,bent005ck
883,2268.9,39.218,bent005ck
884,2271.2,39.2245,bent005ck
885,2273.6,39.193,bent005ck
886,2276.0,39.17,bent005ck
887,2278.3,39.1315,bent005ck
888,2280.7,39.094,bent005ck
889,2283.0,39.0495,bent005ck
890,2285.4,38.9845,bent005ck
891,2287.7,38.91049999999999,bent005ck
892,2290.1,38.833,bent005ck
893,2292.4,38.7595,bent005ck
894,2294.8,38.674,bent005ck
895,2297.1,38.576,bent005ck
896,2299.4,38.49150000000001,bent005ck
897,2301.8,38.419,bent005ck
898,2304.1,38.319,bent005ck
899,2306.4,38.2295,bent005ck
900,2308.7,38.1665,bent005ck
901,2311.1,38.089000000000006,bent005ck
902,2313.4,38.00350000000001,bent005ck
903,2315.7,37.923,bent005ck
904,2318.0,37.863,bent005ck
905,2320.3,37.793000000000006,bent005ck
906,2322.6,37.7235,bent005ck
907,2324.9,37.623000000000005,bent005ck
908,2327.2,37.5225,bent005ck
909,2329.5,37.441,bent005ck
910,2331.8,37.3175,bent005ck
911,2334.1,37.198,bent005ck
912,2336.4,37.095,bent005ck
913,2338.7,36.9915,bent005ck
914,2341.0,36.861,bent005ck
915,2343.2,36.74549999999999,bent005ck
916,2345.5,36.642,bent005ck
917,2347.8,36.508500000000005,bent005ck
918,2350.1,36.38250000000001,bent005ck
919,2352.4,36.2935,bent005ck
920,2354.6,36.1975,bent005ck
921,2356.9,36.1095,bent005ck
922,2359.1,36.0145,bent005ck
923,2361.4,35.919999999999995,bent005ck
924,2363.7,35.814,bent005ck
925,2365.9,35.714000000000006,bent005ck
926,2368.2,35.611,bent005ck
927,2370.4,35.5245,bent005ck
928,2372.7,35.459999999999994,bent005ck
929,2374.9,35.3805,bent005ck
930,2377.2,35.2755,bent005ck
931,2379.4,35.17,bent005ck
932,2381.6,35.0625,bent005ck
933,2383.9,34.939,bent005ck
934,2386.1,34.8435,bent005ck
935,2388.3,34.733999999999995,bent005ck
936,2390.6,34.622,bent005ck
937,2392.8,34.521,bent005ck
938,2395.0,34.427,bent005ck
939,2397.2,34.30199999999999,bent005ck
940,2399.4,34.187000000000005,bent005ck
941,2401.6,34.056,bent005ck
942,2403.9,33.9545,bent005ck
943,2406.1,33.867000000000004,bent005ck
944,2408.3,33.767,bent005ck
945,2410.5,33.6365,bent005ck
946,2412.7,33.4995,bent005ck
947,2414.9,33.391000000000005,bent005ck
948,2417.1,33.277,bent005ck
949,2419.2,33.14149999999999,bent005ck
950,2421.4,33.0335,bent005ck
951,2423.6,32.924,bent005ck
952,2425.8,32.831,bent005ck
953,2428.0,32.69200000000001,bent005ck
954,2430.2,32.545,bent005ck
955,2432.3,32.41450000000001,bent005ck
956,2434.5,32.297999999999995,bent005ck
957,2436.7,32.189,bent005ck
958,2438.8,32.052,bent005ck
959,2441.0,31.93050000000001,bent005ck
960,2443.2,31.845,bent005ck
961,2445.3,31.72600000000001,bent005ck
962,2447.5,31.6205,bent005ck
963,2449.6,31.52049999999999,bent005ck
964,2451.8,31.437999999999995,bent005ck
965,2453.9,31.364000000000004,bent005ck
966,2456.1,31.2925,bent005ck
967,2458.2,31.2325,bent005ck
968,2460.4,31.1565,bent005ck
969,2462.5,31.045500000000004,bent005ck
970,2464.6,30.969000000000005,bent005ck
971,2466.8,30.9295,bent005ck
972,2468.9,30.8905,bent005ck
973,2471.0,30.839499999999997,bent005ck
974,2473.1,30.805999999999997,bent005ck
975,2475.2,30.76,bent005ck
976,2477.4,30.7095,bent005ck
977,2479.5,30.6865,bent005ck
978,2481.6,30.617,bent005ck
979,2483.7,30.577,bent005ck
980,2485.8,30.545500000000004,bent005ck
981,2487.9,30.483500000000003,bent005ck
982,2490.0,30.46750000000001,bent005ck
983,2492.1,30.412500000000005,bent005ck
984,2494.2,30.374999999999996,bent005ck
985,2496.3,30.369,bent005ck
986,2498.4,30.3165,bent005ck
987,2500.5,30.267000000000003,bent005ck
988,2502.6,30.218,bent005ck
989,2504.7,30.1415,bent005ck
990,2506.7,30.125,bent005ck
991,2508.8,30.178999999999995,bent005ck
992,2510.9,30.146500000000003,bent005ck
993,2513.0,30.033,bent005ck
994,339.3,27.141,bent005pem
995,340.8,26.263,bent005pem
996,342.3,25.623,bent005pem
997,343.7,25.375,bent005pem
998,345.2,24.8285,bent005pem
999,346.7,24.495,bent005pem
1000,348.1,24.023000000000003,bent005pem
1001,349.6,23.8005,bent005pem
1002,351.1,23.7145,bent005pem
1003,352.5,23.5295,bent005pem
1004,354.0,23.4325,bent005pem
1005,355.5,23.333,bent005pem
1006,357.0,23.2865,bent005pem
1007,358.4,23.206,bent005pem
1008,359.9,23.154499999999995,bent005pem
1009,361.4,23.206000000000003,bent005pem
1010,362.8,23.219,bent005pem
1011,364.3,23.307,bent005pem
1012,365.8,23.3005,bent005pem
1013,367.2,23.374,bent005pem
1014,368.7,23.5595,bent005pem
1015,370.1,23.751,bent005pem
1016,371.6,23.7885,bent005pem
1017,373.1,23.832,bent005pem
1018,374.5,24.0505,bent005pem
1019,376.0,24.1805,bent005pem
1020,377.5,24.3395,bent005pem
1021,378.9,24.527,bent005pem
1022,380.4,24.572,bent005pem
1023,381.9,24.7405,bent005pem
1024,383.3,24.866499999999995,bent005pem
1025,384.8,25.0635,bent005pem
1026,386.2,25.172,bent005pem
1027,387.7,25.3235,bent005pem
1028,389.2,25.399,bent005pem
1029,390.6,25.4945,bent005pem
1030,392.1,25.6075,bent005pem
1031,393.6,25.7115,bent005pem
1032,395.0,25.835500000000003,bent005pem
1033,396.5,25.9475,bent005pem
1034,397.9,26.002,bent005pem
1035,399.4,26.050500000000007,bent005pem
1036,400.9,26.16,bent005pem
1037,402.3,26.245,bent005pem
1038,403.8,26.333,bent005pem
1039,405.2,26.4385,bent005pem
1040,406.7,26.516,bent005pem
1041,408.1,26.608,bent005pem
1042,409.6,26.657,bent005pem
1043,411.1,26.747,bent005pem
1044,412.5,26.859,bent005pem
1045,414.0,26.966,bent005pem
1046,415.4,27.0845,bent005pem
1047,416.9,27.198500000000003,bent005pem
1048,418.3,27.3085,bent005pem
1049,419.8,27.4365,bent005pem
1050,421.2,27.576,bent005pem
1051,422.7,27.7095,bent005pem
1052,424.1,27.8515,bent005pem
1053,425.6,27.977,bent005pem
1054,427.0,28.093,bent005pem
1055,428.5,28.231,bent005pem
1056,429.9,28.353,bent005pem
1057,431.4,28.483000000000004,bent005pem
1058,432.8,28.61800000000001,bent005pem
1059,434.3,28.728,bent005pem
1060,435.7,28.8545,bent005pem
1061,437.2,28.981,bent005pem
1062,438.6,29.126000000000005,bent005pem
1063,440.1,29.253499999999995,bent005pem
1064,441.5,29.3805,bent005pem
1065,443.0,29.507500000000004,bent005pem
1066,444.4,29.624,bent005pem
1067,445.8,29.7365,bent005pem
1068,447.3,29.84500000000001,bent005pem
1069,448.7,29.952499999999997,bent005pem
1070,450.2,30.051,bent005pem
1071,451.6,30.139500000000005,bent005pem
1072,453.0,30.21850000000001,bent005pem
1073,454.5,30.301,bent005pem
1074,455.9,30.362,bent005pem
1075,457.4,30.43800000000001,bent005pem
1076,458.8,30.5085,bent005pem
1077,460.2,30.568499999999997,bent005pem
1078,461.7,30.639,bent005pem
1079,463.1,30.699499999999997,bent005pem
1080,464.5,30.7605,bent005pem
1081,466.0,30.8255,bent005pem
1082,467.4,30.890000000000004,bent005pem
1083,468.9,30.955500000000008,bent005pem
1084,470.3,31.011999999999997,bent005pem
1085,471.7,31.0715,bent005pem
1086,473.1,31.137999999999995,bent005pem
1087,474.6,31.203,bent005pem
1088,476.0,31.268,bent005pem
1089,477.4,31.327,bent005pem
1090,478.9,31.3865,bent005pem
1091,480.3,31.448000000000008,bent005pem
1092,481.7,31.511499999999995,bent005pem
1093,483.1,31.58,bent005pem
1094,484.6,31.6535,bent005pem
1095,486.0,31.7115,bent005pem
1096,487.4,31.77650000000001,bent005pem
1097,488.9,31.837,bent005pem
1098,490.3,31.9045,bent005pem
1099,491.7,31.967,bent005pem
1100,493.1,32.040000000000006,bent005pem
1101,494.5,32.107499999999995,bent005pem
1102,496.0,32.169,bent005pem
1103,497.4,32.23899999999999,bent005pem
1104,498.8,32.296,bent005pem
1105,500.2,32.36299999999999,bent005pem
1106,501.6,32.42800000000001,bent005pem
1107,503.1,32.5025,bent005pem
1108,504.5,32.5695,bent005pem
1109,505.9,32.6315,bent005pem
1110,507.3,32.698,bent005pem
1111,508.7,32.7615,bent005pem
1112,510.1,32.82450000000001,bent005pem
1113,511.6,32.88849999999999,bent005pem
1114,513.0,32.9585,bent005pem
1115,514.4,33.0255,bent005pem
1116,515.8,33.0915,bent005pem
1117,517.2,33.1595,bent005pem
1118,518.6,33.2255,bent005pem
1119,520.0,33.289500000000004,bent005pem
1120,521.5,33.352,bent005pem
1121,522.9,33.4215,bent005pem
1122,524.3,33.489,bent005pem
1123,525.7,33.554500000000004,bent005pem
1124,527.1,33.617,bent005pem
1125,528.5,33.66600000000001,bent005pem
1126,529.9,33.7235,bent005pem
1127,531.3,33.78849999999999,bent005pem
1128,532.7,33.8395,bent005pem
1129,534.1,33.8935,bent005pem
1130,535.5,33.955000000000005,bent005pem
1131,536.9,34.010000000000005,bent005pem
1132,538.3,34.052,bent005pem
1133,539.7,34.1025,bent005pem
1134,541.1,34.153499999999994,bent005pem
1135,542.5,34.209,bent005pem
1136,544.0,34.2585,bent005pem
1137,545.3,34.30749999999999,bent005pem
1138,546.8,34.36399999999999,bent005pem
1139,548.2,34.416,bent005pem
1140,549.5,34.4535,bent005pem
1141,550.9,34.5005,bent005pem
1142,552.3,34.558499999999995,bent005pem
1143,553.7,34.602500000000006,bent005pem
1144,555.1,34.6385,bent005pem
1145,556.5,34.6905,bent005pem
1146,557.9,34.74,bent005pem
1147,559.3,34.793,bent005pem
1148,560.7,34.83800000000001,bent005pem
1149,562.1,34.8805,bent005pem
1150,563.5,34.9255,bent005pem
1151,564.9,34.967,bent005pem
1152,566.3,35.0095,bent005pem
1153,567.7,35.047000000000004,bent005pem
1154,569.1,35.08749999999999,bent005pem
1155,570.5,35.129,bent005pem
1156,571.8,35.167500000000004,bent005pem
1157,573.2,35.206,bent005pem
1158,574.6,35.241499999999995,bent005pem
1159,576.0,35.2735,bent005pem
1160,577.4,35.3095,bent005pem
1161,578.8,35.3435,bent005pem
1162,580.2,35.3765,bent005pem
1163,581.5,35.410000000000004,bent005pem
1164,582.9,35.44,bent005pem
1165,584.3,35.46900000000001,bent005pem
1166,585.7,35.49550000000001,bent005pem
1167,587.1,35.525,bent005pem
1168,588.5,35.5515,bent005pem
1169,589.8,35.5795,bent005pem
1170,591.2,35.6055,bent005pem
1171,592.6,35.629000000000005,bent005pem
1172,594.0,35.6495,bent005pem
1173,595.4,35.670500000000004,bent005pem
1174,596.7,35.6945,bent005pem
1175,598.1,35.7135,bent005pem
1176,599.5,35.736000000000004,bent005pem
1177,600.9,35.754000000000005,bent005pem
1178,602.2,35.7735,bent005pem
1179,603.6,35.791999999999994,bent005pem
1180,605.0,35.81349999999999,bent005pem
1181,606.4,35.833499999999994,bent005pem
1182,607.7,35.8515,bent005pem
1183,609.1,35.8735,bent005pem
1184,610.5,35.89450000000001,bent005pem
1185,611.9,35.9165,bent005pem
1186,613.2,35.9375,bent005pem
1187,614.6,35.961,bent005pem
1188,616.0,35.98100000000001,bent005pem
1189,617.3,36.0045,bent005pem
1190,618.7,36.0275,bent005pem
1191,620.1,36.049,bent005pem
1192,621.5,36.0705,bent005pem
1193,622.8,36.093,bent005pem
1194,624.2,36.1095,bent005pem
1195,625.5,36.13,bent005pem
1196,626.9,36.149,bent005pem
1197,628.3,36.169500000000006,bent005pem
1198,629.6,36.1885,bent005pem
1199,631.0,36.208000000000006,bent005pem
1200,632.4,36.2255,bent005pem
1201,633.7,36.2425,bent005pem
1202,635.1,36.2575,bent005pem
1203,636.5,36.2705,bent005pem
1204,637.8,36.2855,bent005pem
1205,639.2,36.2995,bent005pem
1206,640.5,36.316,bent005pem
1207,641.9,36.3275,bent005pem
1208,643.2,36.337,bent005pem
1209,644.6,36.346,bent005pem
1210,646.0,36.3525,bent005pem
1211,647.3,36.3615,bent005pem
1212,648.7,36.372,bent005pem
1213,650.0,36.383,bent005pem
1214,651.4,36.389,bent005pem
1215,652.7,36.3985,bent005pem
1216,654.1,36.39300000000001,bent005pem
1217,655.4,36.396,bent005pem
1218,656.8,36.406000000000006,bent005pem
1219,658.1,36.4055,bent005pem
1220,659.5,36.4135,bent005pem
1221,660.8,36.43249999999999,bent005pem
1222,662.2,36.4485,bent005pem
1223,663.5,36.4505,bent005pem
1224,664.9,36.4555,bent005pem
1225,666.2,36.461,bent005pem
1226,667.6,36.465,bent005pem
1227,668.9,36.4855,bent005pem
1228,670.3,36.5195,bent005pem
1229,671.6,36.553,bent005pem
1230,673.0,36.5685,bent005pem
1231,674.3,36.6015,bent005pem
1232,675.6,36.649,bent005pem
1233,677.0,36.675,bent005pem
1234,678.3,36.6955,bent005pem
1235,679.7,36.721,bent005pem
1236,681.0,36.751,bent005pem
1237,682.3,36.7785,bent005pem
1238,683.7,36.8095,bent005pem
1239,685.0,36.837,bent005pem
1240,686.4,36.8635,bent005pem
1241,687.7,36.8895,bent005pem
1242,689.0,36.9145,bent005pem
1243,690.4,36.942,bent005pem
1244,691.7,36.968,bent005pem
1245,693.0,36.993,bent005pem
1246,694.4,37.019000000000005,bent005pem
1247,695.7,37.041,bent005pem
1248,697.0,37.066,bent005pem
1249,698.4,37.092,bent005pem
1250,699.7,37.118,bent005pem
1251,701.0,37.1425,bent005pem
1252,702.4,37.168,bent005pem
1253,703.7,37.191500000000005,bent005pem
1254,705.0,37.218,bent005pem
1255,706.3,37.243,bent005pem
1256,707.7,37.26549999999999,bent005pem
1257,709.0,37.28900000000001,bent005pem
1258,710.3,37.311,bent005pem
1259,711.6,37.331,bent005pem
1260,713.0,37.3525,bent005pem
1261,714.3,37.372,bent005pem
1262,715.6,37.395,bent005pem
1263,716.9,37.4175,bent005pem
1264,718.2,37.432,bent005pem
1265,719.6,37.45399999999999,bent005pem
1266,720.9,37.47149999999999,bent005pem
1267,722.2,37.49,bent005pem
1268,723.5,37.507000000000005,bent005pem
1269,724.8,37.522,bent005pem
1270,726.2,37.54100000000001,bent005pem
1271,727.5,37.557500000000005,bent005pem
1272,728.8,37.5745,bent005pem
1273,730.1,37.589,bent005pem
1274,731.4,37.6055,bent005pem
1275,732.7,37.621500000000005,bent005pem
1276,734.0,37.636,bent005pem
1277,735.3,37.6485,bent005pem
1278,736.7,37.6605,bent005pem
1279,738.0,37.67550000000001,bent005pem
1280,739.3,37.691500000000005,bent005pem
1281,740.6,37.70399999999999,bent005pem
1282,741.9,37.7155,bent005pem
1283,743.2,37.727,bent005pem
1284,744.5,37.7385,bent005pem
1285,745.8,37.754,bent005pem
1286,747.1,37.7645,bent005pem
1287,748.4,37.7785,bent005pem
1288,749.7,37.79200000000001,bent005pem
1289,751.0,37.7965,bent005pem
1290,752.3,37.813,bent005pem
1291,753.6,37.824,bent005pem
1292,754.9,37.834500000000006,bent005pem
1293,756.2,37.8455,bent005pem
1294,757.5,37.857,bent005pem
1295,758.8,37.8675,bent005pem
1296,760.1,37.8795,bent005pem
1297,761.4,37.8885,bent005pem
1298,762.7,37.9,bent005pem
1299,764.0,37.906,bent005pem
1300,765.3,37.91600000000001,bent005pem
1301,766.6,37.926,bent005pem
1302,767.9,37.9385,bent005pem
1303,769.2,37.948,bent005pem
1304,770.4,37.959500000000006,bent005pem
1305,771.7,37.96849999999999,bent005pem
1306,773.0,37.976000000000006,bent005pem
1307,774.3,37.9845,bent005pem
1308,775.6,37.99300000000001,bent005pem
1309,776.9,38.0035,bent005pem
1310,778.2,38.01,bent005pem
1311,779.4,38.0195,bent005pem
1312,780.7,38.023,bent005pem
1313,782.0,38.031,bent005pem
1314,783.3,38.0375,bent005pem
1315,784.5,38.0445,bent005pem
1316,785.8,38.054,bent005pem
1317,787.1,38.061,bent005pem
1318,788.4,38.0655,bent005pem
1319,789.7,38.071,bent005pem
1320,790.9,38.076,bent005pem
1321,792.2,38.084,bent005pem
1322,793.5,38.088,bent005pem
1323,794.8,38.0955,bent005pem
1324,796.0,38.1005,bent005pem
1325,797.3,38.10350000000001,bent005pem
1326,798.5,38.108,bent005pem
1327,799.8,38.111,bent005pem
1328,801.1,38.116,bent005pem
1329,802.3,38.121,bent005pem
1330,803.6,38.129,bent005pem
1331,804.9,38.133,bent005pem
1332,806.1,38.135000000000005,bent005pem
1333,807.4,38.136,bent005pem
1334,808.7,38.143,bent005pem
1335,809.9,38.1425,bent005pem
1336,811.2,38.145,bent005pem
1337,812.4,38.150000000000006,bent005pem
1338,813.7,38.154,bent005pem
1339,815.0,38.159000000000006,bent005pem
1340,816.2,38.157,bent005pem
1341,817.5,38.1575,bent005pem
1342,818.7,38.1585,bent005pem
1343,820.0,38.162,bent005pem
1344,821.2,38.1585,bent005pem
1345,822.5,38.1595,bent005pem
1346,823.7,38.16199999999999,bent005pem
1347,825.0,38.16550000000001,bent005pem
1348,826.2,38.156,bent005pem
1349,827.5,38.1555,bent005pem
1350,828.7,38.16199999999999,bent005pem
1351,829.9,38.162,bent005pem
1352,831.2,38.1545,bent005pem
1353,832.4,38.1595,bent005pem
1354,833.7,38.1565,bent005pem
1355,834.9,38.1545,bent005pem
1356,836.1,38.149,bent005pem
1357,837.4,38.148,bent005pem
1358,838.6,38.15350000000001,bent005pem
1359,839.8,38.153500000000015,bent005pem
1360,841.1,38.14750000000001,bent005pem
1361,842.3,38.143,bent005pem
1362,843.5,38.14,bent005pem
1363,844.8,38.138,bent005pem
1364,846.0,38.143,bent005pem
1365,847.2,38.135,bent005pem
1366,848.5,38.136,bent005pem
1367,849.7,38.13099999999999,bent005pem
1368,850.9,38.1325,bent005pem
1369,852.2,38.130500000000005,bent005pem
1370,853.4,38.1265,bent005pem
1371,854.6,38.1255,bent005pem
1372,855.8,38.118,bent005pem
1373,857.0,38.121,bent005pem
1374,858.3,38.1075,bent005pem
1375,859.5,38.1115,bent005pem
1376,860.7,38.118,bent005pem
1377,861.9,38.11149999999999,bent005pem
1378,863.1,38.1095,bent005pem
1379,864.3,38.103,bent005pem
1380,865.5,38.0955,bent005pem
1381,866.8,38.096,bent005pem
1382,868.0,38.099,bent005pem
1383,869.2,38.1015,bent005pem
1384,870.4,38.0955,bent005pem
1385,871.6,38.0975,bent005pem
1386,872.8,38.0905,bent005pem
1387,874.0,38.091,bent005pem
1388,875.2,38.087,bent005pem
1389,876.4,38.089000000000006,bent005pem
1390,877.6,38.0775,bent005pem
1391,878.8,38.081,bent005pem
1392,880.0,38.0835,bent005pem
1393,881.2,38.086,bent005pem
1394,882.4,38.08800000000001,bent005pem
1395,883.6,38.087,bent005pem
1396,884.8,38.0765,bent005pem
1397,886.0,38.0665,bent005pem
1398,887.2,38.0665,bent005pem
1399,888.4,38.074,bent005pem
1400,889.6,38.0715,bent005pem
1401,890.8,38.0745,bent005pem
1402,892.0,38.076,bent005pem
1403,893.2,38.074,bent005pem
1404,894.3,38.07000000000001,bent005pem
1405,895.5,38.0705,bent005pem
1406,896.7,38.0755,bent005pem
1407,897.9,38.0765,bent005pem
1408,899.1,38.073,bent005pem
1409,900.3,38.0735,bent005pem
1410,901.5,38.060500000000005,bent005pem
1411,902.6,38.06699999999999,bent005pem
1412,903.8,38.0805,bent005pem
1413,905.0,38.0775,bent005pem
1414,906.2,38.08,bent005pem
1415,907.4,38.06750000000001,bent005pem
1416,908.5,38.066,bent005pem
1417,909.7,38.07099999999999,bent005pem
1418,910.9,38.0765,bent005pem
1419,912.1,38.0785,bent005pem
1420,913.2,38.077000000000005,bent005pem
1421,914.4,38.071000000000005,bent005pem
1422,915.6,38.08,bent005pem
1423,916.8,38.086,bent005pem
1424,917.9,38.0825,bent005pem
1425,919.1,38.095,bent005pem
1426,920.2,38.091,bent005pem
1427,921.4,38.0925,bent005pem
1428,922.6,38.0885,bent005pem
1429,923.8,38.102500000000006,bent005pem
1430,924.9,38.0985,bent005pem
1431,926.1,38.0865,bent005pem
1432,927.2,38.094,bent005pem
1433,928.4,38.0955,bent005pem
1434,929.6,38.10549999999999,bent005pem
1435,930.7,38.119,bent005pem
1436,931.9,38.116,bent005pem
1437,933.0,38.1245,bent005pem
1438,934.2,38.11750000000001,bent005pem
1439,935.3,38.109,bent005pem
1440,936.5,38.1075,bent005pem
1441,937.7,38.10850000000001,bent005pem
1442,938.8,38.1255,bent005pem
1443,940.0,38.11600000000001,bent005pem
1444,941.1,38.1145,bent005pem
1445,942.3,38.117,bent005pem
1446,943.4,38.121,bent005pem
1447,944.6,38.134,bent005pem
1448,945.7,38.13349999999999,bent005pem
1449,946.9,38.11749999999999,bent005pem
1450,948.0,38.1125,bent005pem
1451,949.2,38.125,bent005pem
1452,950.3,38.125,bent005pem
1453,951.5,38.1345,bent005pem
1454,952.6,38.12150000000001,bent005pem
1455,953.8,38.1125,bent005pem
1456,954.9,38.115,bent005pem
1457,956.1,38.096,bent005pem
1458,957.2,38.11,bent005pem
1459,958.3,38.1225,bent005pem
1460,959.5,38.1265,bent005pem
1461,960.6,38.141,bent005pem
1462,961.8,38.124,bent005pem
1463,962.9,38.1325,bent005pem
1464,964.1,38.130500000000005,bent005pem
1465,965.2,38.1435,bent005pem
1466,966.3,38.147000000000006,bent005pem
1467,967.5,38.142,bent005pem
1468,968.6,38.153000000000006,bent005pem
1469,969.8,38.181,bent005pem
1470,970.9,38.1665,bent005pem
1471,972.1,38.198,bent005pem
1472,973.2,38.2255,bent005pem
1473,974.3,38.199000000000005,bent005pem
1474,975.5,38.2055,bent005pem
1475,976.6,38.215,bent005pem
1476,977.8,38.19349999999999,bent005pem
1477,978.9,38.254,bent005pem
1478,980.0,38.2655,bent005pem
1479,981.2,38.247,bent005pem
1480,982.3,38.2445,bent005pem
1481,983.5,38.2285,bent005pem
1482,984.6,38.255,bent005pem
1483,985.7,38.221,bent005pem
1484,986.9,38.25900000000001,bent005pem
1485,988.0,38.244,bent005pem
1486,989.1,38.25599999999999,bent005pem
1487,992.0,38.246,bent005pem
1488,995.9,38.257,bent005pem
1489,999.7,38.241,bent005pem
1490,1003.6,38.271,bent005pem
1491,1007.4,38.294,bent005pem
1492,1011.3,38.3255,bent005pem
1493,1015.1,38.346500000000006,bent005pem
1494,1019.0,38.343,bent005pem
1495,1022.8,38.355,bent005pem
1496,1026.7,38.378,bent005pem
1497,1030.5,38.399,bent005pem
1498,1034.4,38.383,bent005pem
1499,1038.2,38.4155,bent005pem
1500,1042.1,38.449000000000005,bent005pem
1501,1045.9,38.4505,bent005pem
1502,1049.7,38.477,bent005pem
1503,1053.6,38.435,bent005pem
1504,1057.4,38.503,bent005pem
1505,1061.2,38.506,bent005pem
1506,1065.1,38.49849999999999,bent005pem
1507,1068.9,38.53699999999999,bent005pem
1508,1072.7,38.55749999999999,bent005pem
1509,1076.6,38.5365,bent005pem
1510,1080.4,38.543000000000006,bent005pem
1511,1084.2,38.566,bent005pem
1512,1088.0,38.611,bent005pem
1513,1091.8,38.598,bent005pem
1514,1095.7,38.6245,bent005pem
1515,1099.5,38.633500000000005,bent005pem
1516,1103.3,38.645500000000006,bent005pem
1517,1107.1,38.6535,bent005pem
1518,1110.9,38.634,bent005pem
1519,1114.8,38.6635,bent005pem
1520,1118.6,38.663,bent005pem
1521,1122.4,38.6985,bent005pem
1522,1126.2,38.7195,bent005pem
1523,1130.0,38.702,bent005pem
1524,1133.8,38.6615,bent005pem
1525,1137.6,38.657,bent005pem
1526,1141.4,38.665000000000006,bent005pem
1527,1145.2,38.649,bent005pem
1528,1149.0,38.65650000000001,bent005pem
1529,1152.8,38.684,bent005pem
1530,1156.6,38.7345,bent005pem
1531,1160.4,38.7575,bent005pem
1532,1164.2,38.8055,bent005pem
1533,1168.0,38.808,bent005pem
1534,1171.8,38.8425,bent005pem
1535,1175.6,38.8635,bent005pem
1536,1179.4,38.878,bent005pem
1537,1183.2,38.871500000000005,bent005pem
1538,1187.0,38.889,bent005pem
1539,1190.7,38.917,bent005pem
1540,1194.5,38.9305,bent005pem
1541,1198.3,38.986,bent005pem
1542,1202.1,38.99300000000001,bent005pem
1543,1205.9,38.988,bent005pem
1544,1209.7,39.0225,bent005pem
1545,1213.4,39.025,bent005pem
1546,1217.2,39.031000000000006,bent005pem
1547,1221.0,39.0475,bent005pem
1548,1224.8,39.0555,bent005pem
1549,1228.5,39.078,bent005pem
1550,1232.3,39.1035,bent005pem
1551,1236.1,39.109,bent005pem
1552,1239.8,39.082,bent005pem
1553,1243.6,39.13100000000001,bent005pem
1554,1247.4,39.151,bent005pem
1555,1251.1,39.126,bent005pem
1556,1254.9,39.176,bent005pem
1557,1258.7,39.203,bent005pem
1558,1262.4,39.206,bent005pem
1559,1266.2,39.1935,bent005pem
1560,1269.9,39.197,bent005pem
1561,1273.7,39.216,bent005pem
1562,1277.4,39.23500000000001,bent005pem
1563,1281.2,39.2635,bent005pem
1564,1284.9,39.224,bent005pem
1565,1288.7,39.2595,bent005pem
1566,1292.4,39.218500000000006,bent005pem
1567,1296.2,39.2505,bent005pem
1568,1299.9,39.236,bent005pem
1569,1303.7,39.25500000000001,bent005pem
1570,1307.4,39.2475,bent005pem
1571,1311.2,39.246500000000005,bent005pem
1572,1314.9,39.227500000000006,bent005pem
1573,1318.7,39.2345,bent005pem
1574,1322.4,39.206,bent005pem
1575,1326.1,39.202,bent005pem
1576,1329.9,39.19500000000001,bent005pem
1577,1333.6,39.17249999999999,bent005pem
1578,1337.3,39.17299999999999,bent005pem
1579,1341.1,39.15899999999999,bent005pem
1580,1344.8,39.132,bent005pem
1581,1348.5,39.0965,bent005pem
1582,1352.2,39.075500000000005,bent005pem
1583,1356.0,39.0345,bent005pem
1584,1359.7,38.9815,bent005pem
1585,1363.4,38.874,bent005pem
1586,1367.1,38.83099999999999,bent005pem
1587,1370.8,38.7205,bent005pem
1588,1374.6,38.572500000000005,bent005pem
1589,1378.3,38.337,bent005pem
1590,1382.0,38.06949999999999,bent005pem
1591,1385.7,37.70649999999999,bent005pem
1592,1389.4,37.2705,bent005pem
1593,1393.1,36.746500000000005,bent005pem
1594,1396.8,36.162000000000006,bent005pem
1595,1400.5,35.58,bent005pem
1596,1404.2,35.1125,bent005pem
1597,1407.9,34.785999999999994,bent005pem
1598,1411.7,34.718,bent005pem
1599,1415.4,34.8815,bent005pem
1600,1419.1,35.2385,bent005pem
1601,1422.8,35.64450000000001,bent005pem
1602,1426.4,36.0975,bent005pem
1603,1430.2,36.468,bent005pem
1604,1433.8,36.785,bent005pem
1605,1437.5,37.0285,bent005pem
1606,1441.2,37.1925,bent005pem
1607,1444.9,37.33550000000001,bent005pem
1608,1448.6,37.42999999999999,bent005pem
1609,1452.3,37.51,bent005pem
1610,1456.0,37.547,bent005pem
1611,1459.7,37.6145,bent005pem
1612,1463.3,37.621,bent005pem
1613,1467.0,37.7645,bent005pem
1614,1470.7,37.842,bent005pem
1615,1474.4,37.953,bent005pem
1616,1478.1,38.028000000000006,bent005pem
1617,1481.7,38.1765,bent005pem
1618,1485.4,38.2575,bent005pem
1619,1489.1,38.319,bent005pem
1620,1492.8,38.38550000000001,bent005pem
1621,1496.4,38.46099999999999,bent005pem
1622,1500.1,38.534000000000006,bent005pem
1623,1503.8,38.5975,bent005pem
1624,1507.4,38.654,bent005pem
1625,1511.1,38.7125,bent005pem
1626,1514.7,38.773,bent005pem
1627,1518.4,38.81349999999999,bent005pem
1628,1522.1,38.84499999999999,bent005pem
1629,1525.7,38.8905,bent005pem
1630,1529.4,38.92249999999999,bent005pem
1631,1533.0,38.95,bent005pem
1632,1536.7,38.98850000000001,bent005pem
1633,1540.3,39.0175,bent005pem
1634,1544.0,39.056,bent005pem
1635,1547.6,39.0785,bent005pem
1636,1551.3,39.12,bent005pem
1637,1554.9,39.159,bent005pem
1638,1558.6,39.1715,bent005pem
1639,1562.2,39.21300000000001,bent005pem
1640,1565.8,39.235,bent005pem
1641,1569.5,39.253,bent005pem
1642,1573.1,39.283,bent005pem
1643,1576.8,39.29149999999999,bent005pem
1644,1580.4,39.313,bent005pem
1645,1584.0,39.319500000000005,bent005pem
1646,1587.7,39.3535,bent005pem
1647,1591.3,39.36800000000001,bent005pem
1648,1594.9,39.37949999999999,bent005pem
1649,1598.5,39.392,bent005pem
1650,1602.2,39.41549999999999,bent005pem
1651,1605.8,39.4065,bent005pem
1652,1609.4,39.44450000000001,bent005pem
1653,1613.0,39.455000000000005,bent005pem
1654,1616.7,39.4765,bent005pem
1655,1620.3,39.4865,bent005pem
1656,1623.9,39.486,bent005pem
1657,1627.5,39.5015,bent005pem
1658,1631.1,39.507,bent005pem
1659,1634.7,39.5155,bent005pem
1660,1638.3,39.545,bent005pem
1661,1641.9,39.55550000000001,bent005pem
1662,1645.6,39.55400000000001,bent005pem
1663,1649.2,39.5775,bent005pem
1664,1652.8,39.5985,bent005pem
1665,1656.4,39.5855,bent005pem
1666,1660.0,39.6035,bent005pem
1667,1663.6,39.6155,bent005pem
1668,1667.2,39.6015,bent005pem
1669,1670.8,39.627,bent005pem
1670,1674.4,39.6265,bent005pem
1671,1678.0,39.628,bent005pem
1672,1681.6,39.615,bent005pem
1673,1685.1,39.63099999999999,bent005pem
1674,1688.7,39.64149999999999,bent005pem
1675,1692.3,39.64049999999999,bent005pem
1676,1695.9,39.62149999999999,bent005pem
1677,1699.5,39.62049999999999,bent005pem
1678,1703.1,39.614,bent005pem
1679,1706.7,39.624,bent005pem
1680,1710.2,39.613,bent005pem
1681,1713.8,39.594,bent005pem
1682,1717.4,39.589,bent005pem
1683,1721.0,39.541,bent005pem
1684,1724.5,39.511,bent005pem
1685,1728.1,39.458000000000006,bent005pem
1686,1731.7,39.456500000000005,bent005pem
1687,1735.2,39.4145,bent005pem
1688,1738.8,39.366,bent005pem
1689,1742.4,39.3325,bent005pem
1690,1745.9,39.30200000000001,bent005pem
1691,1749.5,39.288500000000006,bent005pem
1692,1753.1,39.24799999999999,bent005pem
1693,1756.6,39.214,bent005pem
1694,1760.2,39.1585,bent005pem
1695,1763.8,39.16799999999999,bent005pem
1696,1767.3,39.1315,bent005pem
1697,1770.9,39.096500000000006,bent005pem
1698,1774.4,39.085,bent005pem
1699,1778.0,39.0515,bent005pem
1700,1781.5,39.055,bent005pem
1701,1785.1,39.0315,bent005pem
1702,1788.6,39.021,bent005pem
1703,1792.1,39.029,bent005pem
1704,1795.7,39.01800000000001,bent005pem
1705,1799.2,39.00949999999999,bent005pem
1706,1802.8,38.958,bent005pem
1707,1806.3,38.975,bent005pem
1708,1809.8,38.982,bent005pem
1709,1813.4,38.9455,bent005pem
1710,1816.9,38.958,bent005pem
1711,1820.4,38.882000000000005,bent005pem
1712,1824.0,38.915000000000006,bent005pem
1713,1827.5,38.9,bent005pem
1714,1831.0,38.9025,bent005pem
1715,1834.6,38.882,bent005pem
1716,1838.1,38.8595,bent005pem
1717,1841.6,38.818,bent005pem
1718,1845.1,38.77600000000001,bent005pem
1719,1848.6,38.7165,bent005pem
1720,1852.2,38.65650000000001,bent005pem
1721,1855.7,38.54350000000001,bent005pem
1722,1859.2,38.444,bent005pem
1723,1862.7,38.273,bent005pem
1724,1866.2,38.0005,bent005pem
1725,1869.7,37.632000000000005,bent005pem
1726,1873.2,37.151,bent005pem
1727,1876.7,36.576,bent005pem
1728,1880.2,35.842,bent005pem
1729,1883.7,34.911500000000004,bent005pem
1730,1887.2,33.7325,bent005pem
1731,1890.7,32.4145,bent005pem
1732,1894.2,31.1115,bent005pem
1733,1897.7,29.964500000000005,bent005pem
1734,1902.7,28.889,bent005pem
1735,1905.5,28.644,bent005pem
1736,1908.2,28.5895,bent005pem
1737,1911.0,28.747000000000003,bent005pem
1738,1913.7,29.056999999999995,bent005pem
1739,1916.5,29.434000000000005,bent005pem
1740,1919.2,29.825,bent005pem
1741,1921.9,30.196,bent005pem
1742,1924.7,30.5245,bent005pem
1743,1927.4,30.785499999999995,bent005pem
1744,1930.1,30.9975,bent005pem
1745,1932.9,31.193,bent005pem
1746,1935.6,31.3305,bent005pem
1747,1938.3,31.446500000000004,bent005pem
1748,1941.0,31.585500000000003,bent005pem
1749,1943.7,31.708500000000004,bent005pem
1750,1946.4,31.8125,bent005pem
1751,1949.2,31.918,bent005pem
1752,1951.9,32.0415,bent005pem
1753,1954.6,32.18749999999999,bent005pem
1754,1957.3,32.3275,bent005pem
1755,1960.0,32.4695,bent005pem
1756,1962.7,32.6235,bent005pem
1757,1965.4,32.768,bent005pem
1758,1968.1,32.9005,bent005pem
1759,1970.7,33.032999999999994,bent005pem
1760,1973.4,33.185,bent005pem
1761,1976.1,33.333,bent005pem
1762,1978.8,33.489,bent005pem
1763,1981.5,33.659000000000006,bent005pem
1764,1984.1,33.82000000000001,bent005pem
1765,1986.8,33.99849999999999,bent005pem
1766,1989.5,34.1955,bent005pem
1767,1992.1,34.4025,bent005pem
1768,1994.8,34.608000000000004,bent005pem
1769,1997.5,34.784499999999994,bent005pem
1770,2000.1,34.97350000000001,bent005pem
1771,2002.8,35.1755,bent005pem
1772,2005.4,35.3595,bent005pem
1773,2008.1,35.5435,bent005pem
1774,2010.7,35.735,bent005pem
1775,2013.4,35.909499999999994,bent005pem
1776,2016.0,36.0625,bent005pem
1777,2018.6,36.2105,bent005pem
1778,2021.3,36.36450000000001,bent005pem
1779,2023.9,36.5015,bent005pem
1780,2026.5,36.643,bent005pem
1781,2029.2,36.781,bent005pem
1782,2031.8,36.8995,bent005pem
1783,2034.4,37.007000000000005,bent005pem
1784,2037.0,37.114,bent005pem
1785,2039.7,37.21350000000001,bent005pem
1786,2042.3,37.3035,bent005pem
1787,2044.9,37.3765,bent005pem
1788,2047.5,37.446000000000005,bent005pem
1789,2050.1,37.5155,bent005pem
1790,2052.7,37.57899999999999,bent005pem
1791,2055.3,37.639,bent005pem
1792,2057.9,37.691500000000005,bent005pem
1793,2060.5,37.7415,bent005pem
1794,2063.1,37.7795,bent005pem
1795,2065.7,37.813,bent005pem
1796,2068.3,37.837500000000006,bent005pem
1797,2070.9,37.861,bent005pem
1798,2073.4,37.888,bent005pem
1799,2076.0,37.915000000000006,bent005pem
1800,2078.6,37.9385,bent005pem
1801,2081.2,37.962,bent005pem
1802,2083.7,37.9815,bent005pem
1803,2086.3,37.996,bent005pem
1804,2088.9,38.016,bent005pem
1805,2091.4,38.0425,bent005pem
1806,2094.0,38.049,bent005pem
1807,2096.6,38.071000000000005,bent005pem
1808,2099.1,38.117,bent005pem
1809,2101.6,38.163,bent005pem
1810,2104.2,38.206,bent005pem
1811,2106.8,38.2445,bent005pem
1812,2109.3,38.2865,bent005pem
1813,2111.8,38.331500000000005,bent005pem
1814,2114.4,38.3975,bent005pem
1815,2116.9,38.46749999999999,bent005pem
1816,2119.4,38.5235,bent005pem
1817,2122.0,38.5435,bent005pem
1818,2124.5,38.55200000000001,bent005pem
1819,2127.0,38.574,bent005pem
1820,2129.6,38.597,bent005pem
1821,2132.1,38.581,bent005pem
1822,2134.6,38.565,bent005pem
1823,2137.1,38.548,bent005pem
1824,2139.6,38.49449999999999,bent005pem
1825,2142.1,38.426,bent005pem
1826,2144.6,38.359,bent005pem
1827,2147.1,38.2805,bent005pem
1828,2149.6,38.1745,bent005pem
1829,2152.1,38.038,bent005pem
1830,2154.6,37.87850000000001,bent005pem
1831,2157.1,37.6865,bent005pem
1832,2159.6,37.4505,bent005pem
1833,2162.1,37.17699999999999,bent005pem
1834,2164.6,36.8625,bent005pem
1835,2167.1,36.5255,bent005pem
1836,2169.6,36.17,bent005pem
1837,2172.0,35.8135,bent005pem
1838,2174.5,35.438,bent005pem
1839,2177.0,35.051500000000004,bent005pem
1840,2179.4,34.678999999999995,bent005pem
1841,2181.9,34.305499999999995,bent005pem
1842,2184.4,33.931999999999995,bent005pem
1843,2186.8,33.5685,bent005pem
1844,2189.3,33.217,bent005pem
1845,2191.7,32.8685,bent005pem
1846,2194.2,32.542,bent005pem
1847,2196.6,32.253499999999995,bent005pem
1848,2199.1,32.0065,bent005pem
1849,2201.5,31.811,bent005pem
1850,2204.0,31.71400000000001,bent005pem
1851,2206.4,31.719,bent005pem
1852,2208.9,31.7775,bent005pem
1853,2211.3,31.9125,bent005pem
1854,2213.7,32.1075,bent005pem
1855,2216.1,32.2915,bent005pem
1856,2218.6,32.50450000000001,bent005pem
1857,2221.0,32.7535,bent005pem
1858,2223.4,32.965,bent005pem
1859,2225.8,33.150000000000006,bent005pem
1860,2228.2,33.327,bent005pem
1861,2230.6,33.5015,bent005pem
1862,2233.1,33.684999999999995,bent005pem
1863,2235.5,33.86450000000001,bent005pem
1864,2237.9,34.048500000000004,bent005pem
1865,2240.3,34.2495,bent005pem
1866,2242.7,34.42399999999999,bent005pem
1867,2245.1,34.5775,bent005pem
1868,2247.5,34.7515,bent005pem
1869,2249.9,34.919,bent005pem
1870,2252.2,35.03750000000001,bent005pem
1871,2254.6,35.150499999999994,bent005pem
1872,2257.0,35.263,bent005pem
1873,2259.4,35.342,bent005pem
1874,2261.8,35.398,bent005pem
1875,2264.1,35.431,bent005pem
1876,2266.5,35.45899999999999,bent005pem
1877,2268.9,35.491,bent005pem
1878,2271.2,35.492,bent005pem
1879,2273.6,35.483,bent005pem
1880,2276.0,35.46,bent005pem
1881,2278.3,35.438,bent005pem
1882,2280.7,35.38999999999999,bent005pem
1883,2283.0,35.337,bent005pem
1884,2285.4,35.28849999999999,bent005pem
1885,2287.7,35.231500000000004,bent005pem
1886,2290.1,35.161500000000004,bent005pem
1887,2292.4,35.095000000000006,bent005pem
1888,2294.8,35.033,bent005pem
1889,2297.1,34.954,bent005pem
1890,2299.4,34.872,bent005pem
1891,2301.8,34.799,bent005pem
1892,2304.1,34.715,bent005pem
1893,2306.4,34.64150000000001,bent005pem
1894,2308.7,34.580499999999994,bent005pem
1895,2311.1,34.51049999999999,bent005pem
1896,2313.4,34.443,bent005pem
1897,2315.7,34.38499999999999,bent005pem
1898,2318.0,34.3205,bent005pem
1899,2320.3,34.2625,bent005pem
1900,2322.6,34.187,bent005pem
1901,2324.9,34.113499999999995,bent005pem
1902,2327.2,34.0405,bent005pem
1903,2329.5,33.9715,bent005pem
1904,2331.8,33.868500000000004,bent005pem
1905,2334.1,33.7715,bent005pem
1906,2336.4,33.672000000000004,bent005pem
1907,2338.7,33.568,bent005pem
1908,2341.0,33.46450000000001,bent005pem
1909,2343.2,33.37550000000001,bent005pem
1910,2345.5,33.2655,bent005pem
1911,2347.8,33.1605,bent005pem
1912,2350.1,33.054,bent005pem
1913,2352.4,32.974000000000004,bent005pem
1914,2354.6,32.878499999999995,bent005pem
1915,2356.9,32.781499999999994,bent005pem
1916,2359.1,32.69799999999999,bent005pem
1917,2361.4,32.6125,bent005pem
1918,2363.7,32.5215,bent005pem
1919,2365.9,32.4545,bent005pem
1920,2368.2,32.395,bent005pem
1921,2370.4,32.307,bent005pem
1922,2372.7,32.214,bent005pem
1923,2374.9,32.1305,bent005pem
1924,2377.2,32.0455,bent005pem
1925,2379.4,31.984,bent005pem
1926,2381.6,31.8835,bent005pem
1927,2383.9,31.782000000000004,bent005pem
1928,2386.1,31.710500000000003,bent005pem
1929,2388.3,31.617999999999995,bent005pem
1930,2390.6,31.513,bent005pem
1931,2392.8,31.407,bent005pem
1932,2395.0,31.289,bent005pem
1933,2397.2,31.188,bent005pem
1934,2399.4,31.06900000000001,bent005pem
1935,2401.6,30.9815,bent005pem
1936,2403.9,30.9095,bent005pem
1937,2406.1,30.823500000000003,bent005pem
1938,2408.3,30.696,bent005pem
1939,2410.5,30.6055,bent005pem
1940,2412.7,30.4985,bent005pem
1941,2414.9,30.3765,bent005pem
1942,2417.1,30.296,bent005pem
1943,2419.2,30.191000000000003,bent005pem
1944,2421.4,30.077500000000004,bent005pem
1945,2423.6,29.992,bent005pem
1946,2425.8,29.8885,bent005pem
1947,2428.0,29.757500000000004,bent005pem
1948,2430.2,29.6615,bent005pem
1949,2432.3,29.547999999999995,bent005pem
1950,2434.5,29.4085,bent005pem
1951,2436.7,29.291999999999994,bent005pem
1952,2438.8,29.216999999999995,bent005pem
1953,2441.0,29.12900000000001,bent005pem
1954,2443.2,29.024,bent005pem
1955,2445.3,28.9245,bent005pem
1956,2447.5,28.801000000000005,bent005pem
1957,2449.6,28.718,bent005pem
1958,2451.8,28.648,bent005pem
1959,2453.9,28.541000000000004,bent005pem
1960,2456.1,28.474,bent005pem
1961,2458.2,28.4295,bent005pem
1962,2460.4,28.356000000000005,bent005pem
1963,2462.5,28.305,bent005pem
1964,2464.6,28.2925,bent005pem
1965,2466.8,28.207,bent005pem
1966,2468.9,28.116000000000003,bent005pem
1967,2471.0,28.069,bent005pem
1968,2473.1,28.033500000000004,bent005pem
1969,2475.2,27.993,bent005pem
1970,2477.4,27.966,bent005pem
1971,2479.5,27.9335,bent005pem
1972,2481.6,27.892000000000003,bent005pem
1973,2483.7,27.841999999999995,bent005pem
1974,2485.8,27.794,bent005pem
1975,2487.9,27.739500000000003,bent005pem
1976,2490.0,27.7275,bent005pem
1977,2492.1,27.6835,bent005pem
1978,2494.2,27.63150000000001,bent005pem
1979,2496.3,27.6075,bent005pem
1980,2498.4,27.56300000000001,bent005pem
1981,2500.5,27.52050000000001,bent005pem
1982,2502.6,27.488,bent005pem
1983,2504.7,27.483500000000003,bent005pem
1984,2506.7,27.4595,bent005pem
1985,2508.8,27.4035,bent005pem
1986,2510.9,27.383,bent005pem
1987,2513.0,27.398499999999995,bent005pem
1988,339.3,29.6755,bent005ppfm
1989,340.8,29.2005,bent005ppfm
1990,342.3,28.4115,bent005ppfm
1991,343.7,27.987500000000004,bent005ppfm
1992,345.2,27.072000000000003,bent005ppfm
1993,346.7,26.3155,bent005ppfm
1994,348.1,26.209,bent005ppfm
1995,349.6,25.9565,bent005ppfm
1996,351.1,25.8815,bent005ppfm
1997,352.5,25.577,bent005ppfm
1998,354.0,25.413000000000004,bent005ppfm
1999,355.5,25.2425,bent005ppfm
2000,357.0,24.9865,bent005ppfm
2001,358.4,24.953000000000003,bent005ppfm
2002,359.9,25.0835,bent005ppfm
2003,361.4,25.12,bent005ppfm
2004,362.8,25.291000000000004,bent005ppfm
2005,364.3,25.3495,bent005ppfm
2006,365.8,25.3585,bent005ppfm
2007,367.2,25.399,bent005ppfm
2008,368.7,25.4335,bent005ppfm
2009,370.1,25.625,bent005ppfm
2010,371.6,25.8245,bent005ppfm
2011,373.1,26.017500000000005,bent005ppfm
2012,374.5,26.190999999999995,bent005ppfm
2013,376.0,26.373,bent005ppfm
2014,377.5,26.5305,bent005ppfm
2015,378.9,26.652,bent005ppfm
2016,380.4,26.734,bent005ppfm
2017,381.9,26.933000000000003,bent005ppfm
2018,383.3,27.1585,bent005ppfm
2019,384.8,27.347,bent005ppfm
2020,386.2,27.553000000000004,bent005ppfm
2021,387.7,27.65150000000001,bent005ppfm
2022,389.2,27.735,bent005ppfm
2023,390.6,27.834,bent005ppfm
2024,392.1,27.959000000000003,bent005ppfm
2025,393.6,28.142,bent005ppfm
2026,395.0,28.235499999999995,bent005ppfm
2027,396.5,28.3575,bent005ppfm
2028,397.9,28.435,bent005ppfm
2029,399.4,28.517499999999995,bent005ppfm
2030,400.9,28.678000000000004,bent005ppfm
2031,402.3,28.7715,bent005ppfm
2032,403.8,28.8455,bent005ppfm
2033,405.2,28.922,bent005ppfm
2034,406.7,29.0595,bent005ppfm
2035,408.1,29.14850000000001,bent005ppfm
2036,409.6,29.282,bent005ppfm
2037,411.1,29.3735,bent005ppfm
2038,412.5,29.497,bent005ppfm
2039,414.0,29.6075,bent005ppfm
2040,415.4,29.7545,bent005ppfm
2041,416.9,29.892000000000003,bent005ppfm
2042,418.3,30.0425,bent005ppfm
2043,419.8,30.1845,bent005ppfm
2044,421.2,30.335999999999995,bent005ppfm
2045,422.7,30.5055,bent005ppfm
2046,424.1,30.671,bent005ppfm
2047,425.6,30.827000000000005,bent005ppfm
2048,427.0,30.9915,bent005ppfm
2049,428.5,31.145,bent005ppfm
2050,429.9,31.2985,bent005ppfm
2051,431.4,31.4405,bent005ppfm
2052,432.8,31.588000000000005,bent005ppfm
2053,434.3,31.731000000000005,bent005ppfm
2054,435.7,31.8825,bent005ppfm
2055,437.2,32.044,bent005ppfm
2056,438.6,32.192,bent005ppfm
2057,440.1,32.367000000000004,bent005ppfm
2058,441.5,32.519,bent005ppfm
2059,443.0,32.66250000000001,bent005ppfm
2060,444.4,32.81400000000001,bent005ppfm
2061,445.8,32.95100000000001,bent005ppfm
2062,447.3,33.089000000000006,bent005ppfm
2063,448.7,33.21249999999999,bent005ppfm
2064,450.2,33.3215,bent005ppfm
2065,451.6,33.42700000000001,bent005ppfm
2066,453.0,33.527,bent005ppfm
2067,454.5,33.614999999999995,bent005ppfm
2068,455.9,33.7165,bent005ppfm
2069,457.4,33.803000000000004,bent005ppfm
2070,458.8,33.883999999999986,bent005ppfm
2071,460.2,33.97,bent005ppfm
2072,461.7,34.049,bent005ppfm
2073,463.1,34.1245,bent005ppfm
2074,464.5,34.203500000000005,bent005ppfm
2075,466.0,34.279,bent005ppfm
2076,467.4,34.371500000000005,bent005ppfm
2077,468.9,34.4485,bent005ppfm
2078,470.3,34.523999999999994,bent005ppfm
2079,471.7,34.6075,bent005ppfm
2080,473.1,34.6765,bent005ppfm
2081,474.6,34.7595,bent005ppfm
2082,476.0,34.84,bent005ppfm
2083,477.4,34.923500000000004,bent005ppfm
2084,478.9,35.0065,bent005ppfm
2085,480.3,35.07399999999999,bent005ppfm
2086,481.7,35.1435,bent005ppfm
2087,483.1,35.222500000000004,bent005ppfm
2088,484.6,35.30250000000001,bent005ppfm
2089,486.0,35.3895,bent005ppfm
2090,487.4,35.4765,bent005ppfm
2091,488.9,35.553999999999995,bent005ppfm
2092,490.3,35.626,bent005ppfm
2093,491.7,35.711,bent005ppfm
2094,493.1,35.794,bent005ppfm
2095,494.5,35.883,bent005ppfm
2096,496.0,35.96549999999999,bent005ppfm
2097,497.4,36.0495,bent005ppfm
2098,498.8,36.125,bent005ppfm
2099,500.2,36.20299999999999,bent005ppfm
2100,501.6,36.2885,bent005ppfm
2101,503.1,36.374,bent005ppfm
2102,504.5,36.458,bent005ppfm
2103,505.9,36.542,bent005ppfm
2104,507.3,36.623000000000005,bent005ppfm
2105,508.7,36.702000000000005,bent005ppfm
2106,510.1,36.775,bent005ppfm
2107,511.6,36.8625,bent005ppfm
2108,513.0,36.9495,bent005ppfm
2109,514.4,37.0335,bent005ppfm
2110,515.8,37.123,bent005ppfm
2111,517.2,37.2105,bent005ppfm
2112,518.6,37.294,bent005ppfm
2113,520.0,37.37599999999999,bent005ppfm
2114,521.5,37.458000000000006,bent005ppfm
2115,522.9,37.545,bent005ppfm
2116,524.3,37.6305,bent005ppfm
2117,525.7,37.70800000000001,bent005ppfm
2118,527.1,37.7905,bent005ppfm
2119,528.5,37.88199999999999,bent005ppfm
2120,529.9,37.965,bent005ppfm
2121,531.3,38.0435,bent005ppfm
2122,532.7,38.1155,bent005ppfm
2123,534.1,38.18400000000001,bent005ppfm
2124,535.5,38.265,bent005ppfm
2125,536.9,38.33,bent005ppfm
2126,538.3,38.395500000000006,bent005ppfm
2127,539.7,38.4645,bent005ppfm
2128,541.1,38.539,bent005ppfm
2129,542.5,38.6005,bent005ppfm
2130,544.0,38.67100000000001,bent005ppfm
2131,545.3,38.7255,bent005ppfm
2132,546.8,38.787000000000006,bent005ppfm
2133,548.2,38.848,bent005ppfm
2134,549.5,38.8965,bent005ppfm
2135,550.9,38.959500000000006,bent005ppfm
2136,552.3,39.031,bent005ppfm
2137,553.7,39.1005,bent005ppfm
2138,555.1,39.16,bent005ppfm
2139,556.5,39.22599999999999,bent005ppfm
2140,557.9,39.291,bent005ppfm
2141,559.3,39.3615,bent005ppfm
2142,560.7,39.423,bent005ppfm
2143,562.1,39.4775,bent005ppfm
2144,563.5,39.5335,bent005ppfm
2145,564.9,39.5845,bent005ppfm
2146,566.3,39.6405,bent005ppfm
2147,567.7,39.691,bent005ppfm
2148,569.1,39.744,bent005ppfm
2149,570.5,39.794,bent005ppfm
2150,571.8,39.8495,bent005ppfm
2151,573.2,39.8965,bent005ppfm
2152,574.6,39.943,bent005ppfm
2153,576.0,39.99,bent005ppfm
2154,577.4,40.037,bent005ppfm
2155,578.8,40.0835,bent005ppfm
2156,580.2,40.127,bent005ppfm
2157,581.5,40.172,bent005ppfm
2158,582.9,40.2115,bent005ppfm
2159,584.3,40.2515,bent005ppfm
2160,585.7,40.29050000000001,bent005ppfm
2161,587.1,40.32899999999999,bent005ppfm
2162,588.5,40.36750000000001,bent005ppfm
2163,589.8,40.4035,bent005ppfm
2164,591.2,40.4385,bent005ppfm
2165,592.6,40.46999999999999,bent005ppfm
2166,594.0,40.502,bent005ppfm
2167,595.4,40.532,bent005ppfm
2168,596.7,40.5675,bent005ppfm
2169,598.1,40.593,bent005ppfm
2170,599.5,40.6225,bent005ppfm
2171,600.9,40.6505,bent005ppfm
2172,602.2,40.68,bent005ppfm
2173,603.6,40.7065,bent005ppfm
2174,605.0,40.7375,bent005ppfm
2175,606.4,40.766000000000005,bent005ppfm
2176,607.7,40.795,bent005ppfm
2177,609.1,40.8225,bent005ppfm
2178,610.5,40.8545,bent005ppfm
2179,611.9,40.8865,bent005ppfm
2180,613.2,40.913,bent005ppfm
2181,614.6,40.9455,bent005ppfm
2182,616.0,40.977,bent005ppfm
2183,617.3,41.008,bent005ppfm
2184,618.7,41.041,bent005ppfm
2185,620.1,41.07249999999999,bent005ppfm
2186,621.5,41.097,bent005ppfm
2187,622.8,41.1285,bent005ppfm
2188,624.2,41.159000000000006,bent005ppfm
2189,625.5,41.189,bent005ppfm
2190,626.9,41.217,bent005ppfm
2191,628.3,41.2475,bent005ppfm
2192,629.6,41.2745,bent005ppfm
2193,631.0,41.302,bent005ppfm
2194,632.4,41.328,bent005ppfm
2195,633.7,41.3515,bent005ppfm
2196,635.1,41.37650000000001,bent005ppfm
2197,636.5,41.402,bent005ppfm
2198,637.8,41.4265,bent005ppfm
2199,639.2,41.4485,bent005ppfm
2200,640.5,41.46900000000001,bent005ppfm
2201,641.9,41.486,bent005ppfm
2202,643.2,41.509,bent005ppfm
2203,644.6,41.5245,bent005ppfm
2204,646.0,41.543,bent005ppfm
2205,647.3,41.557,bent005ppfm
2206,648.7,41.569,bent005ppfm
2207,650.0,41.57000000000001,bent005ppfm
2208,651.4,41.582,bent005ppfm
2209,652.7,41.5985,bent005ppfm
2210,654.1,41.624,bent005ppfm
2211,655.4,41.634,bent005ppfm
2212,656.8,41.6375,bent005ppfm
2213,658.1,41.6385,bent005ppfm
2214,659.5,41.651500000000006,bent005ppfm
2215,660.8,41.67300000000001,bent005ppfm
2216,662.2,41.687,bent005ppfm
2217,663.5,41.699000000000005,bent005ppfm
2218,664.9,41.7195,bent005ppfm
2219,666.2,41.736,bent005ppfm
2220,667.6,41.7585,bent005ppfm
2221,668.9,41.786,bent005ppfm
2222,670.3,41.810500000000005,bent005ppfm
2223,671.6,41.836,bent005ppfm
2224,673.0,41.8635,bent005ppfm
2225,674.3,41.9085,bent005ppfm
2226,675.6,41.9655,bent005ppfm
2227,677.0,42.0205,bent005ppfm
2228,678.3,42.05800000000001,bent005ppfm
2229,679.7,42.0945,bent005ppfm
2230,681.0,42.1345,bent005ppfm
2231,682.3,42.1785,bent005ppfm
2232,683.7,42.2225,bent005ppfm
2233,685.0,42.2615,bent005ppfm
2234,686.4,42.302,bent005ppfm
2235,687.7,42.337500000000006,bent005ppfm
2236,689.0,42.377500000000005,bent005ppfm
2237,690.4,42.416,bent005ppfm
2238,691.7,42.4535,bent005ppfm
2239,693.0,42.4885,bent005ppfm
2240,694.4,42.525,bent005ppfm
2241,695.7,42.561,bent005ppfm
2242,697.0,42.599,bent005ppfm
2243,698.4,42.635000000000005,bent005ppfm
2244,699.7,42.672,bent005ppfm
2245,701.0,42.71,bent005ppfm
2246,702.4,42.7405,bent005ppfm
2247,703.7,42.7755,bent005ppfm
2248,705.0,42.8115,bent005ppfm
2249,706.3,42.848,bent005ppfm
2250,707.7,42.882,bent005ppfm
2251,709.0,42.9185,bent005ppfm
2252,710.3,42.950500000000005,bent005ppfm
2253,711.6,42.983,bent005ppfm
2254,713.0,43.0115,bent005ppfm
2255,714.3,43.04600000000001,bent005ppfm
2256,715.6,43.07350000000001,bent005ppfm
2257,716.9,43.1015,bent005ppfm
2258,718.2,43.1305,bent005ppfm
2259,719.6,43.159,bent005ppfm
2260,720.9,43.18750000000001,bent005ppfm
2261,722.2,43.216,bent005ppfm
2262,723.5,43.2405,bent005ppfm
2263,724.8,43.26649999999999,bent005ppfm
2264,726.2,43.294,bent005ppfm
2265,727.5,43.32,bent005ppfm
2266,728.8,43.3465,bent005ppfm
2267,730.1,43.371,bent005ppfm
2268,731.4,43.39399999999999,bent005ppfm
2269,732.7,43.415,bent005ppfm
2270,734.0,43.438,bent005ppfm
2271,735.3,43.458000000000006,bent005ppfm
2272,736.7,43.4815,bent005ppfm
2273,738.0,43.503,bent005ppfm
2274,739.3,43.528,bent005ppfm
2275,740.6,43.54650000000001,bent005ppfm
2276,741.9,43.566500000000005,bent005ppfm
2277,743.2,43.58800000000001,bent005ppfm
2278,744.5,43.606,bent005ppfm
2279,745.8,43.6285,bent005ppfm
2280,747.1,43.6475,bent005ppfm
2281,748.4,43.667,bent005ppfm
2282,749.7,43.68750000000001,bent005ppfm
2283,751.0,43.709500000000006,bent005ppfm
2284,752.3,43.728,bent005ppfm
2285,753.6,43.7505,bent005ppfm
2286,754.9,43.7675,bent005ppfm
2287,756.2,43.78500000000001,bent005ppfm
2288,757.5,43.8005,bent005ppfm
2289,758.8,43.817,bent005ppfm
2290,760.1,43.8355,bent005ppfm
2291,761.4,43.8535,bent005ppfm
2292,762.7,43.8725,bent005ppfm
2293,764.0,43.8925,bent005ppfm
2294,765.3,43.9055,bent005ppfm
2295,766.6,43.91799999999999,bent005ppfm
2296,767.9,43.9345,bent005ppfm
2297,769.2,43.952000000000005,bent005ppfm
2298,770.4,43.9705,bent005ppfm
2299,771.7,43.9895,bent005ppfm
2300,773.0,43.9995,bent005ppfm
2301,774.3,44.01499999999999,bent005ppfm
2302,775.6,44.0245,bent005ppfm
2303,776.9,44.042,bent005ppfm
2304,778.2,44.053,bent005ppfm
2305,779.4,44.068,bent005ppfm
2306,780.7,44.0855,bent005ppfm
2307,782.0,44.099,bent005ppfm
2308,783.3,44.113,bent005ppfm
2309,784.5,44.127,bent005ppfm
2310,785.8,44.1395,bent005ppfm
2311,787.1,44.1465,bent005ppfm
2312,788.4,44.159000000000006,bent005ppfm
2313,789.7,44.1675,bent005ppfm
2314,790.9,44.1835,bent005ppfm
2315,792.2,44.194,bent005ppfm
2316,793.5,44.204,bent005ppfm
2317,794.8,44.214000000000006,bent005ppfm
2318,796.0,44.223,bent005ppfm
2319,797.3,44.2345,bent005ppfm
2320,798.5,44.2465,bent005ppfm
2321,799.8,44.2505,bent005ppfm
2322,801.1,44.2625,bent005ppfm
2323,802.3,44.27,bent005ppfm
2324,803.6,44.281,bent005ppfm
2325,804.9,44.29,bent005ppfm
2326,806.1,44.301,bent005ppfm
2327,807.4,44.307500000000005,bent005ppfm
2328,808.7,44.3195,bent005ppfm
2329,809.9,44.3245,bent005ppfm
2330,811.2,44.325500000000005,bent005ppfm
2331,812.4,44.336,bent005ppfm
2332,813.7,44.347,bent005ppfm
2333,815.0,44.35,bent005ppfm
2334,816.2,44.35699999999999,bent005ppfm
2335,817.5,44.36999999999999,bent005ppfm
2336,818.7,44.37150000000001,bent005ppfm
2337,820.0,44.377500000000005,bent005ppfm
2338,821.2,44.3805,bent005ppfm
2339,822.5,44.393,bent005ppfm
2340,823.7,44.394,bent005ppfm
2341,825.0,44.401,bent005ppfm
2342,826.2,44.4065,bent005ppfm
2343,827.5,44.415,bent005ppfm
2344,828.7,44.4185,bent005ppfm
2345,829.9,44.4235,bent005ppfm
2346,831.2,44.4275,bent005ppfm
2347,832.4,44.42550000000001,bent005ppfm
2348,833.7,44.437,bent005ppfm
2349,834.9,44.4395,bent005ppfm
2350,836.1,44.449,bent005ppfm
2351,837.4,44.4505,bent005ppfm
2352,838.6,44.45649999999999,bent005ppfm
2353,839.8,44.459,bent005ppfm
2354,841.1,44.456,bent005ppfm
2355,842.3,44.46,bent005ppfm
2356,843.5,44.467,bent005ppfm
2357,844.8,44.477,bent005ppfm
2358,846.0,44.4815,bent005ppfm
2359,847.2,44.48349999999999,bent005ppfm
2360,848.5,44.478,bent005ppfm
2361,849.7,44.4755,bent005ppfm
2362,850.9,44.4945,bent005ppfm
2363,852.2,44.49399999999999,bent005ppfm
2364,853.4,44.496,bent005ppfm
2365,854.6,44.492,bent005ppfm
2366,855.8,44.49250000000001,bent005ppfm
2367,857.0,44.493,bent005ppfm
2368,858.3,44.49900000000001,bent005ppfm
2369,859.5,44.5095,bent005ppfm
2370,860.7,44.511500000000005,bent005ppfm
2371,861.9,44.5065,bent005ppfm
2372,863.1,44.517,bent005ppfm
2373,864.3,44.509,bent005ppfm
2374,865.5,44.50449999999999,bent005ppfm
2375,866.8,44.51550000000001,bent005ppfm
2376,868.0,44.52,bent005ppfm
2377,869.2,44.52350000000001,bent005ppfm
2378,870.4,44.5165,bent005ppfm
2379,871.6,44.5235,bent005ppfm
2380,872.8,44.52,bent005ppfm
2381,874.0,44.5265,bent005ppfm
2382,875.2,44.532,bent005ppfm
2383,876.4,44.539,bent005ppfm
2384,877.6,44.5485,bent005ppfm
2385,878.8,44.5395,bent005ppfm
2386,880.0,44.546,bent005ppfm
2387,881.2,44.5465,bent005ppfm
2388,882.4,44.559000000000005,bent005ppfm
2389,883.6,44.5655,bent005ppfm
2390,884.8,44.562,bent005ppfm
2391,886.0,44.55749999999999,bent005ppfm
2392,887.2,44.554,bent005ppfm
2393,888.4,44.555,bent005ppfm
2394,889.6,44.5615,bent005ppfm
2395,890.8,44.57000000000001,bent005ppfm
2396,892.0,44.5715,bent005ppfm
2397,893.2,44.57450000000001,bent005ppfm
2398,894.3,44.58200000000001,bent005ppfm
2399,895.5,44.5805,bent005ppfm
2400,896.7,44.5825,bent005ppfm
2401,897.9,44.598,bent005ppfm
2402,899.1,44.5875,bent005ppfm
2403,900.3,44.597,bent005ppfm
2404,901.5,44.585,bent005ppfm
2405,902.6,44.6,bent005ppfm
2406,903.8,44.6045,bent005ppfm
2407,905.0,44.608,bent005ppfm
2408,906.2,44.6015,bent005ppfm
2409,907.4,44.61300000000001,bent005ppfm
2410,908.5,44.607000000000006,bent005ppfm
2411,909.7,44.6195,bent005ppfm
2412,910.9,44.6155,bent005ppfm
2413,912.1,44.6145,bent005ppfm
2414,913.2,44.61400000000001,bent005ppfm
2415,914.4,44.6295,bent005ppfm
2416,915.6,44.65,bent005ppfm
2417,916.8,44.6545,bent005ppfm
2418,917.9,44.6585,bent005ppfm
2419,919.1,44.6605,bent005ppfm
2420,920.2,44.648,bent005ppfm
2421,921.4,44.66,bent005ppfm
2422,922.6,44.662,bent005ppfm
2423,923.8,44.6895,bent005ppfm
2424,924.9,44.709500000000006,bent005ppfm
2425,926.1,44.7205,bent005ppfm
2426,927.2,44.705000000000005,bent005ppfm
2427,928.4,44.7245,bent005ppfm
2428,929.6,44.7345,bent005ppfm
2429,930.7,44.74,bent005ppfm
2430,931.9,44.75600000000001,bent005ppfm
2431,933.0,44.7475,bent005ppfm
2432,934.2,44.73650000000001,bent005ppfm
2433,935.3,44.74999999999999,bent005ppfm
2434,936.5,44.7655,bent005ppfm
2435,937.7,44.7645,bent005ppfm
2436,938.8,44.774,bent005ppfm
2437,940.0,44.7625,bent005ppfm
2438,941.1,44.7855,bent005ppfm
2439,942.3,44.79600000000001,bent005ppfm
2440,943.4,44.827000000000005,bent005ppfm
2441,944.6,44.822,bent005ppfm
2442,945.7,44.827000000000005,bent005ppfm
2443,946.9,44.8085,bent005ppfm
2444,948.0,44.81949999999999,bent005ppfm
2445,949.2,44.8205,bent005ppfm
2446,950.3,44.84,bent005ppfm
2447,951.5,44.874,bent005ppfm
2448,952.6,44.8565,bent005ppfm
2449,953.8,44.8445,bent005ppfm
2450,954.9,44.82699999999999,bent005ppfm
2451,956.1,44.845,bent005ppfm
2452,957.2,44.8745,bent005ppfm
2453,958.3,44.8965,bent005ppfm
2454,959.5,44.904,bent005ppfm
2455,960.6,44.88550000000001,bent005ppfm
2456,961.8,44.874500000000005,bent005ppfm
2457,962.9,44.85600000000001,bent005ppfm
2458,964.1,44.9065,bent005ppfm
2459,965.2,44.935,bent005ppfm
2460,966.3,44.928,bent005ppfm
2461,967.5,44.94749999999999,bent005ppfm
2462,968.6,44.925,bent005ppfm
2463,969.8,44.9295,bent005ppfm
2464,970.9,44.9615,bent005ppfm
2465,972.1,45.011,bent005ppfm
2466,973.2,45.05499999999999,bent005ppfm
2467,974.3,45.033,bent005ppfm
2468,975.5,45.0595,bent005ppfm
2469,976.6,45.0905,bent005ppfm
2470,977.8,45.0635,bent005ppfm
2471,978.9,45.0755,bent005ppfm
2472,980.0,45.0895,bent005ppfm
2473,981.2,45.1305,bent005ppfm
2474,982.3,45.092,bent005ppfm
2475,983.5,45.0885,bent005ppfm
2476,984.6,45.071,bent005ppfm
2477,985.7,45.12299999999999,bent005ppfm
2478,986.9,45.147,bent005ppfm
2479,988.0,45.1185,bent005ppfm
2480,989.1,45.24,bent005ppfm
2481,992.0,45.1505,bent005ppfm
2482,995.9,45.187,bent005ppfm
2483,999.7,45.184,bent005ppfm
2484,1003.6,45.24,bent005ppfm
2485,1007.4,45.271,bent005ppfm
2486,1011.3,45.3125,bent005ppfm
2487,1015.1,45.34599999999999,bent005ppfm
2488,1019.0,45.3595,bent005ppfm
2489,1022.8,45.38700000000001,bent005ppfm
2490,1026.7,45.4245,bent005ppfm
2491,1030.5,45.465500000000006,bent005ppfm
2492,1034.4,45.46,bent005ppfm
2493,1038.2,45.511,bent005ppfm
2494,1042.1,45.5585,bent005ppfm
2495,1045.9,45.573000000000015,bent005ppfm
2496,1049.7,45.61900000000001,bent005ppfm
2497,1053.6,45.584500000000006,bent005ppfm
2498,1057.4,45.669,bent005ppfm
2499,1061.2,45.683,bent005ppfm
2500,1065.1,45.6835,bent005ppfm
2501,1068.9,45.743,bent005ppfm
2502,1072.7,45.782,bent005ppfm
2503,1076.6,45.768,bent005ppfm
2504,1080.4,45.79099999999999,bent005ppfm
2505,1084.2,45.8295,bent005ppfm
2506,1088.0,45.8675,bent005ppfm
2507,1091.8,45.8785,bent005ppfm
2508,1095.7,45.9395,bent005ppfm
2509,1099.5,45.976,bent005ppfm
2510,1103.3,45.99249999999999,bent005ppfm
2511,1107.1,45.9975,bent005ppfm
2512,1110.9,46.00000000000001,bent005ppfm
2513,1114.8,46.0375,bent005ppfm
2514,1118.6,46.03,bent005ppfm
2515,1122.4,46.06150000000001,bent005ppfm
2516,1126.2,46.089000000000006,bent005ppfm
2517,1130.0,46.085,bent005ppfm
2518,1133.8,46.065,bent005ppfm
2519,1137.6,46.049,bent005ppfm
2520,1141.4,46.043,bent005ppfm
2521,1145.2,46.005,bent005ppfm
2522,1149.0,45.9815,bent005ppfm
2523,1152.8,45.978,bent005ppfm
2524,1156.6,45.99499999999999,bent005ppfm
2525,1160.4,45.999,bent005ppfm
2526,1164.2,46.035,bent005ppfm
2527,1168.0,46.021,bent005ppfm
2528,1171.8,46.0445,bent005ppfm
2529,1175.6,46.051,bent005ppfm
2530,1179.4,46.0535,bent005ppfm
2531,1183.2,46.01400000000001,bent005ppfm
2532,1187.0,46.0095,bent005ppfm
2533,1190.7,46.0345,bent005ppfm
2534,1194.5,46.059000000000005,bent005ppfm
2535,1198.3,46.1375,bent005ppfm
2536,1202.1,46.157500000000006,bent005ppfm
2537,1205.9,46.1605,bent005ppfm
2538,1209.7,46.2195,bent005ppfm
2539,1213.4,46.24849999999999,bent005ppfm
2540,1217.2,46.2895,bent005ppfm
2541,1221.0,46.361,bent005ppfm
2542,1224.8,46.4215,bent005ppfm
2543,1228.5,46.508,bent005ppfm
2544,1232.3,46.594,bent005ppfm
2545,1236.1,46.655,bent005ppfm
2546,1239.8,46.661,bent005ppfm
2547,1243.6,46.757000000000005,bent005ppfm
2548,1247.4,46.813,bent005ppfm
2549,1251.1,46.821,bent005ppfm
2550,1254.9,46.898,bent005ppfm
2551,1258.7,46.953,bent005ppfm
2552,1262.4,46.978,bent005ppfm
2553,1266.2,46.9845,bent005ppfm
2554,1269.9,47.002,bent005ppfm
2555,1273.7,47.0335,bent005ppfm
2556,1277.4,47.07000000000001,bent005ppfm
2557,1281.2,47.1165,bent005ppfm
2558,1284.9,47.07950000000001,bent005ppfm
2559,1288.7,47.1335,bent005ppfm
2560,1292.4,47.096,bent005ppfm
2561,1296.2,47.145,bent005ppfm
2562,1299.9,47.13699999999999,bent005ppfm
2563,1303.7,47.1685,bent005ppfm
2564,1307.4,47.169500000000006,bent005ppfm
2565,1311.2,47.18050000000001,bent005ppfm
2566,1314.9,47.1645,bent005ppfm
2567,1318.7,47.176,bent005ppfm
2568,1322.4,47.1455,bent005ppfm
2569,1326.1,47.142,bent005ppfm
2570,1329.9,47.14,bent005ppfm
2571,1333.6,47.1155,bent005ppfm
2572,1337.3,47.12149999999999,bent005ppfm
2573,1341.1,47.102,bent005ppfm
2574,1344.8,47.0635,bent005ppfm
2575,1348.5,47.00849999999999,bent005ppfm
2576,1352.2,46.95,bent005ppfm
2577,1356.0,46.8555,bent005ppfm
2578,1359.7,46.747,bent005ppfm
2579,1363.4,46.579,bent005ppfm
2580,1367.1,46.4825,bent005ppfm
2581,1370.8,46.303,bent005ppfm
2582,1374.6,46.069,bent005ppfm
2583,1378.3,45.7285,bent005ppfm
2584,1382.0,45.335,bent005ppfm
2585,1385.7,44.828500000000005,bent005ppfm
2586,1389.4,44.2295,bent005ppfm
2587,1393.1,43.5295,bent005ppfm
2588,1396.8,42.7895,bent005ppfm
2589,1400.5,42.087,bent005ppfm
2590,1404.2,41.5355,bent005ppfm
2591,1407.9,41.17399999999999,bent005ppfm
2592,1411.7,41.13100000000001,bent005ppfm
2593,1415.4,41.38549999999999,bent005ppfm
2594,1419.1,41.875,bent005ppfm
2595,1422.8,42.418,bent005ppfm
2596,1426.4,43.0005,bent005ppfm
2597,1430.2,43.47,bent005ppfm
2598,1433.8,43.8755,bent005ppfm
2599,1437.5,44.1935,bent005ppfm
2600,1441.2,44.413,bent005ppfm
2601,1444.9,44.61,bent005ppfm
2602,1448.6,44.74249999999999,bent005ppfm
2603,1452.3,44.8615,bent005ppfm
2604,1456.0,44.9285,bent005ppfm
2605,1459.7,45.035,bent005ppfm
2606,1463.3,45.07149999999999,bent005ppfm
2607,1467.0,45.274,bent005ppfm
2608,1470.7,45.398,bent005ppfm
2609,1474.4,45.56099999999999,bent005ppfm
2610,1478.1,45.6775,bent005ppfm
2611,1481.7,45.8735,bent005ppfm
2612,1485.4,45.9935,bent005ppfm
2613,1489.1,46.088,bent005ppfm
2614,1492.8,46.194,bent005ppfm
2615,1496.4,46.313500000000005,bent005ppfm
2616,1500.1,46.4265,bent005ppfm
2617,1503.8,46.53450000000001,bent005ppfm
2618,1507.4,46.62949999999999,bent005ppfm
2619,1511.1,46.72099999999999,bent005ppfm
2620,1514.7,46.816,bent005ppfm
2621,1518.4,46.88700000000001,bent005ppfm
2622,1522.1,46.945,bent005ppfm
2623,1525.7,47.019,bent005ppfm
2624,1529.4,47.0735,bent005ppfm
2625,1533.0,47.12800000000001,bent005ppfm
2626,1536.7,47.185500000000005,bent005ppfm
2627,1540.3,47.236,bent005ppfm
2628,1544.0,47.294500000000006,bent005ppfm
2629,1547.6,47.3335,bent005ppfm
2630,1551.3,47.4015,bent005ppfm
2631,1554.9,47.4605,bent005ppfm
2632,1558.6,47.485,bent005ppfm
2633,1562.2,47.5435,bent005ppfm
2634,1565.8,47.581,bent005ppfm
2635,1569.5,47.6095,bent005ppfm
2636,1573.1,47.653,bent005ppfm
2637,1576.8,47.67600000000001,bent005ppfm
2638,1580.4,47.7045,bent005ppfm
2639,1584.0,47.7135,bent005ppfm
2640,1587.7,47.7625,bent005ppfm
2641,1591.3,47.78750000000001,bent005ppfm
2642,1594.9,47.807,bent005ppfm
2643,1598.5,47.827,bent005ppfm
2644,1602.2,47.8545,bent005ppfm
2645,1605.8,47.84499999999999,bent005ppfm
2646,1609.4,47.89450000000001,bent005ppfm
2647,1613.0,47.910500000000006,bent005ppfm
2648,1616.7,47.926,bent005ppfm
2649,1620.3,47.929,bent005ppfm
2650,1623.9,47.92,bent005ppfm
2651,1627.5,47.93,bent005ppfm
2652,1631.1,47.9305,bent005ppfm
2653,1634.7,47.94199999999999,bent005ppfm
2654,1638.3,47.973,bent005ppfm
2655,1641.9,47.99,bent005ppfm
2656,1645.6,47.9955,bent005ppfm
2657,1649.2,48.0255,bent005ppfm
2658,1652.8,48.05499999999999,bent005ppfm
2659,1656.4,48.044,bent005ppfm
2660,1660.0,48.06349999999999,bent005ppfm
2661,1663.6,48.0695,bent005ppfm
2662,1667.2,48.0385,bent005ppfm
2663,1670.8,48.0385,bent005ppfm
2664,1674.4,47.98649999999999,bent005ppfm
2665,1678.0,47.8805,bent005ppfm
2666,1681.6,47.649,bent005ppfm
2667,1685.1,47.354,bent005ppfm
2668,1688.7,47.044,bent005ppfm
2669,1692.3,46.7715,bent005ppfm
2670,1695.9,46.53350000000001,bent005ppfm
2671,1699.5,46.33900000000001,bent005ppfm
2672,1703.1,46.1865,bent005ppfm
2673,1706.7,46.139,bent005ppfm
2674,1710.2,46.142500000000005,bent005ppfm
2675,1713.8,46.1175,bent005ppfm
2676,1717.4,46.0625,bent005ppfm
2677,1721.0,45.9485,bent005ppfm
2678,1724.5,45.885000000000005,bent005ppfm
2679,1728.1,45.8095,bent005ppfm
2680,1731.7,45.8225,bent005ppfm
2681,1735.2,45.84049999999999,bent005ppfm
2682,1738.8,45.9205,bent005ppfm
2683,1742.4,46.057,bent005ppfm
2684,1745.9,46.17100000000001,bent005ppfm
2685,1749.5,46.255,bent005ppfm
2686,1753.1,46.278000000000006,bent005ppfm
2687,1756.6,46.282500000000006,bent005ppfm
2688,1760.2,46.23699999999999,bent005ppfm
2689,1763.8,46.2655,bent005ppfm
2690,1767.3,46.24049999999999,bent005ppfm
2691,1770.9,46.243,bent005ppfm
2692,1774.4,46.2855,bent005ppfm
2693,1778.0,46.31599999999999,bent005ppfm
2694,1781.5,46.371,bent005ppfm
2695,1785.1,46.388000000000005,bent005ppfm
2696,1788.6,46.403000000000006,bent005ppfm
2697,1792.1,46.4275,bent005ppfm
2698,1795.7,46.4145,bent005ppfm
2699,1799.2,46.4085,bent005ppfm
2700,1802.8,46.35,bent005ppfm
2701,1806.3,46.3635,bent005ppfm
2702,1809.8,46.364,bent005ppfm
2703,1813.4,46.312,bent005ppfm
2704,1816.9,46.319,bent005ppfm
2705,1820.4,46.234,bent005ppfm
2706,1824.0,46.2835,bent005ppfm
2707,1827.5,46.2845,bent005ppfm
2708,1831.0,46.316500000000005,bent005ppfm
2709,1834.6,46.322500000000005,bent005ppfm
2710,1838.1,46.342000000000006,bent005ppfm
2711,1841.6,46.346,bent005ppfm
2712,1845.1,46.3455,bent005ppfm
2713,1848.6,46.326,bent005ppfm
2714,1852.2,46.2945,bent005ppfm
2715,1855.7,46.186,bent005ppfm
2716,1859.2,46.063500000000005,bent005ppfm
2717,1862.7,45.8545,bent005ppfm
2718,1866.2,45.4985,bent005ppfm
2719,1869.7,44.99849999999999,bent005ppfm
2720,1873.2,44.36150000000001,bent005ppfm
2721,1876.7,43.5905,bent005ppfm
2722,1880.2,42.617,bent005ppfm
2723,1883.7,41.394,bent005ppfm
2724,1887.2,39.8795,bent005ppfm
2725,1890.7,38.215500000000006,bent005ppfm
2726,1894.2,36.60850000000001,bent005ppfm
2727,1897.7,35.226000000000006,bent005ppfm
2728,1902.7,33.9455,bent005ppfm
2729,1905.5,33.615,bent005ppfm
2730,1908.2,33.601000000000006,bent005ppfm
2731,1911.0,33.846500000000006,bent005ppfm
2732,1913.7,34.229,bent005ppfm
2733,1916.5,34.663,bent005ppfm
2734,1919.2,35.156,bent005ppfm
2735,1921.9,35.5765,bent005ppfm
2736,1924.7,35.95299999999999,bent005ppfm
2737,1927.4,36.306,bent005ppfm
2738,1930.1,36.5895,bent005ppfm
2739,1932.9,36.8085,bent005ppfm
2740,1935.6,36.9815,bent005ppfm
2741,1938.3,37.128,bent005ppfm
2742,1941.0,37.265,bent005ppfm
2743,1943.7,37.4025,bent005ppfm
2744,1946.4,37.55050000000001,bent005ppfm
2745,1949.2,37.715,bent005ppfm
2746,1951.9,37.884,bent005ppfm
2747,1954.6,38.0705,bent005ppfm
2748,1957.3,38.25699999999999,bent005ppfm
2749,1960.0,38.443000000000005,bent005ppfm
2750,1962.7,38.6205,bent005ppfm
2751,1965.4,38.80200000000001,bent005ppfm
2752,1968.1,38.9675,bent005ppfm
2753,1970.7,39.139500000000005,bent005ppfm
2754,1973.4,39.339,bent005ppfm
2755,1976.1,39.5525,bent005ppfm
2756,1978.8,39.7565,bent005ppfm
2757,1981.5,39.9675,bent005ppfm
2758,1984.1,40.1845,bent005ppfm
2759,1986.8,40.432500000000005,bent005ppfm
2760,1989.5,40.683,bent005ppfm
2761,1992.1,40.94200000000001,bent005ppfm
2762,1994.8,41.227,bent005ppfm
2763,1997.5,41.502500000000005,bent005ppfm
2764,2000.1,41.7655,bent005ppfm
2765,2002.8,42.011,bent005ppfm
2766,2005.4,42.265,bent005ppfm
2767,2008.1,42.53,bent005ppfm
2768,2010.7,42.78,bent005ppfm
2769,2013.4,43.00449999999999,bent005ppfm
2770,2016.0,43.211,bent005ppfm
2771,2018.6,43.417,bent005ppfm
2772,2021.3,43.619,bent005ppfm
2773,2023.9,43.8,bent005ppfm
2774,2026.5,43.992,bent005ppfm
2775,2029.2,44.1645,bent005ppfm
2776,2031.8,44.321,bent005ppfm
2777,2034.4,44.4815,bent005ppfm
2778,2037.0,44.6165,bent005ppfm
2779,2039.7,44.7375,bent005ppfm
2780,2042.3,44.85850000000001,bent005ppfm
2781,2044.9,44.964000000000006,bent005ppfm
2782,2047.5,45.06849999999999,bent005ppfm
2783,2050.1,45.15999999999999,bent005ppfm
2784,2052.7,45.24,bent005ppfm
2785,2055.3,45.3025,bent005ppfm
2786,2057.9,45.366,bent005ppfm
2787,2060.5,45.413,bent005ppfm
2788,2063.1,45.4625,bent005ppfm
2789,2065.7,45.51350000000001,bent005ppfm
2790,2068.3,45.557,bent005ppfm
2791,2070.9,45.58599999999999,bent005ppfm
2792,2073.4,45.629000000000005,bent005ppfm
2793,2076.0,45.66,bent005ppfm
2794,2078.6,45.6835,bent005ppfm
2795,2081.2,45.7075,bent005ppfm
2796,2083.7,45.741,bent005ppfm
2797,2086.3,45.7635,bent005ppfm
2798,2088.9,45.79950000000001,bent005ppfm
2799,2091.4,45.84250000000001,bent005ppfm
2800,2094.0,45.86650000000001,bent005ppfm
2801,2096.6,45.8975,bent005ppfm
2802,2099.1,45.946,bent005ppfm
2803,2101.6,46.0,bent005ppfm
2804,2104.2,46.0565,bent005ppfm
2805,2106.8,46.1185,bent005ppfm
2806,2109.3,46.1955,bent005ppfm
2807,2111.8,46.256,bent005ppfm
2808,2114.4,46.3405,bent005ppfm
2809,2116.9,46.4065,bent005ppfm
2810,2119.4,46.4625,bent005ppfm
2811,2122.0,46.505,bent005ppfm
2812,2124.5,46.532,bent005ppfm
2813,2127.0,46.547,bent005ppfm
2814,2129.6,46.5595,bent005ppfm
2815,2132.1,46.55,bent005ppfm
2816,2134.6,46.520500000000006,bent005ppfm
2817,2137.1,46.491,bent005ppfm
2818,2139.6,46.4345,bent005ppfm
2819,2142.1,46.349,bent005ppfm
2820,2144.6,46.2585,bent005ppfm
2821,2147.1,46.1435,bent005ppfm
2822,2149.6,46.0005,bent005ppfm
2823,2152.1,45.8445,bent005ppfm
2824,2154.6,45.6125,bent005ppfm
2825,2157.1,45.346,bent005ppfm
2826,2159.6,45.0525,bent005ppfm
2827,2162.1,44.68999999999999,bent005ppfm
2828,2164.6,44.279,bent005ppfm
2829,2167.1,43.8565,bent005ppfm
2830,2169.6,43.39999999999999,bent005ppfm
2831,2172.0,42.922,bent005ppfm
2832,2174.5,42.4385,bent005ppfm
2833,2177.0,41.947500000000005,bent005ppfm
2834,2179.4,41.452,bent005ppfm
2835,2181.9,40.967,bent005ppfm
2836,2184.4,40.496,bent005ppfm
2837,2186.8,40.0305,bent005ppfm
2838,2189.3,39.5795,bent005ppfm
2839,2191.7,39.1355,bent005ppfm
2840,2194.2,38.7375,bent005ppfm
2841,2196.6,38.3975,bent005ppfm
2842,2199.1,38.102,bent005ppfm
2843,2201.5,37.8595,bent005ppfm
2844,2204.0,37.72149999999999,bent005ppfm
2845,2206.4,37.7155,bent005ppfm
2846,2208.9,37.823,bent005ppfm
2847,2211.3,38.005,bent005ppfm
2848,2213.7,38.2325,bent005ppfm
2849,2216.1,38.472,bent005ppfm
2850,2218.6,38.745,bent005ppfm
2851,2221.0,39.0225,bent005ppfm
2852,2223.4,39.273500000000006,bent005ppfm
2853,2225.8,39.502,bent005ppfm
2854,2228.2,39.697500000000005,bent005ppfm
2855,2230.6,39.901,bent005ppfm
2856,2233.1,40.0975,bent005ppfm
2857,2235.5,40.2845,bent005ppfm
2858,2237.9,40.471,bent005ppfm
2859,2240.3,40.656000000000006,bent005ppfm
2860,2242.7,40.802,bent005ppfm
2861,2245.1,40.934,bent005ppfm
2862,2247.5,41.0185,bent005ppfm
2863,2249.9,41.051,bent005ppfm
2864,2252.2,41.04299999999999,bent005ppfm
2865,2254.6,40.99150000000001,bent005ppfm
2866,2257.0,40.9095,bent005ppfm
2867,2259.4,40.766,bent005ppfm
2868,2261.8,40.6055,bent005ppfm
2869,2264.1,40.4305,bent005ppfm
2870,2266.5,40.252500000000005,bent005ppfm
2871,2268.9,40.0825,bent005ppfm
2872,2271.2,39.9315,bent005ppfm
2873,2273.6,39.80349999999999,bent005ppfm
2874,2276.0,39.719,bent005ppfm
2875,2278.3,39.6655,bent005ppfm
2876,2280.7,39.64099999999999,bent005ppfm
2877,2283.0,39.6255,bent005ppfm
2878,2285.4,39.588,bent005ppfm
2879,2287.7,39.546,bent005ppfm
2880,2290.1,39.467,bent005ppfm
2881,2292.4,39.35850000000001,bent005ppfm
2882,2294.8,39.1945,bent005ppfm
2883,2297.1,38.96999999999999,bent005ppfm
2884,2299.4,38.72099999999999,bent005ppfm
2885,2301.8,38.4165,bent005ppfm
2886,2304.1,38.12350000000001,bent005ppfm
2887,2306.4,37.86800000000001,bent005ppfm
2888,2308.7,37.6595,bent005ppfm
2889,2311.1,37.5025,bent005ppfm
2890,2313.4,37.399,bent005ppfm
2891,2315.7,37.319,bent005ppfm
2892,2318.0,37.2805,bent005ppfm
2893,2320.3,37.287000000000006,bent005ppfm
2894,2322.6,37.2905,bent005ppfm
2895,2324.9,37.2875,bent005ppfm
2896,2327.2,37.3095,bent005ppfm
2897,2329.5,37.2725,bent005ppfm
2898,2331.8,37.2045,bent005ppfm
2899,2334.1,37.1265,bent005ppfm
2900,2336.4,37.041,bent005ppfm
2901,2338.7,36.9205,bent005ppfm
2902,2341.0,36.76649999999999,bent005ppfm
2903,2343.2,36.606,bent005ppfm
2904,2345.5,36.42,bent005ppfm
2905,2347.8,36.1985,bent005ppfm
2906,2350.1,36.03099999999999,bent005ppfm
2907,2352.4,35.8935,bent005ppfm
2908,2354.6,35.7625,bent005ppfm
2909,2356.9,35.65200000000001,bent005ppfm
2910,2359.1,35.59349999999999,bent005ppfm
2911,2361.4,35.559,bent005ppfm
2912,2363.7,35.5475,bent005ppfm
2913,2365.9,35.50749999999999,bent005ppfm
2914,2368.2,35.4505,bent005ppfm
2915,2370.4,35.389,bent005ppfm
2916,2372.7,35.3485,bent005ppfm
2917,2374.9,35.310500000000005,bent005ppfm
2918,2377.2,35.2775,bent005ppfm
2919,2379.4,35.214,bent005ppfm
2920,2381.6,35.148,bent005ppfm
2921,2383.9,35.086,bent005ppfm
2922,2386.1,35.008500000000005,bent005ppfm
2923,2388.3,34.907,bent005ppfm
2924,2390.6,34.7655,bent005ppfm
2925,2392.8,34.653499999999994,bent005ppfm
2926,2395.0,34.55950000000001,bent005ppfm
2927,2397.2,34.465,bent005ppfm
2928,2399.4,34.368,bent005ppfm
2929,2401.6,34.260000000000005,bent005ppfm
2930,2403.9,34.191,bent005ppfm
2931,2406.1,34.128,bent005ppfm
2932,2408.3,34.041500000000006,bent005ppfm
2933,2410.5,33.968,bent005ppfm
2934,2412.7,33.8925,bent005ppfm
2935,2414.9,33.7855,bent005ppfm
2936,2417.1,33.680499999999995,bent005ppfm
2937,2419.2,33.54350000000001,bent005ppfm
2938,2421.4,33.40249999999999,bent005ppfm
2939,2423.6,33.2735,bent005ppfm
2940,2425.8,33.151,bent005ppfm
2941,2428.0,33.034,bent005ppfm
2942,2430.2,32.9455,bent005ppfm
2943,2432.3,32.84349999999999,bent005ppfm
2944,2434.5,32.7435,bent005ppfm
2945,2436.7,32.64999999999999,bent005ppfm
2946,2438.8,32.5465,bent005ppfm
2947,2441.0,32.453500000000005,bent005ppfm
2948,2443.2,32.33549999999999,bent005ppfm
2949,2445.3,32.196000000000005,bent005ppfm
2950,2447.5,32.031,bent005ppfm
2951,2449.6,31.8905,bent005ppfm
2952,2451.8,31.7365,bent005ppfm
2953,2453.9,31.579999999999995,bent005ppfm
2954,2456.1,31.426,bent005ppfm
2955,2458.2,31.3075,bent005ppfm
2956,2460.4,31.2245,bent005ppfm
2957,2462.5,31.14550000000001,bent005ppfm
2958,2464.6,31.0995,bent005ppfm
2959,2466.8,31.0815,bent005ppfm
2960,2468.9,31.097,bent005ppfm
2961,2471.0,31.128,bent005ppfm
2962,2473.1,31.157000000000004,bent005ppfm
2963,2475.2,31.186,bent005ppfm
2964,2477.4,31.217,bent005ppfm
2965,2479.5,31.271500000000003,bent005ppfm
2966,2481.6,31.257500000000004,bent005ppfm
2967,2483.7,31.239,bent005ppfm
2968,2485.8,31.25,bent005ppfm
2969,2487.9,31.244999999999997,bent005ppfm
2970,2490.0,31.240500000000004,bent005ppfm
2971,2492.1,31.20800000000001,bent005ppfm
2972,2494.2,31.148999999999997,bent005ppfm
2973,2496.3,31.1555,bent005ppfm
2974,2498.4,31.1125,bent005ppfm
2975,2500.5,31.049,bent005ppfm
2976,2502.6,31.003000000000004,bent005ppfm
2977,2504.7,30.9765,bent005ppfm
2978,2506.7,30.971,bent005ppfm
2979,2508.8,31.001,bent005ppfm
2980,2510.9,31.0165,bent005ppfm
2981,2513.0,31.0315,bent005ppfm
2982,339.3,25.380500000000005,bent005ppfr
2983,340.8,24.9715,bent005ppfr
2984,342.3,24.498,bent005ppfr
2985,343.7,24.238,bent005ppfr
2986,345.2,23.84,bent005ppfr
2987,346.7,23.208,bent005ppfr
2988,348.1,22.763,bent005ppfr
2989,349.6,22.3065,bent005ppfr
2990,351.1,22.238,bent005ppfr
2991,352.5,22.3285,bent005ppfr
2992,354.0,22.1395,bent005ppfr
2993,355.5,22.12,bent005ppfr
2994,357.0,22.146,bent005ppfr
2995,358.4,22.181,bent005ppfr
2996,359.9,22.030000000000005,bent005ppfr
2997,361.4,22.0685,bent005ppfr
2998,362.8,22.0015,bent005ppfr
2999,364.3,22.199,bent005ppfr
3000,365.8,22.209,bent005ppfr
3001,367.2,22.3545,bent005ppfr
3002,368.7,22.397,bent005ppfr
3003,370.1,22.503500000000003,bent005ppfr
3004,371.6,22.640000000000004,bent005ppfr
3005,373.1,22.7305,bent005ppfr
3006,374.5,22.954000000000004,bent005ppfr
3007,376.0,23.068,bent005ppfr
3008,377.5,23.131000000000004,bent005ppfr
3009,378.9,23.289,bent005ppfr
3010,380.4,23.4355,bent005ppfr
3011,381.9,23.583,bent005ppfr
3012,383.3,23.726000000000003,bent005ppfr
3013,384.8,23.924,bent005ppfr
3014,386.2,24.063,bent005ppfr
3015,387.7,24.226000000000003,bent005ppfr
3016,389.2,24.2735,bent005ppfr
3017,390.6,24.352,bent005ppfr
3018,392.1,24.433000000000003,bent005ppfr
3019,393.6,24.5125,bent005ppfr
3020,395.0,24.640500000000003,bent005ppfr
3021,396.5,24.764000000000003,bent005ppfr
3022,397.9,24.8415,bent005ppfr
3023,399.4,24.9085,bent005ppfr
3024,400.9,24.977,bent005ppfr
3025,402.3,25.0405,bent005ppfr
3026,403.8,25.1265,bent005ppfr
3027,405.2,25.23,bent005ppfr
3028,406.7,25.331,bent005ppfr
3029,408.1,25.411,bent005ppfr
3030,409.6,25.518,bent005ppfr
3031,411.1,25.57,bent005ppfr
3032,412.5,25.671,bent005ppfr
3033,414.0,25.7775,bent005ppfr
3034,415.4,25.8715,bent005ppfr
3035,416.9,26.0,bent005ppfr
3036,418.3,26.1235,bent005ppfr
3037,419.8,26.254999999999995,bent005ppfr
3038,421.2,26.37,bent005ppfr
3039,422.7,26.515000000000004,bent005ppfr
3040,424.1,26.6365,bent005ppfr
3041,425.6,26.7745,bent005ppfr
3042,427.0,26.89,bent005ppfr
3043,428.5,27.0295,bent005ppfr
3044,429.9,27.143,bent005ppfr
3045,431.4,27.2715,bent005ppfr
3046,432.8,27.4,bent005ppfr
3047,434.3,27.5205,bent005ppfr
3048,435.7,27.641,bent005ppfr
3049,437.2,27.768,bent005ppfr
3050,438.6,27.896000000000004,bent005ppfr
3051,440.1,28.0245,bent005ppfr
3052,441.5,28.1555,bent005ppfr
3053,443.0,28.279,bent005ppfr
3054,444.4,28.404000000000003,bent005ppfr
3055,445.8,28.517999999999997,bent005ppfr
3056,447.3,28.6205,bent005ppfr
3057,448.7,28.7125,bent005ppfr
3058,450.2,28.802,bent005ppfr
3059,451.6,28.8925,bent005ppfr
3060,453.0,28.9785,bent005ppfr
3061,454.5,29.06150000000001,bent005ppfr
3062,455.9,29.130000000000003,bent005ppfr
3063,457.4,29.201,bent005ppfr
3064,458.8,29.265,bent005ppfr
3065,460.2,29.331499999999995,bent005ppfr
3066,461.7,29.3945,bent005ppfr
3067,463.1,29.4715,bent005ppfr
3068,464.5,29.5325,bent005ppfr
3069,466.0,29.597,bent005ppfr
3070,467.4,29.663,bent005ppfr
3071,468.9,29.731,bent005ppfr
3072,470.3,29.7995,bent005ppfr
3073,471.7,29.86,bent005ppfr
3074,473.1,29.9235,bent005ppfr
3075,474.6,29.9895,bent005ppfr
3076,476.0,30.058,bent005ppfr
3077,477.4,30.1315,bent005ppfr
3078,478.9,30.195500000000003,bent005ppfr
3079,480.3,30.255499999999994,bent005ppfr
3080,481.7,30.322000000000003,bent005ppfr
3081,483.1,30.3845,bent005ppfr
3082,484.6,30.448999999999995,bent005ppfr
3083,486.0,30.521500000000003,bent005ppfr
3084,487.4,30.592499999999998,bent005ppfr
3085,488.9,30.656,bent005ppfr
3086,490.3,30.72,bent005ppfr
3087,491.7,30.7805,bent005ppfr
3088,493.1,30.8405,bent005ppfr
3089,494.5,30.914000000000005,bent005ppfr
3090,496.0,30.98,bent005ppfr
3091,497.4,31.05,bent005ppfr
3092,498.8,31.118500000000004,bent005ppfr
3093,500.2,31.181500000000007,bent005ppfr
3094,501.6,31.2435,bent005ppfr
3095,503.1,31.3095,bent005ppfr
3096,504.5,31.371,bent005ppfr
3097,505.9,31.439,bent005ppfr
3098,507.3,31.499499999999998,bent005ppfr
3099,508.7,31.564,bent005ppfr
3100,510.1,31.630499999999994,bent005ppfr
3101,511.6,31.695500000000003,bent005ppfr
3102,513.0,31.75849999999999,bent005ppfr
3103,514.4,31.826,bent005ppfr
3104,515.8,31.89149999999999,bent005ppfr
3105,517.2,31.954500000000007,bent005ppfr
3106,518.6,32.019,bent005ppfr
3107,520.0,32.0835,bent005ppfr
3108,521.5,32.1555,bent005ppfr
3109,522.9,32.21900000000001,bent005ppfr
3110,524.3,32.2805,bent005ppfr
3111,525.7,32.337,bent005ppfr
3112,527.1,32.3935,bent005ppfr
3113,528.5,32.44749999999999,bent005ppfr
3114,529.9,32.50950000000001,bent005ppfr
3115,531.3,32.562,bent005ppfr
3116,532.7,32.6125,bent005ppfr
3117,534.1,32.6885,bent005ppfr
3118,535.5,32.750499999999995,bent005ppfr
3119,536.9,32.809,bent005ppfr
3120,538.3,32.891000000000005,bent005ppfr
3121,539.7,32.93899999999999,bent005ppfr
3122,541.1,32.9905,bent005ppfr
3123,542.5,33.051,bent005ppfr
3124,544.0,33.09,bent005ppfr
3125,545.3,33.153,bent005ppfr
3126,546.8,33.221500000000006,bent005ppfr
3127,548.2,33.283500000000004,bent005ppfr
3128,549.5,33.3415,bent005ppfr
3129,550.9,33.394,bent005ppfr
3130,552.3,33.441500000000005,bent005ppfr
3131,553.7,33.472,bent005ppfr
3132,555.1,33.4925,bent005ppfr
3133,556.5,33.5255,bent005ppfr
3134,557.9,33.57,bent005ppfr
3135,559.3,33.623,bent005ppfr
3136,560.7,33.665000000000006,bent005ppfr
3137,562.1,33.70700000000001,bent005ppfr
3138,563.5,33.749,bent005ppfr
3139,564.9,33.78999999999999,bent005ppfr
3140,566.3,33.8325,bent005ppfr
3141,567.7,33.872499999999995,bent005ppfr
3142,569.1,33.913,bent005ppfr
3143,570.5,33.950500000000005,bent005ppfr
3144,571.8,33.986000000000004,bent005ppfr
3145,573.2,34.021,bent005ppfr
3146,574.6,34.056999999999995,bent005ppfr
3147,576.0,34.096500000000006,bent005ppfr
3148,577.4,34.129000000000005,bent005ppfr
3149,578.8,34.159000000000006,bent005ppfr
3150,580.2,34.189,bent005ppfr
3151,581.5,34.221,bent005ppfr
3152,582.9,34.2505,bent005ppfr
3153,584.3,34.279,bent005ppfr
3154,585.7,34.3065,bent005ppfr
3155,587.1,34.3325,bent005ppfr
3156,588.5,34.3575,bent005ppfr
3157,589.8,34.3815,bent005ppfr
3158,591.2,34.4025,bent005ppfr
3159,592.6,34.42550000000001,bent005ppfr
3160,594.0,34.4485,bent005ppfr
3161,595.4,34.46849999999999,bent005ppfr
3162,596.7,34.489,bent005ppfr
3163,598.1,34.504000000000005,bent005ppfr
3164,599.5,34.523,bent005ppfr
3165,600.9,34.5415,bent005ppfr
3166,602.2,34.560500000000005,bent005ppfr
3167,603.6,34.5785,bent005ppfr
3168,605.0,34.596999999999994,bent005ppfr
3169,606.4,34.617,bent005ppfr
3170,607.7,34.635,bent005ppfr
3171,609.1,34.6565,bent005ppfr
3172,610.5,34.676,bent005ppfr
3173,611.9,34.696,bent005ppfr
3174,613.2,34.7205,bent005ppfr
3175,614.6,34.7435,bent005ppfr
3176,616.0,34.7655,bent005ppfr
3177,617.3,34.787499999999994,bent005ppfr
3178,618.7,34.8085,bent005ppfr
3179,620.1,34.83,bent005ppfr
3180,621.5,34.852500000000006,bent005ppfr
3181,622.8,34.875,bent005ppfr
3182,624.2,34.895,bent005ppfr
3183,625.5,34.916000000000004,bent005ppfr
3184,626.9,34.9365,bent005ppfr
3185,628.3,34.954,bent005ppfr
3186,629.6,34.972500000000004,bent005ppfr
3187,631.0,34.99399999999999,bent005ppfr
3188,632.4,35.014,bent005ppfr
3189,633.7,35.032,bent005ppfr
3190,635.1,35.0535,bent005ppfr
3191,636.5,35.069,bent005ppfr
3192,637.8,35.0825,bent005ppfr
3193,639.2,35.096999999999994,bent005ppfr
3194,640.5,35.1065,bent005ppfr
3195,641.9,35.1195,bent005ppfr
3196,643.2,35.1315,bent005ppfr
3197,644.6,35.14,bent005ppfr
3198,646.0,35.14750000000001,bent005ppfr
3199,647.3,35.158,bent005ppfr
3200,648.7,35.166000000000004,bent005ppfr
3201,650.0,35.168,bent005ppfr
3202,651.4,35.174,bent005ppfr
3203,652.7,35.18299999999999,bent005ppfr
3204,654.1,35.1825,bent005ppfr
3205,655.4,35.189499999999995,bent005ppfr
3206,656.8,35.179500000000004,bent005ppfr
3207,658.1,35.181,bent005ppfr
3208,659.5,35.203500000000005,bent005ppfr
3209,660.8,35.211,bent005ppfr
3210,662.2,35.227500000000006,bent005ppfr
3211,663.5,35.2615,bent005ppfr
3212,664.9,35.266000000000005,bent005ppfr
3213,666.2,35.28450000000001,bent005ppfr
3214,667.6,35.286500000000004,bent005ppfr
3215,668.9,35.305,bent005ppfr
3216,670.3,35.3605,bent005ppfr
3217,671.6,35.4135,bent005ppfr
3218,673.0,35.457,bent005ppfr
3219,674.3,35.51,bent005ppfr
3220,675.6,35.5575,bent005ppfr
3221,677.0,35.5735,bent005ppfr
3222,678.3,35.575,bent005ppfr
3223,679.7,35.5905,bent005ppfr
3224,681.0,35.626,bent005ppfr
3225,682.3,35.660000000000004,bent005ppfr
3226,683.7,35.6935,bent005ppfr
3227,685.0,35.720499999999994,bent005ppfr
3228,686.4,35.751000000000005,bent005ppfr
3229,687.7,35.782500000000006,bent005ppfr
3230,689.0,35.814499999999995,bent005ppfr
3231,690.4,35.842,bent005ppfr
3232,691.7,35.872,bent005ppfr
3233,693.0,35.901,bent005ppfr
3234,694.4,35.9285,bent005ppfr
3235,695.7,35.956500000000005,bent005ppfr
3236,697.0,35.985499999999995,bent005ppfr
3237,698.4,36.014,bent005ppfr
3238,699.7,36.044,bent005ppfr
3239,701.0,36.074,bent005ppfr
3240,702.4,36.1015,bent005ppfr
3241,703.7,36.127,bent005ppfr
3242,705.0,36.154,bent005ppfr
3243,706.3,36.18150000000001,bent005ppfr
3244,707.7,36.206,bent005ppfr
3245,709.0,36.233,bent005ppfr
3246,710.3,36.256,bent005ppfr
3247,711.6,36.282,bent005ppfr
3248,713.0,36.301,bent005ppfr
3249,714.3,36.3235,bent005ppfr
3250,715.6,36.3485,bent005ppfr
3251,716.9,36.367,bent005ppfr
3252,718.2,36.389500000000005,bent005ppfr
3253,719.6,36.4115,bent005ppfr
3254,720.9,36.4325,bent005ppfr
3255,722.2,36.450500000000005,bent005ppfr
3256,723.5,36.4705,bent005ppfr
3257,724.8,36.4875,bent005ppfr
3258,726.2,36.508500000000005,bent005ppfr
3259,727.5,36.526500000000006,bent005ppfr
3260,728.8,36.545,bent005ppfr
3261,730.1,36.5635,bent005ppfr
3262,731.4,36.5795,bent005ppfr
3263,732.7,36.597,bent005ppfr
3264,734.0,36.61300000000001,bent005ppfr
3265,735.3,36.62499999999999,bent005ppfr
3266,736.7,36.6465,bent005ppfr
3267,738.0,36.661,bent005ppfr
3268,739.3,36.679,bent005ppfr
3269,740.6,36.69349999999999,bent005ppfr
3270,741.9,36.707,bent005ppfr
3271,743.2,36.725,bent005ppfr
3272,744.5,36.7405,bent005ppfr
3273,745.8,36.75950000000001,bent005ppfr
3274,747.1,36.7735,bent005ppfr
3275,748.4,36.78699999999999,bent005ppfr
3276,749.7,36.803,bent005ppfr
3277,751.0,36.8165,bent005ppfr
3278,752.3,36.8335,bent005ppfr
3279,753.6,36.847,bent005ppfr
3280,754.9,36.862,bent005ppfr
3281,756.2,36.875,bent005ppfr
3282,757.5,36.89,bent005ppfr
3283,758.8,36.9035,bent005ppfr
3284,760.1,36.914,bent005ppfr
3285,761.4,36.9275,bent005ppfr
3286,762.7,36.9395,bent005ppfr
3287,764.0,36.9525,bent005ppfr
3288,765.3,36.967000000000006,bent005ppfr
3289,766.6,36.9805,bent005ppfr
3290,767.9,36.99,bent005ppfr
3291,769.2,37.001,bent005ppfr
3292,770.4,37.00950000000001,bent005ppfr
3293,771.7,37.02,bent005ppfr
3294,773.0,37.0315,bent005ppfr
3295,774.3,37.04700000000001,bent005ppfr
3296,775.6,37.057,bent005ppfr
3297,776.9,37.064,bent005ppfr
3298,778.2,37.0715,bent005ppfr
3299,779.4,37.0775,bent005ppfr
3300,780.7,37.088,bent005ppfr
3301,782.0,37.09949999999999,bent005ppfr
3302,783.3,37.112,bent005ppfr
3303,784.5,37.11749999999999,bent005ppfr
3304,785.8,37.127,bent005ppfr
3305,787.1,37.1315,bent005ppfr
3306,788.4,37.145,bent005ppfr
3307,789.7,37.1515,bent005ppfr
3308,790.9,37.1615,bent005ppfr
3309,792.2,37.1685,bent005ppfr
3310,793.5,37.1745,bent005ppfr
3311,794.8,37.1835,bent005ppfr
3312,796.0,37.1905,bent005ppfr
3313,797.3,37.2,bent005ppfr
3314,798.5,37.21,bent005ppfr
3315,799.8,37.217,bent005ppfr
3316,801.1,37.224,bent005ppfr
3317,802.3,37.231,bent005ppfr
3318,803.6,37.243,bent005ppfr
3319,804.9,37.25150000000001,bent005ppfr
3320,806.1,37.2595,bent005ppfr
3321,807.4,37.264,bent005ppfr
3322,808.7,37.26650000000001,bent005ppfr
3323,809.9,37.273,bent005ppfr
3324,811.2,37.2865,bent005ppfr
3325,812.4,37.29600000000001,bent005ppfr
3326,813.7,37.3005,bent005ppfr
3327,815.0,37.30200000000001,bent005ppfr
3328,816.2,37.306,bent005ppfr
3329,817.5,37.3145,bent005ppfr
3330,818.7,37.3215,bent005ppfr
3331,820.0,37.3275,bent005ppfr
3332,821.2,37.33149999999999,bent005ppfr
3333,822.5,37.334,bent005ppfr
3334,823.7,37.334500000000006,bent005ppfr
3335,825.0,37.33800000000001,bent005ppfr
3336,826.2,37.3495,bent005ppfr
3337,827.5,37.35549999999999,bent005ppfr
3338,828.7,37.359,bent005ppfr
3339,829.9,37.3625,bent005ppfr
3340,831.2,37.36150000000001,bent005ppfr
3341,832.4,37.3565,bent005ppfr
3342,833.7,37.35949999999999,bent005ppfr
3343,834.9,37.368,bent005ppfr
3344,836.1,37.371,bent005ppfr
3345,837.4,37.37499999999999,bent005ppfr
3346,838.6,37.36999999999999,bent005ppfr
3347,839.8,37.368,bent005ppfr
3348,841.1,37.3685,bent005ppfr
3349,842.3,37.3785,bent005ppfr
3350,843.5,37.388,bent005ppfr
3351,844.8,37.38949999999999,bent005ppfr
3352,846.0,37.3925,bent005ppfr
3353,847.2,37.3865,bent005ppfr
3354,848.5,37.378,bent005ppfr
3355,849.7,37.3825,bent005ppfr
3356,850.9,37.384,bent005ppfr
3357,852.2,37.38699999999999,bent005ppfr
3358,853.4,37.3965,bent005ppfr
3359,854.6,37.395,bent005ppfr
3360,855.8,37.3925,bent005ppfr
3361,857.0,37.3935,bent005ppfr
3362,858.3,37.384,bent005ppfr
3363,859.5,37.3945,bent005ppfr
3364,860.7,37.398,bent005ppfr
3365,861.9,37.3985,bent005ppfr
3366,863.1,37.3945,bent005ppfr
3367,864.3,37.409000000000006,bent005ppfr
3368,865.5,37.4005,bent005ppfr
3369,866.8,37.3965,bent005ppfr
3370,868.0,37.3935,bent005ppfr
3371,869.2,37.38949999999999,bent005ppfr
3372,870.4,37.396,bent005ppfr
3373,871.6,37.409,bent005ppfr
3374,872.8,37.4,bent005ppfr
3375,874.0,37.402,bent005ppfr
3376,875.2,37.404,bent005ppfr
3377,876.4,37.401,bent005ppfr
3378,877.6,37.4105,bent005ppfr
3379,878.8,37.414,bent005ppfr
3380,880.0,37.4165,bent005ppfr
3381,881.2,37.39999999999999,bent005ppfr
3382,882.4,37.413,bent005ppfr
3383,883.6,37.4095,bent005ppfr
3384,884.8,37.4155,bent005ppfr
3385,886.0,37.414,bent005ppfr
3386,887.2,37.4165,bent005ppfr
3387,888.4,37.4085,bent005ppfr
3388,889.6,37.4115,bent005ppfr
3389,890.8,37.4155,bent005ppfr
3390,892.0,37.427,bent005ppfr
3391,893.2,37.42399999999999,bent005ppfr
3392,894.3,37.43299999999999,bent005ppfr
3393,895.5,37.417,bent005ppfr
3394,896.7,37.422,bent005ppfr
3395,897.9,37.422,bent005ppfr
3396,899.1,37.428,bent005ppfr
3397,900.3,37.43249999999999,bent005ppfr
3398,901.5,37.4405,bent005ppfr
3399,902.6,37.441,bent005ppfr
3400,903.8,37.43300000000001,bent005ppfr
3401,905.0,37.431,bent005ppfr
3402,906.2,37.434000000000005,bent005ppfr
3403,907.4,37.44849999999999,bent005ppfr
3404,908.5,37.45,bent005ppfr
3405,909.7,37.4585,bent005ppfr
3406,910.9,37.44949999999999,bent005ppfr
3407,912.1,37.447,bent005ppfr
3408,913.2,37.464,bent005ppfr
3409,914.4,37.467000000000006,bent005ppfr
3410,915.6,37.4605,bent005ppfr
3411,916.8,37.469,bent005ppfr
3412,917.9,37.456,bent005ppfr
3413,919.1,37.472,bent005ppfr
3414,920.2,37.47449999999999,bent005ppfr
3415,921.4,37.489,bent005ppfr
3416,922.6,37.501000000000005,bent005ppfr
3417,923.8,37.5045,bent005ppfr
3418,924.9,37.4885,bent005ppfr
3419,926.1,37.491,bent005ppfr
3420,927.2,37.49400000000001,bent005ppfr
3421,928.4,37.50150000000001,bent005ppfr
3422,929.6,37.50750000000001,bent005ppfr
3423,930.7,37.5265,bent005ppfr
3424,931.9,37.52550000000001,bent005ppfr
3425,933.0,37.529,bent005ppfr
3426,934.2,37.51400000000001,bent005ppfr
3427,935.3,37.53150000000001,bent005ppfr
3428,936.5,37.5225,bent005ppfr
3429,937.7,37.5585,bent005ppfr
3430,938.8,37.5555,bent005ppfr
3431,940.0,37.568000000000005,bent005ppfr
3432,941.1,37.5525,bent005ppfr
3433,942.3,37.549,bent005ppfr
3434,943.4,37.54600000000001,bent005ppfr
3435,944.6,37.5505,bent005ppfr
3436,945.7,37.57299999999999,bent005ppfr
3437,946.9,37.594,bent005ppfr
3438,948.0,37.596,bent005ppfr
3439,949.2,37.583000000000006,bent005ppfr
3440,950.3,37.569500000000005,bent005ppfr
3441,951.5,37.56500000000001,bent005ppfr
3442,952.6,37.557500000000005,bent005ppfr
3443,953.8,37.6005,bent005ppfr
3444,954.9,37.58900000000001,bent005ppfr
3445,956.1,37.59,bent005ppfr
3446,957.2,37.58,bent005ppfr
3447,958.3,37.5695,bent005ppfr
3448,959.5,37.572,bent005ppfr
3449,960.6,37.589000000000006,bent005ppfr
3450,961.8,37.6015,bent005ppfr
3451,962.9,37.6205,bent005ppfr
3452,964.1,37.61,bent005ppfr
3453,965.2,37.6005,bent005ppfr
3454,966.3,37.618,bent005ppfr
3455,967.5,37.6185,bent005ppfr
3456,968.6,37.6545,bent005ppfr
3457,969.8,37.688,bent005ppfr
3458,970.9,37.7045,bent005ppfr
3459,972.1,37.68899999999999,bent005ppfr
3460,973.2,37.652,bent005ppfr
3461,974.3,37.658,bent005ppfr
3462,975.5,37.686,bent005ppfr
3463,976.6,37.74700000000001,bent005ppfr
3464,977.8,37.7655,bent005ppfr
3465,978.9,37.7395,bent005ppfr
3466,980.0,37.712,bent005ppfr
3467,981.2,37.73100000000001,bent005ppfr
3468,982.3,37.66550000000001,bent005ppfr
3469,983.5,37.725,bent005ppfr
3470,984.6,37.7615,bent005ppfr
3471,985.7,37.760000000000005,bent005ppfr
3472,986.9,37.742,bent005ppfr
3473,988.0,37.73899999999999,bent005ppfr
3474,989.1,37.76149999999999,bent005ppfr
3475,992.0,37.923,bent005ppfr
3476,995.9,37.93000000000001,bent005ppfr
3477,999.7,37.9285,bent005ppfr
3478,1003.6,37.956,bent005ppfr
3479,1007.4,37.978,bent005ppfr
3480,1011.3,38.013,bent005ppfr
3481,1015.1,38.040000000000006,bent005ppfr
3482,1019.0,38.0495,bent005ppfr
3483,1022.8,38.073,bent005ppfr
3484,1026.7,38.096500000000006,bent005ppfr
3485,1030.5,38.126,bent005ppfr
3486,1034.4,38.11300000000001,bent005ppfr
3487,1038.2,38.1445,bent005ppfr
3488,1042.1,38.1775,bent005ppfr
3489,1045.9,38.181500000000014,bent005ppfr
3490,1049.7,38.2105,bent005ppfr
3491,1053.6,38.18650000000001,bent005ppfr
3492,1057.4,38.2395,bent005ppfr
3493,1061.2,38.244,bent005ppfr
3494,1065.1,38.243,bent005ppfr
3495,1068.9,38.289,bent005ppfr
3496,1072.7,38.3125,bent005ppfr
3497,1076.6,38.2855,bent005ppfr
3498,1080.4,38.30199999999999,bent005ppfr
3499,1084.2,38.32,bent005ppfr
3500,1088.0,38.356,bent005ppfr
3501,1091.8,38.35,bent005ppfr
3502,1095.7,38.3785,bent005ppfr
3503,1099.5,38.41349999999999,bent005ppfr
3504,1103.3,38.432,bent005ppfr
3505,1107.1,38.4425,bent005ppfr
3506,1110.9,38.4295,bent005ppfr
3507,1114.8,38.465,bent005ppfr
3508,1118.6,38.44950000000001,bent005ppfr
3509,1122.4,38.4925,bent005ppfr
3510,1126.2,38.5355,bent005ppfr
3511,1130.0,38.567,bent005ppfr
3512,1133.8,38.566,bent005ppfr
3513,1137.6,38.58149999999999,bent005ppfr
3514,1141.4,38.6195,bent005ppfr
3515,1145.2,38.61899999999999,bent005ppfr
3516,1149.0,38.6315,bent005ppfr
3517,1152.8,38.6585,bent005ppfr
3518,1156.6,38.709500000000006,bent005ppfr
3519,1160.4,38.73700000000001,bent005ppfr
3520,1164.2,38.8115,bent005ppfr
3521,1168.0,38.8305,bent005ppfr
3522,1171.8,38.872,bent005ppfr
3523,1175.6,38.8765,bent005ppfr
3524,1179.4,38.8595,bent005ppfr
3525,1183.2,38.80800000000001,bent005ppfr
3526,1187.0,38.781,bent005ppfr
3527,1190.7,38.7685,bent005ppfr
3528,1194.5,38.7505,bent005ppfr
3529,1198.3,38.787,bent005ppfr
3530,1202.1,38.77850000000001,bent005ppfr
3531,1205.9,38.77,bent005ppfr
3532,1209.7,38.817,bent005ppfr
3533,1213.4,38.8355,bent005ppfr
3534,1217.2,38.84850000000001,bent005ppfr
3535,1221.0,38.877,bent005ppfr
3536,1224.8,38.9025,bent005ppfr
3537,1228.5,38.9375,bent005ppfr
3538,1232.3,38.974,bent005ppfr
3539,1236.1,38.99300000000001,bent005ppfr
3540,1239.8,38.972,bent005ppfr
3541,1243.6,39.03099999999999,bent005ppfr
3542,1247.4,39.0585,bent005ppfr
3543,1251.1,39.04,bent005ppfr
3544,1254.9,39.0985,bent005ppfr
3545,1258.7,39.1315,bent005ppfr
3546,1262.4,39.14149999999999,bent005ppfr
3547,1266.2,39.1375,bent005ppfr
3548,1269.9,39.14149999999999,bent005ppfr
3549,1273.7,39.1585,bent005ppfr
3550,1277.4,39.18900000000001,bent005ppfr
3551,1281.2,39.2235,bent005ppfr
3552,1284.9,39.1835,bent005ppfr
3553,1288.7,39.2265,bent005ppfr
3554,1292.4,39.1915,bent005ppfr
3555,1296.2,39.223,bent005ppfr
3556,1299.9,39.2135,bent005ppfr
3557,1303.7,39.2355,bent005ppfr
3558,1307.4,39.229,bent005ppfr
3559,1311.2,39.233,bent005ppfr
3560,1314.9,39.215500000000006,bent005ppfr
3561,1318.7,39.224,bent005ppfr
3562,1322.4,39.201,bent005ppfr
3563,1326.1,39.1985,bent005ppfr
3564,1329.9,39.1945,bent005ppfr
3565,1333.6,39.1755,bent005ppfr
3566,1337.3,39.176,bent005ppfr
3567,1341.1,39.1585,bent005ppfr
3568,1344.8,39.1315,bent005ppfr
3569,1348.5,39.0955,bent005ppfr
3570,1352.2,39.071,bent005ppfr
3571,1356.0,39.0275,bent005ppfr
3572,1359.7,38.9755,bent005ppfr
3573,1363.4,38.871500000000005,bent005ppfr
3574,1367.1,38.826,bent005ppfr
3575,1370.8,38.70100000000001,bent005ppfr
3576,1374.6,38.53,bent005ppfr
3577,1378.3,38.2725,bent005ppfr
3578,1382.0,37.9785,bent005ppfr
3579,1385.7,37.582,bent005ppfr
3580,1389.4,37.1055,bent005ppfr
3581,1393.1,36.5475,bent005ppfr
3582,1396.8,35.961,bent005ppfr
3583,1400.5,35.393,bent005ppfr
3584,1404.2,34.9635,bent005ppfr
3585,1407.9,34.685500000000005,bent005ppfr
3586,1411.7,34.678000000000004,bent005ppfr
3587,1415.4,34.896,bent005ppfr
3588,1419.1,35.2905,bent005ppfr
3589,1422.8,35.7015,bent005ppfr
3590,1426.4,36.13850000000001,bent005ppfr
3591,1430.2,36.491,bent005ppfr
3592,1433.8,36.796,bent005ppfr
3593,1437.5,37.02550000000001,bent005ppfr
3594,1441.2,37.1795,bent005ppfr
3595,1444.9,37.3175,bent005ppfr
3596,1448.6,37.409000000000006,bent005ppfr
3597,1452.3,37.4905,bent005ppfr
3598,1456.0,37.533,bent005ppfr
3599,1459.7,37.612,bent005ppfr
3600,1463.3,37.625,bent005ppfr
3601,1467.0,37.7825,bent005ppfr
3602,1470.7,37.8715,bent005ppfr
3603,1474.4,37.995000000000005,bent005ppfr
3604,1478.1,38.0785,bent005ppfr
3605,1481.7,38.229,bent005ppfr
3606,1485.4,38.313500000000005,bent005ppfr
3607,1489.1,38.38349999999999,bent005ppfr
3608,1492.8,38.4555,bent005ppfr
3609,1496.4,38.542,bent005ppfr
3610,1500.1,38.622,bent005ppfr
3611,1503.8,38.69250000000001,bent005ppfr
3612,1507.4,38.75749999999999,bent005ppfr
3613,1511.1,38.8185,bent005ppfr
3614,1514.7,38.8885,bent005ppfr
3615,1518.4,38.93449999999999,bent005ppfr
3616,1522.1,38.972,bent005ppfr
3617,1525.7,39.02,bent005ppfr
3618,1529.4,39.05499999999999,bent005ppfr
3619,1533.0,39.08800000000001,bent005ppfr
3620,1536.7,39.132,bent005ppfr
3621,1540.3,39.167,bent005ppfr
3622,1544.0,39.2155,bent005ppfr
3623,1547.6,39.245000000000005,bent005ppfr
3624,1551.3,39.291,bent005ppfr
3625,1554.9,39.339,bent005ppfr
3626,1558.6,39.358,bent005ppfr
3627,1562.2,39.404,bent005ppfr
3628,1565.8,39.436,bent005ppfr
3629,1569.5,39.45949999999999,bent005ppfr
3630,1573.1,39.49399999999999,bent005ppfr
3631,1576.8,39.509,bent005ppfr
3632,1580.4,39.5335,bent005ppfr
3633,1584.0,39.54200000000001,bent005ppfr
3634,1587.7,39.582,bent005ppfr
3635,1591.3,39.601,bent005ppfr
3636,1594.9,39.6155,bent005ppfr
3637,1598.5,39.636,bent005ppfr
3638,1602.2,39.659000000000006,bent005ppfr
3639,1605.8,39.65249999999999,bent005ppfr
3640,1609.4,39.6945,bent005ppfr
3641,1613.0,39.7135,bent005ppfr
3642,1616.7,39.734,bent005ppfr
3643,1620.3,39.7495,bent005ppfr
3644,1623.9,39.751000000000005,bent005ppfr
3645,1627.5,39.7695,bent005ppfr
3646,1631.1,39.7795,bent005ppfr
3647,1634.7,39.795,bent005ppfr
3648,1638.3,39.831,bent005ppfr
3649,1641.9,39.843,bent005ppfr
3650,1645.6,39.8445,bent005ppfr
3651,1649.2,39.8695,bent005ppfr
3652,1652.8,39.8875,bent005ppfr
3653,1656.4,39.8795,bent005ppfr
3654,1660.0,39.897000000000006,bent005ppfr
3655,1663.6,39.9075,bent005ppfr
3656,1667.2,39.8925,bent005ppfr
3657,1670.8,39.9155,bent005ppfr
3658,1674.4,39.9155,bent005ppfr
3659,1678.0,39.915,bent005ppfr
3660,1681.6,39.896,bent005ppfr
3661,1685.1,39.89,bent005ppfr
3662,1688.7,39.888000000000005,bent005ppfr
3663,1692.3,39.87,bent005ppfr
3664,1695.9,39.837,bent005ppfr
3665,1699.5,39.80800000000001,bent005ppfr
3666,1703.1,39.77,bent005ppfr
3667,1706.7,39.73950000000001,bent005ppfr
3668,1710.2,39.6995,bent005ppfr
3669,1713.8,39.635000000000005,bent005ppfr
3670,1717.4,39.583,bent005ppfr
3671,1721.0,39.48,bent005ppfr
3672,1724.5,39.39899999999999,bent005ppfr
3673,1728.1,39.31850000000001,bent005ppfr
3674,1731.7,39.352500000000006,bent005ppfr
3675,1735.2,39.3635,bent005ppfr
3676,1738.8,39.36599999999999,bent005ppfr
3677,1742.4,39.379000000000005,bent005ppfr
3678,1745.9,39.368,bent005ppfr
3679,1749.5,39.3685,bent005ppfr
3680,1753.1,39.3235,bent005ppfr
3681,1756.6,39.2685,bent005ppfr
3682,1760.2,39.19349999999999,bent005ppfr
3683,1763.8,39.208,bent005ppfr
3684,1767.3,39.185,bent005ppfr
3685,1770.9,39.184000000000005,bent005ppfr
3686,1774.4,39.1955,bent005ppfr
3687,1778.0,39.18249999999999,bent005ppfr
3688,1781.5,39.198,bent005ppfr
3689,1785.1,39.1875,bent005ppfr
3690,1788.6,39.1835,bent005ppfr
3691,1792.1,39.191,bent005ppfr
3692,1795.7,39.173,bent005ppfr
3693,1799.2,39.16649999999999,bent005ppfr
3694,1802.8,39.11800000000001,bent005ppfr
3695,1806.3,39.132000000000005,bent005ppfr
3696,1809.8,39.135,bent005ppfr
3697,1813.4,39.1,bent005ppfr
3698,1816.9,39.11,bent005ppfr
3699,1820.4,39.029,bent005ppfr
3700,1824.0,39.0665,bent005ppfr
3701,1827.5,39.05800000000001,bent005ppfr
3702,1831.0,39.0595,bent005ppfr
3703,1834.6,39.041,bent005ppfr
3704,1838.1,39.025,bent005ppfr
3705,1841.6,38.9955,bent005ppfr
3706,1845.1,38.9575,bent005ppfr
3707,1848.6,38.903,bent005ppfr
3708,1852.2,38.847,bent005ppfr
3709,1855.7,38.725,bent005ppfr
3710,1859.2,38.605500000000006,bent005ppfr
3711,1862.7,38.411,bent005ppfr
3712,1866.2,38.098,bent005ppfr
3713,1869.7,37.6985,bent005ppfr
3714,1873.2,37.194,bent005ppfr
3715,1876.7,36.563,bent005ppfr
3716,1880.2,35.766000000000005,bent005ppfr
3717,1883.7,34.7555,bent005ppfr
3718,1887.2,33.511,bent005ppfr
3719,1890.7,32.157,bent005ppfr
3720,1894.2,30.855,bent005ppfr
3721,1897.7,29.7555,bent005ppfr
3722,1902.7,29.035500000000003,bent005ppfr
3723,1905.5,28.800999999999995,bent005ppfr
3724,1908.2,28.817500000000003,bent005ppfr
3725,1911.0,29.006,bent005ppfr
3726,1913.7,29.3345,bent005ppfr
3727,1916.5,29.729000000000003,bent005ppfr
3728,1919.2,30.087,bent005ppfr
3729,1921.9,30.42,bent005ppfr
3730,1924.7,30.72450000000001,bent005ppfr
3731,1927.4,31.0025,bent005ppfr
3732,1930.1,31.228500000000004,bent005ppfr
3733,1932.9,31.4005,bent005ppfr
3734,1935.6,31.535000000000004,bent005ppfr
3735,1938.3,31.6645,bent005ppfr
3736,1941.0,31.784,bent005ppfr
3737,1943.7,31.8945,bent005ppfr
3738,1946.4,32.00549999999999,bent005ppfr
3739,1949.2,32.1135,bent005ppfr
3740,1951.9,32.24249999999999,bent005ppfr
3741,1954.6,32.407,bent005ppfr
3742,1957.3,32.563500000000005,bent005ppfr
3743,1960.0,32.718,bent005ppfr
3744,1962.7,32.86,bent005ppfr
3745,1965.4,33.002,bent005ppfr
3746,1968.1,33.14799999999999,bent005ppfr
3747,1970.7,33.295500000000004,bent005ppfr
3748,1973.4,33.446,bent005ppfr
3749,1976.1,33.605000000000004,bent005ppfr
3750,1978.8,33.77899999999999,bent005ppfr
3751,1981.5,33.953,bent005ppfr
3752,1984.1,34.1245,bent005ppfr
3753,1986.8,34.3,bent005ppfr
3754,1989.5,34.495,bent005ppfr
3755,1992.1,34.715999999999994,bent005ppfr
3756,1994.8,34.936499999999995,bent005ppfr
3757,1997.5,35.14300000000001,bent005ppfr
3758,2000.1,35.346999999999994,bent005ppfr
3759,2002.8,35.546499999999995,bent005ppfr
3760,2005.4,35.7315,bent005ppfr
3761,2008.1,35.925999999999995,bent005ppfr
3762,2010.7,36.120000000000005,bent005ppfr
3763,2013.4,36.316500000000005,bent005ppfr
3764,2016.0,36.49399999999999,bent005ppfr
3765,2018.6,36.6595,bent005ppfr
3766,2021.3,36.8125,bent005ppfr
3767,2023.9,36.9665,bent005ppfr
3768,2026.5,37.1225,bent005ppfr
3769,2029.2,37.2575,bent005ppfr
3770,2031.8,37.38,bent005ppfr
3771,2034.4,37.499,bent005ppfr
3772,2037.0,37.616,bent005ppfr
3773,2039.7,37.715,bent005ppfr
3774,2042.3,37.807,bent005ppfr
3775,2044.9,37.89200000000001,bent005ppfr
3776,2047.5,37.975,bent005ppfr
3777,2050.1,38.055,bent005ppfr
3778,2052.7,38.11650000000001,bent005ppfr
3779,2055.3,38.16949999999999,bent005ppfr
3780,2057.9,38.227500000000006,bent005ppfr
3781,2060.5,38.272000000000006,bent005ppfr
3782,2063.1,38.31,bent005ppfr
3783,2065.7,38.35199999999999,bent005ppfr
3784,2068.3,38.39350000000001,bent005ppfr
3785,2070.9,38.4235,bent005ppfr
3786,2073.4,38.4645,bent005ppfr
3787,2076.0,38.491,bent005ppfr
3788,2078.6,38.5175,bent005ppfr
3789,2081.2,38.5455,bent005ppfr
3790,2083.7,38.5715,bent005ppfr
3791,2086.3,38.572,bent005ppfr
3792,2088.9,38.60199999999999,bent005ppfr
3793,2091.4,38.634,bent005ppfr
3794,2094.0,38.674,bent005ppfr
3795,2096.6,38.704,bent005ppfr
3796,2099.1,38.7395,bent005ppfr
3797,2101.6,38.77949999999999,bent005ppfr
3798,2104.2,38.83500000000001,bent005ppfr
3799,2106.8,38.88,bent005ppfr
3800,2109.3,38.93599999999999,bent005ppfr
3801,2111.8,38.98199999999999,bent005ppfr
3802,2114.4,39.04650000000001,bent005ppfr
3803,2116.9,39.1165,bent005ppfr
3804,2119.4,39.16049999999999,bent005ppfr
3805,2122.0,39.20150000000001,bent005ppfr
3806,2124.5,39.2285,bent005ppfr
3807,2127.0,39.225,bent005ppfr
3808,2129.6,39.2355,bent005ppfr
3809,2132.1,39.2475,bent005ppfr
3810,2134.6,39.218500000000006,bent005ppfr
3811,2137.1,39.19199999999999,bent005ppfr
3812,2139.6,39.161,bent005ppfr
3813,2142.1,39.0905,bent005ppfr
3814,2144.6,39.0025,bent005ppfr
3815,2147.1,38.9165,bent005ppfr
3816,2149.6,38.824,bent005ppfr
3817,2152.1,38.6865,bent005ppfr
3818,2154.6,38.50650000000001,bent005ppfr
3819,2157.1,38.2845,bent005ppfr
3820,2159.6,38.0395,bent005ppfr
3821,2162.1,37.75600000000001,bent005ppfr
3822,2164.6,37.42399999999999,bent005ppfr
3823,2167.1,37.09400000000001,bent005ppfr
3824,2169.6,36.7415,bent005ppfr
3825,2172.0,36.3605,bent005ppfr
3826,2174.5,35.958,bent005ppfr
3827,2177.0,35.57,bent005ppfr
3828,2179.4,35.1925,bent005ppfr
3829,2181.9,34.8175,bent005ppfr
3830,2184.4,34.434,bent005ppfr
3831,2186.8,34.0615,bent005ppfr
3832,2189.3,33.70399999999999,bent005ppfr
3833,2191.7,33.3595,bent005ppfr
3834,2194.2,33.03349999999999,bent005ppfr
3835,2196.6,32.7445,bent005ppfr
3836,2199.1,32.494,bent005ppfr
3837,2201.5,32.321,bent005ppfr
3838,2204.0,32.233999999999995,bent005ppfr
3839,2206.4,32.229,bent005ppfr
3840,2208.9,32.3085,bent005ppfr
3841,2211.3,32.451,bent005ppfr
3842,2213.7,32.6525,bent005ppfr
3843,2216.1,32.86799999999999,bent005ppfr
3844,2218.6,33.0745,bent005ppfr
3845,2221.0,33.303999999999995,bent005ppfr
3846,2223.4,33.515,bent005ppfr
3847,2225.8,33.7085,bent005ppfr
3848,2228.2,33.9,bent005ppfr
3849,2230.6,34.0645,bent005ppfr
3850,2233.1,34.2445,bent005ppfr
3851,2235.5,34.428,bent005ppfr
3852,2237.9,34.608999999999995,bent005ppfr
3853,2240.3,34.77749999999999,bent005ppfr
3854,2242.7,34.9525,bent005ppfr
3855,2245.1,35.13549999999999,bent005ppfr
3856,2247.5,35.288,bent005ppfr
3857,2249.9,35.41199999999999,bent005ppfr
3858,2252.2,35.539,bent005ppfr
3859,2254.6,35.633,bent005ppfr
3860,2257.0,35.7025,bent005ppfr
3861,2259.4,35.754000000000005,bent005ppfr
3862,2261.8,35.807,bent005ppfr
3863,2264.1,35.8095,bent005ppfr
3864,2266.5,35.8,bent005ppfr
3865,2268.9,35.79350000000001,bent005ppfr
3866,2271.2,35.7675,bent005ppfr
3867,2273.6,35.725500000000004,bent005ppfr
3868,2276.0,35.67549999999999,bent005ppfr
3869,2278.3,35.6245,bent005ppfr
3870,2280.7,35.56949999999999,bent005ppfr
3871,2283.0,35.488499999999995,bent005ppfr
3872,2285.4,35.40350000000001,bent005ppfr
3873,2287.7,35.328,bent005ppfr
3874,2290.1,35.229499999999994,bent005ppfr
3875,2292.4,35.12600000000001,bent005ppfr
3876,2294.8,35.023,bent005ppfr
3877,2297.1,34.90500000000001,bent005ppfr
3878,2299.4,34.7825,bent005ppfr
3879,2301.8,34.6515,bent005ppfr
3880,2304.1,34.525499999999994,bent005ppfr
3881,2306.4,34.4285,bent005ppfr
3882,2308.7,34.3365,bent005ppfr
3883,2311.1,34.276,bent005ppfr
3884,2313.4,34.246,bent005ppfr
3885,2315.7,34.191,bent005ppfr
3886,2318.0,34.1665,bent005ppfr
3887,2320.3,34.1445,bent005ppfr
3888,2322.6,34.0955,bent005ppfr
3889,2324.9,34.0255,bent005ppfr
3890,2327.2,33.963,bent005ppfr
3891,2329.5,33.88099999999999,bent005ppfr
3892,2331.8,33.785999999999994,bent005ppfr
3893,2334.1,33.697,bent005ppfr
3894,2336.4,33.5855,bent005ppfr
3895,2338.7,33.4815,bent005ppfr
3896,2341.0,33.369,bent005ppfr
3897,2343.2,33.221000000000004,bent005ppfr
3898,2345.5,33.09349999999999,bent005ppfr
3899,2347.8,32.957,bent005ppfr
3900,2350.1,32.8385,bent005ppfr
3901,2352.4,32.759,bent005ppfr
3902,2354.6,32.675,bent005ppfr
3903,2356.9,32.591,bent005ppfr
3904,2359.1,32.498000000000005,bent005ppfr
3905,2361.4,32.40149999999999,bent005ppfr
3906,2363.7,32.330000000000005,bent005ppfr
3907,2365.9,32.259,bent005ppfr
3908,2368.2,32.2045,bent005ppfr
3909,2370.4,32.1325,bent005ppfr
3910,2372.7,32.0215,bent005ppfr
3911,2374.9,31.9355,bent005ppfr
3912,2377.2,31.86,bent005ppfr
3913,2379.4,31.7655,bent005ppfr
3914,2381.6,31.641,bent005ppfr
3915,2383.9,31.5555,bent005ppfr
3916,2386.1,31.486000000000008,bent005ppfr
3917,2388.3,31.383999999999983,bent005ppfr
3918,2390.6,31.262999999999995,bent005ppfr
3919,2392.8,31.1585,bent005ppfr
3920,2395.0,31.074,bent005ppfr
3921,2397.2,30.976,bent005ppfr
3922,2399.4,30.866,bent005ppfr
3923,2401.6,30.777,bent005ppfr
3924,2403.9,30.6815,bent005ppfr
3925,2406.1,30.579500000000003,bent005ppfr
3926,2408.3,30.476999999999997,bent005ppfr
3927,2410.5,30.371,bent005ppfr
3928,2412.7,30.268999999999995,bent005ppfr
3929,2414.9,30.1625,bent005ppfr
3930,2417.1,30.0325,bent005ppfr
3931,2419.2,29.912499999999994,bent005ppfr
3932,2421.4,29.850499999999997,bent005ppfr
3933,2423.6,29.768999999999995,bent005ppfr
3934,2425.8,29.6305,bent005ppfr
3935,2428.0,29.522,bent005ppfr
3936,2430.2,29.431499999999996,bent005ppfr
3937,2432.3,29.3315,bent005ppfr
3938,2434.5,29.2095,bent005ppfr
3939,2436.7,29.084000000000003,bent005ppfr
3940,2438.8,28.999999999999996,bent005ppfr
3941,2441.0,28.903,bent005ppfr
3942,2443.2,28.817500000000003,bent005ppfr
3943,2445.3,28.7205,bent005ppfr
3944,2447.5,28.602000000000004,bent005ppfr
3945,2449.6,28.528,bent005ppfr
3946,2451.8,28.492999999999995,bent005ppfr
3947,2453.9,28.406,bent005ppfr
3948,2456.1,28.327500000000004,bent005ppfr
3949,2458.2,28.2605,bent005ppfr
3950,2460.4,28.1895,bent005ppfr
3951,2462.5,28.1445,bent005ppfr
3952,2464.6,28.125000000000007,bent005ppfr
3953,2466.8,28.072,bent005ppfr
3954,2468.9,28.007,bent005ppfr
3955,2471.0,27.9525,bent005ppfr
3956,2473.1,27.899,bent005ppfr
3957,2475.2,27.849,bent005ppfr
3958,2477.4,27.7965,bent005ppfr
3959,2479.5,27.7675,bent005ppfr
3960,2481.6,27.771000000000004,bent005ppfr
3961,2483.7,27.752,bent005ppfr
3962,2485.8,27.714,bent005ppfr
3963,2487.9,27.687,bent005ppfr
3964,2490.0,27.6145,bent005ppfr
3965,2492.1,27.5875,bent005ppfr
3966,2494.2,27.597,bent005ppfr
3967,2496.3,27.582,bent005ppfr
3968,2498.4,27.5555,bent005ppfr
3969,2500.5,27.492,bent005ppfr
3970,2502.6,27.445000000000004,bent005ppfr
3971,2504.7,27.430999999999997,bent005ppfr
3972,2506.7,27.3885,bent005ppfr
3973,2508.8,27.3675,bent005ppfr
3974,2510.9,27.3865,bent005ppfr
3975,2513.0,27.349000000000007,bent005ppfr
3976,339.3,20.215000000000003,bent5ck
3977,340.8,19.295,bent5ck
3978,342.3,18.83625,bent5ck
3979,343.7,18.05,bent5ck
3980,345.2,17.681875,bent5ck
3981,346.7,16.873124999999998,bent5ck
3982,348.1,16.69375,bent5ck
3983,349.6,16.389375,bent5ck
3984,351.1,16.065625,bent5ck
3985,352.5,15.938125,bent5ck
3986,354.0,15.875,bent5ck
3987,355.5,15.72,bent5ck
3988,357.0,15.563125,bent5ck
3989,358.4,15.37375,bent5ck
3990,359.9,15.320625,bent5ck
3991,361.4,15.259375,bent5ck
3992,362.8,15.338125,bent5ck
3993,364.3,15.329375,bent5ck
3994,365.8,15.25875,bent5ck
3995,367.2,15.31,bent5ck
3996,368.7,15.33125,bent5ck
3997,370.1,15.414375,bent5ck
3998,371.6,15.463125,bent5ck
3999,373.1,15.608125,bent5ck
4000,374.5,15.665,bent5ck
4001,376.0,15.805625,bent5ck
4002,377.5,15.888749999999998,bent5ck
4003,378.9,15.951875,bent5ck
4004,380.4,16.0325,bent5ck
4005,381.9,16.196875,bent5ck
4006,383.3,16.225625,bent5ck
4007,384.8,16.308750000000003,bent5ck
4008,386.2,16.43125,bent5ck
4009,387.7,16.52125,bent5ck
4010,389.2,16.579375,bent5ck
4011,390.6,16.65875,bent5ck
4012,392.1,16.696875,bent5ck
4013,393.6,16.819375,bent5ck
4014,395.0,16.843125,bent5ck
4015,396.5,16.92125,bent5ck
4016,397.9,16.985,bent5ck
4017,399.4,17.049375,bent5ck
4018,400.9,17.103749999999998,bent5ck
4019,402.3,17.202499999999997,bent5ck
4020,403.8,17.276875,bent5ck
4021,405.2,17.33125,bent5ck
4022,406.7,17.405625,bent5ck
4023,408.1,17.4625,bent5ck
4024,409.6,17.53375,bent5ck
4025,411.1,17.62625,bent5ck
4026,412.5,17.698125,bent5ck
4027,414.0,17.792499999999997,bent5ck
4028,415.4,17.89125,bent5ck
4029,416.9,17.998125,bent5ck
4030,418.3,18.11,bent5ck
4031,419.8,18.21375,bent5ck
4032,421.2,18.361875,bent5ck
4033,422.7,18.485625,bent5ck
4034,424.1,18.633125,bent5ck
4035,425.6,18.765625,bent5ck
4036,427.0,18.90625,bent5ck
4037,428.5,19.05375,bent5ck
4038,429.9,19.21125,bent5ck
4039,431.4,19.37,bent5ck
4040,432.8,19.515625,bent5ck
4041,434.3,19.665625,bent5ck
4042,435.7,19.8,bent5ck
4043,437.2,19.948125,bent5ck
4044,438.6,20.098750000000003,bent5ck
4045,440.1,20.260625,bent5ck
4046,441.5,20.410000000000004,bent5ck
4047,443.0,20.56375,bent5ck
4048,444.4,20.71125,bent5ck
4049,445.8,20.846875,bent5ck
4050,447.3,21.00625,bent5ck
4051,448.7,21.149375,bent5ck
4052,450.2,21.299375,bent5ck
4053,451.6,21.444375,bent5ck
4054,453.0,21.580625,bent5ck
4055,454.5,21.711875,bent5ck
4056,455.9,21.843125,bent5ck
4057,457.4,21.98,bent5ck
4058,458.8,22.108125,bent5ck
4059,460.2,22.234375,bent5ck
4060,461.7,22.361875,bent5ck
4061,463.1,22.480625,bent5ck
4062,464.5,22.599375,bent5ck
4063,466.0,22.711875,bent5ck
4064,467.4,22.8275,bent5ck
4065,468.9,22.93125,bent5ck
4066,470.3,23.03375,bent5ck
4067,471.7,23.146875,bent5ck
4068,473.1,23.25,bent5ck
4069,474.6,23.354375,bent5ck
4070,476.0,23.469375,bent5ck
4071,477.4,23.5725,bent5ck
4072,478.9,23.68,bent5ck
4073,480.3,23.786875,bent5ck
4074,481.7,23.883125,bent5ck
4075,483.1,23.99125,bent5ck
4076,484.6,24.095,bent5ck
4077,486.0,24.206875,bent5ck
4078,487.4,24.31,bent5ck
4079,488.9,24.410625,bent5ck
4080,490.3,24.501875,bent5ck
4081,491.7,24.598750000000003,bent5ck
4082,493.1,24.6875,bent5ck
4083,494.5,24.779375,bent5ck
4084,496.0,24.866875,bent5ck
4085,497.4,24.951875,bent5ck
4086,498.8,25.040625,bent5ck
4087,500.2,25.121875,bent5ck
4088,501.6,25.203125,bent5ck
4089,503.1,25.28875,bent5ck
4090,504.5,25.3675,bent5ck
4091,505.9,25.4475,bent5ck
4092,507.3,25.53125,bent5ck
4093,508.7,25.623125,bent5ck
4094,510.1,25.70625,bent5ck
4095,511.6,25.796875,bent5ck
4096,513.0,25.88125,bent5ck
4097,514.4,25.970625,bent5ck
4098,515.8,26.059375000000003,bent5ck
4099,517.2,26.1475,bent5ck
4100,518.6,26.234375,bent5ck
4101,520.0,26.32625,bent5ck
4102,521.5,26.4075,bent5ck
4103,522.9,26.49,bent5ck
4104,524.3,26.57875,bent5ck
4105,525.7,26.656875,bent5ck
4106,527.1,26.7225,bent5ck
4107,528.5,26.7675,bent5ck
4108,529.9,26.830625,bent5ck
4109,531.3,26.91875,bent5ck
4110,532.7,27.014375,bent5ck
4111,534.1,27.099375,bent5ck
4112,535.5,27.180625,bent5ck
4113,536.9,27.270625,bent5ck
4114,538.3,27.353125,bent5ck
4115,539.7,27.4,bent5ck
4116,541.1,27.481250000000003,bent5ck
4117,542.5,27.551250000000003,bent5ck
4118,544.0,27.61,bent5ck
4119,545.3,27.706875,bent5ck
4120,546.8,27.854375,bent5ck
4121,548.2,27.948750000000004,bent5ck
4122,549.5,28.003125,bent5ck
4123,550.9,28.0825,bent5ck
4124,552.3,28.170625,bent5ck
4125,553.7,28.205,bent5ck
4126,555.1,28.213125,bent5ck
4127,556.5,28.250625,bent5ck
4128,557.9,28.315,bent5ck
4129,559.3,28.3925,bent5ck
4130,560.7,28.46625,bent5ck
4131,562.1,28.53625,bent5ck
4132,563.5,28.6125,bent5ck
4133,564.9,28.683125,bent5ck
4134,566.3,28.755000000000003,bent5ck
4135,567.7,28.826875,bent5ck
4136,569.1,28.9025,bent5ck
4137,570.5,28.974375,bent5ck
4138,571.8,29.046875,bent5ck
4139,573.2,29.121875,bent5ck
4140,574.6,29.198125,bent5ck
4141,576.0,29.274375,bent5ck
4142,577.4,29.3475,bent5ck
4143,578.8,29.4175,bent5ck
4144,580.2,29.485,bent5ck
4145,581.5,29.555,bent5ck
4146,582.9,29.62,bent5ck
4147,584.3,29.685,bent5ck
4148,585.7,29.746875,bent5ck
4149,587.1,29.803125,bent5ck
4150,588.5,29.855625,bent5ck
4151,589.8,29.90875,bent5ck
4152,591.2,29.953125,bent5ck
4153,592.6,30.003125,bent5ck
4154,594.0,30.041875,bent5ck
4155,595.4,30.083125,bent5ck
4156,596.7,30.116875,bent5ck
4157,598.1,30.141875,bent5ck
4158,599.5,30.173125,bent5ck
4159,600.9,30.201875,bent5ck
4160,602.2,30.22875,bent5ck
4161,603.6,30.255625,bent5ck
4162,605.0,30.28625,bent5ck
4163,606.4,30.3175,bent5ck
4164,607.7,30.354375,bent5ck
4165,609.1,30.39625,bent5ck
4166,610.5,30.4375,bent5ck
4167,611.9,30.485,bent5ck
4168,613.2,30.53125,bent5ck
4169,614.6,30.588125,bent5ck
4170,616.0,30.641875,bent5ck
4171,617.3,30.69625,bent5ck
4172,618.7,30.755000000000003,bent5ck
4173,620.1,30.816875000000003,bent5ck
4174,621.5,30.8725,bent5ck
4175,622.8,30.93125,bent5ck
4176,624.2,30.98375,bent5ck
4177,625.5,31.03375,bent5ck
4178,626.9,31.088125,bent5ck
4179,628.3,31.13625,bent5ck
4180,629.6,31.18375,bent5ck
4181,631.0,31.229375,bent5ck
4182,632.4,31.266875,bent5ck
4183,633.7,31.300625,bent5ck
4184,635.1,31.3275,bent5ck
4185,636.5,31.3525,bent5ck
4186,637.8,31.374375,bent5ck
4187,639.2,31.385625,bent5ck
4188,640.5,31.388125,bent5ck
4189,641.9,31.385,bent5ck
4190,643.2,31.366875,bent5ck
4191,644.6,31.34375,bent5ck
4192,646.0,31.31875,bent5ck
4193,647.3,31.29375,bent5ck
4194,648.7,31.262500000000003,bent5ck
4195,650.0,31.231250000000003,bent5ck
4196,651.4,31.196875,bent5ck
4197,652.7,31.1425,bent5ck
4198,654.1,31.045,bent5ck
4199,655.4,30.9675,bent5ck
4200,656.8,30.92,bent5ck
4201,658.1,30.86875,bent5ck
4202,659.5,30.82375,bent5ck
4203,660.8,30.7625,bent5ck
4204,662.2,30.744375,bent5ck
4205,663.5,30.709375,bent5ck
4206,664.9,30.655,bent5ck
4207,666.2,30.631875,bent5ck
4208,667.6,30.6,bent5ck
4209,668.9,30.6225,bent5ck
4210,670.3,30.766875,bent5ck
4211,671.6,30.90875,bent5ck
4212,673.0,30.9875,bent5ck
4213,674.3,31.111875,bent5ck
4214,675.6,31.25625,bent5ck
4215,677.0,31.33875,bent5ck
4216,678.3,31.384375,bent5ck
4217,679.7,31.468125,bent5ck
4218,681.0,31.590625,bent5ck
4219,682.3,31.723750000000003,bent5ck
4220,683.7,31.849375,bent5ck
4221,685.0,31.978125,bent5ck
4222,686.4,32.109375,bent5ck
4223,687.7,32.229375,bent5ck
4224,689.0,32.34875,bent5ck
4225,690.4,32.46625,bent5ck
4226,691.7,32.58,bent5ck
4227,693.0,32.694375,bent5ck
4228,694.4,32.806875000000005,bent5ck
4229,695.7,32.9225,bent5ck
4230,697.0,33.038124999999994,bent5ck
4231,698.4,33.151875000000004,bent5ck
4232,699.7,33.268125,bent5ck
4233,701.0,33.379375,bent5ck
4234,702.4,33.489999999999995,bent5ck
4235,703.7,33.606875,bent5ck
4236,705.0,33.714375000000004,bent5ck
4237,706.3,33.826875,bent5ck
4238,707.7,33.930625000000006,bent5ck
4239,709.0,34.034375,bent5ck
4240,710.3,34.129999999999995,bent5ck
4241,711.6,34.226875,bent5ck
4242,713.0,34.322500000000005,bent5ck
4243,714.3,34.418125,bent5ck
4244,715.6,34.50375,bent5ck
4245,716.9,34.5925,bent5ck
4246,718.2,34.678125,bent5ck
4247,719.6,34.76375,bent5ck
4248,720.9,34.851875,bent5ck
4249,722.2,34.935,bent5ck
4250,723.5,35.015625,bent5ck
4251,724.8,35.098125,bent5ck
4252,726.2,35.17625,bent5ck
4253,727.5,35.255625,bent5ck
4254,728.8,35.331875000000004,bent5ck
4255,730.1,35.409375,bent5ck
4256,731.4,35.48625,bent5ck
4257,732.7,35.55375,bent5ck
4258,734.0,35.62875,bent5ck
4259,735.3,35.695,bent5ck
4260,736.7,35.759375000000006,bent5ck
4261,738.0,35.823750000000004,bent5ck
4262,739.3,35.8875,bent5ck
4263,740.6,35.954375,bent5ck
4264,741.9,36.011875,bent5ck
4265,743.2,36.07125,bent5ck
4266,744.5,36.128125,bent5ck
4267,745.8,36.185,bent5ck
4268,747.1,36.24,bent5ck
4269,748.4,36.285625,bent5ck
4270,749.7,36.33624999999999,bent5ck
4271,751.0,36.3875,bent5ck
4272,752.3,36.436875,bent5ck
4273,753.6,36.4875,bent5ck
4274,754.9,36.53,bent5ck
4275,756.2,36.576875,bent5ck
4276,757.5,36.613125,bent5ck
4277,758.8,36.6575,bent5ck
4278,760.1,36.695625,bent5ck
4279,761.4,36.740625,bent5ck
4280,762.7,36.785,bent5ck
4281,764.0,36.822500000000005,bent5ck
4282,765.3,36.864375,bent5ck
4283,766.6,36.905625,bent5ck
4284,767.9,36.938125,bent5ck
4285,769.2,36.9775,bent5ck
4286,770.4,37.014375,bent5ck
4287,771.7,37.05125,bent5ck
4288,773.0,37.093125,bent5ck
4289,774.3,37.129375,bent5ck
4290,775.6,37.170625,bent5ck
4291,776.9,37.208125,bent5ck
4292,778.2,37.245000000000005,bent5ck
4293,779.4,37.273125,bent5ck
4294,780.7,37.3125,bent5ck
4295,782.0,37.345,bent5ck
4296,783.3,37.3875,bent5ck
4297,784.5,37.421875,bent5ck
4298,785.8,37.45625,bent5ck
4299,787.1,37.485625,bent5ck
4300,788.4,37.5225,bent5ck
4301,789.7,37.5575,bent5ck
4302,790.9,37.586875,bent5ck
4303,792.2,37.615625,bent5ck
4304,793.5,37.654375,bent5ck
4305,794.8,37.680625000000006,bent5ck
4306,796.0,37.7075,bent5ck
4307,797.3,37.741875,bent5ck
4308,798.5,37.765,bent5ck
4309,799.8,37.8025,bent5ck
4310,801.1,37.830625,bent5ck
4311,802.3,37.855,bent5ck
4312,803.6,37.889375,bent5ck
4313,804.9,37.9125,bent5ck
4314,806.1,37.93625,bent5ck
4315,807.4,37.96125,bent5ck
4316,808.7,37.99125,bent5ck
4317,809.9,38.016875,bent5ck
4318,811.2,38.036875,bent5ck
4319,812.4,38.06375,bent5ck
4320,813.7,38.085,bent5ck
4321,815.0,38.114375,bent5ck
4322,816.2,38.139375,bent5ck
4323,817.5,38.1625,bent5ck
4324,818.7,38.176875,bent5ck
4325,820.0,38.196875,bent5ck
4326,821.2,38.219375,bent5ck
4327,822.5,38.243125,bent5ck
4328,823.7,38.255625,bent5ck
4329,825.0,38.2775,bent5ck
4330,826.2,38.298125,bent5ck
4331,827.5,38.3225,bent5ck
4332,828.7,38.3475,bent5ck
4333,829.9,38.37375,bent5ck
4334,831.2,38.3775,bent5ck
4335,832.4,38.391875,bent5ck
4336,833.7,38.413125,bent5ck
4337,834.9,38.430625,bent5ck
4338,836.1,38.440625,bent5ck
4339,837.4,38.45875,bent5ck
4340,838.6,38.476875,bent5ck
4341,839.8,38.4925,bent5ck
4342,841.1,38.516875,bent5ck
4343,842.3,38.53,bent5ck
4344,843.5,38.5525,bent5ck
4345,844.8,38.551875,bent5ck
4346,846.0,38.564375,bent5ck
4347,847.2,38.57625,bent5ck
4348,848.5,38.600625,bent5ck
4349,849.7,38.6175,bent5ck
4350,850.9,38.628125,bent5ck
4351,852.2,38.6425,bent5ck
4352,853.4,38.651875,bent5ck
4353,854.6,38.655,bent5ck
4354,855.8,38.67625,bent5ck
4355,857.0,38.7,bent5ck
4356,858.3,38.709375,bent5ck
4357,859.5,38.725,bent5ck
4358,860.7,38.72624999999999,bent5ck
4359,861.9,38.74125,bent5ck
4360,863.1,38.75375,bent5ck
4361,864.3,38.7725,bent5ck
4362,865.5,38.7875,bent5ck
4363,866.8,38.8,bent5ck
4364,868.0,38.80875,bent5ck
4365,869.2,38.816875,bent5ck
4366,870.4,38.82125,bent5ck
4367,871.6,38.84,bent5ck
4368,872.8,38.85375,bent5ck
4369,874.0,38.865,bent5ck
4370,875.2,38.87875,bent5ck
4371,876.4,38.896875,bent5ck
4372,877.6,38.901875,bent5ck
4373,878.8,38.911875,bent5ck
4374,880.0,38.921875,bent5ck
4375,881.2,38.93,bent5ck
4376,882.4,38.944375,bent5ck
4377,883.6,38.964375,bent5ck
4378,884.8,38.970625000000005,bent5ck
4379,886.0,38.97687500000001,bent5ck
4380,887.2,38.985625,bent5ck
4381,888.4,38.998125,bent5ck
4382,889.6,38.9975,bent5ck
4383,890.8,39.0175,bent5ck
4384,892.0,39.029375,bent5ck
4385,893.2,39.04625,bent5ck
4386,894.3,39.05125,bent5ck
4387,895.5,39.071875,bent5ck
4388,896.7,39.089375,bent5ck
4389,897.9,39.08625,bent5ck
4390,899.1,39.095625,bent5ck
4391,900.3,39.115,bent5ck
4392,901.5,39.10875,bent5ck
4393,902.6,39.139375,bent5ck
4394,903.8,39.1425,bent5ck
4395,905.0,39.151875,bent5ck
4396,906.2,39.155625,bent5ck
4397,907.4,39.176875,bent5ck
4398,908.5,39.174375,bent5ck
4399,909.7,39.20375,bent5ck
4400,910.9,39.193125,bent5ck
4401,912.1,39.206875,bent5ck
4402,913.2,39.218125,bent5ck
4403,914.4,39.244375,bent5ck
4404,915.6,39.266875,bent5ck
4405,916.8,39.269375,bent5ck
4406,917.9,39.275625000000005,bent5ck
4407,919.1,39.285625,bent5ck
4408,920.2,39.280625,bent5ck
4409,921.4,39.30125,bent5ck
4410,922.6,39.316875,bent5ck
4411,923.8,39.323125000000005,bent5ck
4412,924.9,39.34625,bent5ck
4413,926.1,39.356875,bent5ck
4414,927.2,39.353125000000006,bent5ck
4415,928.4,39.37375,bent5ck
4416,929.6,39.380625,bent5ck
4417,930.7,39.386875,bent5ck
4418,931.9,39.400625000000005,bent5ck
4419,933.0,39.415625000000006,bent5ck
4420,934.2,39.444375,bent5ck
4421,935.3,39.441875,bent5ck
4422,936.5,39.455,bent5ck
4423,937.7,39.45375,bent5ck
4424,938.8,39.4775,bent5ck
4425,940.0,39.455,bent5ck
4426,941.1,39.49125,bent5ck
4427,942.3,39.490625,bent5ck
4428,943.4,39.500625,bent5ck
4429,944.6,39.501875,bent5ck
4430,945.7,39.5025,bent5ck
4431,946.9,39.540625000000006,bent5ck
4432,948.0,39.5275,bent5ck
4433,949.2,39.556875,bent5ck
4434,950.3,39.54625,bent5ck
4435,951.5,39.55375,bent5ck
4436,952.6,39.551875,bent5ck
4437,953.8,39.5675,bent5ck
4438,954.9,39.56875,bent5ck
4439,956.1,39.591875,bent5ck
4440,957.2,39.603125,bent5ck
4441,958.3,39.6075,bent5ck
4442,959.5,39.58375,bent5ck
4443,960.6,39.584375,bent5ck
4444,961.8,39.591875,bent5ck
4445,962.9,39.616875,bent5ck
4446,964.1,39.62,bent5ck
4447,965.2,39.675,bent5ck
4448,966.3,39.664375,bent5ck
4449,967.5,39.66374999999999,bent5ck
4450,968.6,39.663125,bent5ck
4451,969.8,39.69375,bent5ck
4452,970.9,39.721875,bent5ck
4453,972.1,39.723125,bent5ck
4454,973.2,39.7325,bent5ck
4455,974.3,39.76125,bent5ck
4456,975.5,39.765625,bent5ck
4457,976.6,39.7325,bent5ck
4458,977.8,39.740625,bent5ck
4459,978.9,39.795,bent5ck
4460,980.0,39.789375,bent5ck
4461,981.2,39.776250000000005,bent5ck
4462,982.3,39.76375,bent5ck
4463,983.5,39.7825,bent5ck
4464,984.6,39.766875,bent5ck
4465,985.7,39.649375000000006,bent5ck
4466,986.9,39.775000000000006,bent5ck
4467,988.0,39.785625,bent5ck
4468,989.1,39.8725,bent5ck
4469,992.0,40.40875,bent5ck
4470,995.9,40.40125,bent5ck
4471,999.7,40.40625,bent5ck
4472,1003.6,40.42937500000001,bent5ck
4473,1007.4,40.46625,bent5ck
4474,1011.3,40.499375,bent5ck
4475,1015.1,40.54,bent5ck
4476,1019.0,40.5525,bent5ck
4477,1022.8,40.58375,bent5ck
4478,1026.7,40.605625,bent5ck
4479,1030.5,40.63125,bent5ck
4480,1034.4,40.605625,bent5ck
4481,1038.2,40.636875,bent5ck
4482,1042.1,40.675625,bent5ck
4483,1045.9,40.684375,bent5ck
4484,1049.7,40.72125,bent5ck
4485,1053.6,40.694375,bent5ck
4486,1057.4,40.758125,bent5ck
4487,1061.2,40.76125,bent5ck
4488,1065.1,40.76625,bent5ck
4489,1068.9,40.82375,bent5ck
4490,1072.7,40.85125,bent5ck
4491,1076.6,40.810625,bent5ck
4492,1080.4,40.84375,bent5ck
4493,1084.2,40.88375,bent5ck
4494,1088.0,40.9075,bent5ck
4495,1091.8,40.914375,bent5ck
4496,1095.7,40.915625,bent5ck
4497,1099.5,40.915,bent5ck
4498,1103.3,40.944375,bent5ck
4499,1107.1,40.975,bent5ck
4500,1110.9,40.986875000000005,bent5ck
4501,1114.8,41.030625,bent5ck
4502,1118.6,41.021875,bent5ck
4503,1122.4,41.088125000000005,bent5ck
4504,1126.2,41.16625,bent5ck
4505,1130.0,41.22625,bent5ck
4506,1133.8,41.256875,bent5ck
4507,1137.6,41.285625,bent5ck
4508,1141.4,41.34875,bent5ck
4509,1145.2,41.39,bent5ck
4510,1149.0,41.444375,bent5ck
4511,1152.8,41.560625,bent5ck
4512,1156.6,41.735625,bent5ck
4513,1160.4,41.87375,bent5ck
4514,1164.2,42.000625,bent5ck
4515,1168.0,42.01875,bent5ck
4516,1171.8,42.035625,bent5ck
4517,1175.6,41.994375,bent5ck
4518,1179.4,41.891875,bent5ck
4519,1183.2,41.72125,bent5ck
4520,1187.0,41.57875,bent5ck
4521,1190.7,41.48875,bent5ck
4522,1194.5,41.443125,bent5ck
4523,1198.3,41.500625,bent5ck
4524,1202.1,41.52125,bent5ck
4525,1205.9,41.54125,bent5ck
4526,1209.7,41.603125,bent5ck
4527,1213.4,41.623125,bent5ck
4528,1217.2,41.63125,bent5ck
4529,1221.0,41.65375,bent5ck
4530,1224.8,41.671875,bent5ck
4531,1228.5,41.709375,bent5ck
4532,1232.3,41.745625,bent5ck
4533,1236.1,41.76375,bent5ck
4534,1239.8,41.744375000000005,bent5ck
4535,1243.6,41.80625,bent5ck
4536,1247.4,41.83875,bent5ck
4537,1251.1,41.8175,bent5ck
4538,1254.9,41.8775,bent5ck
4539,1258.7,41.91,bent5ck
4540,1262.4,41.92,bent5ck
4541,1266.2,41.918125,bent5ck
4542,1269.9,41.9275,bent5ck
4543,1273.7,41.958125,bent5ck
4544,1277.4,41.9975,bent5ck
4545,1281.2,42.0425,bent5ck
4546,1284.9,42.005625,bent5ck
4547,1288.7,42.055625,bent5ck
4548,1292.4,42.01625,bent5ck
4549,1296.2,42.053125,bent5ck
4550,1299.9,42.0425,bent5ck
4551,1303.7,42.06125,bent5ck
4552,1307.4,42.055625,bent5ck
4553,1311.2,42.0525,bent5ck
4554,1314.9,42.04,bent5ck
4555,1318.7,42.05875,bent5ck
4556,1322.4,42.03875,bent5ck
4557,1326.1,42.041875,bent5ck
4558,1329.9,42.040625,bent5ck
4559,1333.6,42.02125,bent5ck
4560,1337.3,42.0225,bent5ck
4561,1341.1,42.0025,bent5ck
4562,1344.8,41.97125,bent5ck
4563,1348.5,41.928125,bent5ck
4564,1352.2,41.900625,bent5ck
4565,1356.0,41.861875,bent5ck
4566,1359.7,41.8175,bent5ck
4567,1363.4,41.725,bent5ck
4568,1367.1,41.705625,bent5ck
4569,1370.8,41.60125,bent5ck
4570,1374.6,41.439375000000005,bent5ck
4571,1378.3,41.2,bent5ck
4572,1382.0,40.940625,bent5ck
4573,1385.7,40.595,bent5ck
4574,1389.4,40.1625,bent5ck
4575,1393.1,39.644375,bent5ck
4576,1396.8,39.08,bent5ck
4577,1400.5,38.5,bent5ck
4578,1404.2,38.014375,bent5ck
4579,1407.9,37.654375,bent5ck
4580,1411.7,37.570625,bent5ck
4581,1415.4,37.73875,bent5ck
4582,1419.1,38.095,bent5ck
4583,1422.8,38.466875,bent5ck
4584,1426.4,38.8825,bent5ck
4585,1430.2,39.22,bent5ck
4586,1433.8,39.515625,bent5ck
4587,1437.5,39.738125,bent5ck
4588,1441.2,39.88375,bent5ck
4589,1444.9,40.016875,bent5ck
4590,1448.6,40.100625,bent5ck
4591,1452.3,40.1775,bent5ck
4592,1456.0,40.20375,bent5ck
4593,1459.7,40.270625,bent5ck
4594,1463.3,40.2675,bent5ck
4595,1467.0,40.40875,bent5ck
4596,1470.7,40.48625,bent5ck
4597,1474.4,40.595625,bent5ck
4598,1478.1,40.655,bent5ck
4599,1481.7,40.809375,bent5ck
4600,1485.4,40.886875,bent5ck
4601,1489.1,40.946875,bent5ck
4602,1492.8,41.00749999999999,bent5ck
4603,1496.4,41.084375,bent5ck
4604,1500.1,41.16125,bent5ck
4605,1503.8,41.230625,bent5ck
4606,1507.4,41.291250000000005,bent5ck
4607,1511.1,41.3575,bent5ck
4608,1514.7,41.42375,bent5ck
4609,1518.4,41.4675,bent5ck
4610,1522.1,41.51,bent5ck
4611,1525.7,41.55375,bent5ck
4612,1529.4,41.59375,bent5ck
4613,1533.0,41.63125000000001,bent5ck
4614,1536.7,41.67,bent5ck
4615,1540.3,41.7025,bent5ck
4616,1544.0,41.74625,bent5ck
4617,1547.6,41.77,bent5ck
4618,1551.3,41.82625,bent5ck
4619,1554.9,41.870625,bent5ck
4620,1558.6,41.890625,bent5ck
4621,1562.2,41.934375,bent5ck
4622,1565.8,41.961875000000006,bent5ck
4623,1569.5,41.985625,bent5ck
4624,1573.1,42.021875,bent5ck
4625,1576.8,42.038125,bent5ck
4626,1580.4,42.065625,bent5ck
4627,1584.0,42.075625,bent5ck
4628,1587.7,42.118125,bent5ck
4629,1591.3,42.1425,bent5ck
4630,1594.9,42.16375,bent5ck
4631,1598.5,42.185,bent5ck
4632,1602.2,42.213125,bent5ck
4633,1605.8,42.211875,bent5ck
4634,1609.4,42.25875,bent5ck
4635,1613.0,42.2775,bent5ck
4636,1616.7,42.306875000000005,bent5ck
4637,1620.3,42.32375,bent5ck
4638,1623.9,42.33,bent5ck
4639,1627.5,42.353125000000006,bent5ck
4640,1631.1,42.36875,bent5ck
4641,1634.7,42.389375,bent5ck
4642,1638.3,42.424375,bent5ck
4643,1641.9,42.44375,bent5ck
4644,1645.6,42.44125,bent5ck
4645,1649.2,42.46,bent5ck
4646,1652.8,42.4725,bent5ck
4647,1656.4,42.443125,bent5ck
4648,1660.0,42.449375,bent5ck
4649,1663.6,42.45375,bent5ck
4650,1667.2,42.43125,bent5ck
4651,1670.8,42.444375,bent5ck
4652,1674.4,42.435,bent5ck
4653,1678.0,42.425,bent5ck
4654,1681.6,42.396875,bent5ck
4655,1685.1,42.39625,bent5ck
4656,1688.7,42.39625,bent5ck
4657,1692.3,42.3875,bent5ck
4658,1695.9,42.360625,bent5ck
4659,1699.5,42.345,bent5ck
4660,1703.1,42.3325,bent5ck
4661,1706.7,42.330625,bent5ck
4662,1710.2,42.306250000000006,bent5ck
4663,1713.8,42.27375,bent5ck
4664,1717.4,42.254375,bent5ck
4665,1721.0,42.185,bent5ck
4666,1724.5,42.15375,bent5ck
4667,1728.1,42.118125,bent5ck
4668,1731.7,42.17,bent5ck
4669,1735.2,42.153125,bent5ck
4670,1738.8,42.108125,bent5ck
4671,1742.4,42.063125,bent5ck
4672,1745.9,42.009375,bent5ck
4673,1749.5,41.980625,bent5ck
4674,1753.1,41.929375,bent5ck
4675,1756.6,41.895625,bent5ck
4676,1760.2,41.839375,bent5ck
4677,1763.8,41.85625,bent5ck
4678,1767.3,41.8225,bent5ck
4679,1770.9,41.7925,bent5ck
4680,1774.4,41.795625,bent5ck
4681,1778.0,41.765625,bent5ck
4682,1781.5,41.77125,bent5ck
4683,1785.1,41.758125,bent5ck
4684,1788.6,41.744375000000005,bent5ck
4685,1792.1,41.75750000000001,bent5ck
4686,1795.7,41.749375,bent5ck
4687,1799.2,41.754375,bent5ck
4688,1802.8,41.701875,bent5ck
4689,1806.3,41.72125,bent5ck
4690,1809.8,41.73375,bent5ck
4691,1813.4,41.6925,bent5ck
4692,1816.9,41.71125,bent5ck
4693,1820.4,41.6325,bent5ck
4694,1824.0,41.67875,bent5ck
4695,1827.5,41.666875000000005,bent5ck
4696,1831.0,41.67625,bent5ck
4697,1834.6,41.665625,bent5ck
4698,1838.1,41.660625,bent5ck
4699,1841.6,41.63187500000001,bent5ck
4700,1845.1,41.6075,bent5ck
4701,1848.6,41.551875,bent5ck
4702,1852.2,41.50125,bent5ck
4703,1855.7,41.398125,bent5ck
4704,1859.2,41.296875,bent5ck
4705,1862.7,41.11125,bent5ck
4706,1866.2,40.825625,bent5ck
4707,1869.7,40.47500000000001,bent5ck
4708,1873.2,40.034375,bent5ck
4709,1876.7,39.469375,bent5ck
4710,1880.2,38.71625,bent5ck
4711,1883.7,37.731875,bent5ck
4712,1887.2,36.489375,bent5ck
4713,1890.7,35.065625,bent5ck
4714,1894.2,33.661874999999995,bent5ck
4715,1897.7,32.4075,bent5ck
4716,1902.7,31.9825,bent5ck
4717,1905.5,31.605,bent5ck
4718,1908.2,31.5325,bent5ck
4719,1911.0,31.705625,bent5ck
4720,1913.7,31.981250000000003,bent5ck
4721,1916.5,32.322500000000005,bent5ck
4722,1919.2,32.66375,bent5ck
4723,1921.9,32.96875,bent5ck
4724,1924.7,33.259375,bent5ck
4725,1927.4,33.515625,bent5ck
4726,1930.1,33.723749999999995,bent5ck
4727,1932.9,33.8975,bent5ck
4728,1935.6,34.018125,bent5ck
4729,1938.3,34.11875,bent5ck
4730,1941.0,34.245625,bent5ck
4731,1943.7,34.355000000000004,bent5ck
4732,1946.4,34.462500000000006,bent5ck
4733,1949.2,34.591875,bent5ck
4734,1951.9,34.745625000000004,bent5ck
4735,1954.6,34.90375,bent5ck
4736,1957.3,35.07375,bent5ck
4737,1960.0,35.239999999999995,bent5ck
4738,1962.7,35.403125,bent5ck
4739,1965.4,35.564375,bent5ck
4740,1968.1,35.71375,bent5ck
4741,1970.7,35.869375000000005,bent5ck
4742,1973.4,36.030625,bent5ck
4743,1976.1,36.199375,bent5ck
4744,1978.8,36.38249999999999,bent5ck
4745,1981.5,36.571875,bent5ck
4746,1984.1,36.743125,bent5ck
4747,1986.8,36.93375,bent5ck
4748,1989.5,37.151875,bent5ck
4749,1992.1,37.380625,bent5ck
4750,1994.8,37.589375,bent5ck
4751,1997.5,37.790625,bent5ck
4752,2000.1,38.001875,bent5ck
4753,2002.8,38.20625,bent5ck
4754,2005.4,38.395,bent5ck
4755,2008.1,38.58562499999999,bent5ck
4756,2010.7,38.77375000000001,bent5ck
4757,2013.4,38.955625,bent5ck
4758,2016.0,39.103750000000005,bent5ck
4759,2018.6,39.24625,bent5ck
4760,2021.3,39.384375,bent5ck
4761,2023.9,39.505,bent5ck
4762,2026.5,39.635000000000005,bent5ck
4763,2029.2,39.75125,bent5ck
4764,2031.8,39.838125000000005,bent5ck
4765,2034.4,39.9025,bent5ck
4766,2037.0,39.9875,bent5ck
4767,2039.7,40.06875,bent5ck
4768,2042.3,40.1275,bent5ck
4769,2044.9,40.176875,bent5ck
4770,2047.5,40.211875,bent5ck
4771,2050.1,40.245625,bent5ck
4772,2052.7,40.278125,bent5ck
4773,2055.3,40.31375,bent5ck
4774,2057.9,40.340625,bent5ck
4775,2060.5,40.380625,bent5ck
4776,2063.1,40.399375000000006,bent5ck
4777,2065.7,40.424375000000005,bent5ck
4778,2068.3,40.458125,bent5ck
4779,2070.9,40.484375,bent5ck
4780,2073.4,40.503125,bent5ck
4781,2076.0,40.51375,bent5ck
4782,2078.6,40.523125,bent5ck
4783,2081.2,40.549375,bent5ck
4784,2083.7,40.57124999999999,bent5ck
4785,2086.3,40.572500000000005,bent5ck
4786,2088.9,40.566875,bent5ck
4787,2091.4,40.5825,bent5ck
4788,2094.0,40.593125,bent5ck
4789,2096.6,40.598125,bent5ck
4790,2099.1,40.633750000000006,bent5ck
4791,2101.6,40.661875,bent5ck
4792,2104.2,40.700625,bent5ck
4793,2106.8,40.746875,bent5ck
4794,2109.3,40.7825,bent5ck
4795,2111.8,40.819375,bent5ck
4796,2114.4,40.866875,bent5ck
4797,2116.9,40.9225,bent5ck
4798,2119.4,40.96,bent5ck
4799,2122.0,41.0,bent5ck
4800,2124.5,41.000625,bent5ck
4801,2127.0,41.01375,bent5ck
4802,2129.6,41.02875,bent5ck
4803,2132.1,41.040625000000006,bent5ck
4804,2134.6,41.031875,bent5ck
4805,2137.1,40.994375000000005,bent5ck
4806,2139.6,40.943125,bent5ck
4807,2142.1,40.892500000000005,bent5ck
4808,2144.6,40.822500000000005,bent5ck
4809,2147.1,40.7475,bent5ck
4810,2149.6,40.651250000000005,bent5ck
4811,2152.1,40.539375,bent5ck
4812,2154.6,40.41250000000001,bent5ck
4813,2157.1,40.260625000000005,bent5ck
4814,2159.6,40.059375,bent5ck
4815,2162.1,39.816875,bent5ck
4816,2164.6,39.5525,bent5ck
4817,2167.1,39.275625,bent5ck
4818,2169.6,38.984375,bent5ck
4819,2172.0,38.66875,bent5ck
4820,2174.5,38.326875,bent5ck
4821,2177.0,37.993125000000006,bent5ck
4822,2179.4,37.6575,bent5ck
4823,2181.9,37.29875,bent5ck
4824,2184.4,36.946875000000006,bent5ck
4825,2186.8,36.595,bent5ck
4826,2189.3,36.225625,bent5ck
4827,2191.7,35.86625,bent5ck
4828,2194.2,35.54625,bent5ck
4829,2196.6,35.255,bent5ck
4830,2199.1,34.98875,bent5ck
4831,2201.5,34.771249999999995,bent5ck
4832,2204.0,34.660625,bent5ck
4833,2206.4,34.6375,bent5ck
4834,2208.9,34.679375,bent5ck
4835,2211.3,34.796875,bent5ck
4836,2213.7,34.960625,bent5ck
4837,2216.1,35.143125,bent5ck
4838,2218.6,35.347500000000004,bent5ck
4839,2221.0,35.59625,bent5ck
4840,2223.4,35.816875,bent5ck
4841,2225.8,36.0,bent5ck
4842,2228.2,36.20125,bent5ck
4843,2230.6,36.390625,bent5ck
4844,2233.1,36.53625,bent5ck
4845,2235.5,36.660625,bent5ck
4846,2237.9,36.811875,bent5ck
4847,2240.3,36.960625,bent5ck
4848,2242.7,37.079375,bent5ck
4849,2245.1,37.195625,bent5ck
4850,2247.5,37.306250000000006,bent5ck
4851,2249.9,37.389375,bent5ck
4852,2252.2,37.443125,bent5ck
4853,2254.6,37.50375,bent5ck
4854,2257.0,37.5625,bent5ck
4855,2259.4,37.605625,bent5ck
4856,2261.8,37.62125,bent5ck
4857,2264.1,37.61875,bent5ck
4858,2266.5,37.63374999999999,bent5ck
4859,2268.9,37.629375,bent5ck
4860,2271.2,37.588125000000005,bent5ck
4861,2273.6,37.559375,bent5ck
4862,2276.0,37.55,bent5ck
4863,2278.3,37.52,bent5ck
4864,2280.7,37.461875,bent5ck
4865,2283.0,37.421875,bent5ck
4866,2285.4,37.393125,bent5ck
4867,2287.7,37.334375,bent5ck
4868,2290.1,37.25,bent5ck
4869,2292.4,37.163125,bent5ck
4870,2294.8,37.0775,bent5ck
4871,2297.1,36.99,bent5ck
4872,2299.4,36.934375,bent5ck
4873,2301.8,36.861875,bent5ck
4874,2304.1,36.775,bent5ck
4875,2306.4,36.705,bent5ck
4876,2308.7,36.660625,bent5ck
4877,2311.1,36.61375,bent5ck
4878,2313.4,36.569375,bent5ck
4879,2315.7,36.54875,bent5ck
4880,2318.0,36.50875,bent5ck
4881,2320.3,36.47624999999999,bent5ck
4882,2322.6,36.42875,bent5ck
4883,2324.9,36.37625,bent5ck
4884,2327.2,36.29625,bent5ck
4885,2329.5,36.213125,bent5ck
4886,2331.8,36.13625,bent5ck
4887,2334.1,36.046875,bent5ck
4888,2336.4,35.970625,bent5ck
4889,2338.7,35.87125,bent5ck
4890,2341.0,35.7675,bent5ck
4891,2343.2,35.666875,bent5ck
4892,2345.5,35.586875,bent5ck
4893,2347.8,35.52375,bent5ck
4894,2350.1,35.441875,bent5ck
4895,2352.4,35.35625,bent5ck
4896,2354.6,35.268125,bent5ck
4897,2356.9,35.1925,bent5ck
4898,2359.1,35.141875,bent5ck
4899,2361.4,35.072500000000005,bent5ck
4900,2363.7,34.961875,bent5ck
4901,2365.9,34.895,bent5ck
4902,2368.2,34.85,bent5ck
4903,2370.4,34.798125,bent5ck
4904,2372.7,34.728125,bent5ck
4905,2374.9,34.653125,bent5ck
4906,2377.2,34.575,bent5ck
4907,2379.4,34.47125,bent5ck
4908,2381.6,34.36125,bent5ck
4909,2383.9,34.24625,bent5ck
4910,2386.1,34.16875,bent5ck
4911,2388.3,34.095625000000005,bent5ck
4912,2390.6,33.99,bent5ck
4913,2392.8,33.89812500000001,bent5ck
4914,2395.0,33.828125,bent5ck
4915,2397.2,33.700625,bent5ck
4916,2399.4,33.589375000000004,bent5ck
4917,2401.6,33.500625,bent5ck
4918,2403.9,33.397499999999994,bent5ck
4919,2406.1,33.31,bent5ck
4920,2408.3,33.165,bent5ck
4921,2410.5,33.000625,bent5ck
4922,2412.7,32.911875,bent5ck
4923,2414.9,32.808125000000004,bent5ck
4924,2417.1,32.715625,bent5ck
4925,2419.2,32.595,bent5ck
4926,2421.4,32.46625,bent5ck
4927,2423.6,32.326249999999995,bent5ck
4928,2425.8,32.193125,bent5ck
4929,2428.0,32.05,bent5ck
4930,2430.2,31.946875,bent5ck
4931,2432.3,31.8375,bent5ck
4932,2434.5,31.69125,bent5ck
4933,2436.7,31.551875,bent5ck
4934,2438.8,31.44,bent5ck
4935,2441.0,31.340625000000003,bent5ck
4936,2443.2,31.211875,bent5ck
4937,2445.3,31.06,bent5ck
4938,2447.5,30.945625,bent5ck
4939,2449.6,30.848125,bent5ck
4940,2451.8,30.745,bent5ck
4941,2453.9,30.643125,bent5ck
4942,2456.1,30.58375,bent5ck
4943,2458.2,30.480625,bent5ck
4944,2460.4,30.373125,bent5ck
4945,2462.5,30.2875,bent5ck
4946,2464.6,30.210625,bent5ck
4947,2466.8,30.1675,bent5ck
4948,2468.9,30.13375,bent5ck
4949,2471.0,30.0775,bent5ck
4950,2473.1,29.9875,bent5ck
4951,2475.2,29.935,bent5ck
4952,2477.4,29.914375,bent5ck
4953,2479.5,29.865625,bent5ck
4954,2481.6,29.8275,bent5ck
4955,2483.7,29.8275,bent5ck
4956,2485.8,29.771875,bent5ck
4957,2487.9,29.694375,bent5ck
4958,2490.0,29.670625,bent5ck
4959,2492.1,29.645625,bent5ck
4960,2494.2,29.57625,bent5ck
4961,2496.3,29.523750000000003,bent5ck
4962,2498.4,29.526875,bent5ck
4963,2500.5,29.495,bent5ck
4964,2502.6,29.434375000000003,bent5ck
4965,2504.7,29.454375,bent5ck
4966,2506.7,29.399375,bent5ck
4967,2508.8,29.403125,bent5ck
4968,2510.9,29.425625,bent5ck
4969,2513.0,29.474375,bent5ck
4970,339.3,19.2355,bent5pem
4971,340.8,18.4435,bent5pem
4972,342.3,17.708000000000002,bent5pem
4973,343.7,17.107499999999998,bent5pem
4974,345.2,16.8245,bent5pem
4975,346.7,16.39,bent5pem
4976,348.1,15.963,bent5pem
4977,349.6,15.6015,bent5pem
4978,351.1,15.2335,bent5pem
4979,352.5,15.090999999999998,bent5pem
4980,354.0,14.93,bent5pem
4981,355.5,14.756500000000004,bent5pem
4982,357.0,14.6595,bent5pem
4983,358.4,14.504500000000002,bent5pem
4984,359.9,14.511999999999995,bent5pem
4985,361.4,14.553,bent5pem
4986,362.8,14.49,bent5pem
4987,364.3,14.473000000000004,bent5pem
4988,365.8,14.4315,bent5pem
4989,367.2,14.507,bent5pem
4990,368.7,14.552,bent5pem
4991,370.1,14.618000000000004,bent5pem
4992,371.6,14.6885,bent5pem
4993,373.1,14.804000000000002,bent5pem
4994,374.5,14.863000000000005,bent5pem
4995,376.0,14.957000000000004,bent5pem
4996,377.5,15.011500000000002,bent5pem
4997,378.9,15.110500000000002,bent5pem
4998,380.4,15.1995,bent5pem
4999,381.9,15.2785,bent5pem
5000,383.3,15.390499999999998,bent5pem
5001,384.8,15.489999999999998,bent5pem
5002,386.2,15.550999999999998,bent5pem
5003,387.7,15.645500000000002,bent5pem
5004,389.2,15.6945,bent5pem
5005,390.6,15.7935,bent5pem
5006,392.1,15.803999999999998,bent5pem
5007,393.6,15.928,bent5pem
5008,395.0,15.974999999999998,bent5pem
5009,396.5,16.050500000000003,bent5pem
5010,397.9,16.1155,bent5pem
5011,399.4,16.192,bent5pem
5012,400.9,16.2275,bent5pem
5013,402.3,16.327999999999996,bent5pem
5014,403.8,16.39,bent5pem
5015,405.2,16.447000000000003,bent5pem
5016,406.7,16.523500000000002,bent5pem
5017,408.1,16.577499999999997,bent5pem
5018,409.6,16.657000000000004,bent5pem
5019,411.1,16.732000000000003,bent5pem
5020,412.5,16.819000000000003,bent5pem
5021,414.0,16.901999999999997,bent5pem
5022,415.4,17.001,bent5pem
5023,416.9,17.115999999999996,bent5pem
5024,418.3,17.2185,bent5pem
5025,419.8,17.337,bent5pem
5026,421.2,17.450999999999997,bent5pem
5027,422.7,17.586,bent5pem
5028,424.1,17.722,bent5pem
5029,425.6,17.8645,bent5pem
5030,427.0,17.994500000000002,bent5pem
5031,428.5,18.143,bent5pem
5032,429.9,18.29,bent5pem
5033,431.4,18.439,bent5pem
5034,432.8,18.5845,bent5pem
5035,434.3,18.719,bent5pem
5036,435.7,18.857000000000003,bent5pem
5037,437.2,18.994,bent5pem
5038,438.6,19.138,bent5pem
5039,440.1,19.290000000000003,bent5pem
5040,441.5,19.4395,bent5pem
5041,443.0,19.5805,bent5pem
5042,444.4,19.7325,bent5pem
5043,445.8,19.869,bent5pem
5044,447.3,20.0135,bent5pem
5045,448.7,20.152999999999995,bent5pem
5046,450.2,20.294000000000004,bent5pem
5047,451.6,20.431,bent5pem
5048,453.0,20.573,bent5pem
5049,454.5,20.701500000000003,bent5pem
5050,455.9,20.8325,bent5pem
5051,457.4,20.956000000000003,bent5pem
5052,458.8,21.077,bent5pem
5053,460.2,21.206,bent5pem
5054,461.7,21.33,bent5pem
5055,463.1,21.4535,bent5pem
5056,464.5,21.5625,bent5pem
5057,466.0,21.663,bent5pem
5058,467.4,21.7725,bent5pem
5059,468.9,21.8785,bent5pem
5060,470.3,21.9805,bent5pem
5061,471.7,22.0835,bent5pem
5062,473.1,22.1875,bent5pem
5063,474.6,22.2905,bent5pem
5064,476.0,22.387,bent5pem
5065,477.4,22.4875,bent5pem
5066,478.9,22.588,bent5pem
5067,480.3,22.695500000000003,bent5pem
5068,481.7,22.7995,bent5pem
5069,483.1,22.9005,bent5pem
5070,484.6,23.0015,bent5pem
5071,486.0,23.102500000000003,bent5pem
5072,487.4,23.206,bent5pem
5073,488.9,23.3055,bent5pem
5074,490.3,23.401000000000003,bent5pem
5075,491.7,23.4925,bent5pem
5076,493.1,23.58,bent5pem
5077,494.5,23.6655,bent5pem
5078,496.0,23.754,bent5pem
5079,497.4,23.838999999999995,bent5pem
5080,498.8,23.92,bent5pem
5081,500.2,24.002,bent5pem
5082,501.6,24.075,bent5pem
5083,503.1,24.1595,bent5pem
5084,504.5,24.2365,bent5pem
5085,505.9,24.319,bent5pem
5086,507.3,24.4015,bent5pem
5087,508.7,24.4855,bent5pem
5088,510.1,24.570500000000003,bent5pem
5089,511.6,24.651,bent5pem
5090,513.0,24.7355,bent5pem
5091,514.4,24.8225,bent5pem
5092,515.8,24.91,bent5pem
5093,517.2,24.999,bent5pem
5094,518.6,25.084,bent5pem
5095,520.0,25.169,bent5pem
5096,521.5,25.254,bent5pem
5097,522.9,25.3345,bent5pem
5098,524.3,25.4135,bent5pem
5099,525.7,25.497000000000007,bent5pem
5100,527.1,25.5775,bent5pem
5101,528.5,25.649,bent5pem
5102,529.9,25.7165,bent5pem
5103,531.3,25.783,bent5pem
5104,532.7,25.8495,bent5pem
5105,534.1,25.904,bent5pem
5106,535.5,25.9685,bent5pem
5107,536.9,26.0315,bent5pem
5108,538.3,26.098000000000003,bent5pem
5109,539.7,26.159,bent5pem
5110,541.1,26.2325,bent5pem
5111,542.5,26.305,bent5pem
5112,544.0,26.374,bent5pem
5113,545.3,26.44,bent5pem
5114,546.8,26.5085,bent5pem
5115,548.2,26.573500000000003,bent5pem
5116,549.5,26.6305,bent5pem
5117,550.9,26.697000000000003,bent5pem
5118,552.3,26.765,bent5pem
5119,553.7,26.8315,bent5pem
5120,555.1,26.9,bent5pem
5121,556.5,26.981,bent5pem
5122,557.9,27.0555,bent5pem
5123,559.3,27.135,bent5pem
5124,560.7,27.206,bent5pem
5125,562.1,27.2755,bent5pem
5126,563.5,27.346000000000004,bent5pem
5127,564.9,27.418,bent5pem
5128,566.3,27.4875,bent5pem
5129,567.7,27.5605,bent5pem
5130,569.1,27.632,bent5pem
5131,570.5,27.703000000000003,bent5pem
5132,571.8,27.779499999999995,bent5pem
5133,573.2,27.852,bent5pem
5134,574.6,27.924499999999995,bent5pem
5135,576.0,27.996,bent5pem
5136,577.4,28.067500000000003,bent5pem
5137,578.8,28.136499999999995,bent5pem
5138,580.2,28.2035,bent5pem
5139,581.5,28.272,bent5pem
5140,582.9,28.338,bent5pem
5141,584.3,28.397,bent5pem
5142,585.7,28.4565,bent5pem
5143,587.1,28.511999999999997,bent5pem
5144,588.5,28.562,bent5pem
5145,589.8,28.614,bent5pem
5146,591.2,28.661,bent5pem
5147,592.6,28.704500000000003,bent5pem
5148,594.0,28.744499999999995,bent5pem
5149,595.4,28.7815,bent5pem
5150,596.7,28.8125,bent5pem
5151,598.1,28.8425,bent5pem
5152,599.5,28.871999999999996,bent5pem
5153,600.9,28.8985,bent5pem
5154,602.2,28.926000000000005,bent5pem
5155,603.6,28.9515,bent5pem
5156,605.0,28.983,bent5pem
5157,606.4,29.014,bent5pem
5158,607.7,29.04800000000001,bent5pem
5159,609.1,29.087,bent5pem
5160,610.5,29.128499999999995,bent5pem
5161,611.9,29.172000000000004,bent5pem
5162,613.2,29.221,bent5pem
5163,614.6,29.2705,bent5pem
5164,616.0,29.3265,bent5pem
5165,617.3,29.380000000000003,bent5pem
5166,618.7,29.4355,bent5pem
5167,620.1,29.494,bent5pem
5168,621.5,29.55,bent5pem
5169,622.8,29.6045,bent5pem
5170,624.2,29.656500000000005,bent5pem
5171,625.5,29.710500000000003,bent5pem
5172,626.9,29.759500000000003,bent5pem
5173,628.3,29.807,bent5pem
5174,629.6,29.849999999999994,bent5pem
5175,631.0,29.891,bent5pem
5176,632.4,29.924,bent5pem
5177,633.7,29.956,bent5pem
5178,635.1,29.984,bent5pem
5179,636.5,30.01,bent5pem
5180,637.8,30.02650000000001,bent5pem
5181,639.2,30.039000000000005,bent5pem
5182,640.5,30.0465,bent5pem
5183,641.9,30.047500000000003,bent5pem
5184,643.2,30.038000000000004,bent5pem
5185,644.6,30.024,bent5pem
5186,646.0,30.001499999999997,bent5pem
5187,647.3,29.974,bent5pem
5188,648.7,29.937,bent5pem
5189,650.0,29.904,bent5pem
5190,651.4,29.867999999999995,bent5pem
5191,652.7,29.8225,bent5pem
5192,654.1,29.758,bent5pem
5193,655.4,29.698,bent5pem
5194,656.8,29.643999999999995,bent5pem
5195,658.1,29.583500000000004,bent5pem
5196,659.5,29.519499999999997,bent5pem
5197,660.8,29.4685,bent5pem
5198,662.2,29.424000000000007,bent5pem
5199,663.5,29.3815,bent5pem
5200,664.9,29.357,bent5pem
5201,666.2,29.350500000000004,bent5pem
5202,667.6,29.3605,bent5pem
5203,668.9,29.3795,bent5pem
5204,670.3,29.4215,bent5pem
5205,671.6,29.4795,bent5pem
5206,673.0,29.547,bent5pem
5207,674.3,29.643500000000007,bent5pem
5208,675.6,29.763,bent5pem
5209,677.0,29.879,bent5pem
5210,678.3,29.9925,bent5pem
5211,679.7,30.114,bent5pem
5212,681.0,30.241000000000003,bent5pem
5213,682.3,30.366000000000003,bent5pem
5214,683.7,30.494,bent5pem
5215,685.0,30.622,bent5pem
5216,686.4,30.7405,bent5pem
5217,687.7,30.8595,bent5pem
5218,689.0,30.9755,bent5pem
5219,690.4,31.091500000000003,bent5pem
5220,691.7,31.200000000000006,bent5pem
5221,693.0,31.3115,bent5pem
5222,694.4,31.419,bent5pem
5223,695.7,31.532,bent5pem
5224,697.0,31.642499999999995,bent5pem
5225,698.4,31.753499999999995,bent5pem
5226,699.7,31.866,bent5pem
5227,701.0,31.978,bent5pem
5228,702.4,32.090500000000006,bent5pem
5229,703.7,32.197,bent5pem
5230,705.0,32.305499999999995,bent5pem
5231,706.3,32.412,bent5pem
5232,707.7,32.51450000000001,bent5pem
5233,709.0,32.61399999999999,bent5pem
5234,710.3,32.71149999999999,bent5pem
5235,711.6,32.803999999999995,bent5pem
5236,713.0,32.896,bent5pem
5237,714.3,32.98550000000001,bent5pem
5238,715.6,33.075,bent5pem
5239,716.9,33.1605,bent5pem
5240,718.2,33.248000000000005,bent5pem
5241,719.6,33.3295,bent5pem
5242,720.9,33.416,bent5pem
5243,722.2,33.49550000000001,bent5pem
5244,723.5,33.57549999999999,bent5pem
5245,724.8,33.6555,bent5pem
5246,726.2,33.735,bent5pem
5247,727.5,33.811,bent5pem
5248,728.8,33.885,bent5pem
5249,730.1,33.9595,bent5pem
5250,731.4,34.0345,bent5pem
5251,732.7,34.105000000000004,bent5pem
5252,734.0,34.17700000000001,bent5pem
5253,735.3,34.2415,bent5pem
5254,736.7,34.308499999999995,bent5pem
5255,738.0,34.3725,bent5pem
5256,739.3,34.437,bent5pem
5257,740.6,34.4925,bent5pem
5258,741.9,34.55350000000001,bent5pem
5259,743.2,34.610499999999995,bent5pem
5260,744.5,34.66600000000001,bent5pem
5261,745.8,34.72,bent5pem
5262,747.1,34.769,bent5pem
5263,748.4,34.8185,bent5pem
5264,749.7,34.86900000000001,bent5pem
5265,751.0,34.91250000000001,bent5pem
5266,752.3,34.9605,bent5pem
5267,753.6,35.003,bent5pem
5268,754.9,35.0495,bent5pem
5269,756.2,35.091,bent5pem
5270,757.5,35.136,bent5pem
5271,758.8,35.177499999999995,bent5pem
5272,760.1,35.2175,bent5pem
5273,761.4,35.25450000000001,bent5pem
5274,762.7,35.29549999999999,bent5pem
5275,764.0,35.334500000000006,bent5pem
5276,765.3,35.371500000000005,bent5pem
5277,766.6,35.411500000000004,bent5pem
5278,767.9,35.45049999999999,bent5pem
5279,769.2,35.490500000000004,bent5pem
5280,770.4,35.527,bent5pem
5281,771.7,35.56349999999999,bent5pem
5282,773.0,35.60100000000001,bent5pem
5283,774.3,35.6395,bent5pem
5284,775.6,35.675,bent5pem
5285,776.9,35.71,bent5pem
5286,778.2,35.743500000000004,bent5pem
5287,779.4,35.7785,bent5pem
5288,780.7,35.81999999999999,bent5pem
5289,782.0,35.851000000000006,bent5pem
5290,783.3,35.886,bent5pem
5291,784.5,35.921,bent5pem
5292,785.8,35.9545,bent5pem
5293,787.1,35.987,bent5pem
5294,788.4,36.02,bent5pem
5295,789.7,36.0495,bent5pem
5296,790.9,36.0815,bent5pem
5297,792.2,36.111,bent5pem
5298,793.5,36.1435,bent5pem
5299,794.8,36.1715,bent5pem
5300,796.0,36.199,bent5pem
5301,797.3,36.2275,bent5pem
5302,798.5,36.25750000000001,bent5pem
5303,799.8,36.2845,bent5pem
5304,801.1,36.3125,bent5pem
5305,802.3,36.3375,bent5pem
5306,803.6,36.362,bent5pem
5307,804.9,36.38549999999999,bent5pem
5308,806.1,36.414,bent5pem
5309,807.4,36.4425,bent5pem
5310,808.7,36.4675,bent5pem
5311,809.9,36.4885,bent5pem
5312,811.2,36.511,bent5pem
5313,812.4,36.534,bent5pem
5314,813.7,36.55550000000001,bent5pem
5315,815.0,36.5785,bent5pem
5316,816.2,36.60099999999999,bent5pem
5317,817.5,36.618,bent5pem
5318,818.7,36.637,bent5pem
5319,820.0,36.655,bent5pem
5320,821.2,36.678,bent5pem
5321,822.5,36.700500000000005,bent5pem
5322,823.7,36.718,bent5pem
5323,825.0,36.741,bent5pem
5324,826.2,36.7515,bent5pem
5325,827.5,36.7685,bent5pem
5326,828.7,36.7845,bent5pem
5327,829.9,36.802,bent5pem
5328,831.2,36.8195,bent5pem
5329,832.4,36.836,bent5pem
5330,833.7,36.8505,bent5pem
5331,834.9,36.866,bent5pem
5332,836.1,36.8815,bent5pem
5333,837.4,36.89399999999999,bent5pem
5334,838.6,36.9135,bent5pem
5335,839.8,36.928,bent5pem
5336,841.1,36.937,bent5pem
5337,842.3,36.948,bent5pem
5338,843.5,36.96849999999999,bent5pem
5339,844.8,36.975,bent5pem
5340,846.0,36.9875,bent5pem
5341,847.2,37.004,bent5pem
5342,848.5,37.0175,bent5pem
5343,849.7,37.035,bent5pem
5344,850.9,37.0485,bent5pem
5345,852.2,37.057,bent5pem
5346,853.4,37.068,bent5pem
5347,854.6,37.0855,bent5pem
5348,855.8,37.097,bent5pem
5349,857.0,37.1065,bent5pem
5350,858.3,37.1135,bent5pem
5351,859.5,37.124,bent5pem
5352,860.7,37.13850000000001,bent5pem
5353,861.9,37.145500000000006,bent5pem
5354,863.1,37.15050000000001,bent5pem
5355,864.3,37.168,bent5pem
5356,865.5,37.1835,bent5pem
5357,866.8,37.19499999999999,bent5pem
5358,868.0,37.206,bent5pem
5359,869.2,37.21900000000001,bent5pem
5360,870.4,37.2235,bent5pem
5361,871.6,37.236,bent5pem
5362,872.8,37.2475,bent5pem
5363,874.0,37.25950000000001,bent5pem
5364,875.2,37.27550000000001,bent5pem
5365,876.4,37.2845,bent5pem
5366,877.6,37.2895,bent5pem
5367,878.8,37.294,bent5pem
5368,880.0,37.31649999999999,bent5pem
5369,881.2,37.3205,bent5pem
5370,882.4,37.3335,bent5pem
5371,883.6,37.34499999999999,bent5pem
5372,884.8,37.348000000000006,bent5pem
5373,886.0,37.35700000000001,bent5pem
5374,887.2,37.37100000000001,bent5pem
5375,888.4,37.38250000000001,bent5pem
5376,889.6,37.402,bent5pem
5377,890.8,37.412,bent5pem
5378,892.0,37.422,bent5pem
5379,893.2,37.4285,bent5pem
5380,894.3,37.43499999999999,bent5pem
5381,895.5,37.43999999999999,bent5pem
5382,896.7,37.45099999999999,bent5pem
5383,897.9,37.4705,bent5pem
5384,899.1,37.48350000000001,bent5pem
5385,900.3,37.4945,bent5pem
5386,901.5,37.504000000000005,bent5pem
5387,902.6,37.4975,bent5pem
5388,903.8,37.514,bent5pem
5389,905.0,37.52,bent5pem
5390,906.2,37.538,bent5pem
5391,907.4,37.5525,bent5pem
5392,908.5,37.5555,bent5pem
5393,909.7,37.56,bent5pem
5394,910.9,37.5735,bent5pem
5395,912.1,37.578,bent5pem
5396,913.2,37.5875,bent5pem
5397,914.4,37.5965,bent5pem
5398,915.6,37.6155,bent5pem
5399,916.8,37.6345,bent5pem
5400,917.9,37.63850000000001,bent5pem
5401,919.1,37.6595,bent5pem
5402,920.2,37.648,bent5pem
5403,921.4,37.661,bent5pem
5404,922.6,37.67799999999999,bent5pem
5405,923.8,37.6865,bent5pem
5406,924.9,37.694,bent5pem
5407,926.1,37.7205,bent5pem
5408,927.2,37.7195,bent5pem
5409,928.4,37.7295,bent5pem
5410,929.6,37.726,bent5pem
5411,930.7,37.7445,bent5pem
5412,931.9,37.7555,bent5pem
5413,933.0,37.7685,bent5pem
5414,934.2,37.7745,bent5pem
5415,935.3,37.7845,bent5pem
5416,936.5,37.7865,bent5pem
5417,937.7,37.7895,bent5pem
5418,938.8,37.803,bent5pem
5419,940.0,37.821,bent5pem
5420,941.1,37.843,bent5pem
5421,942.3,37.849,bent5pem
5422,943.4,37.852,bent5pem
5423,944.6,37.8625,bent5pem
5424,945.7,37.85449999999999,bent5pem
5425,946.9,37.846,bent5pem
5426,948.0,37.87650000000001,bent5pem
5427,949.2,37.894000000000005,bent5pem
5428,950.3,37.8995,bent5pem
5429,951.5,37.8985,bent5pem
5430,952.6,37.8925,bent5pem
5431,953.8,37.885000000000005,bent5pem
5432,954.9,37.897,bent5pem
5433,956.1,37.914,bent5pem
5434,957.2,37.935,bent5pem
5435,958.3,37.943,bent5pem
5436,959.5,37.936,bent5pem
5437,960.6,37.9295,bent5pem
5438,961.8,37.945,bent5pem
5439,962.9,37.9615,bent5pem
5440,964.1,37.96600000000001,bent5pem
5441,965.2,37.96900000000001,bent5pem
5442,966.3,37.9845,bent5pem
5443,967.5,37.9855,bent5pem
5444,968.6,37.99100000000001,bent5pem
5445,969.8,37.9965,bent5pem
5446,970.9,38.03600000000001,bent5pem
5447,972.1,38.0585,bent5pem
5448,973.2,38.060500000000005,bent5pem
5449,974.3,38.057,bent5pem
5450,975.5,38.06949999999999,bent5pem
5451,976.6,38.072,bent5pem
5452,977.8,38.078,bent5pem
5453,978.9,38.084500000000006,bent5pem
5454,980.0,38.0945,bent5pem
5455,981.2,38.1165,bent5pem
5456,982.3,38.075500000000005,bent5pem
5457,983.5,38.078,bent5pem
5458,984.6,38.085,bent5pem
5459,985.7,38.062,bent5pem
5460,986.9,38.0765,bent5pem
5461,988.0,38.083000000000006,bent5pem
5462,989.1,38.0895,bent5pem
5463,992.0,38.29950000000001,bent5pem
5464,995.9,38.3245,bent5pem
5465,999.7,38.3305,bent5pem
5466,1003.6,38.3755,bent5pem
5467,1007.4,38.401,bent5pem
5468,1011.3,38.445,bent5pem
5469,1015.1,38.48,bent5pem
5470,1019.0,38.49,bent5pem
5471,1022.8,38.518,bent5pem
5472,1026.7,38.5465,bent5pem
5473,1030.5,38.583,bent5pem
5474,1034.4,38.57950000000001,bent5pem
5475,1038.2,38.623,bent5pem
5476,1042.1,38.664,bent5pem
5477,1045.9,38.672,bent5pem
5478,1049.7,38.709500000000006,bent5pem
5479,1053.6,38.676,bent5pem
5480,1057.4,38.749,bent5pem
5481,1061.2,38.7635,bent5pem
5482,1065.1,38.764500000000005,bent5pem
5483,1068.9,38.81100000000001,bent5pem
5484,1072.7,38.84400000000001,bent5pem
5485,1076.6,38.838,bent5pem
5486,1080.4,38.847,bent5pem
5487,1084.2,38.874,bent5pem
5488,1088.0,38.9155,bent5pem
5489,1091.8,38.925,bent5pem
5490,1095.7,38.958,bent5pem
5491,1099.5,38.976,bent5pem
5492,1103.3,39.001,bent5pem
5493,1107.1,39.014500000000005,bent5pem
5494,1110.9,39.0125,bent5pem
5495,1114.8,39.038,bent5pem
5496,1118.6,39.0365,bent5pem
5497,1122.4,39.0915,bent5pem
5498,1126.2,39.126000000000005,bent5pem
5499,1130.0,39.1165,bent5pem
5500,1133.8,39.10449999999999,bent5pem
5501,1137.6,39.105,bent5pem
5502,1141.4,39.1245,bent5pem
5503,1145.2,39.108,bent5pem
5504,1149.0,39.107000000000006,bent5pem
5505,1152.8,39.11399999999999,bent5pem
5506,1156.6,39.1375,bent5pem
5507,1160.4,39.1505,bent5pem
5508,1164.2,39.205500000000015,bent5pem
5509,1168.0,39.216,bent5pem
5510,1171.8,39.27,bent5pem
5511,1175.6,39.309000000000005,bent5pem
5512,1179.4,39.35699999999999,bent5pem
5513,1183.2,39.379000000000005,bent5pem
5514,1187.0,39.41949999999999,bent5pem
5515,1190.7,39.4515,bent5pem
5516,1194.5,39.462,bent5pem
5517,1198.3,39.5095,bent5pem
5518,1202.1,39.5155,bent5pem
5519,1205.9,39.50849999999999,bent5pem
5520,1209.7,39.5465,bent5pem
5521,1213.4,39.560500000000005,bent5pem
5522,1217.2,39.569500000000005,bent5pem
5523,1221.0,39.59,bent5pem
5524,1224.8,39.605,bent5pem
5525,1228.5,39.6315,bent5pem
5526,1232.3,39.669,bent5pem
5527,1236.1,39.6835,bent5pem
5528,1239.8,39.6595,bent5pem
5529,1243.6,39.71900000000001,bent5pem
5530,1247.4,39.74600000000001,bent5pem
5531,1251.1,39.7315,bent5pem
5532,1254.9,39.78,bent5pem
5533,1258.7,39.81499999999999,bent5pem
5534,1262.4,39.82399999999999,bent5pem
5535,1266.2,39.82199999999999,bent5pem
5536,1269.9,39.828,bent5pem
5537,1273.7,39.847,bent5pem
5538,1277.4,39.871500000000005,bent5pem
5539,1281.2,39.9095,bent5pem
5540,1284.9,39.874,bent5pem
5541,1288.7,39.92,bent5pem
5542,1292.4,39.883500000000005,bent5pem
5543,1296.2,39.921,bent5pem
5544,1299.9,39.9115,bent5pem
5545,1303.7,39.9365,bent5pem
5546,1307.4,39.9345,bent5pem
5547,1311.2,39.94049999999999,bent5pem
5548,1314.9,39.92299999999999,bent5pem
5549,1318.7,39.9305,bent5pem
5550,1322.4,39.9065,bent5pem
5551,1326.1,39.9015,bent5pem
5552,1329.9,39.897000000000006,bent5pem
5553,1333.6,39.877,bent5pem
5554,1337.3,39.878,bent5pem
5555,1341.1,39.8575,bent5pem
5556,1344.8,39.827,bent5pem
5557,1348.5,39.7905,bent5pem
5558,1352.2,39.7625,bent5pem
5559,1356.0,39.717,bent5pem
5560,1359.7,39.657500000000006,bent5pem
5561,1363.4,39.5545,bent5pem
5562,1367.1,39.51800000000001,bent5pem
5563,1370.8,39.4175,bent5pem
5564,1374.6,39.277,bent5pem
5565,1378.3,39.0425,bent5pem
5566,1382.0,38.7675,bent5pem
5567,1385.7,38.4045,bent5pem
5568,1389.4,37.9805,bent5pem
5569,1393.1,37.4765,bent5pem
5570,1396.8,36.905,bent5pem
5571,1400.5,36.3265,bent5pem
5572,1404.2,35.854,bent5pem
5573,1407.9,35.5155,bent5pem
5574,1411.7,35.4345,bent5pem
5575,1415.4,35.583499999999994,bent5pem
5576,1419.1,35.923500000000004,bent5pem
5577,1422.8,36.3055,bent5pem
5578,1426.4,36.7225,bent5pem
5579,1430.2,37.054,bent5pem
5580,1433.8,37.33149999999999,bent5pem
5581,1437.5,37.5395,bent5pem
5582,1441.2,37.6745,bent5pem
5583,1444.9,37.794500000000006,bent5pem
5584,1448.6,37.869,bent5pem
5585,1452.3,37.9345,bent5pem
5586,1456.0,37.963,bent5pem
5587,1459.7,38.02799999999999,bent5pem
5588,1463.3,38.02799999999999,bent5pem
5589,1467.0,38.176,bent5pem
5590,1470.7,38.254000000000005,bent5pem
5591,1474.4,38.36300000000001,bent5pem
5592,1478.1,38.43599999999999,bent5pem
5593,1481.7,38.57900000000001,bent5pem
5594,1485.4,38.656,bent5pem
5595,1489.1,38.718,bent5pem
5596,1492.8,38.7765,bent5pem
5597,1496.4,38.8565,bent5pem
5598,1500.1,38.92999999999999,bent5pem
5599,1503.8,39.0,bent5pem
5600,1507.4,39.060500000000005,bent5pem
5601,1511.1,39.123000000000005,bent5pem
5602,1514.7,39.188,bent5pem
5603,1518.4,39.2345,bent5pem
5604,1522.1,39.273,bent5pem
5605,1525.7,39.32000000000001,bent5pem
5606,1529.4,39.357000000000006,bent5pem
5607,1533.0,39.38850000000001,bent5pem
5608,1536.7,39.4335,bent5pem
5609,1540.3,39.466,bent5pem
5610,1544.0,39.508,bent5pem
5611,1547.6,39.537,bent5pem
5612,1551.3,39.58599999999999,bent5pem
5613,1554.9,39.63,bent5pem
5614,1558.6,39.647000000000006,bent5pem
5615,1562.2,39.693,bent5pem
5616,1565.8,39.71849999999999,bent5pem
5617,1569.5,39.74300000000001,bent5pem
5618,1573.1,39.778000000000006,bent5pem
5619,1576.8,39.797,bent5pem
5620,1580.4,39.8215,bent5pem
5621,1584.0,39.83149999999999,bent5pem
5622,1587.7,39.87349999999999,bent5pem
5623,1591.3,39.89700000000001,bent5pem
5624,1594.9,39.91700000000001,bent5pem
5625,1598.5,39.9395,bent5pem
5626,1602.2,39.969,bent5pem
5627,1605.8,39.972,bent5pem
5628,1609.4,40.01800000000001,bent5pem
5629,1613.0,40.034000000000006,bent5pem
5630,1616.7,40.0635,bent5pem
5631,1620.3,40.0795,bent5pem
5632,1623.9,40.0885,bent5pem
5633,1627.5,40.111,bent5pem
5634,1631.1,40.1215,bent5pem
5635,1634.7,40.133,bent5pem
5636,1638.3,40.16100000000001,bent5pem
5637,1641.9,40.17550000000001,bent5pem
5638,1645.6,40.172,bent5pem
5639,1649.2,40.1965,bent5pem
5640,1652.8,40.2115,bent5pem
5641,1656.4,40.1895,bent5pem
5642,1660.0,40.199,bent5pem
5643,1663.6,40.1985,bent5pem
5644,1667.2,40.173,bent5pem
5645,1670.8,40.1845,bent5pem
5646,1674.4,40.1725,bent5pem
5647,1678.0,40.164,bent5pem
5648,1681.6,40.1345,bent5pem
5649,1685.1,40.1365,bent5pem
5650,1688.7,40.138,bent5pem
5651,1692.3,40.1275,bent5pem
5652,1695.9,40.10350000000001,bent5pem
5653,1699.5,40.091,bent5pem
5654,1703.1,40.07899999999999,bent5pem
5655,1706.7,40.076,bent5pem
5656,1710.2,40.05650000000001,bent5pem
5657,1713.8,40.0215,bent5pem
5658,1717.4,40.0035,bent5pem
5659,1721.0,39.94199999999999,bent5pem
5660,1724.5,39.9035,bent5pem
5661,1728.1,39.844,bent5pem
5662,1731.7,39.852,bent5pem
5663,1735.2,39.819500000000005,bent5pem
5664,1738.8,39.78349999999999,bent5pem
5665,1742.4,39.76199999999999,bent5pem
5666,1745.9,39.7385,bent5pem
5667,1749.5,39.726,bent5pem
5668,1753.1,39.6855,bent5pem
5669,1756.6,39.6525,bent5pem
5670,1760.2,39.595,bent5pem
5671,1763.8,39.612,bent5pem
5672,1767.3,39.578500000000005,bent5pem
5673,1770.9,39.547,bent5pem
5674,1774.4,39.546,bent5pem
5675,1778.0,39.520500000000006,bent5pem
5676,1781.5,39.525,bent5pem
5677,1785.1,39.506,bent5pem
5678,1788.6,39.5005,bent5pem
5679,1792.1,39.51199999999999,bent5pem
5680,1795.7,39.499,bent5pem
5681,1799.2,39.4985,bent5pem
5682,1802.8,39.452000000000005,bent5pem
5683,1806.3,39.471500000000006,bent5pem
5684,1809.8,39.4815,bent5pem
5685,1813.4,39.44850000000001,bent5pem
5686,1816.9,39.462,bent5pem
5687,1820.4,39.3995,bent5pem
5688,1824.0,39.43750000000001,bent5pem
5689,1827.5,39.426,bent5pem
5690,1831.0,39.43300000000001,bent5pem
5691,1834.6,39.4155,bent5pem
5692,1838.1,39.403,bent5pem
5693,1841.6,39.3695,bent5pem
5694,1845.1,39.34,bent5pem
5695,1848.6,39.28499999999999,bent5pem
5696,1852.2,39.2295,bent5pem
5697,1855.7,39.117,bent5pem
5698,1859.2,39.006,bent5pem
5699,1862.7,38.831500000000005,bent5pem
5700,1866.2,38.541,bent5pem
5701,1869.7,38.161,bent5pem
5702,1873.2,37.6785,bent5pem
5703,1876.7,37.0795,bent5pem
5704,1880.2,36.301,bent5pem
5705,1883.7,35.3,bent5pem
5706,1887.2,34.0355,bent5pem
5707,1890.7,32.6235,bent5pem
5708,1894.2,31.237,bent5pem
5709,1897.7,30.036,bent5pem
5710,1902.7,28.924499999999995,bent5pem
5711,1905.5,28.6135,bent5pem
5712,1908.2,28.591500000000003,bent5pem
5713,1911.0,28.746,bent5pem
5714,1913.7,29.025,bent5pem
5715,1916.5,29.367999999999995,bent5pem
5716,1919.2,29.71999999999999,bent5pem
5717,1921.9,30.0265,bent5pem
5718,1924.7,30.329500000000003,bent5pem
5719,1927.4,30.577000000000005,bent5pem
5720,1930.1,30.753500000000003,bent5pem
5721,1932.9,30.901000000000003,bent5pem
5722,1935.6,31.028,bent5pem
5723,1938.3,31.141,bent5pem
5724,1941.0,31.246500000000005,bent5pem
5725,1943.7,31.3695,bent5pem
5726,1946.4,31.484,bent5pem
5727,1949.2,31.607000000000006,bent5pem
5728,1951.9,31.758500000000005,bent5pem
5729,1954.6,31.922,bent5pem
5730,1957.3,32.093,bent5pem
5731,1960.0,32.26100000000001,bent5pem
5732,1962.7,32.41700000000001,bent5pem
5733,1965.4,32.567499999999995,bent5pem
5734,1968.1,32.72,bent5pem
5735,1970.7,32.876999999999995,bent5pem
5736,1973.4,33.04600000000001,bent5pem
5737,1976.1,33.2185,bent5pem
5738,1978.8,33.397,bent5pem
5739,1981.5,33.5855,bent5pem
5740,1984.1,33.7685,bent5pem
5741,1986.8,33.959,bent5pem
5742,1989.5,34.163,bent5pem
5743,1992.1,34.385000000000005,bent5pem
5744,1994.8,34.6045,bent5pem
5745,1997.5,34.794,bent5pem
5746,2000.1,34.998999999999995,bent5pem
5747,2002.8,35.201,bent5pem
5748,2005.4,35.395,bent5pem
5749,2008.1,35.583000000000006,bent5pem
5750,2010.7,35.76350000000001,bent5pem
5751,2013.4,35.9265,bent5pem
5752,2016.0,36.071000000000005,bent5pem
5753,2018.6,36.20800000000001,bent5pem
5754,2021.3,36.3375,bent5pem
5755,2023.9,36.46399999999999,bent5pem
5756,2026.5,36.59150000000001,bent5pem
5757,2029.2,36.703,bent5pem
5758,2031.8,36.786,bent5pem
5759,2034.4,36.877,bent5pem
5760,2037.0,36.9535,bent5pem
5761,2039.7,37.01100000000001,bent5pem
5762,2042.3,37.06499999999999,bent5pem
5763,2044.9,37.124,bent5pem
5764,2047.5,37.17549999999999,bent5pem
5765,2050.1,37.2135,bent5pem
5766,2052.7,37.243,bent5pem
5767,2055.3,37.277,bent5pem
5768,2057.9,37.319,bent5pem
5769,2060.5,37.3475,bent5pem
5770,2063.1,37.3685,bent5pem
5771,2065.7,37.39450000000001,bent5pem
5772,2068.3,37.429,bent5pem
5773,2070.9,37.4525,bent5pem
5774,2073.4,37.465,bent5pem
5775,2076.0,37.488,bent5pem
5776,2078.6,37.513000000000005,bent5pem
5777,2081.2,37.51800000000001,bent5pem
5778,2083.7,37.532500000000006,bent5pem
5779,2086.3,37.547,bent5pem
5780,2088.9,37.56,bent5pem
5781,2091.4,37.5695,bent5pem
5782,2094.0,37.57449999999999,bent5pem
5783,2096.6,37.591,bent5pem
5784,2099.1,37.6155,bent5pem
5785,2101.6,37.64450000000001,bent5pem
5786,2104.2,37.6705,bent5pem
5787,2106.8,37.7025,bent5pem
5788,2109.3,37.7505,bent5pem
5789,2111.8,37.7975,bent5pem
5790,2114.4,37.837,bent5pem
5791,2116.9,37.8875,bent5pem
5792,2119.4,37.9335,bent5pem
5793,2122.0,37.961,bent5pem
5794,2124.5,37.9745,bent5pem
5795,2127.0,37.991,bent5pem
5796,2129.6,38.0155,bent5pem
5797,2132.1,38.010000000000005,bent5pem
5798,2134.6,37.995,bent5pem
5799,2137.1,37.9745,bent5pem
5800,2139.6,37.924,bent5pem
5801,2142.1,37.86900000000001,bent5pem
5802,2144.6,37.8145,bent5pem
5803,2147.1,37.756,bent5pem
5804,2149.6,37.68600000000001,bent5pem
5805,2152.1,37.5795,bent5pem
5806,2154.6,37.4515,bent5pem
5807,2157.1,37.29750000000001,bent5pem
5808,2159.6,37.1165,bent5pem
5809,2162.1,36.918,bent5pem
5810,2164.6,36.67999999999999,bent5pem
5811,2167.1,36.4275,bent5pem
5812,2169.6,36.1605,bent5pem
5813,2172.0,35.876999999999995,bent5pem
5814,2174.5,35.574,bent5pem
5815,2177.0,35.2625,bent5pem
5816,2179.4,34.9545,bent5pem
5817,2181.9,34.6465,bent5pem
5818,2184.4,34.3015,bent5pem
5819,2186.8,33.9665,bent5pem
5820,2189.3,33.638,bent5pem
5821,2191.7,33.3085,bent5pem
5822,2194.2,32.991,bent5pem
5823,2196.6,32.698,bent5pem
5824,2199.1,32.444,bent5pem
5825,2201.5,32.26950000000001,bent5pem
5826,2204.0,32.16,bent5pem
5827,2206.4,32.1325,bent5pem
5828,2208.9,32.1845,bent5pem
5829,2211.3,32.302,bent5pem
5830,2213.7,32.475,bent5pem
5831,2216.1,32.6495,bent5pem
5832,2218.6,32.847,bent5pem
5833,2221.0,33.05599999999999,bent5pem
5834,2223.4,33.2645,bent5pem
5835,2225.8,33.447500000000005,bent5pem
5836,2228.2,33.6135,bent5pem
5837,2230.6,33.764,bent5pem
5838,2233.1,33.8905,bent5pem
5839,2235.5,34.011,bent5pem
5840,2237.9,34.160000000000004,bent5pem
5841,2240.3,34.306,bent5pem
5842,2242.7,34.422999999999995,bent5pem
5843,2245.1,34.5225,bent5pem
5844,2247.5,34.618,bent5pem
5845,2249.9,34.687,bent5pem
5846,2252.2,34.753499999999995,bent5pem
5847,2254.6,34.818,bent5pem
5848,2257.0,34.84949999999999,bent5pem
5849,2259.4,34.8635,bent5pem
5850,2261.8,34.88850000000001,bent5pem
5851,2264.1,34.902,bent5pem
5852,2266.5,34.8915,bent5pem
5853,2268.9,34.8985,bent5pem
5854,2271.2,34.8955,bent5pem
5855,2273.6,34.8525,bent5pem
5856,2276.0,34.831500000000005,bent5pem
5857,2278.3,34.809999999999995,bent5pem
5858,2280.7,34.7615,bent5pem
5859,2283.0,34.7135,bent5pem
5860,2285.4,34.671499999999995,bent5pem
5861,2287.7,34.60850000000001,bent5pem
5862,2290.1,34.5415,bent5pem
5863,2292.4,34.4885,bent5pem
5864,2294.8,34.405,bent5pem
5865,2297.1,34.3325,bent5pem
5866,2299.4,34.25750000000001,bent5pem
5867,2301.8,34.185500000000005,bent5pem
5868,2304.1,34.12399999999999,bent5pem
5869,2306.4,34.061499999999995,bent5pem
5870,2308.7,34.004000000000005,bent5pem
5871,2311.1,33.955,bent5pem
5872,2313.4,33.932,bent5pem
5873,2315.7,33.896,bent5pem
5874,2318.0,33.854499999999994,bent5pem
5875,2320.3,33.8085,bent5pem
5876,2322.6,33.766,bent5pem
5877,2324.9,33.717,bent5pem
5878,2327.2,33.654,bent5pem
5879,2329.5,33.58399999999999,bent5pem
5880,2331.8,33.522000000000006,bent5pem
5881,2334.1,33.453500000000005,bent5pem
5882,2336.4,33.346000000000004,bent5pem
5883,2338.7,33.2445,bent5pem
5884,2341.0,33.17550000000001,bent5pem
5885,2343.2,33.094,bent5pem
5886,2345.5,32.99699999999999,bent5pem
5887,2347.8,32.916000000000004,bent5pem
5888,2350.1,32.82100000000001,bent5pem
5889,2352.4,32.755,bent5pem
5890,2354.6,32.6945,bent5pem
5891,2356.9,32.611000000000004,bent5pem
5892,2359.1,32.526500000000006,bent5pem
5893,2361.4,32.478,bent5pem
5894,2363.7,32.410999999999994,bent5pem
5895,2365.9,32.3425,bent5pem
5896,2368.2,32.292,bent5pem
5897,2370.4,32.224,bent5pem
5898,2372.7,32.1445,bent5pem
5899,2374.9,32.0555,bent5pem
5900,2377.2,31.9725,bent5pem
5901,2379.4,31.8875,bent5pem
5902,2381.6,31.805,bent5pem
5903,2383.9,31.728,bent5pem
5904,2386.1,31.623,bent5pem
5905,2388.3,31.515500000000003,bent5pem
5906,2390.6,31.426,bent5pem
5907,2392.8,31.322,bent5pem
5908,2395.0,31.221,bent5pem
5909,2397.2,31.13150000000001,bent5pem
5910,2399.4,31.029999999999998,bent5pem
5911,2401.6,30.9125,bent5pem
5912,2403.9,30.805499999999995,bent5pem
5913,2406.1,30.7075,bent5pem
5914,2408.3,30.6295,bent5pem
5915,2410.5,30.5085,bent5pem
5916,2412.7,30.3795,bent5pem
5917,2414.9,30.246500000000005,bent5pem
5918,2417.1,30.1335,bent5pem
5919,2419.2,30.041500000000003,bent5pem
5920,2421.4,29.9195,bent5pem
5921,2423.6,29.793499999999995,bent5pem
5922,2425.8,29.677,bent5pem
5923,2428.0,29.5755,bent5pem
5924,2430.2,29.455,bent5pem
5925,2432.3,29.3145,bent5pem
5926,2434.5,29.186499999999995,bent5pem
5927,2436.7,29.0785,bent5pem
5928,2438.8,28.973000000000003,bent5pem
5929,2441.0,28.853500000000004,bent5pem
5930,2443.2,28.7315,bent5pem
5931,2445.3,28.628000000000004,bent5pem
5932,2447.5,28.51,bent5pem
5933,2449.6,28.401,bent5pem
5934,2451.8,28.287,bent5pem
5935,2453.9,28.1885,bent5pem
5936,2456.1,28.119,bent5pem
5937,2458.2,28.0575,bent5pem
5938,2460.4,27.985000000000003,bent5pem
5939,2462.5,27.892000000000003,bent5pem
5940,2464.6,27.8025,bent5pem
5941,2466.8,27.7425,bent5pem
5942,2468.9,27.690000000000005,bent5pem
5943,2471.0,27.6345,bent5pem
5944,2473.1,27.599999999999994,bent5pem
5945,2475.2,27.5425,bent5pem
5946,2477.4,27.4865,bent5pem
5947,2479.5,27.4395,bent5pem
5948,2481.6,27.391,bent5pem
5949,2483.7,27.339500000000005,bent5pem
5950,2485.8,27.303,bent5pem
5951,2487.9,27.263,bent5pem
5952,2490.0,27.223000000000003,bent5pem
5953,2492.1,27.182500000000005,bent5pem
5954,2494.2,27.1515,bent5pem
5955,2496.3,27.102,bent5pem
5956,2498.4,27.082,bent5pem
5957,2500.5,27.0535,bent5pem
5958,2502.6,27.0255,bent5pem
5959,2504.7,27.007,bent5pem
5960,2506.7,27.0,bent5pem
5961,2508.8,26.972500000000004,bent5pem
5962,2510.9,26.9745,bent5pem
5963,2513.0,27.065,bent5pem
5964,339.3,23.2055,bent5ppfm
5965,340.8,21.905,bent5ppfm
5966,342.3,21.019,bent5ppfm
5967,343.7,20.005000000000003,bent5ppfm
5968,345.2,19.878,bent5ppfm
5969,346.7,19.271500000000003,bent5ppfm
5970,348.1,18.825,bent5ppfm
5971,349.6,18.395499999999995,bent5ppfm
5972,351.1,18.089,bent5ppfm
5973,352.5,17.659,bent5ppfm
5974,354.0,17.6055,bent5ppfm
5975,355.5,17.502000000000002,bent5ppfm
5976,357.0,17.445500000000003,bent5ppfm
5977,358.4,17.228,bent5ppfm
5978,359.9,17.056500000000003,bent5ppfm
5979,361.4,16.9735,bent5ppfm
5980,362.8,16.866500000000002,bent5ppfm
5981,364.3,17.041,bent5ppfm
5982,365.8,17.094,bent5ppfm
5983,367.2,17.1455,bent5ppfm
5984,368.7,17.124999999999996,bent5ppfm
5985,370.1,17.2065,bent5ppfm
5986,371.6,17.2685,bent5ppfm
5987,373.1,17.357,bent5ppfm
5988,374.5,17.441499999999998,bent5ppfm
5989,376.0,17.494,bent5ppfm
5990,377.5,17.625,bent5ppfm
5991,378.9,17.762,bent5ppfm
5992,380.4,17.8795,bent5ppfm
5993,381.9,18.0015,bent5ppfm
5994,383.3,18.0925,bent5ppfm
5995,384.8,18.185,bent5ppfm
5996,386.2,18.3035,bent5ppfm
5997,387.7,18.4265,bent5ppfm
5998,389.2,18.481,bent5ppfm
5999,390.6,18.595,bent5ppfm
6000,392.1,18.639,bent5ppfm
6001,393.6,18.6655,bent5ppfm
6002,395.0,18.757,bent5ppfm
6003,396.5,18.8195,bent5ppfm
6004,397.9,18.915,bent5ppfm
6005,399.4,19.0205,bent5ppfm
6006,400.9,19.113,bent5ppfm
6007,402.3,19.171,bent5ppfm
6008,403.8,19.2235,bent5ppfm
6009,405.2,19.309499999999996,bent5ppfm
6010,406.7,19.377,bent5ppfm
6011,408.1,19.466999999999995,bent5ppfm
6012,409.6,19.575,bent5ppfm
6013,411.1,19.67,bent5ppfm
6014,412.5,19.774,bent5ppfm
6015,414.0,19.868,bent5ppfm
6016,415.4,19.986,bent5ppfm
6017,416.9,20.09,bent5ppfm
6018,418.3,20.2185,bent5ppfm
6019,419.8,20.365,bent5ppfm
6020,421.2,20.502,bent5ppfm
6021,422.7,20.656,bent5ppfm
6022,424.1,20.8125,bent5ppfm
6023,425.6,20.983,bent5ppfm
6024,427.0,21.1355,bent5ppfm
6025,428.5,21.313,bent5ppfm
6026,429.9,21.484,bent5ppfm
6027,431.4,21.66,bent5ppfm
6028,432.8,21.8255,bent5ppfm
6029,434.3,21.9965,bent5ppfm
6030,435.7,22.1545,bent5ppfm
6031,437.2,22.325,bent5ppfm
6032,438.6,22.4865,bent5ppfm
6033,440.1,22.660499999999995,bent5ppfm
6034,441.5,22.832500000000003,bent5ppfm
6035,443.0,23.0075,bent5ppfm
6036,444.4,23.178,bent5ppfm
6037,445.8,23.344500000000004,bent5ppfm
6038,447.3,23.515,bent5ppfm
6039,448.7,23.6835,bent5ppfm
6040,450.2,23.842,bent5ppfm
6041,451.6,24.003499999999995,bent5ppfm
6042,453.0,24.1605,bent5ppfm
6043,454.5,24.323,bent5ppfm
6044,455.9,24.475,bent5ppfm
6045,457.4,24.631,bent5ppfm
6046,458.8,24.7765,bent5ppfm
6047,460.2,24.9125,bent5ppfm
6048,461.7,25.050500000000003,bent5ppfm
6049,463.1,25.178,bent5ppfm
6050,464.5,25.324,bent5ppfm
6051,466.0,25.451,bent5ppfm
6052,467.4,25.5805,bent5ppfm
6053,468.9,25.6975,bent5ppfm
6054,470.3,25.815000000000005,bent5ppfm
6055,471.7,25.934000000000005,bent5ppfm
6056,473.1,26.0535,bent5ppfm
6057,474.6,26.163000000000004,bent5ppfm
6058,476.0,26.2845,bent5ppfm
6059,477.4,26.409,bent5ppfm
6060,478.9,26.528,bent5ppfm
6061,480.3,26.6525,bent5ppfm
6062,481.7,26.7705,bent5ppfm
6063,483.1,26.89550000000001,bent5ppfm
6064,484.6,27.0085,bent5ppfm
6065,486.0,27.125,bent5ppfm
6066,487.4,27.239000000000004,bent5ppfm
6067,488.9,27.359500000000004,bent5ppfm
6068,490.3,27.472500000000004,bent5ppfm
6069,491.7,27.579999999999995,bent5ppfm
6070,493.1,27.6895,bent5ppfm
6071,494.5,27.7865,bent5ppfm
6072,496.0,27.8815,bent5ppfm
6073,497.4,27.982,bent5ppfm
6074,498.8,28.0815,bent5ppfm
6075,500.2,28.177,bent5ppfm
6076,501.6,28.273000000000003,bent5ppfm
6077,503.1,28.3615,bent5ppfm
6078,504.5,28.4535,bent5ppfm
6079,505.9,28.5475,bent5ppfm
6080,507.3,28.647,bent5ppfm
6081,508.7,28.74450000000001,bent5ppfm
6082,510.1,28.84249999999999,bent5ppfm
6083,511.6,28.944999999999997,bent5ppfm
6084,513.0,29.0465,bent5ppfm
6085,514.4,29.147,bent5ppfm
6086,515.8,29.246500000000005,bent5ppfm
6087,517.2,29.3495,bent5ppfm
6088,518.6,29.4485,bent5ppfm
6089,520.0,29.5525,bent5ppfm
6090,521.5,29.654000000000003,bent5ppfm
6091,522.9,29.748,bent5ppfm
6092,524.3,29.843,bent5ppfm
6093,525.7,29.9315,bent5ppfm
6094,527.1,30.022,bent5ppfm
6095,528.5,30.12,bent5ppfm
6096,529.9,30.21,bent5ppfm
6097,531.3,30.291500000000003,bent5ppfm
6098,532.7,30.3695,bent5ppfm
6099,534.1,30.440500000000004,bent5ppfm
6100,535.5,30.519,bent5ppfm
6101,536.9,30.604499999999994,bent5ppfm
6102,538.3,30.684999999999995,bent5ppfm
6103,539.7,30.7695,bent5ppfm
6104,541.1,30.8555,bent5ppfm
6105,542.5,30.939000000000004,bent5ppfm
6106,544.0,31.017000000000003,bent5ppfm
6107,545.3,31.097500000000004,bent5ppfm
6108,546.8,31.179,bent5ppfm
6109,548.2,31.25599999999999,bent5ppfm
6110,549.5,31.339,bent5ppfm
6111,550.9,31.418000000000006,bent5ppfm
6112,552.3,31.497499999999995,bent5ppfm
6113,553.7,31.569,bent5ppfm
6114,555.1,31.6425,bent5ppfm
6115,556.5,31.729,bent5ppfm
6116,557.9,31.817999999999994,bent5ppfm
6117,559.3,31.908,bent5ppfm
6118,560.7,31.990500000000004,bent5ppfm
6119,562.1,32.0715,bent5ppfm
6120,563.5,32.1535,bent5ppfm
6121,564.9,32.233999999999995,bent5ppfm
6122,566.3,32.31999999999999,bent5ppfm
6123,567.7,32.4045,bent5ppfm
6124,569.1,32.489000000000004,bent5ppfm
6125,570.5,32.57399999999999,bent5ppfm
6126,571.8,32.6575,bent5ppfm
6127,573.2,32.74300000000001,bent5ppfm
6128,574.6,32.82549999999999,bent5ppfm
6129,576.0,32.9125,bent5ppfm
6130,577.4,32.999,bent5ppfm
6131,578.8,33.0795,bent5ppfm
6132,580.2,33.160000000000004,bent5ppfm
6133,581.5,33.2365,bent5ppfm
6134,582.9,33.3155,bent5ppfm
6135,584.3,33.389,bent5ppfm
6136,585.7,33.4565,bent5ppfm
6137,587.1,33.5245,bent5ppfm
6138,588.5,33.588,bent5ppfm
6139,589.8,33.6495,bent5ppfm
6140,591.2,33.703,bent5ppfm
6141,592.6,33.753,bent5ppfm
6142,594.0,33.802499999999995,bent5ppfm
6143,595.4,33.8435,bent5ppfm
6144,596.7,33.8825,bent5ppfm
6145,598.1,33.919500000000006,bent5ppfm
6146,599.5,33.9535,bent5ppfm
6147,600.9,33.986,bent5ppfm
6148,602.2,34.0185,bent5ppfm
6149,603.6,34.048,bent5ppfm
6150,605.0,34.081999999999994,bent5ppfm
6151,606.4,34.119,bent5ppfm
6152,607.7,34.161,bent5ppfm
6153,609.1,34.205499999999994,bent5ppfm
6154,610.5,34.25350000000001,bent5ppfm
6155,611.9,34.3045,bent5ppfm
6156,613.2,34.361000000000004,bent5ppfm
6157,614.6,34.4245,bent5ppfm
6158,616.0,34.4825,bent5ppfm
6159,617.3,34.54899999999999,bent5ppfm
6160,618.7,34.6165,bent5ppfm
6161,620.1,34.68449999999999,bent5ppfm
6162,621.5,34.75350000000001,bent5ppfm
6163,622.8,34.813,bent5ppfm
6164,624.2,34.875,bent5ppfm
6165,625.5,34.9365,bent5ppfm
6166,626.9,34.9985,bent5ppfm
6167,628.3,35.05650000000001,bent5ppfm
6168,629.6,35.107,bent5ppfm
6169,631.0,35.157000000000004,bent5ppfm
6170,632.4,35.199,bent5ppfm
6171,633.7,35.237,bent5ppfm
6172,635.1,35.27100000000001,bent5ppfm
6173,636.5,35.298,bent5ppfm
6174,637.8,35.32299999999999,bent5ppfm
6175,639.2,35.339000000000006,bent5ppfm
6176,640.5,35.348,bent5ppfm
6177,641.9,35.346,bent5ppfm
6178,643.2,35.335,bent5ppfm
6179,644.6,35.3165,bent5ppfm
6180,646.0,35.2915,bent5ppfm
6181,647.3,35.2655,bent5ppfm
6182,648.7,35.227999999999994,bent5ppfm
6183,650.0,35.178999999999995,bent5ppfm
6184,651.4,35.128,bent5ppfm
6185,652.7,35.07449999999999,bent5ppfm
6186,654.1,35.0215,bent5ppfm
6187,655.4,34.952,bent5ppfm
6188,656.8,34.8875,bent5ppfm
6189,658.1,34.815,bent5ppfm
6190,659.5,34.7425,bent5ppfm
6191,660.8,34.683499999999995,bent5ppfm
6192,662.2,34.6295,bent5ppfm
6193,663.5,34.58999999999999,bent5ppfm
6194,664.9,34.56099999999999,bent5ppfm
6195,666.2,34.554,bent5ppfm
6196,667.6,34.556,bent5ppfm
6197,668.9,34.58050000000001,bent5ppfm
6198,670.3,34.63000000000001,bent5ppfm
6199,671.6,34.6975,bent5ppfm
6200,673.0,34.787499999999994,bent5ppfm
6201,674.3,34.9055,bent5ppfm
6202,675.6,35.040000000000006,bent5ppfm
6203,677.0,35.17299999999999,bent5ppfm
6204,678.3,35.302,bent5ppfm
6205,679.7,35.439499999999995,bent5ppfm
6206,681.0,35.58800000000001,bent5ppfm
6207,682.3,35.7385,bent5ppfm
6208,683.7,35.8885,bent5ppfm
6209,685.0,36.036,bent5ppfm
6210,686.4,36.1795,bent5ppfm
6211,687.7,36.31750000000001,bent5ppfm
6212,689.0,36.459,bent5ppfm
6213,690.4,36.59649999999999,bent5ppfm
6214,691.7,36.7325,bent5ppfm
6215,693.0,36.86,bent5ppfm
6216,694.4,36.986,bent5ppfm
6217,695.7,37.12249999999999,bent5ppfm
6218,697.0,37.256,bent5ppfm
6219,698.4,37.38649999999999,bent5ppfm
6220,699.7,37.5175,bent5ppfm
6221,701.0,37.65,bent5ppfm
6222,702.4,37.781,bent5ppfm
6223,703.7,37.91050000000001,bent5ppfm
6224,705.0,38.035500000000006,bent5ppfm
6225,706.3,38.159000000000006,bent5ppfm
6226,707.7,38.27850000000001,bent5ppfm
6227,709.0,38.3985,bent5ppfm
6228,710.3,38.5145,bent5ppfm
6229,711.6,38.6285,bent5ppfm
6230,713.0,38.739,bent5ppfm
6231,714.3,38.841,bent5ppfm
6232,715.6,38.945,bent5ppfm
6233,716.9,39.04600000000001,bent5ppfm
6234,718.2,39.14649999999999,bent5ppfm
6235,719.6,39.2505,bent5ppfm
6236,720.9,39.351000000000006,bent5ppfm
6237,722.2,39.44499999999999,bent5ppfm
6238,723.5,39.5375,bent5ppfm
6239,724.8,39.6305,bent5ppfm
6240,726.2,39.7225,bent5ppfm
6241,727.5,39.81850000000001,bent5ppfm
6242,728.8,39.914,bent5ppfm
6243,730.1,40.002,bent5ppfm
6244,731.4,40.0865,bent5ppfm
6245,732.7,40.1685,bent5ppfm
6246,734.0,40.25,bent5ppfm
6247,735.3,40.33200000000001,bent5ppfm
6248,736.7,40.40950000000001,bent5ppfm
6249,738.0,40.488,bent5ppfm
6250,739.3,40.560500000000005,bent5ppfm
6251,740.6,40.6305,bent5ppfm
6252,741.9,40.702000000000005,bent5ppfm
6253,743.2,40.77250000000001,bent5ppfm
6254,744.5,40.8395,bent5ppfm
6255,745.8,40.9045,bent5ppfm
6256,747.1,40.9665,bent5ppfm
6257,748.4,41.027,bent5ppfm
6258,749.7,41.084,bent5ppfm
6259,751.0,41.141,bent5ppfm
6260,752.3,41.197,bent5ppfm
6261,753.6,41.25450000000001,bent5ppfm
6262,754.9,41.3115,bent5ppfm
6263,756.2,41.364,bent5ppfm
6264,757.5,41.4135,bent5ppfm
6265,758.8,41.4605,bent5ppfm
6266,760.1,41.5095,bent5ppfm
6267,761.4,41.5615,bent5ppfm
6268,762.7,41.6095,bent5ppfm
6269,764.0,41.656,bent5ppfm
6270,765.3,41.70200000000001,bent5ppfm
6271,766.6,41.7505,bent5ppfm
6272,767.9,41.7975,bent5ppfm
6273,769.2,41.8445,bent5ppfm
6274,770.4,41.8905,bent5ppfm
6275,771.7,41.938500000000005,bent5ppfm
6276,773.0,41.982000000000006,bent5ppfm
6277,774.3,42.029,bent5ppfm
6278,775.6,42.07350000000001,bent5ppfm
6279,776.9,42.116,bent5ppfm
6280,778.2,42.161,bent5ppfm
6281,779.4,42.2055,bent5ppfm
6282,780.7,42.255,bent5ppfm
6283,782.0,42.29750000000001,bent5ppfm
6284,783.3,42.3365,bent5ppfm
6285,784.5,42.38,bent5ppfm
6286,785.8,42.4205,bent5ppfm
6287,787.1,42.4625,bent5ppfm
6288,788.4,42.498,bent5ppfm
6289,789.7,42.540000000000006,bent5ppfm
6290,790.9,42.577,bent5ppfm
6291,792.2,42.6155,bent5ppfm
6292,793.5,42.66100000000001,bent5ppfm
6293,794.8,42.6945,bent5ppfm
6294,796.0,42.73,bent5ppfm
6295,797.3,42.760000000000005,bent5ppfm
6296,798.5,42.7995,bent5ppfm
6297,799.8,42.8335,bent5ppfm
6298,801.1,42.8655,bent5ppfm
6299,802.3,42.898,bent5ppfm
6300,803.6,42.93,bent5ppfm
6301,804.9,42.9615,bent5ppfm
6302,806.1,42.9915,bent5ppfm
6303,807.4,43.0225,bent5ppfm
6304,808.7,43.056,bent5ppfm
6305,809.9,43.084500000000006,bent5ppfm
6306,811.2,43.115,bent5ppfm
6307,812.4,43.145500000000006,bent5ppfm
6308,813.7,43.17,bent5ppfm
6309,815.0,43.1965,bent5ppfm
6310,816.2,43.2265,bent5ppfm
6311,817.5,43.249,bent5ppfm
6312,818.7,43.275,bent5ppfm
6313,820.0,43.3055,bent5ppfm
6314,821.2,43.3295,bent5ppfm
6315,822.5,43.356,bent5ppfm
6316,823.7,43.37849999999999,bent5ppfm
6317,825.0,43.398,bent5ppfm
6318,826.2,43.4175,bent5ppfm
6319,827.5,43.4465,bent5ppfm
6320,828.7,43.47099999999999,bent5ppfm
6321,829.9,43.4895,bent5ppfm
6322,831.2,43.5095,bent5ppfm
6323,832.4,43.529,bent5ppfm
6324,833.7,43.5455,bent5ppfm
6325,834.9,43.574,bent5ppfm
6326,836.1,43.59649999999999,bent5ppfm
6327,837.4,43.61150000000001,bent5ppfm
6328,838.6,43.64,bent5ppfm
6329,839.8,43.6625,bent5ppfm
6330,841.1,43.676,bent5ppfm
6331,842.3,43.69500000000001,bent5ppfm
6332,843.5,43.713,bent5ppfm
6333,844.8,43.731,bent5ppfm
6334,846.0,43.7515,bent5ppfm
6335,847.2,43.76950000000001,bent5ppfm
6336,848.5,43.782,bent5ppfm
6337,849.7,43.79900000000001,bent5ppfm
6338,850.9,43.81,bent5ppfm
6339,852.2,43.8395,bent5ppfm
6340,853.4,43.8525,bent5ppfm
6341,854.6,43.8785,bent5ppfm
6342,855.8,43.892,bent5ppfm
6343,857.0,43.909,bent5ppfm
6344,858.3,43.9205,bent5ppfm
6345,859.5,43.9305,bent5ppfm
6346,860.7,43.946000000000005,bent5ppfm
6347,861.9,43.96900000000001,bent5ppfm
6348,863.1,43.9895,bent5ppfm
6349,864.3,44.01199999999999,bent5ppfm
6350,865.5,44.0245,bent5ppfm
6351,866.8,44.0235,bent5ppfm
6352,868.0,44.032,bent5ppfm
6353,869.2,44.0575,bent5ppfm
6354,870.4,44.074,bent5ppfm
6355,871.6,44.091,bent5ppfm
6356,872.8,44.1105,bent5ppfm
6357,874.0,44.1195,bent5ppfm
6358,875.2,44.1275,bent5ppfm
6359,876.4,44.1425,bent5ppfm
6360,877.6,44.1495,bent5ppfm
6361,878.8,44.1665,bent5ppfm
6362,880.0,44.193,bent5ppfm
6363,881.2,44.2055,bent5ppfm
6364,882.4,44.21750000000001,bent5ppfm
6365,883.6,44.232,bent5ppfm
6366,884.8,44.247,bent5ppfm
6367,886.0,44.25750000000001,bent5ppfm
6368,887.2,44.288,bent5ppfm
6369,888.4,44.28699999999999,bent5ppfm
6370,889.6,44.3015,bent5ppfm
6371,890.8,44.319,bent5ppfm
6372,892.0,44.339,bent5ppfm
6373,893.2,44.354,bent5ppfm
6374,894.3,44.364,bent5ppfm
6375,895.5,44.368,bent5ppfm
6376,896.7,44.377,bent5ppfm
6377,897.9,44.3865,bent5ppfm
6378,899.1,44.4095,bent5ppfm
6379,900.3,44.434,bent5ppfm
6380,901.5,44.45,bent5ppfm
6381,902.6,44.4705,bent5ppfm
6382,903.8,44.4635,bent5ppfm
6383,905.0,44.4685,bent5ppfm
6384,906.2,44.4845,bent5ppfm
6385,907.4,44.489,bent5ppfm
6386,908.5,44.518,bent5ppfm
6387,909.7,44.534,bent5ppfm
6388,910.9,44.5425,bent5ppfm
6389,912.1,44.561,bent5ppfm
6390,913.2,44.56,bent5ppfm
6391,914.4,44.578,bent5ppfm
6392,915.6,44.5875,bent5ppfm
6393,916.8,44.603,bent5ppfm
6394,917.9,44.635000000000005,bent5ppfm
6395,919.1,44.6445,bent5ppfm
6396,920.2,44.67250000000001,bent5ppfm
6397,921.4,44.6925,bent5ppfm
6398,922.6,44.6745,bent5ppfm
6399,923.8,44.71,bent5ppfm
6400,924.9,44.724,bent5ppfm
6401,926.1,44.743,bent5ppfm
6402,927.2,44.7415,bent5ppfm
6403,928.4,44.76499999999999,bent5ppfm
6404,929.6,44.7715,bent5ppfm
6405,930.7,44.78,bent5ppfm
6406,931.9,44.802,bent5ppfm
6407,933.0,44.810500000000005,bent5ppfm
6408,934.2,44.82300000000001,bent5ppfm
6409,935.3,44.8505,bent5ppfm
6410,936.5,44.844,bent5ppfm
6411,937.7,44.867,bent5ppfm
6412,938.8,44.873,bent5ppfm
6413,940.0,44.8755,bent5ppfm
6414,941.1,44.8945,bent5ppfm
6415,942.3,44.92850000000001,bent5ppfm
6416,943.4,44.9105,bent5ppfm
6417,944.6,44.9395,bent5ppfm
6418,945.7,44.949,bent5ppfm
6419,946.9,44.965500000000006,bent5ppfm
6420,948.0,44.966,bent5ppfm
6421,949.2,44.98950000000001,bent5ppfm
6422,950.3,45.008,bent5ppfm
6423,951.5,45.014,bent5ppfm
6424,952.6,45.005500000000005,bent5ppfm
6425,953.8,45.0015,bent5ppfm
6426,954.9,45.0215,bent5ppfm
6427,956.1,45.052,bent5ppfm
6428,957.2,45.0615,bent5ppfm
6429,958.3,45.09749999999999,bent5ppfm
6430,959.5,45.0765,bent5ppfm
6431,960.6,45.071,bent5ppfm
6432,961.8,45.0335,bent5ppfm
6433,962.9,45.07600000000001,bent5ppfm
6434,964.1,45.109,bent5ppfm
6435,965.2,45.126,bent5ppfm
6436,966.3,45.1705,bent5ppfm
6437,967.5,45.167,bent5ppfm
6438,968.6,45.182,bent5ppfm
6439,969.8,45.179,bent5ppfm
6440,970.9,45.208,bent5ppfm
6441,972.1,45.1895,bent5ppfm
6442,973.2,45.202000000000005,bent5ppfm
6443,974.3,45.2185,bent5ppfm
6444,975.5,45.21750000000001,bent5ppfm
6445,976.6,45.2745,bent5ppfm
6446,977.8,45.2745,bent5ppfm
6447,978.9,45.3025,bent5ppfm
6448,980.0,45.267,bent5ppfm
6449,981.2,45.26199999999999,bent5ppfm
6450,982.3,45.257000000000005,bent5ppfm
6451,983.5,45.273,bent5ppfm
6452,984.6,45.3445,bent5ppfm
6453,985.7,45.3435,bent5ppfm
6454,986.9,45.319,bent5ppfm
6455,988.0,45.307,bent5ppfm
6456,989.1,45.266000000000005,bent5ppfm
6457,992.0,45.673,bent5ppfm
6458,995.9,45.71150000000001,bent5ppfm
6459,999.7,45.7175,bent5ppfm
6460,1003.6,45.766,bent5ppfm
6461,1007.4,45.81099999999999,bent5ppfm
6462,1011.3,45.858,bent5ppfm
6463,1015.1,45.9025,bent5ppfm
6464,1019.0,45.92700000000001,bent5ppfm
6465,1022.8,45.959500000000006,bent5ppfm
6466,1026.7,45.9935,bent5ppfm
6467,1030.5,46.03699999999999,bent5ppfm
6468,1034.4,46.03699999999999,bent5ppfm
6469,1038.2,46.0915,bent5ppfm
6470,1042.1,46.14499999999999,bent5ppfm
6471,1045.9,46.157,bent5ppfm
6472,1049.7,46.208000000000006,bent5ppfm
6473,1053.6,46.17550000000001,bent5ppfm
6474,1057.4,46.26599999999999,bent5ppfm
6475,1061.2,46.2875,bent5ppfm
6476,1065.1,46.29350000000001,bent5ppfm
6477,1068.9,46.358,bent5ppfm
6478,1072.7,46.399,bent5ppfm
6479,1076.6,46.38649999999999,bent5ppfm
6480,1080.4,46.41499999999999,bent5ppfm
6481,1084.2,46.452,bent5ppfm
6482,1088.0,46.4975,bent5ppfm
6483,1091.8,46.517,bent5ppfm
6484,1095.7,46.5715,bent5ppfm
6485,1099.5,46.5955,bent5ppfm
6486,1103.3,46.618,bent5ppfm
6487,1107.1,46.648,bent5ppfm
6488,1110.9,46.66000000000001,bent5ppfm
6489,1114.8,46.7,bent5ppfm
6490,1118.6,46.697,bent5ppfm
6491,1122.4,46.75099999999999,bent5ppfm
6492,1126.2,46.794,bent5ppfm
6493,1130.0,46.804,bent5ppfm
6494,1133.8,46.813,bent5ppfm
6495,1137.6,46.8255,bent5ppfm
6496,1141.4,46.848,bent5ppfm
6497,1145.2,46.828,bent5ppfm
6498,1149.0,46.815000000000005,bent5ppfm
6499,1152.8,46.8255,bent5ppfm
6500,1156.6,46.86300000000001,bent5ppfm
6501,1160.4,46.8755,bent5ppfm
6502,1164.2,46.9365,bent5ppfm
6503,1168.0,46.94149999999999,bent5ppfm
6504,1171.8,46.99,bent5ppfm
6505,1175.6,47.0115,bent5ppfm
6506,1179.4,47.032,bent5ppfm
6507,1183.2,47.00599999999999,bent5ppfm
6508,1187.0,47.011,bent5ppfm
6509,1190.7,47.03099999999999,bent5ppfm
6510,1194.5,47.056,bent5ppfm
6511,1198.3,47.1285,bent5ppfm
6512,1202.1,47.147000000000006,bent5ppfm
6513,1205.9,47.1495,bent5ppfm
6514,1209.7,47.20049999999999,bent5ppfm
6515,1213.4,47.222,bent5ppfm
6516,1217.2,47.251000000000005,bent5ppfm
6517,1221.0,47.30499999999999,bent5ppfm
6518,1224.8,47.3535,bent5ppfm
6519,1228.5,47.41799999999999,bent5ppfm
6520,1232.3,47.4935,bent5ppfm
6521,1236.1,47.545,bent5ppfm
6522,1239.8,47.5455,bent5ppfm
6523,1243.6,47.636,bent5ppfm
6524,1247.4,47.685,bent5ppfm
6525,1251.1,47.684000000000005,bent5ppfm
6526,1254.9,47.76049999999999,bent5ppfm
6527,1258.7,47.81000000000001,bent5ppfm
6528,1262.4,47.836,bent5ppfm
6529,1266.2,47.8425,bent5ppfm
6530,1269.9,47.86,bent5ppfm
6531,1273.7,47.899,bent5ppfm
6532,1277.4,47.9435,bent5ppfm
6533,1281.2,47.997,bent5ppfm
6534,1284.9,47.96,bent5ppfm
6535,1288.7,48.020500000000006,bent5ppfm
6536,1292.4,47.9875,bent5ppfm
6537,1296.2,48.037,bent5ppfm
6538,1299.9,48.036,bent5ppfm
6539,1303.7,48.068,bent5ppfm
6540,1307.4,48.0705,bent5ppfm
6541,1311.2,48.081,bent5ppfm
6542,1314.9,48.068,bent5ppfm
6543,1318.7,48.088,bent5ppfm
6544,1322.4,48.063,bent5ppfm
6545,1326.1,48.066,bent5ppfm
6546,1329.9,48.0645,bent5ppfm
6547,1333.6,48.048,bent5ppfm
6548,1337.3,48.054,bent5ppfm
6549,1341.1,48.0355,bent5ppfm
6550,1344.8,48.0025,bent5ppfm
6551,1348.5,47.95249999999999,bent5ppfm
6552,1352.2,47.9075,bent5ppfm
6553,1356.0,47.838,bent5ppfm
6554,1359.7,47.754,bent5ppfm
6555,1363.4,47.6155,bent5ppfm
6556,1367.1,47.561,bent5ppfm
6557,1370.8,47.4275,bent5ppfm
6558,1374.6,47.24399999999999,bent5ppfm
6559,1378.3,46.955,bent5ppfm
6560,1382.0,46.624,bent5ppfm
6561,1385.7,46.18749999999999,bent5ppfm
6562,1389.4,45.675,bent5ppfm
6563,1393.1,45.0705,bent5ppfm
6564,1396.8,44.397000000000006,bent5ppfm
6565,1400.5,43.7155,bent5ppfm
6566,1404.2,43.147,bent5ppfm
6567,1407.9,42.7195,bent5ppfm
6568,1411.7,42.599,bent5ppfm
6569,1415.4,42.763000000000005,bent5ppfm
6570,1419.1,43.1695,bent5ppfm
6571,1422.8,43.6455,bent5ppfm
6572,1426.4,44.172,bent5ppfm
6573,1430.2,44.5995,bent5ppfm
6574,1433.8,44.9695,bent5ppfm
6575,1437.5,45.255,bent5ppfm
6576,1441.2,45.447,bent5ppfm
6577,1444.9,45.6155,bent5ppfm
6578,1448.6,45.7275,bent5ppfm
6579,1452.3,45.8265,bent5ppfm
6580,1456.0,45.8705,bent5ppfm
6581,1459.7,45.958,bent5ppfm
6582,1463.3,45.9715,bent5ppfm
6583,1467.0,46.14999999999999,bent5ppfm
6584,1470.7,46.252,bent5ppfm
6585,1474.4,46.39,bent5ppfm
6586,1478.1,46.4845,bent5ppfm
6587,1481.7,46.663,bent5ppfm
6588,1485.4,46.766,bent5ppfm
6589,1489.1,46.8455,bent5ppfm
6590,1492.8,46.9295,bent5ppfm
6591,1496.4,47.0295,bent5ppfm
6592,1500.1,47.13,bent5ppfm
6593,1503.8,47.2235,bent5ppfm
6594,1507.4,47.312,bent5ppfm
6595,1511.1,47.3955,bent5ppfm
6596,1514.7,47.48250000000001,bent5ppfm
6597,1518.4,47.5485,bent5ppfm
6598,1522.1,47.602500000000006,bent5ppfm
6599,1525.7,47.669,bent5ppfm
6600,1529.4,47.723,bent5ppfm
6601,1533.0,47.7725,bent5ppfm
6602,1536.7,47.828,bent5ppfm
6603,1540.3,47.871,bent5ppfm
6604,1544.0,47.9275,bent5ppfm
6605,1547.6,47.962,bent5ppfm
6606,1551.3,48.0275,bent5ppfm
6607,1554.9,48.0875,bent5ppfm
6608,1558.6,48.1095,bent5ppfm
6609,1562.2,48.165000000000006,bent5ppfm
6610,1565.8,48.20399999999999,bent5ppfm
6611,1569.5,48.2365,bent5ppfm
6612,1573.1,48.282,bent5ppfm
6613,1576.8,48.299,bent5ppfm
6614,1580.4,48.3335,bent5ppfm
6615,1584.0,48.3535,bent5ppfm
6616,1587.7,48.409000000000006,bent5ppfm
6617,1591.3,48.433,bent5ppfm
6618,1594.9,48.458,bent5ppfm
6619,1598.5,48.4865,bent5ppfm
6620,1602.2,48.526,bent5ppfm
6621,1605.8,48.5255,bent5ppfm
6622,1609.4,48.583000000000006,bent5ppfm
6623,1613.0,48.6075,bent5ppfm
6624,1616.7,48.639,bent5ppfm
6625,1620.3,48.6525,bent5ppfm
6626,1623.9,48.65499999999999,bent5ppfm
6627,1627.5,48.6775,bent5ppfm
6628,1631.1,48.688,bent5ppfm
6629,1634.7,48.7,bent5ppfm
6630,1638.3,48.7375,bent5ppfm
6631,1641.9,48.761,bent5ppfm
6632,1645.6,48.7635,bent5ppfm
6633,1649.2,48.787000000000006,bent5ppfm
6634,1652.8,48.807500000000005,bent5ppfm
6635,1656.4,48.7855,bent5ppfm
6636,1660.0,48.799,bent5ppfm
6637,1663.6,48.7945,bent5ppfm
6638,1667.2,48.7555,bent5ppfm
6639,1670.8,48.756,bent5ppfm
6640,1674.4,48.714,bent5ppfm
6641,1678.0,48.646,bent5ppfm
6642,1681.6,48.49700000000001,bent5ppfm
6643,1685.1,48.32600000000001,bent5ppfm
6644,1688.7,48.1345,bent5ppfm
6645,1692.3,47.96300000000001,bent5ppfm
6646,1695.9,47.80500000000001,bent5ppfm
6647,1699.5,47.67900000000001,bent5ppfm
6648,1703.1,47.577000000000005,bent5ppfm
6649,1706.7,47.539,bent5ppfm
6650,1710.2,47.5255,bent5ppfm
6651,1713.8,47.495000000000005,bent5ppfm
6652,1717.4,47.452,bent5ppfm
6653,1721.0,47.3385,bent5ppfm
6654,1724.5,47.274,bent5ppfm
6655,1728.1,47.2195,bent5ppfm
6656,1731.7,47.239,bent5ppfm
6657,1735.2,47.252,bent5ppfm
6658,1738.8,47.2885,bent5ppfm
6659,1742.4,47.366,bent5ppfm
6660,1745.9,47.43050000000001,bent5ppfm
6661,1749.5,47.483,bent5ppfm
6662,1753.1,47.474500000000006,bent5ppfm
6663,1756.6,47.4605,bent5ppfm
6664,1760.2,47.4095,bent5ppfm
6665,1763.8,47.439,bent5ppfm
6666,1767.3,47.415,bent5ppfm
6667,1770.9,47.409,bent5ppfm
6668,1774.4,47.4405,bent5ppfm
6669,1778.0,47.445,bent5ppfm
6670,1781.5,47.489,bent5ppfm
6671,1785.1,47.493,bent5ppfm
6672,1788.6,47.503,bent5ppfm
6673,1792.1,47.5235,bent5ppfm
6674,1795.7,47.5155,bent5ppfm
6675,1799.2,47.521,bent5ppfm
6676,1802.8,47.461,bent5ppfm
6677,1806.3,47.482000000000006,bent5ppfm
6678,1809.8,47.488,bent5ppfm
6679,1813.4,47.4545,bent5ppfm
6680,1816.9,47.471,bent5ppfm
6681,1820.4,47.3945,bent5ppfm
6682,1824.0,47.446,bent5ppfm
6683,1827.5,47.4505,bent5ppfm
6684,1831.0,47.479000000000006,bent5ppfm
6685,1834.6,47.48100000000001,bent5ppfm
6686,1838.1,47.49900000000001,bent5ppfm
6687,1841.6,47.498000000000005,bent5ppfm
6688,1845.1,47.4945,bent5ppfm
6689,1848.6,47.4665,bent5ppfm
6690,1852.2,47.43750000000001,bent5ppfm
6691,1855.7,47.3405,bent5ppfm
6692,1859.2,47.235,bent5ppfm
6693,1862.7,47.0505,bent5ppfm
6694,1866.2,46.733,bent5ppfm
6695,1869.7,46.30449999999999,bent5ppfm
6696,1873.2,45.7505,bent5ppfm
6697,1876.7,45.0685,bent5ppfm
6698,1880.2,44.169,bent5ppfm
6699,1883.7,43.0215,bent5ppfm
6700,1887.2,41.5485,bent5ppfm
6701,1890.7,39.88100000000001,bent5ppfm
6702,1894.2,38.223000000000006,bent5ppfm
6703,1897.7,36.756,bent5ppfm
6704,1902.7,35.389500000000005,bent5ppfm
6705,1905.5,34.9815,bent5ppfm
6706,1908.2,34.924,bent5ppfm
6707,1911.0,35.132,bent5ppfm
6708,1913.7,35.4785,bent5ppfm
6709,1916.5,35.859,bent5ppfm
6710,1919.2,36.26450000000001,bent5ppfm
6711,1921.9,36.675,bent5ppfm
6712,1924.7,37.041,bent5ppfm
6713,1927.4,37.359,bent5ppfm
6714,1930.1,37.6155,bent5ppfm
6715,1932.9,37.8055,bent5ppfm
6716,1935.6,37.9575,bent5ppfm
6717,1938.3,38.103,bent5ppfm
6718,1941.0,38.2505,bent5ppfm
6719,1943.7,38.3935,bent5ppfm
6720,1946.4,38.53349999999999,bent5ppfm
6721,1949.2,38.693,bent5ppfm
6722,1951.9,38.8595,bent5ppfm
6723,1954.6,39.0525,bent5ppfm
6724,1957.3,39.239,bent5ppfm
6725,1960.0,39.423,bent5ppfm
6726,1962.7,39.615,bent5ppfm
6727,1965.4,39.795,bent5ppfm
6728,1968.1,39.969,bent5ppfm
6729,1970.7,40.157,bent5ppfm
6730,1973.4,40.3505,bent5ppfm
6731,1976.1,40.541,bent5ppfm
6732,1978.8,40.747,bent5ppfm
6733,1981.5,40.970000000000006,bent5ppfm
6734,1984.1,41.196,bent5ppfm
6735,1986.8,41.43,bent5ppfm
6736,1989.5,41.686,bent5ppfm
6737,1992.1,41.947,bent5ppfm
6738,1994.8,42.208,bent5ppfm
6739,1997.5,42.4495,bent5ppfm
6740,2000.1,42.686,bent5ppfm
6741,2002.8,42.908,bent5ppfm
6742,2005.4,43.133,bent5ppfm
6743,2008.1,43.364,bent5ppfm
6744,2010.7,43.59,bent5ppfm
6745,2013.4,43.806,bent5ppfm
6746,2016.0,43.978,bent5ppfm
6747,2018.6,44.1405,bent5ppfm
6748,2021.3,44.3015,bent5ppfm
6749,2023.9,44.457,bent5ppfm
6750,2026.5,44.606,bent5ppfm
6751,2029.2,44.7295,bent5ppfm
6752,2031.8,44.831500000000005,bent5ppfm
6753,2034.4,44.9355,bent5ppfm
6754,2037.0,45.02550000000001,bent5ppfm
6755,2039.7,45.09949999999999,bent5ppfm
6756,2042.3,45.175,bent5ppfm
6757,2044.9,45.23899999999999,bent5ppfm
6758,2047.5,45.288,bent5ppfm
6759,2050.1,45.34049999999999,bent5ppfm
6760,2052.7,45.377500000000005,bent5ppfm
6761,2055.3,45.4065,bent5ppfm
6762,2057.9,45.447,bent5ppfm
6763,2060.5,45.4825,bent5ppfm
6764,2063.1,45.5055,bent5ppfm
6765,2065.7,45.539,bent5ppfm
6766,2068.3,45.57,bent5ppfm
6767,2070.9,45.6005,bent5ppfm
6768,2073.4,45.63099999999999,bent5ppfm
6769,2076.0,45.646,bent5ppfm
6770,2078.6,45.6595,bent5ppfm
6771,2081.2,45.6815,bent5ppfm
6772,2083.7,45.683,bent5ppfm
6773,2086.3,45.67999999999999,bent5ppfm
6774,2088.9,45.7025,bent5ppfm
6775,2091.4,45.7365,bent5ppfm
6776,2094.0,45.7385,bent5ppfm
6777,2096.6,45.7645,bent5ppfm
6778,2099.1,45.79950000000001,bent5ppfm
6779,2101.6,45.836,bent5ppfm
6780,2104.2,45.879000000000005,bent5ppfm
6781,2106.8,45.894,bent5ppfm
6782,2109.3,45.924,bent5ppfm
6783,2111.8,45.9905,bent5ppfm
6784,2114.4,46.06150000000001,bent5ppfm
6785,2116.9,46.13000000000001,bent5ppfm
6786,2119.4,46.1775,bent5ppfm
6787,2122.0,46.225,bent5ppfm
6788,2124.5,46.2565,bent5ppfm
6789,2127.0,46.263,bent5ppfm
6790,2129.6,46.264,bent5ppfm
6791,2132.1,46.276,bent5ppfm
6792,2134.6,46.251,bent5ppfm
6793,2137.1,46.205,bent5ppfm
6794,2139.6,46.174,bent5ppfm
6795,2142.1,46.117,bent5ppfm
6796,2144.6,46.042,bent5ppfm
6797,2147.1,45.9555,bent5ppfm
6798,2149.6,45.849,bent5ppfm
6799,2152.1,45.7265,bent5ppfm
6800,2154.6,45.566,bent5ppfm
6801,2157.1,45.3665,bent5ppfm
6802,2159.6,45.1335,bent5ppfm
6803,2162.1,44.8835,bent5ppfm
6804,2164.6,44.603,bent5ppfm
6805,2167.1,44.301,bent5ppfm
6806,2169.6,43.95399999999999,bent5ppfm
6807,2172.0,43.6055,bent5ppfm
6808,2174.5,43.227500000000006,bent5ppfm
6809,2177.0,42.821000000000005,bent5ppfm
6810,2179.4,42.429,bent5ppfm
6811,2181.9,42.01899999999999,bent5ppfm
6812,2184.4,41.5955,bent5ppfm
6813,2186.8,41.1755,bent5ppfm
6814,2189.3,40.76450000000001,bent5ppfm
6815,2191.7,40.354,bent5ppfm
6816,2194.2,39.96750000000001,bent5ppfm
6817,2196.6,39.6295,bent5ppfm
6818,2199.1,39.328,bent5ppfm
6819,2201.5,39.0895,bent5ppfm
6820,2204.0,38.9515,bent5ppfm
6821,2206.4,38.908,bent5ppfm
6822,2208.9,38.95299999999999,bent5ppfm
6823,2211.3,39.084,bent5ppfm
6824,2213.7,39.2595,bent5ppfm
6825,2216.1,39.491,bent5ppfm
6826,2218.6,39.746500000000005,bent5ppfm
6827,2221.0,39.9775,bent5ppfm
6828,2223.4,40.2045,bent5ppfm
6829,2225.8,40.4225,bent5ppfm
6830,2228.2,40.621,bent5ppfm
6831,2230.6,40.795,bent5ppfm
6832,2233.1,40.9665,bent5ppfm
6833,2235.5,41.1255,bent5ppfm
6834,2237.9,41.265,bent5ppfm
6835,2240.3,41.38699999999999,bent5ppfm
6836,2242.7,41.492,bent5ppfm
6837,2245.1,41.5895,bent5ppfm
6838,2247.5,41.62949999999999,bent5ppfm
6839,2249.9,41.6365,bent5ppfm
6840,2252.2,41.629000000000005,bent5ppfm
6841,2254.6,41.5875,bent5ppfm
6842,2257.0,41.5115,bent5ppfm
6843,2259.4,41.428,bent5ppfm
6844,2261.8,41.31850000000001,bent5ppfm
6845,2264.1,41.193000000000005,bent5ppfm
6846,2266.5,41.068,bent5ppfm
6847,2268.9,40.941,bent5ppfm
6848,2271.2,40.83149999999999,bent5ppfm
6849,2273.6,40.73,bent5ppfm
6850,2276.0,40.657,bent5ppfm
6851,2278.3,40.6215,bent5ppfm
6852,2280.7,40.5825,bent5ppfm
6853,2283.0,40.540000000000006,bent5ppfm
6854,2285.4,40.5185,bent5ppfm
6855,2287.7,40.4725,bent5ppfm
6856,2290.1,40.409,bent5ppfm
6857,2292.4,40.3205,bent5ppfm
6858,2294.8,40.174,bent5ppfm
6859,2297.1,40.0035,bent5ppfm
6860,2299.4,39.823,bent5ppfm
6861,2301.8,39.627500000000005,bent5ppfm
6862,2304.1,39.41199999999999,bent5ppfm
6863,2306.4,39.22599999999999,bent5ppfm
6864,2308.7,39.092,bent5ppfm
6865,2311.1,38.9945,bent5ppfm
6866,2313.4,38.919,bent5ppfm
6867,2315.7,38.8785,bent5ppfm
6868,2318.0,38.86099999999999,bent5ppfm
6869,2320.3,38.84799999999999,bent5ppfm
6870,2322.6,38.849500000000006,bent5ppfm
6871,2324.9,38.86,bent5ppfm
6872,2327.2,38.8415,bent5ppfm
6873,2329.5,38.8085,bent5ppfm
6874,2331.8,38.7555,bent5ppfm
6875,2334.1,38.6815,bent5ppfm
6876,2336.4,38.5905,bent5ppfm
6877,2338.7,38.4895,bent5ppfm
6878,2341.0,38.382,bent5ppfm
6879,2343.2,38.24700000000001,bent5ppfm
6880,2345.5,38.105,bent5ppfm
6881,2347.8,37.968500000000006,bent5ppfm
6882,2350.1,37.853,bent5ppfm
6883,2352.4,37.74,bent5ppfm
6884,2354.6,37.613,bent5ppfm
6885,2356.9,37.5445,bent5ppfm
6886,2359.1,37.4935,bent5ppfm
6887,2361.4,37.4615,bent5ppfm
6888,2363.7,37.407500000000006,bent5ppfm
6889,2365.9,37.3665,bent5ppfm
6890,2368.2,37.334,bent5ppfm
6891,2370.4,37.292,bent5ppfm
6892,2372.7,37.2255,bent5ppfm
6893,2374.9,37.169,bent5ppfm
6894,2377.2,37.1165,bent5ppfm
6895,2379.4,37.0755,bent5ppfm
6896,2381.6,37.0045,bent5ppfm
6897,2383.9,36.918,bent5ppfm
6898,2386.1,36.828,bent5ppfm
6899,2388.3,36.744,bent5ppfm
6900,2390.6,36.629000000000005,bent5ppfm
6901,2392.8,36.50300000000001,bent5ppfm
6902,2395.0,36.405,bent5ppfm
6903,2397.2,36.309,bent5ppfm
6904,2399.4,36.2095,bent5ppfm
6905,2401.6,36.109,bent5ppfm
6906,2403.9,36.0455,bent5ppfm
6907,2406.1,35.9425,bent5ppfm
6908,2408.3,35.8385,bent5ppfm
6909,2410.5,35.73099999999999,bent5ppfm
6910,2412.7,35.634,bent5ppfm
6911,2414.9,35.50599999999999,bent5ppfm
6912,2417.1,35.3715,bent5ppfm
6913,2419.2,35.251000000000005,bent5ppfm
6914,2421.4,35.128,bent5ppfm
6915,2423.6,34.997,bent5ppfm
6916,2425.8,34.8875,bent5ppfm
6917,2428.0,34.7465,bent5ppfm
6918,2430.2,34.596500000000006,bent5ppfm
6919,2432.3,34.490500000000004,bent5ppfm
6920,2434.5,34.401,bent5ppfm
6921,2436.7,34.302,bent5ppfm
6922,2438.8,34.15850000000001,bent5ppfm
6923,2441.0,34.032,bent5ppfm
6924,2443.2,33.8935,bent5ppfm
6925,2445.3,33.742,bent5ppfm
6926,2447.5,33.58200000000001,bent5ppfm
6927,2449.6,33.441500000000005,bent5ppfm
6928,2451.8,33.278,bent5ppfm
6929,2453.9,33.1335,bent5ppfm
6930,2456.1,33.0075,bent5ppfm
6931,2458.2,32.895,bent5ppfm
6932,2460.4,32.783500000000004,bent5ppfm
6933,2462.5,32.68750000000001,bent5ppfm
6934,2464.6,32.57350000000001,bent5ppfm
6935,2466.8,32.54,bent5ppfm
6936,2468.9,32.5575,bent5ppfm
6937,2471.0,32.553000000000004,bent5ppfm
6938,2473.1,32.5455,bent5ppfm
6939,2475.2,32.5375,bent5ppfm
6940,2477.4,32.515,bent5ppfm
6941,2479.5,32.521,bent5ppfm
6942,2481.6,32.523500000000006,bent5ppfm
6943,2483.7,32.49399999999999,bent5ppfm
6944,2485.8,32.484500000000004,bent5ppfm
6945,2487.9,32.442,bent5ppfm
6946,2490.0,32.402,bent5ppfm
6947,2492.1,32.429,bent5ppfm
6948,2494.2,32.410000000000004,bent5ppfm
6949,2496.3,32.36899999999999,bent5ppfm
6950,2498.4,32.3765,bent5ppfm
6951,2500.5,32.3315,bent5ppfm
6952,2502.6,32.249,bent5ppfm
6953,2504.7,32.1965,bent5ppfm
6954,2506.7,32.23499999999999,bent5ppfm
6955,2508.8,32.267999999999994,bent5ppfm
6956,2510.9,32.2835,bent5ppfm
6957,2513.0,32.2895,bent5ppfm
6958,339.3,18.834,bent5ppfr
6959,340.8,18.5155,bent5ppfr
6960,342.3,18.122000000000003,bent5ppfr
6961,343.7,17.3465,bent5ppfr
6962,345.2,16.8345,bent5ppfr
6963,346.7,16.676499999999997,bent5ppfr
6964,348.1,15.910999999999996,bent5ppfr
6965,349.6,15.726,bent5ppfr
6966,351.1,15.384,bent5ppfr
6967,352.5,15.26,bent5ppfr
6968,354.0,15.128,bent5ppfr
6969,355.5,14.9235,bent5ppfr
6970,357.0,14.8205,bent5ppfr
6971,358.4,14.743,bent5ppfr
6972,359.9,14.679999999999998,bent5ppfr
6973,361.4,14.641000000000002,bent5ppfr
6974,362.8,14.621,bent5ppfr
6975,364.3,14.665499999999998,bent5ppfr
6976,365.8,14.658,bent5ppfr
6977,367.2,14.670999999999998,bent5ppfr
6978,368.7,14.750499999999995,bent5ppfr
6979,370.1,14.8155,bent5ppfr
6980,371.6,14.918500000000003,bent5ppfr
6981,373.1,14.980000000000004,bent5ppfr
6982,374.5,15.049,bent5ppfr
6983,376.0,15.1475,bent5ppfr
6984,377.5,15.221000000000004,bent5ppfr
6985,378.9,15.2955,bent5ppfr
6986,380.4,15.360499999999998,bent5ppfr
6987,381.9,15.481000000000003,bent5ppfr
6988,383.3,15.5485,bent5ppfr
6989,384.8,15.626500000000002,bent5ppfr
6990,386.2,15.717499999999998,bent5ppfr
6991,387.7,15.813000000000002,bent5ppfr
6992,389.2,15.884,bent5ppfr
6993,390.6,15.937000000000005,bent5ppfr
6994,392.1,15.990000000000004,bent5ppfr
6995,393.6,16.064,bent5ppfr
6996,395.0,16.175500000000003,bent5ppfr
6997,396.5,16.247,bent5ppfr
6998,397.9,16.3045,bent5ppfr
6999,399.4,16.333499999999997,bent5ppfr
7000,400.9,16.389000000000003,bent5ppfr
7001,402.3,16.4675,bent5ppfr
7002,403.8,16.553999999999995,bent5ppfr
7003,405.2,16.637999999999998,bent5ppfr
7004,406.7,16.697000000000003,bent5ppfr
7005,408.1,16.753499999999995,bent5ppfr
7006,409.6,16.821999999999996,bent5ppfr
7007,411.1,16.911000000000005,bent5ppfr
7008,412.5,16.985999999999997,bent5ppfr
7009,414.0,17.066,bent5ppfr
7010,415.4,17.1655,bent5ppfr
7011,416.9,17.2545,bent5ppfr
7012,418.3,17.347,bent5ppfr
7013,419.8,17.4665,bent5ppfr
7014,421.2,17.603999999999996,bent5ppfr
7015,422.7,17.728,bent5ppfr
7016,424.1,17.859,bent5ppfr
7017,425.6,18.0005,bent5ppfr
7018,427.0,18.1445,bent5ppfr
7019,428.5,18.285,bent5ppfr
7020,429.9,18.4285,bent5ppfr
7021,431.4,18.5665,bent5ppfr
7022,432.8,18.7005,bent5ppfr
7023,434.3,18.847,bent5ppfr
7024,435.7,18.9855,bent5ppfr
7025,437.2,19.1335,bent5ppfr
7026,438.6,19.2845,bent5ppfr
7027,440.1,19.4285,bent5ppfr
7028,441.5,19.572000000000003,bent5ppfr
7029,443.0,19.7045,bent5ppfr
7030,444.4,19.85,bent5ppfr
7031,445.8,19.9895,bent5ppfr
7032,447.3,20.1365,bent5ppfr
7033,448.7,20.277999999999995,bent5ppfr
7034,450.2,20.416000000000004,bent5ppfr
7035,451.6,20.548500000000004,bent5ppfr
7036,453.0,20.6855,bent5ppfr
7037,454.5,20.81,bent5ppfr
7038,455.9,20.9395,bent5ppfr
7039,457.4,21.0705,bent5ppfr
7040,458.8,21.194,bent5ppfr
7041,460.2,21.3185,bent5ppfr
7042,461.7,21.434,bent5ppfr
7043,463.1,21.5495,bent5ppfr
7044,464.5,21.66,bent5ppfr
7045,466.0,21.767000000000003,bent5ppfr
7046,467.4,21.876,bent5ppfr
7047,468.9,21.983,bent5ppfr
7048,470.3,22.091500000000003,bent5ppfr
7049,471.7,22.1935,bent5ppfr
7050,473.1,22.288000000000004,bent5ppfr
7051,474.6,22.391,bent5ppfr
7052,476.0,22.498,bent5ppfr
7053,477.4,22.6015,bent5ppfr
7054,478.9,22.707500000000003,bent5ppfr
7055,480.3,22.8145,bent5ppfr
7056,481.7,22.9135,bent5ppfr
7057,483.1,23.015,bent5ppfr
7058,484.6,23.117,bent5ppfr
7059,486.0,23.22,bent5ppfr
7060,487.4,23.3205,bent5ppfr
7061,488.9,23.419500000000003,bent5ppfr
7062,490.3,23.513,bent5ppfr
7063,491.7,23.6045,bent5ppfr
7064,493.1,23.690000000000005,bent5ppfr
7065,494.5,23.777,bent5ppfr
7066,496.0,23.8645,bent5ppfr
7067,497.4,23.948,bent5ppfr
7068,498.8,24.029499999999995,bent5ppfr
7069,500.2,24.1085,bent5ppfr
7070,501.6,24.189,bent5ppfr
7071,503.1,24.2655,bent5ppfr
7072,504.5,24.348000000000003,bent5ppfr
7073,505.9,24.4285,bent5ppfr
7074,507.3,24.5105,bent5ppfr
7075,508.7,24.5935,bent5ppfr
7076,510.1,24.674,bent5ppfr
7077,511.6,24.755,bent5ppfr
7078,513.0,24.8405,bent5ppfr
7079,514.4,24.9215,bent5ppfr
7080,515.8,25.0035,bent5ppfr
7081,517.2,25.096,bent5ppfr
7082,518.6,25.1805,bent5ppfr
7083,520.0,25.271,bent5ppfr
7084,521.5,25.35,bent5ppfr
7085,522.9,25.4275,bent5ppfr
7086,524.3,25.503,bent5ppfr
7087,525.7,25.577,bent5ppfr
7088,527.1,25.6365,bent5ppfr
7089,528.5,25.6735,bent5ppfr
7090,529.9,25.7415,bent5ppfr
7091,531.3,25.822,bent5ppfr
7092,532.7,25.901,bent5ppfr
7093,534.1,25.9825,bent5ppfr
7094,535.5,26.065000000000005,bent5ppfr
7095,536.9,26.1405,bent5ppfr
7096,538.3,26.229000000000003,bent5ppfr
7097,539.7,26.2885,bent5ppfr
7098,541.1,26.373,bent5ppfr
7099,542.5,26.4385,bent5ppfr
7100,544.0,26.511499999999995,bent5ppfr
7101,545.3,26.5955,bent5ppfr
7102,546.8,26.715000000000003,bent5ppfr
7103,548.2,26.810500000000008,bent5ppfr
7104,549.5,26.884500000000003,bent5ppfr
7105,550.9,26.95800000000001,bent5ppfr
7106,552.3,27.0285,bent5ppfr
7107,553.7,27.0525,bent5ppfr
7108,555.1,27.05700000000001,bent5ppfr
7109,556.5,27.093,bent5ppfr
7110,557.9,27.158000000000005,bent5ppfr
7111,559.3,27.232,bent5ppfr
7112,560.7,27.2985,bent5ppfr
7113,562.1,27.365,bent5ppfr
7114,563.5,27.433,bent5ppfr
7115,564.9,27.503500000000003,bent5ppfr
7116,566.3,27.5725,bent5ppfr
7117,567.7,27.6405,bent5ppfr
7118,569.1,27.711,bent5ppfr
7119,570.5,27.780999999999995,bent5ppfr
7120,571.8,27.8515,bent5ppfr
7121,573.2,27.919,bent5ppfr
7122,574.6,27.99300000000001,bent5ppfr
7123,576.0,28.065,bent5ppfr
7124,577.4,28.137,bent5ppfr
7125,578.8,28.201500000000003,bent5ppfr
7126,580.2,28.2645,bent5ppfr
7127,581.5,28.331000000000007,bent5ppfr
7128,582.9,28.3935,bent5ppfr
7129,584.3,28.453,bent5ppfr
7130,585.7,28.507,bent5ppfr
7131,587.1,28.5635,bent5ppfr
7132,588.5,28.616000000000003,bent5ppfr
7133,589.8,28.6635,bent5ppfr
7134,591.2,28.705,bent5ppfr
7135,592.6,28.7465,bent5ppfr
7136,594.0,28.7845,bent5ppfr
7137,595.4,28.817500000000003,bent5ppfr
7138,596.7,28.848000000000003,bent5ppfr
7139,598.1,28.876,bent5ppfr
7140,599.5,28.9035,bent5ppfr
7141,600.9,28.9295,bent5ppfr
7142,602.2,28.9555,bent5ppfr
7143,603.6,28.9805,bent5ppfr
7144,605.0,29.0065,bent5ppfr
7145,606.4,29.0345,bent5ppfr
7146,607.7,29.0655,bent5ppfr
7147,609.1,29.106,bent5ppfr
7148,610.5,29.147,bent5ppfr
7149,611.9,29.1905,bent5ppfr
7150,613.2,29.237000000000005,bent5ppfr
7151,614.6,29.287,bent5ppfr
7152,616.0,29.338,bent5ppfr
7153,617.3,29.3905,bent5ppfr
7154,618.7,29.448,bent5ppfr
7155,620.1,29.5045,bent5ppfr
7156,621.5,29.5585,bent5ppfr
7157,622.8,29.612,bent5ppfr
7158,624.2,29.6635,bent5ppfr
7159,625.5,29.713499999999996,bent5ppfr
7160,626.9,29.76,bent5ppfr
7161,628.3,29.8075,bent5ppfr
7162,629.6,29.851499999999994,bent5ppfr
7163,631.0,29.891,bent5ppfr
7164,632.4,29.929,bent5ppfr
7165,633.7,29.960999999999995,bent5ppfr
7166,635.1,29.985,bent5ppfr
7167,636.5,30.0075,bent5ppfr
7168,637.8,30.028,bent5ppfr
7169,639.2,30.0425,bent5ppfr
7170,640.5,30.045,bent5ppfr
7171,641.9,30.038499999999992,bent5ppfr
7172,643.2,30.023999999999997,bent5ppfr
7173,644.6,29.999,bent5ppfr
7174,646.0,29.972500000000004,bent5ppfr
7175,647.3,29.950500000000005,bent5ppfr
7176,648.7,29.924000000000007,bent5ppfr
7177,650.0,29.902500000000003,bent5ppfr
7178,651.4,29.8655,bent5ppfr
7179,652.7,29.7995,bent5ppfr
7180,654.1,29.7115,bent5ppfr
7181,655.4,29.6535,bent5ppfr
7182,656.8,29.602500000000003,bent5ppfr
7183,658.1,29.562,bent5ppfr
7184,659.5,29.514,bent5ppfr
7185,660.8,29.463,bent5ppfr
7186,662.2,29.4175,bent5ppfr
7187,663.5,29.392999999999997,bent5ppfr
7188,664.9,29.3705,bent5ppfr
7189,666.2,29.364,bent5ppfr
7190,667.6,29.358,bent5ppfr
7191,668.9,29.3925,bent5ppfr
7192,670.3,29.500999999999998,bent5ppfr
7193,671.6,29.6295,bent5ppfr
7194,673.0,29.729000000000003,bent5ppfr
7195,674.3,29.861500000000007,bent5ppfr
7196,675.6,29.9895,bent5ppfr
7197,677.0,30.0585,bent5ppfr
7198,678.3,30.093999999999998,bent5ppfr
7199,679.7,30.17,bent5ppfr
7200,681.0,30.291000000000004,bent5ppfr
7201,682.3,30.4165,bent5ppfr
7202,683.7,30.538,bent5ppfr
7203,685.0,30.658999999999992,bent5ppfr
7204,686.4,30.773999999999997,bent5ppfr
7205,687.7,30.8905,bent5ppfr
7206,689.0,31.004,bent5ppfr
7207,690.4,31.114000000000004,bent5ppfr
7208,691.7,31.225,bent5ppfr
7209,693.0,31.334,bent5ppfr
7210,694.4,31.4405,bent5ppfr
7211,695.7,31.547999999999995,bent5ppfr
7212,697.0,31.656499999999998,bent5ppfr
7213,698.4,31.7655,bent5ppfr
7214,699.7,31.8745,bent5ppfr
7215,701.0,31.985000000000003,bent5ppfr
7216,702.4,32.090500000000006,bent5ppfr
7217,703.7,32.19500000000001,bent5ppfr
7218,705.0,32.300999999999995,bent5ppfr
7219,706.3,32.403499999999994,bent5ppfr
7220,707.7,32.5045,bent5ppfr
7221,709.0,32.6015,bent5ppfr
7222,710.3,32.692499999999995,bent5ppfr
7223,711.6,32.781,bent5ppfr
7224,713.0,32.871500000000005,bent5ppfr
7225,714.3,32.958,bent5ppfr
7226,715.6,33.041999999999994,bent5ppfr
7227,716.9,33.12750000000001,bent5ppfr
7228,718.2,33.206,bent5ppfr
7229,719.6,33.2885,bent5ppfr
7230,720.9,33.3675,bent5ppfr
7231,722.2,33.447500000000005,bent5ppfr
7232,723.5,33.524,bent5ppfr
7233,724.8,33.604,bent5ppfr
7234,726.2,33.6795,bent5ppfr
7235,727.5,33.75300000000001,bent5ppfr
7236,728.8,33.8245,bent5ppfr
7237,730.1,33.896,bent5ppfr
7238,731.4,33.969,bent5ppfr
7239,732.7,34.037,bent5ppfr
7240,734.0,34.105000000000004,bent5ppfr
7241,735.3,34.172000000000004,bent5ppfr
7242,736.7,34.2325,bent5ppfr
7243,738.0,34.3005,bent5ppfr
7244,739.3,34.35999999999999,bent5ppfr
7245,740.6,34.416000000000004,bent5ppfr
7246,741.9,34.474,bent5ppfr
7247,743.2,34.531,bent5ppfr
7248,744.5,34.5865,bent5ppfr
7249,745.8,34.641000000000005,bent5ppfr
7250,747.1,34.6935,bent5ppfr
7251,748.4,34.741,bent5ppfr
7252,749.7,34.789,bent5ppfr
7253,751.0,34.83899999999999,bent5ppfr
7254,752.3,34.88249999999999,bent5ppfr
7255,753.6,34.9265,bent5ppfr
7256,754.9,34.9715,bent5ppfr
7257,756.2,35.0135,bent5ppfr
7258,757.5,35.059000000000005,bent5ppfr
7259,758.8,35.09949999999999,bent5ppfr
7260,760.1,35.139,bent5ppfr
7261,761.4,35.176,bent5ppfr
7262,762.7,35.221,bent5ppfr
7263,764.0,35.258500000000005,bent5ppfr
7264,765.3,35.298500000000004,bent5ppfr
7265,766.6,35.3355,bent5ppfr
7266,767.9,35.3715,bent5ppfr
7267,769.2,35.411,bent5ppfr
7268,770.4,35.4465,bent5ppfr
7269,771.7,35.486000000000004,bent5ppfr
7270,773.0,35.520999999999994,bent5ppfr
7271,774.3,35.56150000000001,bent5ppfr
7272,775.6,35.598,bent5ppfr
7273,776.9,35.62949999999999,bent5ppfr
7274,778.2,35.6665,bent5ppfr
7275,779.4,35.7,bent5ppfr
7276,780.7,35.739000000000004,bent5ppfr
7277,782.0,35.7765,bent5ppfr
7278,783.3,35.80949999999999,bent5ppfr
7279,784.5,35.8435,bent5ppfr
7280,785.8,35.879000000000005,bent5ppfr
7281,787.1,35.911500000000004,bent5ppfr
7282,788.4,35.9455,bent5ppfr
7283,789.7,35.9775,bent5ppfr
7284,790.9,36.0065,bent5ppfr
7285,792.2,36.0375,bent5ppfr
7286,793.5,36.0725,bent5ppfr
7287,794.8,36.1025,bent5ppfr
7288,796.0,36.135,bent5ppfr
7289,797.3,36.162,bent5ppfr
7290,798.5,36.1915,bent5ppfr
7291,799.8,36.2175,bent5ppfr
7292,801.1,36.2435,bent5ppfr
7293,802.3,36.273,bent5ppfr
7294,803.6,36.3005,bent5ppfr
7295,804.9,36.3295,bent5ppfr
7296,806.1,36.3545,bent5ppfr
7297,807.4,36.376000000000005,bent5ppfr
7298,808.7,36.404,bent5ppfr
7299,809.9,36.4305,bent5ppfr
7300,811.2,36.456500000000005,bent5ppfr
7301,812.4,36.482,bent5ppfr
7302,813.7,36.5005,bent5ppfr
7303,815.0,36.524,bent5ppfr
7304,816.2,36.548,bent5ppfr
7305,817.5,36.5765,bent5ppfr
7306,818.7,36.59250000000001,bent5ppfr
7307,820.0,36.6145,bent5ppfr
7308,821.2,36.62949999999999,bent5ppfr
7309,822.5,36.6445,bent5ppfr
7310,823.7,36.6555,bent5ppfr
7311,825.0,36.682,bent5ppfr
7312,826.2,36.70649999999999,bent5ppfr
7313,827.5,36.7285,bent5ppfr
7314,828.7,36.763,bent5ppfr
7315,829.9,36.78,bent5ppfr
7316,831.2,36.7815,bent5ppfr
7317,832.4,36.792,bent5ppfr
7318,833.7,36.81,bent5ppfr
7319,834.9,36.825,bent5ppfr
7320,836.1,36.846,bent5ppfr
7321,837.4,36.859,bent5ppfr
7322,838.6,36.875,bent5ppfr
7323,839.8,36.879,bent5ppfr
7324,841.1,36.898,bent5ppfr
7325,842.3,36.9205,bent5ppfr
7326,843.5,36.93900000000001,bent5ppfr
7327,844.8,36.949000000000005,bent5ppfr
7328,846.0,36.9605,bent5ppfr
7329,847.2,36.9735,bent5ppfr
7330,848.5,36.984,bent5ppfr
7331,849.7,36.9945,bent5ppfr
7332,850.9,37.011,bent5ppfr
7333,852.2,37.031,bent5ppfr
7334,853.4,37.041,bent5ppfr
7335,854.6,37.0495,bent5ppfr
7336,855.8,37.0585,bent5ppfr
7337,857.0,37.0695,bent5ppfr
7338,858.3,37.089000000000006,bent5ppfr
7339,859.5,37.1,bent5ppfr
7340,860.7,37.1185,bent5ppfr
7341,861.9,37.124,bent5ppfr
7342,863.1,37.1345,bent5ppfr
7343,864.3,37.145,bent5ppfr
7344,865.5,37.154,bent5ppfr
7345,866.8,37.17199999999999,bent5ppfr
7346,868.0,37.185,bent5ppfr
7347,869.2,37.195,bent5ppfr
7348,870.4,37.201,bent5ppfr
7349,871.6,37.212500000000006,bent5ppfr
7350,872.8,37.221500000000006,bent5ppfr
7351,874.0,37.238,bent5ppfr
7352,875.2,37.243,bent5ppfr
7353,876.4,37.249500000000005,bent5ppfr
7354,877.6,37.2645,bent5ppfr
7355,878.8,37.276,bent5ppfr
7356,880.0,37.28599999999999,bent5ppfr
7357,881.2,37.29549999999999,bent5ppfr
7358,882.4,37.31700000000001,bent5ppfr
7359,883.6,37.32449999999999,bent5ppfr
7360,884.8,37.3335,bent5ppfr
7361,886.0,37.3355,bent5ppfr
7362,887.2,37.347,bent5ppfr
7363,888.4,37.3575,bent5ppfr
7364,889.6,37.3695,bent5ppfr
7365,890.8,37.383500000000005,bent5ppfr
7366,892.0,37.3895,bent5ppfr
7367,893.2,37.3985,bent5ppfr
7368,894.3,37.41199999999999,bent5ppfr
7369,895.5,37.421,bent5ppfr
7370,896.7,37.438,bent5ppfr
7371,897.9,37.45399999999999,bent5ppfr
7372,899.1,37.450500000000005,bent5ppfr
7373,900.3,37.4665,bent5ppfr
7374,901.5,37.4805,bent5ppfr
7375,902.6,37.4955,bent5ppfr
7376,903.8,37.498000000000005,bent5ppfr
7377,905.0,37.50500000000001,bent5ppfr
7378,906.2,37.524,bent5ppfr
7379,907.4,37.52150000000001,bent5ppfr
7380,908.5,37.51950000000001,bent5ppfr
7381,909.7,37.5395,bent5ppfr
7382,910.9,37.553,bent5ppfr
7383,912.1,37.563500000000005,bent5ppfr
7384,913.2,37.5805,bent5ppfr
7385,914.4,37.599,bent5ppfr
7386,915.6,37.6015,bent5ppfr
7387,916.8,37.6175,bent5ppfr
7388,917.9,37.6185,bent5ppfr
7389,919.1,37.63549999999999,bent5ppfr
7390,920.2,37.63699999999999,bent5ppfr
7391,921.4,37.654,bent5ppfr
7392,922.6,37.6525,bent5ppfr
7393,923.8,37.669,bent5ppfr
7394,924.9,37.68300000000001,bent5ppfr
7395,926.1,37.6895,bent5ppfr
7396,927.2,37.694,bent5ppfr
7397,928.4,37.706,bent5ppfr
7398,929.6,37.73350000000001,bent5ppfr
7399,930.7,37.74750000000001,bent5ppfr
7400,931.9,37.7575,bent5ppfr
7401,933.0,37.74400000000001,bent5ppfr
7402,934.2,37.751,bent5ppfr
7403,935.3,37.75699999999999,bent5ppfr
7404,936.5,37.760000000000005,bent5ppfr
7405,937.7,37.7865,bent5ppfr
7406,938.8,37.8145,bent5ppfr
7407,940.0,37.83050000000001,bent5ppfr
7408,941.1,37.836,bent5ppfr
7409,942.3,37.8375,bent5ppfr
7410,943.4,37.84,bent5ppfr
7411,944.6,37.852500000000006,bent5ppfr
7412,945.7,37.8505,bent5ppfr
7413,946.9,37.86049999999999,bent5ppfr
7414,948.0,37.88,bent5ppfr
7415,949.2,37.88949999999999,bent5ppfr
7416,950.3,37.8935,bent5ppfr
7417,951.5,37.9125,bent5ppfr
7418,952.6,37.91250000000001,bent5ppfr
7419,953.8,37.892500000000005,bent5ppfr
7420,954.9,37.9065,bent5ppfr
7421,956.1,37.925,bent5ppfr
7422,957.2,37.92999999999999,bent5ppfr
7423,958.3,37.92799999999999,bent5ppfr
7424,959.5,37.94799999999999,bent5ppfr
7425,960.6,37.9425,bent5ppfr
7426,961.8,37.9425,bent5ppfr
7427,962.9,37.95700000000001,bent5ppfr
7428,964.1,37.961,bent5ppfr
7429,965.2,37.9615,bent5ppfr
7430,966.3,37.956,bent5ppfr
7431,967.5,37.9975,bent5ppfr
7432,968.6,38.021,bent5ppfr
7433,969.8,38.028,bent5ppfr
7434,970.9,38.057,bent5ppfr
7435,972.1,38.079,bent5ppfr
7436,973.2,38.072500000000005,bent5ppfr
7437,974.3,38.071000000000005,bent5ppfr
7438,975.5,38.0895,bent5ppfr
7439,976.6,38.084500000000006,bent5ppfr
7440,977.8,38.114,bent5ppfr
7441,978.9,38.13,bent5ppfr
7442,980.0,38.141000000000005,bent5ppfr
7443,981.2,38.125,bent5ppfr
7444,982.3,38.1085,bent5ppfr
7445,983.5,38.1185,bent5ppfr
7446,984.6,38.11300000000001,bent5ppfr
7447,985.7,38.118,bent5ppfr
7448,986.9,38.073,bent5ppfr
7449,988.0,38.117,bent5ppfr
7450,989.1,38.128,bent5ppfr
7451,992.0,38.7135,bent5ppfr
7452,995.9,38.714,bent5ppfr
7453,999.7,38.704,bent5ppfr
7454,1003.6,38.735,bent5ppfr
7455,1007.4,38.767,bent5ppfr
7456,1011.3,38.8065,bent5ppfr
7457,1015.1,38.83200000000001,bent5ppfr
7458,1019.0,38.8565,bent5ppfr
7459,1022.8,38.8865,bent5ppfr
7460,1026.7,38.897,bent5ppfr
7461,1030.5,38.923,bent5ppfr
7462,1034.4,38.8985,bent5ppfr
7463,1038.2,38.9295,bent5ppfr
7464,1042.1,38.9645,bent5ppfr
7465,1045.9,38.974500000000006,bent5ppfr
7466,1049.7,39.008500000000005,bent5ppfr
7467,1053.6,38.985,bent5ppfr
7468,1057.4,39.0405,bent5ppfr
7469,1061.2,39.0525,bent5ppfr
7470,1065.1,39.0535,bent5ppfr
7471,1068.9,39.10199999999999,bent5ppfr
7472,1072.7,39.13,bent5ppfr
7473,1076.6,39.0775,bent5ppfr
7474,1080.4,39.099,bent5ppfr
7475,1084.2,39.1395,bent5ppfr
7476,1088.0,39.173,bent5ppfr
7477,1091.8,39.1855,bent5ppfr
7478,1095.7,39.1785,bent5ppfr
7479,1099.5,39.194,bent5ppfr
7480,1103.3,39.2495,bent5ppfr
7481,1107.1,39.279,bent5ppfr
7482,1110.9,39.3055,bent5ppfr
7483,1114.8,39.3335,bent5ppfr
7484,1118.6,39.3245,bent5ppfr
7485,1122.4,39.40150000000001,bent5ppfr
7486,1126.2,39.467,bent5ppfr
7487,1130.0,39.53699999999999,bent5ppfr
7488,1133.8,39.6015,bent5ppfr
7489,1137.6,39.667,bent5ppfr
7490,1141.4,39.7545,bent5ppfr
7491,1145.2,39.810500000000005,bent5ppfr
7492,1149.0,39.896,bent5ppfr
7493,1152.8,40.028,bent5ppfr
7494,1156.6,40.1755,bent5ppfr
7495,1160.4,40.279,bent5ppfr
7496,1164.2,40.38400000000001,bent5ppfr
7497,1168.0,40.3895,bent5ppfr
7498,1171.8,40.385000000000005,bent5ppfr
7499,1175.6,40.32,bent5ppfr
7500,1179.4,40.200500000000005,bent5ppfr
7501,1183.2,40.02,bent5ppfr
7502,1187.0,39.87050000000001,bent5ppfr
7503,1190.7,39.76649999999999,bent5ppfr
7504,1194.5,39.7035,bent5ppfr
7505,1198.3,39.729,bent5ppfr
7506,1202.1,39.729,bent5ppfr
7507,1205.9,39.745,bent5ppfr
7508,1209.7,39.8205,bent5ppfr
7509,1213.4,39.853,bent5ppfr
7510,1217.2,39.869,bent5ppfr
7511,1221.0,39.908,bent5ppfr
7512,1224.8,39.935,bent5ppfr
7513,1228.5,39.977500000000006,bent5ppfr
7514,1232.3,40.03249999999999,bent5ppfr
7515,1236.1,40.054,bent5ppfr
7516,1239.8,40.042,bent5ppfr
7517,1243.6,40.1045,bent5ppfr
7518,1247.4,40.133500000000005,bent5ppfr
7519,1251.1,40.127,bent5ppfr
7520,1254.9,40.1855,bent5ppfr
7521,1258.7,40.219,bent5ppfr
7522,1262.4,40.22599999999999,bent5ppfr
7523,1266.2,40.2255,bent5ppfr
7524,1269.9,40.2355,bent5ppfr
7525,1273.7,40.267,bent5ppfr
7526,1277.4,40.3155,bent5ppfr
7527,1281.2,40.35900000000001,bent5ppfr
7528,1284.9,40.322500000000005,bent5ppfr
7529,1288.7,40.36800000000001,bent5ppfr
7530,1292.4,40.3315,bent5ppfr
7531,1296.2,40.3695,bent5ppfr
7532,1299.9,40.358,bent5ppfr
7533,1303.7,40.37649999999999,bent5ppfr
7534,1307.4,40.3695,bent5ppfr
7535,1311.2,40.372,bent5ppfr
7536,1314.9,40.361,bent5ppfr
7537,1318.7,40.3825,bent5ppfr
7538,1322.4,40.3685,bent5ppfr
7539,1326.1,40.371500000000005,bent5ppfr
7540,1329.9,40.371,bent5ppfr
7541,1333.6,40.353,bent5ppfr
7542,1337.3,40.353,bent5ppfr
7543,1341.1,40.331,bent5ppfr
7544,1344.8,40.301,bent5ppfr
7545,1348.5,40.2565,bent5ppfr
7546,1352.2,40.2285,bent5ppfr
7547,1356.0,40.19500000000001,bent5ppfr
7548,1359.7,40.157,bent5ppfr
7549,1363.4,40.075,bent5ppfr
7550,1367.1,40.056,bent5ppfr
7551,1370.8,39.941,bent5ppfr
7552,1374.6,39.7775,bent5ppfr
7553,1378.3,39.54449999999999,bent5ppfr
7554,1382.0,39.2915,bent5ppfr
7555,1385.7,38.951,bent5ppfr
7556,1389.4,38.526,bent5ppfr
7557,1393.1,38.02749999999999,bent5ppfr
7558,1396.8,37.4975,bent5ppfr
7559,1400.5,36.9635,bent5ppfr
7560,1404.2,36.529,bent5ppfr
7561,1407.9,36.2205,bent5ppfr
7562,1411.7,36.182500000000005,bent5ppfr
7563,1415.4,36.373000000000005,bent5ppfr
7564,1419.1,36.7225,bent5ppfr
7565,1422.8,37.072,bent5ppfr
7566,1426.4,37.453500000000005,bent5ppfr
7567,1430.2,37.763,bent5ppfr
7568,1433.8,38.035500000000006,bent5ppfr
7569,1437.5,38.2345,bent5ppfr
7570,1441.2,38.3705,bent5ppfr
7571,1444.9,38.4945,bent5ppfr
7572,1448.6,38.574,bent5ppfr
7573,1452.3,38.645500000000006,bent5ppfr
7574,1456.0,38.6775,bent5ppfr
7575,1459.7,38.7405,bent5ppfr
7576,1463.3,38.74,bent5ppfr
7577,1467.0,38.8795,bent5ppfr
7578,1470.7,38.9525,bent5ppfr
7579,1474.4,39.056,bent5ppfr
7580,1478.1,39.121,bent5ppfr
7581,1481.7,39.260000000000005,bent5ppfr
7582,1485.4,39.33449999999999,bent5ppfr
7583,1489.1,39.391000000000005,bent5ppfr
7584,1492.8,39.447,bent5ppfr
7585,1496.4,39.5225,bent5ppfr
7586,1500.1,39.59949999999999,bent5ppfr
7587,1503.8,39.6655,bent5ppfr
7588,1507.4,39.73,bent5ppfr
7589,1511.1,39.7895,bent5ppfr
7590,1514.7,39.851,bent5ppfr
7591,1518.4,39.89399999999999,bent5ppfr
7592,1522.1,39.93,bent5ppfr
7593,1525.7,39.98100000000001,bent5ppfr
7594,1529.4,40.015,bent5ppfr
7595,1533.0,40.0475,bent5ppfr
7596,1536.7,40.086,bent5ppfr
7597,1540.3,40.1155,bent5ppfr
7598,1544.0,40.1605,bent5ppfr
7599,1547.6,40.187,bent5ppfr
7600,1551.3,40.236,bent5ppfr
7601,1554.9,40.282,bent5ppfr
7602,1558.6,40.301,bent5ppfr
7603,1562.2,40.3415,bent5ppfr
7604,1565.8,40.371500000000005,bent5ppfr
7605,1569.5,40.398,bent5ppfr
7606,1573.1,40.43149999999999,bent5ppfr
7607,1576.8,40.4435,bent5ppfr
7608,1580.4,40.47299999999999,bent5ppfr
7609,1584.0,40.4825,bent5ppfr
7610,1587.7,40.523500000000006,bent5ppfr
7611,1591.3,40.549,bent5ppfr
7612,1594.9,40.566,bent5ppfr
7613,1598.5,40.587,bent5ppfr
7614,1602.2,40.615,bent5ppfr
7615,1605.8,40.616,bent5ppfr
7616,1609.4,40.6605,bent5ppfr
7617,1613.0,40.68149999999999,bent5ppfr
7618,1616.7,40.70899999999999,bent5ppfr
7619,1620.3,40.722,bent5ppfr
7620,1623.9,40.7285,bent5ppfr
7621,1627.5,40.7525,bent5ppfr
7622,1631.1,40.767,bent5ppfr
7623,1634.7,40.79,bent5ppfr
7624,1638.3,40.827,bent5ppfr
7625,1641.9,40.841,bent5ppfr
7626,1645.6,40.83800000000001,bent5ppfr
7627,1649.2,40.852,bent5ppfr
7628,1652.8,40.8605,bent5ppfr
7629,1656.4,40.839,bent5ppfr
7630,1660.0,40.852,bent5ppfr
7631,1663.6,40.848,bent5ppfr
7632,1667.2,40.82699999999999,bent5ppfr
7633,1670.8,40.8365,bent5ppfr
7634,1674.4,40.82749999999999,bent5ppfr
7635,1678.0,40.81249999999999,bent5ppfr
7636,1681.6,40.783,bent5ppfr
7637,1685.1,40.7695,bent5ppfr
7638,1688.7,40.755,bent5ppfr
7639,1692.3,40.729,bent5ppfr
7640,1695.9,40.688,bent5ppfr
7641,1699.5,40.6555,bent5ppfr
7642,1703.1,40.615,bent5ppfr
7643,1706.7,40.5835,bent5ppfr
7644,1710.2,40.5295,bent5ppfr
7645,1713.8,40.4605,bent5ppfr
7646,1717.4,40.4045,bent5ppfr
7647,1721.0,40.290000000000006,bent5ppfr
7648,1724.5,40.218,bent5ppfr
7649,1728.1,40.164,bent5ppfr
7650,1731.7,40.2325,bent5ppfr
7651,1735.2,40.2645,bent5ppfr
7652,1738.8,40.264,bent5ppfr
7653,1742.4,40.263000000000005,bent5ppfr
7654,1745.9,40.2365,bent5ppfr
7655,1749.5,40.224500000000006,bent5ppfr
7656,1753.1,40.175,bent5ppfr
7657,1756.6,40.1265,bent5ppfr
7658,1760.2,40.060500000000005,bent5ppfr
7659,1763.8,40.087,bent5ppfr
7660,1767.3,40.0735,bent5ppfr
7661,1770.9,40.076,bent5ppfr
7662,1774.4,40.097,bent5ppfr
7663,1778.0,40.089,bent5ppfr
7664,1781.5,40.11299999999999,bent5ppfr
7665,1785.1,40.109,bent5ppfr
7666,1788.6,40.102,bent5ppfr
7667,1792.1,40.1135,bent5ppfr
7668,1795.7,40.1,bent5ppfr
7669,1799.2,40.1,bent5ppfr
7670,1802.8,40.0505,bent5ppfr
7671,1806.3,40.068,bent5ppfr
7672,1809.8,40.07899999999999,bent5ppfr
7673,1813.4,40.04350000000001,bent5ppfr
7674,1816.9,40.063,bent5ppfr
7675,1820.4,39.988,bent5ppfr
7676,1824.0,40.045,bent5ppfr
7677,1827.5,40.033,bent5ppfr
7678,1831.0,40.0425,bent5ppfr
7679,1834.6,40.0465,bent5ppfr
7680,1838.1,40.047,bent5ppfr
7681,1841.6,40.028000000000006,bent5ppfr
7682,1845.1,40.012,bent5ppfr
7683,1848.6,39.9615,bent5ppfr
7684,1852.2,39.9205,bent5ppfr
7685,1855.7,39.8325,bent5ppfr
7686,1859.2,39.73,bent5ppfr
7687,1862.7,39.5555,bent5ppfr
7688,1866.2,39.294,bent5ppfr
7689,1869.7,38.962,bent5ppfr
7690,1873.2,38.535,bent5ppfr
7691,1876.7,37.986,bent5ppfr
7692,1880.2,37.2595,bent5ppfr
7693,1883.7,36.307500000000005,bent5ppfr
7694,1887.2,35.10950000000001,bent5ppfr
7695,1890.7,33.767,bent5ppfr
7696,1894.2,32.449,bent5ppfr
7697,1897.7,31.302000000000003,bent5ppfr
7698,1902.7,31.02650000000001,bent5ppfr
7699,1905.5,30.6855,bent5ppfr
7700,1908.2,30.676500000000004,bent5ppfr
7701,1911.0,30.8555,bent5ppfr
7702,1913.7,31.097,bent5ppfr
7703,1916.5,31.402000000000005,bent5ppfr
7704,1919.2,31.729000000000003,bent5ppfr
7705,1921.9,32.053999999999995,bent5ppfr
7706,1924.7,32.336,bent5ppfr
7707,1927.4,32.56649999999999,bent5ppfr
7708,1930.1,32.762,bent5ppfr
7709,1932.9,32.916,bent5ppfr
7710,1935.6,33.017,bent5ppfr
7711,1938.3,33.1155,bent5ppfr
7712,1941.0,33.227,bent5ppfr
7713,1943.7,33.3405,bent5ppfr
7714,1946.4,33.4575,bent5ppfr
7715,1949.2,33.581,bent5ppfr
7716,1951.9,33.703,bent5ppfr
7717,1954.6,33.8665,bent5ppfr
7718,1957.3,34.03249999999999,bent5ppfr
7719,1960.0,34.196000000000005,bent5ppfr
7720,1962.7,34.3685,bent5ppfr
7721,1965.4,34.51800000000001,bent5ppfr
7722,1968.1,34.644499999999994,bent5ppfr
7723,1970.7,34.79,bent5ppfr
7724,1973.4,34.9575,bent5ppfr
7725,1976.1,35.1285,bent5ppfr
7726,1978.8,35.3,bent5ppfr
7727,1981.5,35.467499999999994,bent5ppfr
7728,1984.1,35.63899999999999,bent5ppfr
7729,1986.8,35.83200000000001,bent5ppfr
7730,1989.5,36.03649999999999,bent5ppfr
7731,1992.1,36.2495,bent5ppfr
7732,1994.8,36.459,bent5ppfr
7733,1997.5,36.64049999999999,bent5ppfr
7734,2000.1,36.832,bent5ppfr
7735,2002.8,37.039,bent5ppfr
7736,2005.4,37.221500000000006,bent5ppfr
7737,2008.1,37.38850000000001,bent5ppfr
7738,2010.7,37.566500000000005,bent5ppfr
7739,2013.4,37.728,bent5ppfr
7740,2016.0,37.87500000000001,bent5ppfr
7741,2018.6,38.02550000000001,bent5ppfr
7742,2021.3,38.17100000000001,bent5ppfr
7743,2023.9,38.288,bent5ppfr
7744,2026.5,38.395500000000006,bent5ppfr
7745,2029.2,38.4955,bent5ppfr
7746,2031.8,38.5855,bent5ppfr
7747,2034.4,38.675,bent5ppfr
7748,2037.0,38.751,bent5ppfr
7749,2039.7,38.81849999999999,bent5ppfr
7750,2042.3,38.87949999999999,bent5ppfr
7751,2044.9,38.924,bent5ppfr
7752,2047.5,38.974,bent5ppfr
7753,2050.1,39.0125,bent5ppfr
7754,2052.7,39.035500000000006,bent5ppfr
7755,2055.3,39.072,bent5ppfr
7756,2057.9,39.1135,bent5ppfr
7757,2060.5,39.132000000000005,bent5ppfr
7758,2063.1,39.1525,bent5ppfr
7759,2065.7,39.186,bent5ppfr
7760,2068.3,39.220000000000006,bent5ppfr
7761,2070.9,39.2465,bent5ppfr
7762,2073.4,39.259,bent5ppfr
7763,2076.0,39.2875,bent5ppfr
7764,2078.6,39.31400000000001,bent5ppfr
7765,2081.2,39.332,bent5ppfr
7766,2083.7,39.3485,bent5ppfr
7767,2086.3,39.359,bent5ppfr
7768,2088.9,39.3605,bent5ppfr
7769,2091.4,39.371500000000005,bent5ppfr
7770,2094.0,39.39149999999999,bent5ppfr
7771,2096.6,39.4145,bent5ppfr
7772,2099.1,39.44449999999999,bent5ppfr
7773,2101.6,39.475,bent5ppfr
7774,2104.2,39.507000000000005,bent5ppfr
7775,2106.8,39.553,bent5ppfr
7776,2109.3,39.60349999999999,bent5ppfr
7777,2111.8,39.645500000000006,bent5ppfr
7778,2114.4,39.7035,bent5ppfr
7779,2116.9,39.746,bent5ppfr
7780,2119.4,39.783,bent5ppfr
7781,2122.0,39.824,bent5ppfr
7782,2124.5,39.84,bent5ppfr
7783,2127.0,39.841,bent5ppfr
7784,2129.6,39.8515,bent5ppfr
7785,2132.1,39.85,bent5ppfr
7786,2134.6,39.8365,bent5ppfr
7787,2137.1,39.79950000000001,bent5ppfr
7788,2139.6,39.75249999999999,bent5ppfr
7789,2142.1,39.6925,bent5ppfr
7790,2144.6,39.642,bent5ppfr
7791,2147.1,39.586,bent5ppfr
7792,2149.6,39.48800000000001,bent5ppfr
7793,2152.1,39.36649999999999,bent5ppfr
7794,2154.6,39.238,bent5ppfr
7795,2157.1,39.0835,bent5ppfr
7796,2159.6,38.8815,bent5ppfr
7797,2162.1,38.65749999999999,bent5ppfr
7798,2164.6,38.401500000000006,bent5ppfr
7799,2167.1,38.1245,bent5ppfr
7800,2169.6,37.852,bent5ppfr
7801,2172.0,37.564,bent5ppfr
7802,2174.5,37.2345,bent5ppfr
7803,2177.0,36.891000000000005,bent5ppfr
7804,2179.4,36.5525,bent5ppfr
7805,2181.9,36.221,bent5ppfr
7806,2184.4,35.895,bent5ppfr
7807,2186.8,35.558499999999995,bent5ppfr
7808,2189.3,35.214,bent5ppfr
7809,2191.7,34.865,bent5ppfr
7810,2194.2,34.544500000000006,bent5ppfr
7811,2196.6,34.252,bent5ppfr
7812,2199.1,34.004999999999995,bent5ppfr
7813,2201.5,33.80349999999999,bent5ppfr
7814,2204.0,33.703,bent5ppfr
7815,2206.4,33.699,bent5ppfr
7816,2208.9,33.74499999999999,bent5ppfr
7817,2211.3,33.844,bent5ppfr
7818,2213.7,34.0085,bent5ppfr
7819,2216.1,34.2145,bent5ppfr
7820,2218.6,34.43899999999999,bent5ppfr
7821,2221.0,34.6365,bent5ppfr
7822,2223.4,34.816500000000005,bent5ppfr
7823,2225.8,35.02,bent5ppfr
7824,2228.2,35.19950000000001,bent5ppfr
7825,2230.6,35.340500000000006,bent5ppfr
7826,2233.1,35.47850000000001,bent5ppfr
7827,2235.5,35.609500000000004,bent5ppfr
7828,2237.9,35.7535,bent5ppfr
7829,2240.3,35.8635,bent5ppfr
7830,2242.7,35.967,bent5ppfr
7831,2245.1,36.082,bent5ppfr
7832,2247.5,36.17550000000001,bent5ppfr
7833,2249.9,36.2385,bent5ppfr
7834,2252.2,36.2825,bent5ppfr
7835,2254.6,36.327000000000005,bent5ppfr
7836,2257.0,36.372,bent5ppfr
7837,2259.4,36.373000000000005,bent5ppfr
7838,2261.8,36.348,bent5ppfr
7839,2264.1,36.3295,bent5ppfr
7840,2266.5,36.3275,bent5ppfr
7841,2268.9,36.31,bent5ppfr
7842,2271.2,36.253,bent5ppfr
7843,2273.6,36.196,bent5ppfr
7844,2276.0,36.133,bent5ppfr
7845,2278.3,36.07199999999999,bent5ppfr
7846,2280.7,36.0125,bent5ppfr
7847,2283.0,35.967,bent5ppfr
7848,2285.4,35.90599999999999,bent5ppfr
7849,2287.7,35.835,bent5ppfr
7850,2290.1,35.74650000000001,bent5ppfr
7851,2292.4,35.6435,bent5ppfr
7852,2294.8,35.516000000000005,bent5ppfr
7853,2297.1,35.3985,bent5ppfr
7854,2299.4,35.295,bent5ppfr
7855,2301.8,35.2,bent5ppfr
7856,2304.1,35.102500000000006,bent5ppfr
7857,2306.4,35.007,bent5ppfr
7858,2308.7,34.941,bent5ppfr
7859,2311.1,34.9035,bent5ppfr
7860,2313.4,34.873000000000005,bent5ppfr
7861,2315.7,34.8545,bent5ppfr
7862,2318.0,34.868,bent5ppfr
7863,2320.3,34.873,bent5ppfr
7864,2322.6,34.848,bent5ppfr
7865,2324.9,34.794,bent5ppfr
7866,2327.2,34.7455,bent5ppfr
7867,2329.5,34.677499999999995,bent5ppfr
7868,2331.8,34.5945,bent5ppfr
7869,2334.1,34.51199999999999,bent5ppfr
7870,2336.4,34.428999999999995,bent5ppfr
7871,2338.7,34.32749999999999,bent5ppfr
7872,2341.0,34.2285,bent5ppfr
7873,2343.2,34.105000000000004,bent5ppfr
7874,2345.5,34.005,bent5ppfr
7875,2347.8,33.9205,bent5ppfr
7876,2350.1,33.8165,bent5ppfr
7877,2352.4,33.7575,bent5ppfr
7878,2354.6,33.7025,bent5ppfr
7879,2356.9,33.63000000000001,bent5ppfr
7880,2359.1,33.572500000000005,bent5ppfr
7881,2361.4,33.496,bent5ppfr
7882,2363.7,33.425,bent5ppfr
7883,2365.9,33.3485,bent5ppfr
7884,2368.2,33.2825,bent5ppfr
7885,2370.4,33.21900000000001,bent5ppfr
7886,2372.7,33.1725,bent5ppfr
7887,2374.9,33.142,bent5ppfr
7888,2377.2,33.050500000000014,bent5ppfr
7889,2379.4,32.945,bent5ppfr
7890,2381.6,32.8395,bent5ppfr
7891,2383.9,32.748000000000005,bent5ppfr
7892,2386.1,32.661,bent5ppfr
7893,2388.3,32.567499999999995,bent5ppfr
7894,2390.6,32.47599999999999,bent5ppfr
7895,2392.8,32.401500000000006,bent5ppfr
7896,2395.0,32.3155,bent5ppfr
7897,2397.2,32.2145,bent5ppfr
7898,2399.4,32.105000000000004,bent5ppfr
7899,2401.6,32.023,bent5ppfr
7900,2403.9,31.954500000000003,bent5ppfr
7901,2406.1,31.85900000000001,bent5ppfr
7902,2408.3,31.733000000000004,bent5ppfr
7903,2410.5,31.6115,bent5ppfr
7904,2412.7,31.4925,bent5ppfr
7905,2414.9,31.3855,bent5ppfr
7906,2417.1,31.2755,bent5ppfr
7907,2419.2,31.176999999999992,bent5ppfr
7908,2421.4,31.0785,bent5ppfr
7909,2423.6,30.978,bent5ppfr
7910,2425.8,30.8465,bent5ppfr
7911,2428.0,30.716500000000003,bent5ppfr
7912,2430.2,30.5985,bent5ppfr
7913,2432.3,30.504,bent5ppfr
7914,2434.5,30.387000000000008,bent5ppfr
7915,2436.7,30.25,bent5ppfr
7916,2438.8,30.151999999999997,bent5ppfr
7917,2441.0,30.0785,bent5ppfr
7918,2443.2,29.9715,bent5ppfr
7919,2445.3,29.841999999999995,bent5ppfr
7920,2447.5,29.723000000000003,bent5ppfr
7921,2449.6,29.6355,bent5ppfr
7922,2451.8,29.5375,bent5ppfr
7923,2453.9,29.46100000000001,bent5ppfr
7924,2456.1,29.378000000000004,bent5ppfr
7925,2458.2,29.294,bent5ppfr
7926,2460.4,29.23950000000001,bent5ppfr
7927,2462.5,29.158000000000005,bent5ppfr
7928,2464.6,29.09250000000001,bent5ppfr
7929,2466.8,29.070000000000004,bent5ppfr
7930,2468.9,29.037499999999994,bent5ppfr
7931,2471.0,28.939,bent5ppfr
7932,2473.1,28.860499999999995,bent5ppfr
7933,2475.2,28.820500000000003,bent5ppfr
7934,2477.4,28.792,bent5ppfr
7935,2479.5,28.7675,bent5ppfr
7936,2481.6,28.774,bent5ppfr
7937,2483.7,28.7405,bent5ppfr
7938,2485.8,28.655999999999995,bent5ppfr
7939,2487.9,28.6255,bent5ppfr
7940,2490.0,28.625,bent5ppfr
7941,2492.1,28.647,bent5ppfr
7942,2494.2,28.5825,bent5ppfr
7943,2496.3,28.5595,bent5ppfr
7944,2498.4,28.5465,bent5ppfr
7945,2500.5,28.5015,bent5ppfr
7946,2502.6,28.4715,bent5ppfr
7947,2504.7,28.486,bent5ppfr
7948,2506.7,28.480999999999995,bent5ppfr
7949,2508.8,28.474499999999995,bent5ppfr
7950,2510.9,28.420500000000004,bent5ppfr
7951,2513.0,28.4245,bent5ppfr
7952,339.3,52.07411764705882,kao005ck
7953,340.8,50.84294117647059,kao005ck
7954,342.3,50.37823529411765,kao005ck
7955,343.7,49.33,kao005ck
7956,345.2,48.94764705882353,kao005ck
7957,346.7,47.923529411764704,kao005ck
7958,348.1,47.3635294117647,kao005ck
7959,349.6,46.892941176470586,kao005ck
7960,351.1,46.58470588235294,kao005ck
7961,352.5,45.77941176470589,kao005ck
7962,354.0,45.82058823529412,kao005ck
7963,355.5,45.95411764705882,kao005ck
7964,357.0,45.93941176470588,kao005ck
7965,358.4,45.745294117647056,kao005ck
7966,359.9,45.55235294117647,kao005ck
7967,361.4,45.548235294117646,kao005ck
7968,362.8,45.77588235294117,kao005ck
7969,364.3,45.91058823529412,kao005ck
7970,365.8,46.05294117647058,kao005ck
7971,367.2,46.25411764705882,kao005ck
7972,368.7,46.37235294117647,kao005ck
7973,370.1,46.57470588235294,kao005ck
7974,371.6,46.74411764705882,kao005ck
7975,373.1,46.88764705882353,kao005ck
7976,374.5,47.28176470588236,kao005ck
7977,376.0,47.42176470588235,kao005ck
7978,377.5,47.66176470588236,kao005ck
7979,378.9,47.90176470588235,kao005ck
7980,380.4,48.10705882352941,kao005ck
7981,381.9,48.31235294117647,kao005ck
7982,383.3,48.59294117647059,kao005ck
7983,384.8,48.94117647058823,kao005ck
7984,386.2,49.16764705882353,kao005ck
7985,387.7,49.428823529411765,kao005ck
7986,389.2,49.557647058823534,kao005ck
7987,390.6,49.75411764705882,kao005ck
7988,392.1,49.98,kao005ck
7989,393.6,50.15588235294118,kao005ck
7990,395.0,50.36588235294118,kao005ck
7991,396.5,50.55352941176471,kao005ck
7992,397.9,50.75882352941176,kao005ck
7993,399.4,50.961764705882345,kao005ck
7994,400.9,51.14529411764706,kao005ck
7995,402.3,51.36294117647059,kao005ck
7996,403.8,51.55176470588236,kao005ck
7997,405.2,51.68117647058824,kao005ck
7998,406.7,51.90529411764706,kao005ck
7999,408.1,52.108823529411765,kao005ck
8000,409.6,52.27235294117647,kao005ck
8001,411.1,52.48470588235294,kao005ck
8002,412.5,52.70941176470589,kao005ck
8003,414.0,52.86117647058823,kao005ck
8004,415.4,53.07588235294117,kao005ck
8005,416.9,53.30058823529412,kao005ck
8006,418.3,53.55411764705883,kao005ck
8007,419.8,53.77058823529411,kao005ck
8008,421.2,54.02,kao005ck
8009,422.7,54.23117647058823,kao005ck
8010,424.1,54.43352941176471,kao005ck
8011,425.6,54.6629411764706,kao005ck
8012,427.0,54.915294117647065,kao005ck
8013,428.5,55.17294117647059,kao005ck
8014,429.9,55.438235294117646,kao005ck
8015,431.4,55.66117647058824,kao005ck
8016,432.8,55.910588235294114,kao005ck
8017,434.3,56.146470588235296,kao005ck
8018,435.7,56.38941176470588,kao005ck
8019,437.2,56.62470588235294,kao005ck
8020,438.6,56.888823529411766,kao005ck
8021,440.1,57.11764705882353,kao005ck
8022,441.5,57.34529411764706,kao005ck
8023,443.0,57.568823529411766,kao005ck
8024,444.4,57.78470588235294,kao005ck
8025,445.8,58.01411764705883,kao005ck
8026,447.3,58.21176470588235,kao005ck
8027,448.7,58.4,kao005ck
8028,450.2,58.58176470588235,kao005ck
8029,451.6,58.76882352941177,kao005ck
8030,453.0,58.95647058823529,kao005ck
8031,454.5,59.12058823529412,kao005ck
8032,455.9,59.29,kao005ck
8033,457.4,59.43352941176471,kao005ck
8034,458.8,59.57411764705882,kao005ck
8035,460.2,59.69647058823529,kao005ck
8036,461.7,59.83352941176471,kao005ck
8037,463.1,59.9435294117647,kao005ck
8038,464.5,60.07764705882352,kao005ck
8039,466.0,60.212941176470586,kao005ck
8040,467.4,60.31764705882353,kao005ck
8041,468.9,60.40823529411764,kao005ck
8042,470.3,60.52235294117648,kao005ck
8043,471.7,60.60764705882352,kao005ck
8044,473.1,60.71117647058823,kao005ck
8045,474.6,60.84176470588235,kao005ck
8046,476.0,60.950588235294106,kao005ck
8047,477.4,61.06352941176471,kao005ck
8048,478.9,61.16176470588236,kao005ck
8049,480.3,61.268235294117645,kao005ck
8050,481.7,61.37294117647058,kao005ck
8051,483.1,61.49705882352941,kao005ck
8052,484.6,61.63117647058824,kao005ck
8053,486.0,61.75176470588235,kao005ck
8054,487.4,61.86529411764706,kao005ck
8055,488.9,61.98705882352941,kao005ck
8056,490.3,62.09588235294118,kao005ck
8057,491.7,62.22529411764705,kao005ck
8058,493.1,62.34764705882352,kao005ck
8059,494.5,62.48235294117647,kao005ck
8060,496.0,62.62529411764705,kao005ck
8061,497.4,62.75823529411765,kao005ck
8062,498.8,62.887647058823525,kao005ck
8063,500.2,63.01352941176471,kao005ck
8064,501.6,63.14352941176471,kao005ck
8065,503.1,63.28176470588235,kao005ck
8066,504.5,63.43,kao005ck
8067,505.9,63.56529411764706,kao005ck
8068,507.3,63.69882352941177,kao005ck
8069,508.7,63.817058823529415,kao005ck
8070,510.1,63.946470588235286,kao005ck
8071,511.6,64.08235294117648,kao005ck
8072,513.0,64.21705882352941,kao005ck
8073,514.4,64.36000000000001,kao005ck
8074,515.8,64.49705882352941,kao005ck
8075,517.2,64.63294117647058,kao005ck
8076,518.6,64.76588235294118,kao005ck
8077,520.0,64.89588235294119,kao005ck
8078,521.5,65.03176470588235,kao005ck
8079,522.9,65.16,kao005ck
8080,524.3,65.2970588235294,kao005ck
8081,525.7,65.43705882352941,kao005ck
8082,527.1,65.56,kao005ck
8083,528.5,65.66647058823528,kao005ck
8084,529.9,65.78823529411765,kao005ck
8085,531.3,65.92529411764704,kao005ck
8086,532.7,66.09058823529412,kao005ck
8087,534.1,66.23823529411764,kao005ck
8088,535.5,66.36352941176472,kao005ck
8089,536.9,66.47411764705882,kao005ck
8090,538.3,66.6094117647059,kao005ck
8091,539.7,66.73176470588236,kao005ck
8092,541.1,66.86000000000001,kao005ck
8093,542.5,66.97529411764707,kao005ck
8094,544.0,67.09764705882354,kao005ck
8095,545.3,67.22470588235295,kao005ck
8096,546.8,67.37058823529412,kao005ck
8097,548.2,67.49764705882352,kao005ck
8098,549.5,67.58941176470587,kao005ck
8099,550.9,67.70705882352942,kao005ck
8100,552.3,67.81176470588235,kao005ck
8101,553.7,67.89117647058823,kao005ck
8102,555.1,67.95470588235294,kao005ck
8103,556.5,68.06235294117647,kao005ck
8104,557.9,68.17058823529412,kao005ck
8105,559.3,68.29411764705883,kao005ck
8106,560.7,68.39470588235292,kao005ck
8107,562.1,68.49411764705883,kao005ck
8108,563.5,68.59529411764706,kao005ck
8109,564.9,68.69470588235293,kao005ck
8110,566.3,68.79058823529412,kao005ck
8111,567.7,68.88058823529413,kao005ck
8112,569.1,68.97058823529413,kao005ck
8113,570.5,69.05588235294118,kao005ck
8114,571.8,69.14,kao005ck
8115,573.2,69.21941176470588,kao005ck
8116,574.6,69.30823529411765,kao005ck
8117,576.0,69.38764705882352,kao005ck
8118,577.4,69.46352941176471,kao005ck
8119,578.8,69.53470588235294,kao005ck
8120,580.2,69.60176470588235,kao005ck
8121,581.5,69.66882352941177,kao005ck
8122,582.9,69.73411764705882,kao005ck
8123,584.3,69.79235294117647,kao005ck
8124,585.7,69.85058823529413,kao005ck
8125,587.1,69.90764705882353,kao005ck
8126,588.5,69.96176470588235,kao005ck
8127,589.8,70.01411764705882,kao005ck
8128,591.2,70.05823529411765,kao005ck
8129,592.6,70.10529411764708,kao005ck
8130,594.0,70.15470588235294,kao005ck
8131,595.4,70.19882352941177,kao005ck
8132,596.7,70.2435294117647,kao005ck
8133,598.1,70.28235294117647,kao005ck
8134,599.5,70.32117647058824,kao005ck
8135,600.9,70.3635294117647,kao005ck
8136,602.2,70.3941176470588,kao005ck
8137,603.6,70.4370588235294,kao005ck
8138,605.0,70.47117647058822,kao005ck
8139,606.4,70.51470588235293,kao005ck
8140,607.7,70.5494117647059,kao005ck
8141,609.1,70.58764705882353,kao005ck
8142,610.5,70.62529411764706,kao005ck
8143,611.9,70.65588235294118,kao005ck
8144,613.2,70.68941176470587,kao005ck
8145,614.6,70.73235294117647,kao005ck
8146,616.0,70.77117647058823,kao005ck
8147,617.3,70.80411764705883,kao005ck
8148,618.7,70.83882352941177,kao005ck
8149,620.1,70.86764705882354,kao005ck
8150,621.5,70.89588235294117,kao005ck
8151,622.8,70.93529411764705,kao005ck
8152,624.2,70.96941176470587,kao005ck
8153,625.5,71.00235294117647,kao005ck
8154,626.9,71.03058823529412,kao005ck
8155,628.3,71.05823529411765,kao005ck
8156,629.6,71.08058823529413,kao005ck
8157,631.0,71.11058823529413,kao005ck
8158,632.4,71.13647058823528,kao005ck
8159,633.7,71.16764705882352,kao005ck
8160,635.1,71.1870588235294,kao005ck
8161,636.5,71.20588235294116,kao005ck
8162,637.8,71.22411764705882,kao005ck
8163,639.2,71.24176470588236,kao005ck
8164,640.5,71.26176470588236,kao005ck
8165,641.9,71.2735294117647,kao005ck
8166,643.2,71.27588235294118,kao005ck
8167,644.6,71.28,kao005ck
8168,646.0,71.29529411764706,kao005ck
8169,647.3,71.30588235294118,kao005ck
8170,648.7,71.31705882352941,kao005ck
8171,650.0,71.33470588235294,kao005ck
8172,651.4,71.34941176470589,kao005ck
8173,652.7,71.34058823529412,kao005ck
8174,654.1,71.31882352941177,kao005ck
8175,655.4,71.31941176470588,kao005ck
8176,656.8,71.33764705882353,kao005ck
8177,658.1,71.38764705882352,kao005ck
8178,659.5,71.4270588235294,kao005ck
8179,660.8,71.43823529411763,kao005ck
8180,662.2,71.45235294117647,kao005ck
8181,663.5,71.47176470588236,kao005ck
8182,664.9,71.50058823529413,kao005ck
8183,666.2,71.5164705882353,kao005ck
8184,667.6,71.53588235294117,kao005ck
8185,668.9,71.57882352941176,kao005ck
8186,670.3,71.68235294117646,kao005ck
8187,671.6,71.78411764705882,kao005ck
8188,673.0,71.83176470588235,kao005ck
8189,674.3,71.89176470588235,kao005ck
8190,675.6,71.95235294117646,kao005ck
8191,677.0,71.96294117647058,kao005ck
8192,678.3,71.95529411764704,kao005ck
8193,679.7,71.97823529411765,kao005ck
8194,681.0,72.02235294117648,kao005ck
8195,682.3,72.06764705882354,kao005ck
8196,683.7,72.09941176470589,kao005ck
8197,685.0,72.1335294117647,kao005ck
8198,686.4,72.17411764705882,kao005ck
8199,687.7,72.21823529411766,kao005ck
8200,689.0,72.25764705882354,kao005ck
8201,690.4,72.29823529411765,kao005ck
8202,691.7,72.33235294117647,kao005ck
8203,693.0,72.36941176470589,kao005ck
8204,694.4,72.39941176470586,kao005ck
8205,695.7,72.43529411764706,kao005ck
8206,697.0,72.47176470588235,kao005ck
8207,698.4,72.5229411764706,kao005ck
8208,699.7,72.56235294117647,kao005ck
8209,701.0,72.59764705882353,kao005ck
8210,702.4,72.63529411764705,kao005ck
8211,703.7,72.67,kao005ck
8212,705.0,72.70882352941177,kao005ck
8213,706.3,72.74411764705883,kao005ck
8214,707.7,72.78411764705882,kao005ck
8215,709.0,72.82352941176471,kao005ck
8216,710.3,72.86235294117648,kao005ck
8217,711.6,72.89176470588234,kao005ck
8218,713.0,72.92882352941177,kao005ck
8219,714.3,72.95941176470589,kao005ck
8220,715.6,72.98941176470589,kao005ck
8221,716.9,73.02764705882353,kao005ck
8222,718.2,73.06117647058824,kao005ck
8223,719.6,73.09235294117647,kao005ck
8224,720.9,73.12470588235294,kao005ck
8225,722.2,73.15176470588236,kao005ck
8226,723.5,73.18058823529412,kao005ck
8227,724.8,73.20764705882353,kao005ck
8228,726.2,73.23235294117647,kao005ck
8229,727.5,73.26529411764706,kao005ck
8230,728.8,73.29823529411765,kao005ck
8231,730.1,73.3229411764706,kao005ck
8232,731.4,73.35058823529413,kao005ck
8233,732.7,73.37235294117649,kao005ck
8234,734.0,73.39411764705882,kao005ck
8235,735.3,73.42705882352942,kao005ck
8236,736.7,73.45294117647059,kao005ck
8237,738.0,73.48058823529412,kao005ck
8238,739.3,73.49941176470588,kao005ck
8239,740.6,73.52294117647058,kao005ck
8240,741.9,73.53882352941176,kao005ck
8241,743.2,73.55764705882353,kao005ck
8242,744.5,73.58,kao005ck
8243,745.8,73.61235294117648,kao005ck
8244,747.1,73.64176470588235,kao005ck
8245,748.4,73.67117647058824,kao005ck
8246,749.7,73.68941176470588,kao005ck
8247,751.0,73.71176470588235,kao005ck
8248,752.3,73.74058823529411,kao005ck
8249,753.6,73.76705882352941,kao005ck
8250,754.9,73.79705882352941,kao005ck
8251,756.2,73.82000000000001,kao005ck
8252,757.5,73.84176470588237,kao005ck
8253,758.8,73.85352941176473,kao005ck
8254,760.1,73.87529411764706,kao005ck
8255,761.4,73.90176470588234,kao005ck
8256,762.7,73.93117647058823,kao005ck
8257,764.0,73.94882352941177,kao005ck
8258,765.3,73.96352941176471,kao005ck
8259,766.6,73.97999999999999,kao005ck
8260,767.9,73.99941176470588,kao005ck
8261,769.2,74.02058823529411,kao005ck
8262,770.4,74.04823529411765,kao005ck
8263,771.7,74.07235294117648,kao005ck
8264,773.0,74.08176470588235,kao005ck
8265,774.3,74.09411764705884,kao005ck
8266,775.6,74.11588235294118,kao005ck
8267,776.9,74.1429411764706,kao005ck
8268,778.2,74.1670588235294,kao005ck
8269,779.4,74.17882352941176,kao005ck
8270,780.7,74.1970588235294,kao005ck
8271,782.0,74.20470588235294,kao005ck
8272,783.3,74.23,kao005ck
8273,784.5,74.24823529411763,kao005ck
8274,785.8,74.26764705882354,kao005ck
8275,787.1,74.28882352941176,kao005ck
8276,788.4,74.29823529411765,kao005ck
8277,789.7,74.31470588235294,kao005ck
8278,790.9,74.31941176470588,kao005ck
8279,792.2,74.3429411764706,kao005ck
8280,793.5,74.36235294117648,kao005ck
8281,794.8,74.38058823529411,kao005ck
8282,796.0,74.40235294117646,kao005ck
8283,797.3,74.41058823529411,kao005ck
8284,798.5,74.42294117647059,kao005ck
8285,799.8,74.44176470588236,kao005ck
8286,801.1,74.45882352941176,kao005ck
8287,802.3,74.48176470588234,kao005ck
8288,803.6,74.49705882352941,kao005ck
8289,804.9,74.49941176470588,kao005ck
8290,806.1,74.5170588235294,kao005ck
8291,807.4,74.5270588235294,kao005ck
8292,808.7,74.55,kao005ck
8293,809.9,74.55705882352943,kao005ck
8294,811.2,74.57352941176472,kao005ck
8295,812.4,74.58588235294118,kao005ck
8296,813.7,74.58823529411765,kao005ck
8297,815.0,74.61117647058825,kao005ck
8298,816.2,74.62294117647059,kao005ck
8299,817.5,74.64411764705882,kao005ck
8300,818.7,74.64470588235294,kao005ck
8301,820.0,74.66294117647058,kao005ck
8302,821.2,74.66882352941177,kao005ck
8303,822.5,74.66764705882352,kao005ck
8304,823.7,74.68882352941176,kao005ck
8305,825.0,74.70117647058824,kao005ck
8306,826.2,74.7164705882353,kao005ck
8307,827.5,74.71764705882353,kao005ck
8308,828.7,74.73588235294118,kao005ck
8309,829.9,74.7464705882353,kao005ck
8310,831.2,74.74647058823528,kao005ck
8311,832.4,74.75941176470587,kao005ck
8312,833.7,74.77470588235293,kao005ck
8313,834.9,74.77294117647058,kao005ck
8314,836.1,74.77117647058823,kao005ck
8315,837.4,74.78294117647057,kao005ck
8316,838.6,74.80058823529411,kao005ck
8317,839.8,74.80117647058825,kao005ck
8318,841.1,74.82411764705883,kao005ck
8319,842.3,74.83352941176472,kao005ck
8320,843.5,74.8464705882353,kao005ck
8321,844.8,74.84117647058825,kao005ck
8322,846.0,74.84470588235295,kao005ck
8323,847.2,74.83529411764707,kao005ck
8324,848.5,74.85176470588237,kao005ck
8325,849.7,74.87411764705882,kao005ck
8326,850.9,74.88058823529411,kao005ck
8327,852.2,74.88588235294117,kao005ck
8328,853.4,74.8829411764706,kao005ck
8329,854.6,74.87882352941176,kao005ck
8330,855.8,74.89764705882352,kao005ck
8331,857.0,74.90764705882353,kao005ck
8332,858.3,74.91882352941177,kao005ck
8333,859.5,74.92999999999999,kao005ck
8334,860.7,74.92999999999999,kao005ck
8335,861.9,74.93352941176471,kao005ck
8336,863.1,74.92823529411764,kao005ck
8337,864.3,74.91999999999999,kao005ck
8338,865.5,74.94529411764705,kao005ck
8339,866.8,74.95117647058822,kao005ck
8340,868.0,74.96294117647058,kao005ck
8341,869.2,74.96235294117646,kao005ck
8342,870.4,74.96823529411765,kao005ck
8343,871.6,74.9805882352941,kao005ck
8344,872.8,74.99,kao005ck
8345,874.0,74.99588235294118,kao005ck
8346,875.2,75.00705882352939,kao005ck
8347,876.4,75.00764705882351,kao005ck
8348,877.6,75.02764705882352,kao005ck
8349,878.8,75.02352941176471,kao005ck
8350,880.0,75.0070588235294,kao005ck
8351,881.2,75.02,kao005ck
8352,882.4,75.0264705882353,kao005ck
8353,883.6,75.06117647058825,kao005ck
8354,884.8,75.04529411764706,kao005ck
8355,886.0,75.05647058823531,kao005ck
8356,887.2,75.05529411764708,kao005ck
8357,888.4,75.06352941176472,kao005ck
8358,889.6,75.08058823529412,kao005ck
8359,890.8,75.08,kao005ck
8360,892.0,75.07823529411766,kao005ck
8361,893.2,75.09823529411766,kao005ck
8362,894.3,75.08411764705883,kao005ck
8363,895.5,75.08764705882353,kao005ck
8364,896.7,75.11235294117647,kao005ck
8365,897.9,75.13470588235293,kao005ck
8366,899.1,75.10823529411765,kao005ck
8367,900.3,75.1164705882353,kao005ck
8368,901.5,75.11470588235295,kao005ck
8369,902.6,75.1370588235294,kao005ck
8370,903.8,75.14058823529412,kao005ck
8371,905.0,75.15411764705883,kao005ck
8372,906.2,75.14882352941176,kao005ck
8373,907.4,75.12470588235294,kao005ck
8374,908.5,75.11411764705883,kao005ck
8375,909.7,75.13470588235293,kao005ck
8376,910.9,75.14411764705882,kao005ck
8377,912.1,75.1435294117647,kao005ck
8378,913.2,75.13,kao005ck
8379,914.4,75.12294117647059,kao005ck
8380,915.6,75.14470588235292,kao005ck
8381,916.8,75.15411764705883,kao005ck
8382,917.9,75.16058823529411,kao005ck
8383,919.1,75.17176470588234,kao005ck
8384,920.2,75.16235294117645,kao005ck
8385,921.4,75.18117647058823,kao005ck
8386,922.6,75.19588235294117,kao005ck
8387,923.8,75.20176470588234,kao005ck
8388,924.9,75.21294117647058,kao005ck
8389,926.1,75.23705882352941,kao005ck
8390,927.2,75.23470588235296,kao005ck
8391,928.4,75.2170588235294,kao005ck
8392,929.6,75.2105882352941,kao005ck
8393,930.7,75.2535294117647,kao005ck
8394,931.9,75.22411764705883,kao005ck
8395,933.0,75.26470588235296,kao005ck
8396,934.2,75.24235294117646,kao005ck
8397,935.3,75.22823529411765,kao005ck
8398,936.5,75.2270588235294,kao005ck
8399,937.7,75.2764705882353,kao005ck
8400,938.8,75.25764705882354,kao005ck
8401,940.0,75.25882352941177,kao005ck
8402,941.1,75.25705882352942,kao005ck
8403,942.3,75.25,kao005ck
8404,943.4,75.23823529411764,kao005ck
8405,944.6,75.22352941176472,kao005ck
8406,945.7,75.2235294117647,kao005ck
8407,946.9,75.21470588235294,kao005ck
8408,948.0,75.17176470588235,kao005ck
8409,949.2,75.16,kao005ck
8410,950.3,75.15176470588234,kao005ck
8411,951.5,75.12823529411764,kao005ck
8412,952.6,75.11058823529413,kao005ck
8413,953.8,75.13294117647058,kao005ck
8414,954.9,75.13882352941177,kao005ck
8415,956.1,75.12235294117647,kao005ck
8416,957.2,75.16235294117647,kao005ck
8417,958.3,75.21058823529411,kao005ck
8418,959.5,75.23294117647059,kao005ck
8419,960.6,75.23,kao005ck
8420,961.8,75.1870588235294,kao005ck
8421,962.9,75.14588235294117,kao005ck
8422,964.1,75.0558823529412,kao005ck
8423,965.2,74.89882352941177,kao005ck
8424,966.3,74.78,kao005ck
8425,967.5,74.83823529411765,kao005ck
8426,968.6,74.93999999999998,kao005ck
8427,969.8,75.22411764705882,kao005ck
8428,970.9,75.32823529411766,kao005ck
8429,972.1,75.40999999999998,kao005ck
8430,973.2,75.45764705882353,kao005ck
8431,974.3,75.49882352941177,kao005ck
8432,975.5,75.5270588235294,kao005ck
8433,976.6,75.60529411764706,kao005ck
8434,977.8,75.57529411764706,kao005ck
8435,978.9,75.60882352941177,kao005ck
8436,980.0,75.60411764705883,kao005ck
8437,981.2,75.59705882352941,kao005ck
8438,982.3,75.53411764705882,kao005ck
8439,983.5,75.54529411764706,kao005ck
8440,984.6,75.57470588235296,kao005ck
8441,985.7,75.60705882352943,kao005ck
8442,986.9,75.57000000000001,kao005ck
8443,988.0,75.5335294117647,kao005ck
8444,989.1,75.60235294117648,kao005ck
8445,992.0,75.71647058823528,kao005ck
8446,995.9,75.75058823529412,kao005ck
8447,999.7,75.75411764705882,kao005ck
8448,1003.6,75.77941176470588,kao005ck
8449,1007.4,75.82411764705883,kao005ck
8450,1011.3,75.85823529411765,kao005ck
8451,1015.1,75.9035294117647,kao005ck
8452,1019.0,75.91411764705883,kao005ck
8453,1022.8,75.9270588235294,kao005ck
8454,1026.7,75.9364705882353,kao005ck
8455,1030.5,75.95294117647059,kao005ck
8456,1034.4,75.94882352941175,kao005ck
8457,1038.2,75.98470588235294,kao005ck
8458,1042.1,76.02705882352942,kao005ck
8459,1045.9,76.03411764705884,kao005ck
8460,1049.7,76.06764705882354,kao005ck
8461,1053.6,76.05176470588235,kao005ck
8462,1057.4,76.10058823529413,kao005ck
8463,1061.2,76.11235294117648,kao005ck
8464,1065.1,76.1094117647059,kao005ck
8465,1068.9,76.15294117647059,kao005ck
8466,1072.7,76.18294117647059,kao005ck
8467,1076.6,76.16294117647058,kao005ck
8468,1080.4,76.17529411764706,kao005ck
8469,1084.2,76.19999999999999,kao005ck
8470,1088.0,76.21764705882352,kao005ck
8471,1091.8,76.20941176470589,kao005ck
8472,1095.7,76.23235294117646,kao005ck
8473,1099.5,76.24823529411765,kao005ck
8474,1103.3,76.26294117647058,kao005ck
8475,1107.1,76.28588235294119,kao005ck
8476,1110.9,76.30588235294118,kao005ck
8477,1114.8,76.34117647058825,kao005ck
8478,1118.6,76.33882352941177,kao005ck
8479,1122.4,76.37058823529412,kao005ck
8480,1126.2,76.41882352941177,kao005ck
8481,1130.0,76.44117647058825,kao005ck
8482,1133.8,76.44176470588236,kao005ck
8483,1137.6,76.47117647058825,kao005ck
8484,1141.4,76.50882352941177,kao005ck
8485,1145.2,76.53058823529412,kao005ck
8486,1149.0,76.57235294117648,kao005ck
8487,1152.8,76.63941176470588,kao005ck
8488,1156.6,76.73117647058822,kao005ck
8489,1160.4,76.78588235294119,kao005ck
8490,1164.2,76.85882352941178,kao005ck
8491,1168.0,76.84470588235295,kao005ck
8492,1171.8,76.86882352941177,kao005ck
8493,1175.6,76.83764705882352,kao005ck
8494,1179.4,76.78882352941177,kao005ck
8495,1183.2,76.70764705882353,kao005ck
8496,1187.0,76.66176470588235,kao005ck
8497,1190.7,76.63529411764705,kao005ck
8498,1194.5,76.59823529411766,kao005ck
8499,1198.3,76.62588235294118,kao005ck
8500,1202.1,76.61470588235295,kao005ck
8501,1205.9,76.59705882352942,kao005ck
8502,1209.7,76.62117647058824,kao005ck
8503,1213.4,76.59941176470589,kao005ck
8504,1217.2,76.56058823529413,kao005ck
8505,1221.0,76.52294117647058,kao005ck
8506,1224.8,76.44941176470587,kao005ck
8507,1228.5,76.37941176470588,kao005ck
8508,1232.3,76.33058823529412,kao005ck
8509,1236.1,76.29,kao005ck
8510,1239.8,76.24882352941177,kao005ck
8511,1243.6,76.31764705882354,kao005ck
8512,1247.4,76.37470588235294,kao005ck
8513,1251.1,76.38176470588235,kao005ck
8514,1254.9,76.45117647058824,kao005ck
8515,1258.7,76.49882352941177,kao005ck
8516,1262.4,76.51058823529412,kao005ck
8517,1266.2,76.49352941176471,kao005ck
8518,1269.9,76.47470588235294,kao005ck
8519,1273.7,76.45470588235294,kao005ck
8520,1277.4,76.4170588235294,kao005ck
8521,1281.2,76.34058823529412,kao005ck
8522,1284.9,76.15470588235293,kao005ck
8523,1288.7,76.04058823529412,kao005ck
8524,1292.4,75.86235294117647,kao005ck
8525,1296.2,75.75882352941177,kao005ck
8526,1299.9,75.60764705882355,kao005ck
8527,1303.7,75.4964705882353,kao005ck
8528,1307.4,75.39647058823529,kao005ck
8529,1311.2,75.33000000000001,kao005ck
8530,1314.9,75.23588235294119,kao005ck
8531,1318.7,75.15411764705881,kao005ck
8532,1322.4,75.03588235294119,kao005ck
8533,1326.1,74.94058823529411,kao005ck
8534,1329.9,74.87529411764706,kao005ck
8535,1333.6,74.81941176470588,kao005ck
8536,1337.3,74.79823529411766,kao005ck
8537,1341.1,74.71588235294118,kao005ck
8538,1344.8,74.45705882352941,kao005ck
8539,1348.5,74.04941176470588,kao005ck
8540,1352.2,73.60882352941178,kao005ck
8541,1356.0,73.27588235294118,kao005ck
8542,1359.7,73.14588235294117,kao005ck
8543,1363.4,73.06411764705882,kao005ck
8544,1367.1,73.02823529411765,kao005ck
8545,1370.8,72.75117647058822,kao005ck
8546,1374.6,72.24941176470587,kao005ck
8547,1378.3,71.47823529411764,kao005ck
8548,1382.0,70.38882352941177,kao005ck
8549,1385.7,68.83,kao005ck
8550,1389.4,67.18411764705883,kao005ck
8551,1393.1,66.04411764705883,kao005ck
8552,1396.8,65.62058823529412,kao005ck
8553,1400.5,65.86882352941177,kao005ck
8554,1404.2,65.91235294117647,kao005ck
8555,1407.9,64.87117647058824,kao005ck
8556,1411.7,64.86882352941177,kao005ck
8557,1415.4,66.00705882352942,kao005ck
8558,1419.1,68.86764705882354,kao005ck
8559,1422.8,71.35117647058824,kao005ck
8560,1426.4,72.82470588235294,kao005ck
8561,1430.2,73.74764705882353,kao005ck
8562,1433.8,74.34764705882353,kao005ck
8563,1437.5,74.72588235294118,kao005ck
8564,1441.2,74.95176470588235,kao005ck
8565,1444.9,75.11235294117647,kao005ck
8566,1448.6,75.22,kao005ck
8567,1452.3,75.33176470588235,kao005ck
8568,1456.0,75.40529411764705,kao005ck
8569,1459.7,75.48764705882353,kao005ck
8570,1463.3,75.47823529411765,kao005ck
8571,1467.0,75.58000000000001,kao005ck
8572,1470.7,75.61764705882352,kao005ck
8573,1474.4,75.6764705882353,kao005ck
8574,1478.1,75.7,kao005ck
8575,1481.7,75.80176470588236,kao005ck
8576,1485.4,75.84411764705882,kao005ck
8577,1489.1,75.87647058823529,kao005ck
8578,1492.8,75.90294117647058,kao005ck
8579,1496.4,75.94705882352942,kao005ck
8580,1500.1,75.99705882352941,kao005ck
8581,1503.8,76.04176470588236,kao005ck
8582,1507.4,76.07882352941176,kao005ck
8583,1511.1,76.11529411764707,kao005ck
8584,1514.7,76.1564705882353,kao005ck
8585,1518.4,76.18,kao005ck
8586,1522.1,76.19294117647058,kao005ck
8587,1525.7,76.22117647058823,kao005ck
8588,1529.4,76.24176470588236,kao005ck
8589,1533.0,76.25411764705882,kao005ck
8590,1536.7,76.27,kao005ck
8591,1540.3,76.2835294117647,kao005ck
8592,1544.0,76.30764705882353,kao005ck
8593,1547.6,76.31823529411764,kao005ck
8594,1551.3,76.33529411764707,kao005ck
8595,1554.9,76.35352941176473,kao005ck
8596,1558.6,76.35058823529413,kao005ck
8597,1562.2,76.37176470588236,kao005ck
8598,1565.8,76.37941176470588,kao005ck
8599,1569.5,76.3864705882353,kao005ck
8600,1573.1,76.40235294117646,kao005ck
8601,1576.8,76.40411764705883,kao005ck
8602,1580.4,76.41705882352942,kao005ck
8603,1584.0,76.41,kao005ck
8604,1587.7,76.44058823529411,kao005ck
8605,1591.3,76.44941176470589,kao005ck
8606,1594.9,76.44882352941177,kao005ck
8607,1598.5,76.44764705882352,kao005ck
8608,1602.2,76.46058823529411,kao005ck
8609,1605.8,76.44764705882353,kao005ck
8610,1609.4,76.47294117647058,kao005ck
8611,1613.0,76.47470588235294,kao005ck
8612,1616.7,76.48411764705882,kao005ck
8613,1620.3,76.48470588235294,kao005ck
8614,1623.9,76.47647058823529,kao005ck
8615,1627.5,76.48,kao005ck
8616,1631.1,76.48117647058824,kao005ck
8617,1634.7,76.48294117647059,kao005ck
8618,1638.3,76.50411764705882,kao005ck
8619,1641.9,76.51176470588236,kao005ck
8620,1645.6,76.50647058823529,kao005ck
8621,1649.2,76.5235294117647,kao005ck
8622,1652.8,76.54176470588236,kao005ck
8623,1656.4,76.51941176470588,kao005ck
8624,1660.0,76.53176470588235,kao005ck
8625,1663.6,76.53705882352942,kao005ck
8626,1667.2,76.5164705882353,kao005ck
8627,1670.8,76.53294117647059,kao005ck
8628,1674.4,76.52470588235295,kao005ck
8629,1678.0,76.52647058823528,kao005ck
8630,1681.6,76.50823529411765,kao005ck
8631,1685.1,76.51176470588234,kao005ck
8632,1688.7,76.51882352941176,kao005ck
8633,1692.3,76.51588235294118,kao005ck
8634,1695.9,76.49823529411763,kao005ck
8635,1699.5,76.49,kao005ck
8636,1703.1,76.48235294117647,kao005ck
8637,1706.7,76.48294117647059,kao005ck
8638,1710.2,76.46411764705883,kao005ck
8639,1713.8,76.44294117647058,kao005ck
8640,1717.4,76.4235294117647,kao005ck
8641,1721.0,76.36941176470589,kao005ck
8642,1724.5,76.33000000000001,kao005ck
8643,1728.1,76.25764705882352,kao005ck
8644,1731.7,76.27058823529411,kao005ck
8645,1735.2,76.23,kao005ck
8646,1738.8,76.17411764705882,kao005ck
8647,1742.4,76.13117647058823,kao005ck
8648,1745.9,76.07823529411765,kao005ck
8649,1749.5,76.03588235294117,kao005ck
8650,1753.1,75.97176470588234,kao005ck
8651,1756.6,75.91588235294118,kao005ck
8652,1760.2,75.82823529411766,kao005ck
8653,1763.8,75.8164705882353,kao005ck
8654,1767.3,75.75117647058823,kao005ck
8655,1770.9,75.68764705882352,kao005ck
8656,1774.4,75.63117647058823,kao005ck
8657,1778.0,75.56235294117647,kao005ck
8658,1781.5,75.50529411764707,kao005ck
8659,1785.1,75.43117647058823,kao005ck
8660,1788.6,75.37235294117647,kao005ck
8661,1792.1,75.33470588235295,kao005ck
8662,1795.7,75.29176470588234,kao005ck
8663,1799.2,75.26764705882353,kao005ck
8664,1802.8,75.1970588235294,kao005ck
8665,1806.3,75.16529411764706,kao005ck
8666,1809.8,75.11941176470589,kao005ck
8667,1813.4,75.02882352941177,kao005ck
8668,1816.9,75.0235294117647,kao005ck
8669,1820.4,74.97588235294117,kao005ck
8670,1824.0,75.06529411764706,kao005ck
8671,1827.5,75.11352941176472,kao005ck
8672,1831.0,75.14058823529413,kao005ck
8673,1834.6,75.1094117647059,kao005ck
8674,1838.1,75.05882352941177,kao005ck
8675,1841.6,75.05058823529411,kao005ck
8676,1845.1,75.1335294117647,kao005ck
8677,1848.6,75.24941176470588,kao005ck
8678,1852.2,75.38411764705883,kao005ck
8679,1855.7,75.42411764705882,kao005ck
8680,1859.2,75.46941176470588,kao005ck
8681,1862.7,75.41,kao005ck
8682,1866.2,75.26235294117647,kao005ck
8683,1869.7,75.08058823529412,kao005ck
8684,1873.2,74.8935294117647,kao005ck
8685,1876.7,74.71352941176471,kao005ck
8686,1880.2,74.51176470588236,kao005ck
8687,1883.7,74.24529411764705,kao005ck
8688,1887.2,73.91882352941177,kao005ck
8689,1890.7,73.52411764705882,kao005ck
8690,1894.2,73.08705882352942,kao005ck
8691,1897.7,72.62470588235294,kao005ck
8692,1902.7,72.03529411764707,kao005ck
8693,1905.5,71.7035294117647,kao005ck
8694,1908.2,71.49117647058824,kao005ck
8695,1911.0,71.32882352941176,kao005ck
8696,1913.7,71.24294117647058,kao005ck
8697,1916.5,71.19294117647057,kao005ck
8698,1919.2,71.10470588235295,kao005ck
8699,1921.9,71.06117647058825,kao005ck
8700,1924.7,71.07117647058824,kao005ck
8701,1927.4,71.05588235294118,kao005ck
8702,1930.1,71.01352941176471,kao005ck
8703,1932.9,70.99235294117646,kao005ck
8704,1935.6,70.97176470588235,kao005ck
8705,1938.3,70.97117647058825,kao005ck
8706,1941.0,70.99823529411765,kao005ck
8707,1943.7,71.02235294117648,kao005ck
8708,1946.4,71.08529411764707,kao005ck
8709,1949.2,71.12823529411764,kao005ck
8710,1951.9,71.20941176470588,kao005ck
8711,1954.6,71.31294117647059,kao005ck
8712,1957.3,71.40058823529411,kao005ck
8713,1960.0,71.52470588235293,kao005ck
8714,1962.7,71.64176470588234,kao005ck
8715,1965.4,71.71529411764705,kao005ck
8716,1968.1,71.79470588235294,kao005ck
8717,1970.7,71.91647058823528,kao005ck
8718,1973.4,72.02705882352942,kao005ck
8719,1976.1,72.12529411764706,kao005ck
8720,1978.8,72.22411764705882,kao005ck
8721,1981.5,72.33411764705883,kao005ck
8722,1984.1,72.44235294117648,kao005ck
8723,1986.8,72.55411764705883,kao005ck
8724,1989.5,72.66470588235293,kao005ck
8725,1992.1,72.77470588235293,kao005ck
8726,1994.8,72.89,kao005ck
8727,1997.5,72.98764705882353,kao005ck
8728,2000.1,73.08058823529413,kao005ck
8729,2002.8,73.19882352941175,kao005ck
8730,2005.4,73.30882352941178,kao005ck
8731,2008.1,73.40882352941176,kao005ck
8732,2010.7,73.51705882352941,kao005ck
8733,2013.4,73.61882352941177,kao005ck
8734,2016.0,73.67999999999999,kao005ck
8735,2018.6,73.76764705882353,kao005ck
8736,2021.3,73.8594117647059,kao005ck
8737,2023.9,73.91705882352942,kao005ck
8738,2026.5,73.98,kao005ck
8739,2029.2,74.04705882352943,kao005ck
8740,2031.8,74.09411764705882,kao005ck
8741,2034.4,74.16882352941177,kao005ck
8742,2037.0,74.22647058823529,kao005ck
8743,2039.7,74.25176470588235,kao005ck
8744,2042.3,74.26117647058823,kao005ck
8745,2044.9,74.27411764705883,kao005ck
8746,2047.5,74.2870588235294,kao005ck
8747,2050.1,74.29176470588236,kao005ck
8748,2052.7,74.29058823529412,kao005ck
8749,2055.3,74.30117647058825,kao005ck
8750,2057.9,74.30117647058823,kao005ck
8751,2060.5,74.26823529411764,kao005ck
8752,2063.1,74.2170588235294,kao005ck
8753,2065.7,74.15882352941176,kao005ck
8754,2068.3,74.07705882352943,kao005ck
8755,2070.9,73.99058823529413,kao005ck
8756,2073.4,73.90764705882353,kao005ck
8757,2076.0,73.84764705882354,kao005ck
8758,2078.6,73.76764705882354,kao005ck
8759,2081.2,73.65588235294118,kao005ck
8760,2083.7,73.53529411764707,kao005ck
8761,2086.3,73.4335294117647,kao005ck
8762,2088.9,73.35764705882353,kao005ck
8763,2091.4,73.28823529411765,kao005ck
8764,2094.0,73.23588235294119,kao005ck
8765,2096.6,73.21294117647058,kao005ck
8766,2099.1,73.15294117647058,kao005ck
8767,2101.6,73.06352941176472,kao005ck
8768,2104.2,72.88823529411764,kao005ck
8769,2106.8,72.65999999999998,kao005ck
8770,2109.3,72.44882352941175,kao005ck
8771,2111.8,72.30705882352943,kao005ck
8772,2114.4,72.21705882352941,kao005ck
8773,2116.9,72.1635294117647,kao005ck
8774,2119.4,72.12470588235294,kao005ck
8775,2122.0,72.05117647058825,kao005ck
8776,2124.5,71.93235294117646,kao005ck
8777,2127.0,71.74176470588235,kao005ck
8778,2129.6,71.45470588235294,kao005ck
8779,2132.1,71.07823529411765,kao005ck
8780,2134.6,70.60705882352941,kao005ck
8781,2137.1,69.94882352941175,kao005ck
8782,2139.6,69.11000000000001,kao005ck
8783,2142.1,68.09294117647059,kao005ck
8784,2144.6,66.91764705882352,kao005ck
8785,2147.1,65.68705882352941,kao005ck
8786,2149.6,64.45176470588235,kao005ck
8787,2152.1,63.31058823529412,kao005ck
8788,2154.6,62.35764705882354,kao005ck
8789,2157.1,61.56764705882353,kao005ck
8790,2159.6,60.95529411764706,kao005ck
8791,2162.1,60.54470588235294,kao005ck
8792,2164.6,60.32941176470589,kao005ck
8793,2167.1,60.21411764705882,kao005ck
8794,2169.6,60.18117647058824,kao005ck
8795,2172.0,60.1964705882353,kao005ck
8796,2174.5,60.18352941176471,kao005ck
8797,2177.0,60.14588235294117,kao005ck
8798,2179.4,60.02411764705883,kao005ck
8799,2181.9,59.76882352941177,kao005ck
8800,2184.4,59.41882352941177,kao005ck
8801,2186.8,58.9835294117647,kao005ck
8802,2189.3,58.54176470588236,kao005ck
8803,2191.7,58.077058823529406,kao005ck
8804,2194.2,57.51058823529412,kao005ck
8805,2196.6,56.716470588235296,kao005ck
8806,2199.1,55.56647058823529,kao005ck
8807,2201.5,54.19235294117647,kao005ck
8808,2204.0,53.08470588235294,kao005ck
8809,2206.4,52.82411764705883,kao005ck
8810,2208.9,53.614705882352936,kao005ck
8811,2211.3,55.16176470588236,kao005ck
8812,2213.7,56.98235294117647,kao005ck
8813,2216.1,58.71823529411765,kao005ck
8814,2218.6,60.27176470588235,kao005ck
8815,2221.0,61.58176470588236,kao005ck
8816,2223.4,62.631764705882354,kao005ck
8817,2225.8,63.42411764705883,kao005ck
8818,2228.2,64.0064705882353,kao005ck
8819,2230.6,64.4435294117647,kao005ck
8820,2233.1,64.74058823529411,kao005ck
8821,2235.5,64.95764705882354,kao005ck
8822,2237.9,65.13176470588235,kao005ck
8823,2240.3,65.27058823529411,kao005ck
8824,2242.7,65.38411764705882,kao005ck
8825,2245.1,65.47411764705882,kao005ck
8826,2247.5,65.51764705882354,kao005ck
8827,2249.9,65.53764705882352,kao005ck
8828,2252.2,65.50764705882354,kao005ck
8829,2254.6,65.48823529411766,kao005ck
8830,2257.0,65.43823529411765,kao005ck
8831,2259.4,65.34705882352942,kao005ck
8832,2261.8,65.2464705882353,kao005ck
8833,2264.1,65.12941176470588,kao005ck
8834,2266.5,64.99058823529413,kao005ck
8835,2268.9,64.82705882352941,kao005ck
8836,2271.2,64.64529411764705,kao005ck
8837,2273.6,64.44176470588235,kao005ck
8838,2276.0,64.2335294117647,kao005ck
8839,2278.3,64.03117647058824,kao005ck
8840,2280.7,63.84235294117647,kao005ck
8841,2283.0,63.69235294117647,kao005ck
8842,2285.4,63.51529411764706,kao005ck
8843,2287.7,63.33882352941176,kao005ck
8844,2290.1,63.178823529411765,kao005ck
8845,2292.4,63.01529411764706,kao005ck
8846,2294.8,62.8464705882353,kao005ck
8847,2297.1,62.64882352941176,kao005ck
8848,2299.4,62.42058823529411,kao005ck
8849,2301.8,62.17235294117646,kao005ck
8850,2304.1,61.92941176470588,kao005ck
8851,2306.4,61.67470588235295,kao005ck
8852,2308.7,61.41235294117647,kao005ck
8853,2311.1,61.20176470588234,kao005ck
8854,2313.4,61.05705882352942,kao005ck
8855,2315.7,60.94235294117647,kao005ck
8856,2318.0,60.83764705882353,kao005ck
8857,2320.3,60.78058823529412,kao005ck
8858,2322.6,60.777058823529416,kao005ck
8859,2324.9,60.82999999999999,kao005ck
8860,2327.2,60.91058823529412,kao005ck
8861,2329.5,61.03588235294119,kao005ck
8862,2331.8,61.13117647058824,kao005ck
8863,2334.1,61.16294117647059,kao005ck
8864,2336.4,61.14176470588236,kao005ck
8865,2338.7,61.08941176470588,kao005ck
8866,2341.0,60.99,kao005ck
8867,2343.2,60.78882352941176,kao005ck
8868,2345.5,60.53470588235294,kao005ck
8869,2347.8,60.318823529411766,kao005ck
8870,2350.1,60.07647058823529,kao005ck
8871,2352.4,59.90705882352942,kao005ck
8872,2354.6,59.77294117647059,kao005ck
8873,2356.9,59.69764705882352,kao005ck
8874,2359.1,59.68,kao005ck
8875,2361.4,59.69176470588235,kao005ck
8876,2363.7,59.6264705882353,kao005ck
8877,2365.9,59.48941176470588,kao005ck
8878,2368.2,59.30117647058824,kao005ck
8879,2370.4,59.05882352941177,kao005ck
8880,2372.7,58.77411764705882,kao005ck
8881,2374.9,58.49,kao005ck
8882,2377.2,58.27529411764706,kao005ck
8883,2379.4,58.09,kao005ck
8884,2381.6,57.998823529411766,kao005ck
8885,2383.9,58.03470588235295,kao005ck
8886,2386.1,58.13588235294117,kao005ck
8887,2388.3,58.294117647058826,kao005ck
8888,2390.6,58.51882352941177,kao005ck
8889,2392.8,58.767647058823535,kao005ck
8890,2395.0,59.014117647058825,kao005ck
8891,2397.2,59.21529411764706,kao005ck
8892,2399.4,59.358823529411765,kao005ck
8893,2401.6,59.51058823529412,kao005ck
8894,2403.9,59.56647058823529,kao005ck
8895,2406.1,59.54882352941177,kao005ck
8896,2408.3,59.51058823529412,kao005ck
8897,2410.5,59.44,kao005ck
8898,2412.7,59.322941176470586,kao005ck
8899,2414.9,59.1835294117647,kao005ck
8900,2417.1,59.03352941176471,kao005ck
8901,2419.2,58.87941176470588,kao005ck
8902,2421.4,58.66882352941177,kao005ck
8903,2423.6,58.42117647058824,kao005ck
8904,2425.8,58.15117647058824,kao005ck
8905,2428.0,57.81294117647059,kao005ck
8906,2430.2,57.45882352941176,kao005ck
8907,2432.3,57.09176470588236,kao005ck
8908,2434.5,56.71999999999999,kao005ck
8909,2436.7,56.37235294117647,kao005ck
8910,2438.8,55.99411764705883,kao005ck
8911,2441.0,55.654117647058825,kao005ck
8912,2443.2,55.45352941176471,kao005ck
8913,2445.3,55.2335294117647,kao005ck
8914,2447.5,55.01294117647059,kao005ck
8915,2449.6,54.81411764705882,kao005ck
8916,2451.8,54.6764705882353,kao005ck
8917,2453.9,54.54882352941177,kao005ck
8918,2456.1,54.43588235294118,kao005ck
8919,2458.2,54.30235294117647,kao005ck
8920,2460.4,54.22176470588235,kao005ck
8921,2462.5,54.1564705882353,kao005ck
8922,2464.6,54.08058823529411,kao005ck
8923,2466.8,53.97235294117648,kao005ck
8924,2468.9,53.81823529411765,kao005ck
8925,2471.0,53.6935294117647,kao005ck
8926,2473.1,53.561764705882354,kao005ck
8927,2475.2,53.419411764705885,kao005ck
8928,2477.4,53.20705882352941,kao005ck
8929,2479.5,52.9735294117647,kao005ck
8930,2481.6,52.79470588235295,kao005ck
8931,2483.7,52.538235294117655,kao005ck
8932,2485.8,52.28529411764706,kao005ck
8933,2487.9,52.12235294117647,kao005ck
8934,2490.0,52.0135294117647,kao005ck
8935,2492.1,51.92470588235295,kao005ck
8936,2494.2,51.82705882352941,kao005ck
8937,2496.3,51.809411764705885,kao005ck
8938,2498.4,51.80294117647059,kao005ck
8939,2500.5,51.78941176470588,kao005ck
8940,2502.6,51.76058823529412,kao005ck
8941,2504.7,51.74529411764706,kao005ck
8942,2506.7,51.73941176470588,kao005ck
8943,2508.8,51.71411764705882,kao005ck
8944,2510.9,51.712941176470586,kao005ck
8945,2513.0,51.72,kao005ck
8946,339.3,52.683888888888895,kao005pem
8947,340.8,51.67499999999999,kao005pem
8948,342.3,50.99166666666667,kao005pem
8949,343.7,49.545,kao005pem
8950,345.2,48.695,kao005pem
8951,346.7,48.058888888888895,kao005pem
8952,348.1,47.33888888888889,kao005pem
8953,349.6,47.10833333333333,kao005pem
8954,351.1,46.54555555555556,kao005pem
8955,352.5,46.28166666666667,kao005pem
8956,354.0,46.36666666666667,kao005pem
8957,355.5,45.95055555555556,kao005pem
8958,357.0,46.13166666666667,kao005pem
8959,358.4,45.88944444444444,kao005pem
8960,359.9,45.75388888888889,kao005pem
8961,361.4,45.74555555555556,kao005pem
8962,362.8,45.80777777777777,kao005pem
8963,364.3,46.06166666666667,kao005pem
8964,365.8,46.17444444444445,kao005pem
8965,367.2,46.36055555555556,kao005pem
8966,368.7,46.45277777777778,kao005pem
8967,370.1,46.515,kao005pem
8968,371.6,46.70722222222222,kao005pem
8969,373.1,47.001666666666665,kao005pem
8970,374.5,47.275,kao005pem
8971,376.0,47.66944444444445,kao005pem
8972,377.5,47.74944444444445,kao005pem
8973,378.9,47.833333333333336,kao005pem
8974,380.4,48.07555555555555,kao005pem
8975,381.9,48.26055555555556,kao005pem
8976,383.3,48.64166666666667,kao005pem
8977,384.8,48.91388888888888,kao005pem
8978,386.2,49.07444444444445,kao005pem
8979,387.7,49.31722222222223,kao005pem
8980,389.2,49.50222222222223,kao005pem
8981,390.6,49.82,kao005pem
8982,392.1,49.92666666666666,kao005pem
8983,393.6,50.07500000000001,kao005pem
8984,395.0,50.29611111111112,kao005pem
8985,396.5,50.568333333333335,kao005pem
8986,397.9,50.715,kao005pem
8987,399.4,50.92888888888889,kao005pem
8988,400.9,51.086666666666666,kao005pem
8989,402.3,51.205000000000005,kao005pem
8990,403.8,51.36277777777778,kao005pem
8991,405.2,51.61499999999999,kao005pem
8992,406.7,51.82666666666666,kao005pem
8993,408.1,52.00222222222223,kao005pem
8994,409.6,52.15444444444445,kao005pem
8995,411.1,52.31944444444444,kao005pem
8996,412.5,52.51499999999999,kao005pem
8997,414.0,52.74222222222222,kao005pem
8998,415.4,52.958888888888886,kao005pem
8999,416.9,53.20222222222222,kao005pem
9000,418.3,53.40444444444445,kao005pem
9001,419.8,53.61055555555556,kao005pem
9002,421.2,53.82888888888888,kao005pem
9003,422.7,54.03333333333333,kao005pem
9004,424.1,54.245000000000005,kao005pem
9005,425.6,54.47,kao005pem
9006,427.0,54.68277777777777,kao005pem
9007,428.5,54.937777777777775,kao005pem
9008,429.9,55.14888888888889,kao005pem
9009,431.4,55.42166666666667,kao005pem
9010,432.8,55.62611111111111,kao005pem
9011,434.3,55.86722222222222,kao005pem
9012,435.7,56.09777777777778,kao005pem
9013,437.2,56.312777777777775,kao005pem
9014,438.6,56.54222222222223,kao005pem
9015,440.1,56.77000000000001,kao005pem
9016,441.5,56.99,kao005pem
9017,443.0,57.18833333333334,kao005pem
9018,444.4,57.40166666666667,kao005pem
9019,445.8,57.603888888888896,kao005pem
9020,447.3,57.79722222222222,kao005pem
9021,448.7,57.99333333333334,kao005pem
9022,450.2,58.18,kao005pem
9023,451.6,58.35611111111112,kao005pem
9024,453.0,58.49666666666667,kao005pem
9025,454.5,58.681666666666665,kao005pem
9026,455.9,58.82333333333333,kao005pem
9027,457.4,58.94944444444445,kao005pem
9028,458.8,59.08444444444444,kao005pem
9029,460.2,59.2,kao005pem
9030,461.7,59.335,kao005pem
9031,463.1,59.44277777777776,kao005pem
9032,464.5,59.57111111111111,kao005pem
9033,466.0,59.66944444444445,kao005pem
9034,467.4,59.77722222222222,kao005pem
9035,468.9,59.87944444444444,kao005pem
9036,470.3,59.95944444444444,kao005pem
9037,471.7,60.07222222222222,kao005pem
9038,473.1,60.17,kao005pem
9039,474.6,60.28388888888888,kao005pem
9040,476.0,60.38000000000001,kao005pem
9041,477.4,60.47444444444445,kao005pem
9042,478.9,60.58055555555555,kao005pem
9043,480.3,60.67722222222221,kao005pem
9044,481.7,60.774444444444434,kao005pem
9045,483.1,60.87833333333333,kao005pem
9046,484.6,61.0,kao005pem
9047,486.0,61.09722222222222,kao005pem
9048,487.4,61.22333333333333,kao005pem
9049,488.9,61.328333333333326,kao005pem
9050,490.3,61.43333333333333,kao005pem
9051,491.7,61.56722222222223,kao005pem
9052,493.1,61.676666666666655,kao005pem
9053,494.5,61.79944444444445,kao005pem
9054,496.0,61.93,kao005pem
9055,497.4,62.04722222222223,kao005pem
9056,498.8,62.16166666666667,kao005pem
9057,500.2,62.29388888888889,kao005pem
9058,501.6,62.41111111111112,kao005pem
9059,503.1,62.53111111111111,kao005pem
9060,504.5,62.66222222222221,kao005pem
9061,505.9,62.77722222222222,kao005pem
9062,507.3,62.900000000000006,kao005pem
9063,508.7,63.02388888888889,kao005pem
9064,510.1,63.155,kao005pem
9065,511.6,63.28222222222222,kao005pem
9066,513.0,63.406666666666666,kao005pem
9067,514.4,63.513333333333335,kao005pem
9068,515.8,63.63555555555556,kao005pem
9069,517.2,63.76611111111111,kao005pem
9070,518.6,63.89333333333335,kao005pem
9071,520.0,64.01222222222222,kao005pem
9072,521.5,64.14,kao005pem
9073,522.9,64.26277777777779,kao005pem
9074,524.3,64.38666666666667,kao005pem
9075,525.7,64.5038888888889,kao005pem
9076,527.1,64.63111111111111,kao005pem
9077,528.5,64.76833333333335,kao005pem
9078,529.9,64.895,kao005pem
9079,531.3,65.00555555555556,kao005pem
9080,532.7,65.12388888888889,kao005pem
9081,534.1,65.23277777777778,kao005pem
9082,535.5,65.325,kao005pem
9083,536.9,65.43222222222222,kao005pem
9084,538.3,65.52888888888889,kao005pem
9085,539.7,65.64166666666667,kao005pem
9086,541.1,65.75999999999999,kao005pem
9087,542.5,65.8461111111111,kao005pem
9088,544.0,65.9727777777778,kao005pem
9089,545.3,66.06555555555555,kao005pem
9090,546.8,66.15055555555557,kao005pem
9091,548.2,66.23833333333332,kao005pem
9092,549.5,66.31,kao005pem
9093,550.9,66.40611111111112,kao005pem
9094,552.3,66.50722222222223,kao005pem
9095,553.7,66.60222222222222,kao005pem
9096,555.1,66.71777777777778,kao005pem
9097,556.5,66.83277777777776,kao005pem
9098,557.9,66.935,kao005pem
9099,559.3,67.03888888888889,kao005pem
9100,560.7,67.12722222222223,kao005pem
9101,562.1,67.21722222222222,kao005pem
9102,563.5,67.30333333333334,kao005pem
9103,564.9,67.39000000000001,kao005pem
9104,566.3,67.47444444444444,kao005pem
9105,567.7,67.55944444444444,kao005pem
9106,569.1,67.63555555555557,kao005pem
9107,570.5,67.7188888888889,kao005pem
9108,571.8,67.79222222222222,kao005pem
9109,573.2,67.86833333333334,kao005pem
9110,574.6,67.94,kao005pem
9111,576.0,68.00333333333333,kao005pem
9112,577.4,68.07055555555556,kao005pem
9113,578.8,68.12777777777777,kao005pem
9114,580.2,68.19166666666666,kao005pem
9115,581.5,68.25166666666665,kao005pem
9116,582.9,68.30444444444444,kao005pem
9117,584.3,68.35722222222222,kao005pem
9118,585.7,68.40833333333335,kao005pem
9119,587.1,68.46,kao005pem
9120,588.5,68.50722222222223,kao005pem
9121,589.8,68.55333333333334,kao005pem
9122,591.2,68.60111111111111,kao005pem
9123,592.6,68.64055555555557,kao005pem
9124,594.0,68.68,kao005pem
9125,595.4,68.72444444444444,kao005pem
9126,596.7,68.7588888888889,kao005pem
9127,598.1,68.79222222222224,kao005pem
9128,599.5,68.83,kao005pem
9129,600.9,68.87055555555554,kao005pem
9130,602.2,68.90277777777777,kao005pem
9131,603.6,68.93555555555555,kao005pem
9132,605.0,68.96222222222222,kao005pem
9133,606.4,68.99277777777777,kao005pem
9134,607.7,69.02444444444444,kao005pem
9135,609.1,69.05944444444444,kao005pem
9136,610.5,69.09166666666665,kao005pem
9137,611.9,69.1211111111111,kao005pem
9138,613.2,69.15388888888887,kao005pem
9139,614.6,69.18055555555556,kao005pem
9140,616.0,69.21277777777777,kao005pem
9141,617.3,69.23777777777778,kao005pem
9142,618.7,69.26444444444445,kao005pem
9143,620.1,69.29666666666667,kao005pem
9144,621.5,69.32444444444444,kao005pem
9145,622.8,69.35944444444445,kao005pem
9146,624.2,69.38555555555554,kao005pem
9147,625.5,69.40833333333333,kao005pem
9148,626.9,69.43277777777777,kao005pem
9149,628.3,69.45555555555556,kao005pem
9150,629.6,69.47777777777777,kao005pem
9151,631.0,69.50666666666669,kao005pem
9152,632.4,69.52666666666667,kao005pem
9153,633.7,69.5488888888889,kao005pem
9154,635.1,69.56611111111111,kao005pem
9155,636.5,69.58666666666666,kao005pem
9156,637.8,69.5988888888889,kao005pem
9157,639.2,69.61333333333333,kao005pem
9158,640.5,69.61999999999999,kao005pem
9159,641.9,69.63055555555556,kao005pem
9160,643.2,69.64888888888888,kao005pem
9161,644.6,69.66555555555556,kao005pem
9162,646.0,69.68166666666667,kao005pem
9163,647.3,69.69166666666666,kao005pem
9164,648.7,69.69055555555555,kao005pem
9165,650.0,69.695,kao005pem
9166,651.4,69.70111111111112,kao005pem
9167,652.7,69.71055555555557,kao005pem
9168,654.1,69.73722222222221,kao005pem
9169,655.4,69.73722222222223,kao005pem
9170,656.8,69.74611111111112,kao005pem
9171,658.1,69.76777777777778,kao005pem
9172,659.5,69.78444444444443,kao005pem
9173,660.8,69.79333333333334,kao005pem
9174,662.2,69.815,kao005pem
9175,663.5,69.83111111111111,kao005pem
9176,664.9,69.87277777777777,kao005pem
9177,666.2,69.8872222222222,kao005pem
9178,667.6,69.9038888888889,kao005pem
9179,668.9,69.93666666666667,kao005pem
9180,670.3,69.96333333333334,kao005pem
9181,671.6,69.98833333333333,kao005pem
9182,673.0,70.01333333333334,kao005pem
9183,674.3,70.04777777777777,kao005pem
9184,675.6,70.08555555555557,kao005pem
9185,677.0,70.13722222222222,kao005pem
9186,678.3,70.17666666666666,kao005pem
9187,679.7,70.21277777777779,kao005pem
9188,681.0,70.25222222222222,kao005pem
9189,682.3,70.28611111111111,kao005pem
9190,683.7,70.32166666666666,kao005pem
9191,685.0,70.34666666666666,kao005pem
9192,686.4,70.38833333333334,kao005pem
9193,687.7,70.42277777777777,kao005pem
9194,689.0,70.45333333333333,kao005pem
9195,690.4,70.485,kao005pem
9196,691.7,70.51222222222223,kao005pem
9197,693.0,70.54666666666667,kao005pem
9198,694.4,70.5761111111111,kao005pem
9199,695.7,70.61166666666668,kao005pem
9200,697.0,70.64500000000001,kao005pem
9201,698.4,70.6761111111111,kao005pem
9202,699.7,70.71166666666667,kao005pem
9203,701.0,70.74333333333334,kao005pem
9204,702.4,70.77222222222223,kao005pem
9205,703.7,70.80388888888889,kao005pem
9206,705.0,70.84222222222223,kao005pem
9207,706.3,70.87555555555555,kao005pem
9208,707.7,70.90722222222222,kao005pem
9209,709.0,70.93833333333333,kao005pem
9210,710.3,70.9661111111111,kao005pem
9211,711.6,70.98944444444444,kao005pem
9212,713.0,71.02222222222223,kao005pem
9213,714.3,71.05277777777778,kao005pem
9214,715.6,71.08055555555556,kao005pem
9215,716.9,71.10833333333332,kao005pem
9216,718.2,71.14055555555555,kao005pem
9217,719.6,71.15944444444443,kao005pem
9218,720.9,71.185,kao005pem
9219,722.2,71.21277777777776,kao005pem
9220,723.5,71.23111111111112,kao005pem
9221,724.8,71.26333333333335,kao005pem
9222,726.2,71.29000000000002,kao005pem
9223,727.5,71.31444444444446,kao005pem
9224,728.8,71.34277777777778,kao005pem
9225,730.1,71.36333333333333,kao005pem
9226,731.4,71.39111111111112,kao005pem
9227,732.7,71.40666666666667,kao005pem
9228,734.0,71.42999999999999,kao005pem
9229,735.3,71.45222222222222,kao005pem
9230,736.7,71.48111111111112,kao005pem
9231,738.0,71.50611111111112,kao005pem
9232,739.3,71.52722222222222,kao005pem
9233,740.6,71.54444444444445,kao005pem
9234,741.9,71.55833333333334,kao005pem
9235,743.2,71.57444444444445,kao005pem
9236,744.5,71.59055555555555,kao005pem
9237,745.8,71.61555555555556,kao005pem
9238,747.1,71.64833333333333,kao005pem
9239,748.4,71.6761111111111,kao005pem
9240,749.7,71.69722222222222,kao005pem
9241,751.0,71.71666666666667,kao005pem
9242,752.3,71.74166666666666,kao005pem
9243,753.6,71.76444444444445,kao005pem
9244,754.9,71.77388888888888,kao005pem
9245,756.2,71.7988888888889,kao005pem
9246,757.5,71.82333333333334,kao005pem
9247,758.8,71.83111111111111,kao005pem
9248,760.1,71.85333333333334,kao005pem
9249,761.4,71.8711111111111,kao005pem
9250,762.7,71.89888888888888,kao005pem
9251,764.0,71.91555555555556,kao005pem
9252,765.3,71.93555555555555,kao005pem
9253,766.6,71.95166666666665,kao005pem
9254,767.9,71.96944444444443,kao005pem
9255,769.2,71.98666666666665,kao005pem
9256,770.4,72.01,kao005pem
9257,771.7,72.02333333333334,kao005pem
9258,773.0,72.04666666666668,kao005pem
9259,774.3,72.05000000000001,kao005pem
9260,775.6,72.07111111111111,kao005pem
9261,776.9,72.09333333333333,kao005pem
9262,778.2,72.10777777777778,kao005pem
9263,779.4,72.11666666666666,kao005pem
9264,780.7,72.12611111111113,kao005pem
9265,782.0,72.13833333333334,kao005pem
9266,783.3,72.15166666666667,kao005pem
9267,784.5,72.16555555555556,kao005pem
9268,785.8,72.1888888888889,kao005pem
9269,787.1,72.21388888888889,kao005pem
9270,788.4,72.22333333333331,kao005pem
9271,789.7,72.22944444444444,kao005pem
9272,790.9,72.23222222222222,kao005pem
9273,792.2,72.24499999999999,kao005pem
9274,793.5,72.26722222222222,kao005pem
9275,794.8,72.28611111111111,kao005pem
9276,796.0,72.30722222222221,kao005pem
9277,797.3,72.32000000000001,kao005pem
9278,798.5,72.31833333333333,kao005pem
9279,799.8,72.32444444444445,kao005pem
9280,801.1,72.33999999999999,kao005pem
9281,802.3,72.36111111111111,kao005pem
9282,803.6,72.37888888888888,kao005pem
9283,804.9,72.38777777777779,kao005pem
9284,806.1,72.39555555555555,kao005pem
9285,807.4,72.40055555555556,kao005pem
9286,808.7,72.40888888888888,kao005pem
9287,809.9,72.42333333333335,kao005pem
9288,811.2,72.44055555555556,kao005pem
9289,812.4,72.45722222222221,kao005pem
9290,813.7,72.46111111111111,kao005pem
9291,815.0,72.47277777777776,kao005pem
9292,816.2,72.47666666666666,kao005pem
9293,817.5,72.48333333333333,kao005pem
9294,818.7,72.50000000000001,kao005pem
9295,820.0,72.5188888888889,kao005pem
9296,821.2,72.53,kao005pem
9297,822.5,72.52111111111111,kao005pem
9298,823.7,72.53055555555555,kao005pem
9299,825.0,72.54277777777777,kao005pem
9300,826.2,72.54833333333333,kao005pem
9301,827.5,72.57277777777779,kao005pem
9302,828.7,72.58611111111112,kao005pem
9303,829.9,72.58388888888888,kao005pem
9304,831.2,72.58500000000001,kao005pem
9305,832.4,72.59,kao005pem
9306,833.7,72.60222222222222,kao005pem
9307,834.9,72.61111111111113,kao005pem
9308,836.1,72.62,kao005pem
9309,837.4,72.61944444444445,kao005pem
9310,838.6,72.61888888888889,kao005pem
9311,839.8,72.62277777777778,kao005pem
9312,841.1,72.63833333333334,kao005pem
9313,842.3,72.65888888888888,kao005pem
9314,843.5,72.67611111111111,kao005pem
9315,844.8,72.67,kao005pem
9316,846.0,72.65555555555555,kao005pem
9317,847.2,72.66333333333333,kao005pem
9318,848.5,72.67833333333334,kao005pem
9319,849.7,72.69833333333332,kao005pem
9320,850.9,72.70833333333333,kao005pem
9321,852.2,72.70555555555555,kao005pem
9322,853.4,72.69999999999999,kao005pem
9323,854.6,72.70222222222222,kao005pem
9324,855.8,72.71222222222222,kao005pem
9325,857.0,72.72777777777776,kao005pem
9326,858.3,72.72499999999998,kao005pem
9327,859.5,72.7472222222222,kao005pem
9328,860.7,72.74722222222222,kao005pem
9329,861.9,72.74611111111112,kao005pem
9330,863.1,72.74944444444445,kao005pem
9331,864.3,72.765,kao005pem
9332,865.5,72.77444444444444,kao005pem
9333,866.8,72.7761111111111,kao005pem
9334,868.0,72.77777777777777,kao005pem
9335,869.2,72.77055555555556,kao005pem
9336,870.4,72.7811111111111,kao005pem
9337,871.6,72.78944444444444,kao005pem
9338,872.8,72.80611111111111,kao005pem
9339,874.0,72.82333333333334,kao005pem
9340,875.2,72.82722222222223,kao005pem
9341,876.4,72.81944444444444,kao005pem
9342,877.6,72.81944444444444,kao005pem
9343,878.8,72.8261111111111,kao005pem
9344,880.0,72.815,kao005pem
9345,881.2,72.83999999999999,kao005pem
9346,882.4,72.8511111111111,kao005pem
9347,883.6,72.8727777777778,kao005pem
9348,884.8,72.8527777777778,kao005pem
9349,886.0,72.85944444444445,kao005pem
9350,887.2,72.85555555555555,kao005pem
9351,888.4,72.86055555555556,kao005pem
9352,889.6,72.88555555555556,kao005pem
9353,890.8,72.89999999999999,kao005pem
9354,892.0,72.88833333333334,kao005pem
9355,893.2,72.89722222222223,kao005pem
9356,894.3,72.88944444444445,kao005pem
9357,895.5,72.8638888888889,kao005pem
9358,896.7,72.89055555555555,kao005pem
9359,897.9,72.935,kao005pem
9360,899.1,72.96555555555555,kao005pem
9361,900.3,72.94,kao005pem
9362,901.5,72.92888888888889,kao005pem
9363,902.6,72.92277777777777,kao005pem
9364,903.8,72.92000000000002,kao005pem
9365,905.0,72.93722222222222,kao005pem
9366,906.2,72.95944444444444,kao005pem
9367,907.4,72.97499999999998,kao005pem
9368,908.5,72.95777777777778,kao005pem
9369,909.7,72.90055555555556,kao005pem
9370,910.9,72.90222222222222,kao005pem
9371,912.1,72.905,kao005pem
9372,913.2,72.92333333333335,kao005pem
9373,914.4,72.96055555555556,kao005pem
9374,915.6,72.94388888888888,kao005pem
9375,916.8,72.96944444444445,kao005pem
9376,917.9,72.95444444444443,kao005pem
9377,919.1,72.97611111111111,kao005pem
9378,920.2,72.98611111111111,kao005pem
9379,921.4,73.01444444444445,kao005pem
9380,922.6,72.985,kao005pem
9381,923.8,72.98222222222222,kao005pem
9382,924.9,72.995,kao005pem
9383,926.1,72.98833333333334,kao005pem
9384,927.2,73.02444444444444,kao005pem
9385,928.4,73.02333333333335,kao005pem
9386,929.6,73.03166666666667,kao005pem
9387,930.7,73.0261111111111,kao005pem
9388,931.9,72.98111111111112,kao005pem
9389,933.0,73.005,kao005pem
9390,934.2,73.0411111111111,kao005pem
9391,935.3,73.06722222222223,kao005pem
9392,936.5,73.065,kao005pem
9393,937.7,73.04944444444446,kao005pem
9394,938.8,72.99777777777777,kao005pem
9395,940.0,73.01055555555556,kao005pem
9396,941.1,73.02333333333333,kao005pem
9397,942.3,73.02777777777777,kao005pem
9398,943.4,73.0022222222222,kao005pem
9399,944.6,72.99333333333334,kao005pem
9400,945.7,72.98222222222222,kao005pem
9401,946.9,72.95944444444444,kao005pem
9402,948.0,72.93555555555557,kao005pem
9403,949.2,72.945,kao005pem
9404,950.3,72.95833333333331,kao005pem
9405,951.5,72.95055555555555,kao005pem
9406,952.6,72.94777777777777,kao005pem
9407,953.8,72.89222222222222,kao005pem
9408,954.9,72.86277777777778,kao005pem
9409,956.1,72.90611111111112,kao005pem
9410,957.2,72.93444444444444,kao005pem
9411,958.3,72.97999999999999,kao005pem
9412,959.5,73.01333333333334,kao005pem
9413,960.6,73.01444444444445,kao005pem
9414,961.8,72.95944444444444,kao005pem
9415,962.9,72.95055555555557,kao005pem
9416,964.1,72.83555555555556,kao005pem
9417,965.2,72.73666666666665,kao005pem
9418,966.3,72.6561111111111,kao005pem
9419,967.5,72.61666666666666,kao005pem
9420,968.6,72.70444444444443,kao005pem
9421,969.8,72.87666666666667,kao005pem
9422,970.9,73.10944444444443,kao005pem
9423,972.1,73.18388888888889,kao005pem
9424,973.2,73.23277777777778,kao005pem
9425,974.3,73.16444444444444,kao005pem
9426,975.5,73.19277777777779,kao005pem
9427,976.6,73.20222222222222,kao005pem
9428,977.8,73.30777777777777,kao005pem
9429,978.9,73.2661111111111,kao005pem
9430,980.0,73.34722222222221,kao005pem
9431,981.2,73.30111111111111,kao005pem
9432,982.3,73.3011111111111,kao005pem
9433,983.5,73.29666666666667,kao005pem
9434,984.6,73.22777777777777,kao005pem
9435,985.7,73.27777777777777,kao005pem
9436,986.9,73.26,kao005pem
9437,988.0,73.28722222222223,kao005pem
9438,989.1,73.40833333333333,kao005pem
9439,992.0,73.32833333333332,kao005pem
9440,995.9,73.34555555555556,kao005pem
9441,999.7,73.36277777777778,kao005pem
9442,1003.6,73.39444444444445,kao005pem
9443,1007.4,73.43444444444445,kao005pem
9444,1011.3,73.46388888888889,kao005pem
9445,1015.1,73.48944444444444,kao005pem
9446,1019.0,73.49944444444445,kao005pem
9447,1022.8,73.51055555555554,kao005pem
9448,1026.7,73.54500000000002,kao005pem
9449,1030.5,73.56444444444443,kao005pem
9450,1034.4,73.56222222222222,kao005pem
9451,1038.2,73.59999999999998,kao005pem
9452,1042.1,73.62555555555555,kao005pem
9453,1045.9,73.63333333333334,kao005pem
9454,1049.7,73.67666666666668,kao005pem
9455,1053.6,73.64333333333333,kao005pem
9456,1057.4,73.70833333333333,kao005pem
9457,1061.2,73.71722222222222,kao005pem
9458,1065.1,73.71111111111111,kao005pem
9459,1068.9,73.75111111111113,kao005pem
9460,1072.7,73.78333333333333,kao005pem
9461,1076.6,73.76444444444445,kao005pem
9462,1080.4,73.77888888888889,kao005pem
9463,1084.2,73.79833333333335,kao005pem
9464,1088.0,73.82444444444445,kao005pem
9465,1091.8,73.83555555555556,kao005pem
9466,1095.7,73.87333333333332,kao005pem
9467,1099.5,73.88499999999999,kao005pem
9468,1103.3,73.88666666666667,kao005pem
9469,1107.1,73.89111111111112,kao005pem
9470,1110.9,73.90666666666667,kao005pem
9471,1114.8,73.93,kao005pem
9472,1118.6,73.90944444444445,kao005pem
9473,1122.4,73.9211111111111,kao005pem
9474,1126.2,73.93555555555555,kao005pem
9475,1130.0,73.93444444444444,kao005pem
9476,1133.8,73.94,kao005pem
9477,1137.6,73.94555555555556,kao005pem
9478,1141.4,73.9638888888889,kao005pem
9479,1145.2,73.94666666666666,kao005pem
9480,1149.0,73.9511111111111,kao005pem
9481,1152.8,73.95444444444443,kao005pem
9482,1156.6,73.95722222222223,kao005pem
9483,1160.4,73.9538888888889,kao005pem
9484,1164.2,73.96277777777777,kao005pem
9485,1168.0,73.9538888888889,kao005pem
9486,1171.8,73.97555555555556,kao005pem
9487,1175.6,74.005,kao005pem
9488,1179.4,74.04,kao005pem
9489,1183.2,74.06444444444443,kao005pem
9490,1187.0,74.11888888888888,kao005pem
9491,1190.7,74.15166666666667,kao005pem
9492,1194.5,74.155,kao005pem
9493,1198.3,74.18888888888888,kao005pem
9494,1202.1,74.17833333333333,kao005pem
9495,1205.9,74.1611111111111,kao005pem
9496,1209.7,74.175,kao005pem
9497,1213.4,74.15555555555555,kao005pem
9498,1217.2,74.13444444444445,kao005pem
9499,1221.0,74.10222222222222,kao005pem
9500,1224.8,74.04333333333334,kao005pem
9501,1228.5,73.98388888888888,kao005pem
9502,1232.3,73.93111111111111,kao005pem
9503,1236.1,73.88444444444444,kao005pem
9504,1239.8,73.845,kao005pem
9505,1243.6,73.90055555555554,kao005pem
9506,1247.4,73.94833333333334,kao005pem
9507,1251.1,73.95944444444444,kao005pem
9508,1254.9,74.015,kao005pem
9509,1258.7,74.05722222222221,kao005pem
9510,1262.4,74.07277777777777,kao005pem
9511,1266.2,74.05777777777776,kao005pem
9512,1269.9,74.04444444444444,kao005pem
9513,1273.7,74.02833333333334,kao005pem
9514,1277.4,73.99888888888889,kao005pem
9515,1281.2,73.93500000000002,kao005pem
9516,1284.9,73.76777777777778,kao005pem
9517,1288.7,73.67333333333333,kao005pem
9518,1292.4,73.51333333333334,kao005pem
9519,1296.2,73.42555555555555,kao005pem
9520,1299.9,73.29555555555555,kao005pem
9521,1303.7,73.19944444444444,kao005pem
9522,1307.4,73.10055555555556,kao005pem
9523,1311.2,73.04055555555556,kao005pem
9524,1314.9,72.96722222222223,kao005pem
9525,1318.7,72.895,kao005pem
9526,1322.4,72.78500000000001,kao005pem
9527,1326.1,72.70166666666665,kao005pem
9528,1329.9,72.64111111111112,kao005pem
9529,1333.6,72.58833333333331,kao005pem
9530,1337.3,72.57,kao005pem
9531,1341.1,72.50999999999999,kao005pem
9532,1344.8,72.32611111111112,kao005pem
9533,1348.5,71.99722222222222,kao005pem
9534,1352.2,71.60944444444445,kao005pem
9535,1356.0,71.28055555555555,kao005pem
9536,1359.7,71.12611111111111,kao005pem
9537,1363.4,71.03666666666666,kao005pem
9538,1367.1,71.01055555555554,kao005pem
9539,1370.8,70.80555555555556,kao005pem
9540,1374.6,70.42,kao005pem
9541,1378.3,69.78888888888889,kao005pem
9542,1382.0,68.88222222222223,kao005pem
9543,1385.7,67.54444444444444,kao005pem
9544,1389.4,66.035,kao005pem
9545,1393.1,64.88722222222223,kao005pem
9546,1396.8,64.35888888888888,kao005pem
9547,1400.5,64.47944444444445,kao005pem
9548,1404.2,64.665,kao005pem
9549,1407.9,63.771111111111104,kao005pem
9550,1411.7,63.50722222222222,kao005pem
9551,1415.4,64.29277777777777,kao005pem
9552,1419.1,66.62111111111112,kao005pem
9553,1422.8,69.11111111111113,kao005pem
9554,1426.4,70.58833333333334,kao005pem
9555,1430.2,71.49222222222221,kao005pem
9556,1433.8,72.07444444444445,kao005pem
9557,1437.5,72.44055555555555,kao005pem
9558,1441.2,72.64833333333334,kao005pem
9559,1444.9,72.80888888888889,kao005pem
9560,1448.6,72.9011111111111,kao005pem
9561,1452.3,72.99777777777777,kao005pem
9562,1456.0,73.06944444444443,kao005pem
9563,1459.7,73.15166666666667,kao005pem
9564,1463.3,73.1388888888889,kao005pem
9565,1467.0,73.24,kao005pem
9566,1470.7,73.26222222222222,kao005pem
9567,1474.4,73.30277777777778,kao005pem
9568,1478.1,73.32722222222222,kao005pem
9569,1481.7,73.42444444444445,kao005pem
9570,1485.4,73.45722222222223,kao005pem
9571,1489.1,73.47833333333332,kao005pem
9572,1492.8,73.49944444444444,kao005pem
9573,1496.4,73.53444444444445,kao005pem
9574,1500.1,73.57499999999999,kao005pem
9575,1503.8,73.61833333333334,kao005pem
9576,1507.4,73.65166666666667,kao005pem
9577,1511.1,73.68333333333334,kao005pem
9578,1514.7,73.72444444444444,kao005pem
9579,1518.4,73.74055555555555,kao005pem
9580,1522.1,73.75277777777778,kao005pem
9581,1525.7,73.77833333333334,kao005pem
9582,1529.4,73.78944444444444,kao005pem
9583,1533.0,73.79888888888888,kao005pem
9584,1536.7,73.81888888888889,kao005pem
9585,1540.3,73.83333333333333,kao005pem
9586,1544.0,73.84333333333332,kao005pem
9587,1547.6,73.85111111111111,kao005pem
9588,1551.3,73.87166666666667,kao005pem
9589,1554.9,73.89000000000001,kao005pem
9590,1558.6,73.88111111111112,kao005pem
9591,1562.2,73.90333333333334,kao005pem
9592,1565.8,73.91444444444444,kao005pem
9593,1569.5,73.91777777777777,kao005pem
9594,1573.1,73.93111111111111,kao005pem
9595,1576.8,73.92833333333334,kao005pem
9596,1580.4,73.93777777777777,kao005pem
9597,1584.0,73.94,kao005pem
9598,1587.7,73.9588888888889,kao005pem
9599,1591.3,73.96499999999999,kao005pem
9600,1594.9,73.96277777777777,kao005pem
9601,1598.5,73.96166666666666,kao005pem
9602,1602.2,73.97777777777779,kao005pem
9603,1605.8,73.96000000000001,kao005pem
9604,1609.4,73.99166666666667,kao005pem
9605,1613.0,73.99055555555556,kao005pem
9606,1616.7,74.00277777777778,kao005pem
9607,1620.3,74.00388888888888,kao005pem
9608,1623.9,73.99055555555555,kao005pem
9609,1627.5,73.99333333333334,kao005pem
9610,1631.1,73.99277777777779,kao005pem
9611,1634.7,73.9988888888889,kao005pem
9612,1638.3,74.02166666666668,kao005pem
9613,1641.9,74.01611111111112,kao005pem
9614,1645.6,74.00944444444445,kao005pem
9615,1649.2,74.02944444444444,kao005pem
9616,1652.8,74.0511111111111,kao005pem
9617,1656.4,74.03666666666666,kao005pem
9618,1660.0,74.05,kao005pem
9619,1663.6,74.05166666666666,kao005pem
9620,1667.2,74.03388888888888,kao005pem
9621,1670.8,74.04944444444445,kao005pem
9622,1674.4,74.04333333333334,kao005pem
9623,1678.0,74.04944444444443,kao005pem
9624,1681.6,74.03166666666667,kao005pem
9625,1685.1,74.02722222222222,kao005pem
9626,1688.7,74.03888888888889,kao005pem
9627,1692.3,74.02944444444444,kao005pem
9628,1695.9,74.015,kao005pem
9629,1699.5,74.00722222222221,kao005pem
9630,1703.1,73.99833333333333,kao005pem
9631,1706.7,74.00611111111112,kao005pem
9632,1710.2,73.99111111111111,kao005pem
9633,1713.8,73.97277777777778,kao005pem
9634,1717.4,73.9538888888889,kao005pem
9635,1721.0,73.9038888888889,kao005pem
9636,1724.5,73.86888888888889,kao005pem
9637,1728.1,73.79888888888888,kao005pem
9638,1731.7,73.7761111111111,kao005pem
9639,1735.2,73.72333333333333,kao005pem
9640,1738.8,73.67,kao005pem
9641,1742.4,73.6388888888889,kao005pem
9642,1745.9,73.60833333333333,kao005pem
9643,1749.5,73.58277777777776,kao005pem
9644,1753.1,73.53277777777777,kao005pem
9645,1756.6,73.48666666666666,kao005pem
9646,1760.2,73.42166666666668,kao005pem
9647,1763.8,73.41166666666668,kao005pem
9648,1767.3,73.35055555555556,kao005pem
9649,1770.9,73.29277777777777,kao005pem
9650,1774.4,73.25444444444445,kao005pem
9651,1778.0,73.19222222222223,kao005pem
9652,1781.5,73.15,kao005pem
9653,1785.1,73.07499999999999,kao005pem
9654,1788.6,73.01833333333333,kao005pem
9655,1792.1,72.99555555555555,kao005pem
9656,1795.7,72.96222222222224,kao005pem
9657,1799.2,72.93944444444446,kao005pem
9658,1802.8,72.87444444444446,kao005pem
9659,1806.3,72.85833333333333,kao005pem
9660,1809.8,72.82277777777777,kao005pem
9661,1813.4,72.75222222222223,kao005pem
9662,1816.9,72.74888888888889,kao005pem
9663,1820.4,72.71666666666665,kao005pem
9664,1824.0,72.7811111111111,kao005pem
9665,1827.5,72.83166666666665,kao005pem
9666,1831.0,72.86833333333334,kao005pem
9667,1834.6,72.84833333333333,kao005pem
9668,1838.1,72.81833333333333,kao005pem
9669,1841.6,72.78388888888888,kao005pem
9670,1845.1,72.84555555555555,kao005pem
9671,1848.6,72.94944444444445,kao005pem
9672,1852.2,73.06555555555555,kao005pem
9673,1855.7,73.12722222222223,kao005pem
9674,1859.2,73.17944444444444,kao005pem
9675,1862.7,73.1738888888889,kao005pem
9676,1866.2,73.08222222222223,kao005pem
9677,1869.7,72.94666666666666,kao005pem
9678,1873.2,72.78666666666666,kao005pem
9679,1876.7,72.6538888888889,kao005pem
9680,1880.2,72.4961111111111,kao005pem
9681,1883.7,72.30055555555555,kao005pem
9682,1887.2,72.02444444444444,kao005pem
9683,1890.7,71.69888888888887,kao005pem
9684,1894.2,71.35388888888889,kao005pem
9685,1897.7,70.97000000000001,kao005pem
9686,1902.7,69.9188888888889,kao005pem
9687,1905.5,69.69333333333333,kao005pem
9688,1908.2,69.54555555555554,kao005pem
9689,1911.0,69.37111111111113,kao005pem
9690,1913.7,69.21055555555556,kao005pem
9691,1916.5,69.10388888888889,kao005pem
9692,1919.2,69.01611111111112,kao005pem
9693,1921.9,68.95555555555556,kao005pem
9694,1924.7,68.94944444444445,kao005pem
9695,1927.4,68.94222222222221,kao005pem
9696,1930.1,68.90055555555556,kao005pem
9697,1932.9,68.83333333333333,kao005pem
9698,1935.6,68.77555555555556,kao005pem
9699,1938.3,68.75555555555555,kao005pem
9700,1941.0,68.78444444444445,kao005pem
9701,1943.7,68.82611111111112,kao005pem
9702,1946.4,68.87666666666667,kao005pem
9703,1949.2,68.94833333333332,kao005pem
9704,1951.9,69.01444444444445,kao005pem
9705,1954.6,69.09777777777778,kao005pem
9706,1957.3,69.19333333333333,kao005pem
9707,1960.0,69.30444444444446,kao005pem
9708,1962.7,69.39111111111112,kao005pem
9709,1965.4,69.48333333333333,kao005pem
9710,1968.1,69.57944444444445,kao005pem
9711,1970.7,69.67166666666667,kao005pem
9712,1973.4,69.78333333333333,kao005pem
9713,1976.1,69.88777777777779,kao005pem
9714,1978.8,69.9611111111111,kao005pem
9715,1981.5,70.06,kao005pem
9716,1984.1,70.15944444444445,kao005pem
9717,1986.8,70.28166666666667,kao005pem
9718,1989.5,70.40833333333333,kao005pem
9719,1992.1,70.4961111111111,kao005pem
9720,1994.8,70.58444444444444,kao005pem
9721,1997.5,70.67666666666668,kao005pem
9722,2000.1,70.7761111111111,kao005pem
9723,2002.8,70.88388888888888,kao005pem
9724,2005.4,70.98944444444444,kao005pem
9725,2008.1,71.1472222222222,kao005pem
9726,2010.7,71.2538888888889,kao005pem
9727,2013.4,71.32,kao005pem
9728,2016.0,71.38111111111112,kao005pem
9729,2018.6,71.4511111111111,kao005pem
9730,2021.3,71.54166666666669,kao005pem
9731,2023.9,71.61277777777778,kao005pem
9732,2026.5,71.66000000000001,kao005pem
9733,2029.2,71.72555555555556,kao005pem
9734,2031.8,71.78666666666666,kao005pem
9735,2034.4,71.83722222222222,kao005pem
9736,2037.0,71.88111111111112,kao005pem
9737,2039.7,71.88055555555555,kao005pem
9738,2042.3,71.90277777777777,kao005pem
9739,2044.9,71.93777777777778,kao005pem
9740,2047.5,71.94055555555556,kao005pem
9741,2050.1,71.94111111111111,kao005pem
9742,2052.7,71.95611111111111,kao005pem
9743,2055.3,71.96722222222223,kao005pem
9744,2057.9,71.97444444444444,kao005pem
9745,2060.5,71.94444444444444,kao005pem
9746,2063.1,71.90944444444443,kao005pem
9747,2065.7,71.8711111111111,kao005pem
9748,2068.3,71.8,kao005pem
9749,2070.9,71.71222222222224,kao005pem
9750,2073.4,71.64611111111111,kao005pem
9751,2076.0,71.58944444444444,kao005pem
9752,2078.6,71.5038888888889,kao005pem
9753,2081.2,71.42833333333333,kao005pem
9754,2083.7,71.33222222222223,kao005pem
9755,2086.3,71.23055555555555,kao005pem
9756,2088.9,71.15555555555554,kao005pem
9757,2091.4,71.10333333333332,kao005pem
9758,2094.0,71.08055555555555,kao005pem
9759,2096.6,71.06166666666667,kao005pem
9760,2099.1,71.01833333333335,kao005pem
9761,2101.6,70.94166666666666,kao005pem
9762,2104.2,70.82111111111112,kao005pem
9763,2106.8,70.63111111111111,kao005pem
9764,2109.3,70.445,kao005pem
9765,2111.8,70.31833333333333,kao005pem
9766,2114.4,70.22111111111111,kao005pem
9767,2116.9,70.15166666666666,kao005pem
9768,2119.4,70.11999999999999,kao005pem
9769,2122.0,70.06722222222223,kao005pem
9770,2124.5,69.93277777777776,kao005pem
9771,2127.0,69.75111111111111,kao005pem
9772,2129.6,69.55166666666666,kao005pem
9773,2132.1,69.27722222222224,kao005pem
9774,2134.6,68.83444444444443,kao005pem
9775,2137.1,68.26111111111112,kao005pem
9776,2139.6,67.57722222222223,kao005pem
9777,2142.1,66.69666666666666,kao005pem
9778,2144.6,65.65111111111112,kao005pem
9779,2147.1,64.52888888888889,kao005pem
9780,2149.6,63.39,kao005pem
9781,2152.1,62.34055555555555,kao005pem
9782,2154.6,61.41666666666668,kao005pem
9783,2157.1,60.635000000000005,kao005pem
9784,2159.6,60.03944444444445,kao005pem
9785,2162.1,59.65944444444444,kao005pem
9786,2164.6,59.42444444444445,kao005pem
9787,2167.1,59.29111111111112,kao005pem
9788,2169.6,59.24777777777778,kao005pem
9789,2172.0,59.24611111111111,kao005pem
9790,2174.5,59.24666666666667,kao005pem
9791,2177.0,59.20166666666666,kao005pem
9792,2179.4,59.071666666666665,kao005pem
9793,2181.9,58.888333333333335,kao005pem
9794,2184.4,58.59944444444445,kao005pem
9795,2186.8,58.20055555555555,kao005pem
9796,2189.3,57.74166666666666,kao005pem
9797,2191.7,57.303333333333335,kao005pem
9798,2194.2,56.806666666666665,kao005pem
9799,2196.6,56.12,kao005pem
9800,2199.1,55.10222222222222,kao005pem
9801,2201.5,53.83722222222222,kao005pem
9802,2204.0,52.73388888888889,kao005pem
9803,2206.4,52.34944444444446,kao005pem
9804,2208.9,52.95055555555555,kao005pem
9805,2211.3,54.28833333333334,kao005pem
9806,2213.7,55.95166666666667,kao005pem
9807,2216.1,57.60055555555555,kao005pem
9808,2218.6,59.05833333333333,kao005pem
9809,2221.0,60.28555555555556,kao005pem
9810,2223.4,61.23111111111111,kao005pem
9811,2225.8,61.97277777777778,kao005pem
9812,2228.2,62.553333333333335,kao005pem
9813,2230.6,62.97611111111112,kao005pem
9814,2233.1,63.263888888888886,kao005pem
9815,2235.5,63.501666666666665,kao005pem
9816,2237.9,63.67277777777778,kao005pem
9817,2240.3,63.77555555555556,kao005pem
9818,2242.7,63.86722222222222,kao005pem
9819,2245.1,63.9411111111111,kao005pem
9820,2247.5,63.99277777777778,kao005pem
9821,2249.9,64.04388888888889,kao005pem
9822,2252.2,64.04055555555556,kao005pem
9823,2254.6,63.98055555555556,kao005pem
9824,2257.0,63.921666666666674,kao005pem
9825,2259.4,63.856666666666655,kao005pem
9826,2261.8,63.795555555555566,kao005pem
9827,2264.1,63.70277777777777,kao005pem
9828,2266.5,63.56944444444444,kao005pem
9829,2268.9,63.43722222222222,kao005pem
9830,2271.2,63.27,kao005pem
9831,2273.6,63.10111111111111,kao005pem
9832,2276.0,62.93,kao005pem
9833,2278.3,62.74222222222223,kao005pem
9834,2280.7,62.54055555555556,kao005pem
9835,2283.0,62.37833333333333,kao005pem
9836,2285.4,62.23555555555556,kao005pem
9837,2287.7,62.083888888888886,kao005pem
9838,2290.1,61.94277777777778,kao005pem
9839,2292.4,61.81777777777778,kao005pem
9840,2294.8,61.66166666666666,kao005pem
9841,2297.1,61.52,kao005pem
9842,2299.4,61.32777777777778,kao005pem
9843,2301.8,61.083888888888886,kao005pem
9844,2304.1,60.833333333333336,kao005pem
9845,2306.4,60.62833333333333,kao005pem
9846,2308.7,60.41611111111112,kao005pem
9847,2311.1,60.20444444444445,kao005pem
9848,2313.4,60.03722222222223,kao005pem
9849,2315.7,59.94222222222223,kao005pem
9850,2318.0,59.873333333333335,kao005pem
9851,2320.3,59.82555555555555,kao005pem
9852,2322.6,59.81722222222223,kao005pem
9853,2324.9,59.853888888888896,kao005pem
9854,2327.2,59.94111111111111,kao005pem
9855,2329.5,60.02722222222222,kao005pem
9856,2331.8,60.123333333333335,kao005pem
9857,2334.1,60.1888888888889,kao005pem
9858,2336.4,60.235,kao005pem
9859,2338.7,60.17444444444444,kao005pem
9860,2341.0,60.028888888888886,kao005pem
9861,2343.2,59.87055555555556,kao005pem
9862,2345.5,59.66833333333333,kao005pem
9863,2347.8,59.46333333333333,kao005pem
9864,2350.1,59.25999999999999,kao005pem
9865,2352.4,59.09055555555556,kao005pem
9866,2354.6,58.98444444444445,kao005pem
9867,2356.9,58.88333333333334,kao005pem
9868,2359.1,58.86222222222222,kao005pem
9869,2361.4,58.853333333333325,kao005pem
9870,2363.7,58.8138888888889,kao005pem
9871,2365.9,58.71944444444445,kao005pem
9872,2368.2,58.54055555555556,kao005pem
9873,2370.4,58.35222222222222,kao005pem
9874,2372.7,58.09388888888889,kao005pem
9875,2374.9,57.80722222222222,kao005pem
9876,2377.2,57.56944444444444,kao005pem
9877,2379.4,57.435,kao005pem
9878,2381.6,57.36,kao005pem
9879,2383.9,57.35166666666666,kao005pem
9880,2386.1,57.44277777777776,kao005pem
9881,2388.3,57.59611111111112,kao005pem
9882,2390.6,57.72555555555555,kao005pem
9883,2392.8,57.93777777777777,kao005pem
9884,2395.0,58.16055555555555,kao005pem
9885,2397.2,58.37944444444444,kao005pem
9886,2399.4,58.57,kao005pem
9887,2401.6,58.695,kao005pem
9888,2403.9,58.696666666666665,kao005pem
9889,2406.1,58.748333333333335,kao005pem
9890,2408.3,58.75888888888888,kao005pem
9891,2410.5,58.68555555555555,kao005pem
9892,2412.7,58.55722222222222,kao005pem
9893,2414.9,58.41666666666666,kao005pem
9894,2417.1,58.27666666666667,kao005pem
9895,2419.2,58.16388888888888,kao005pem
9896,2421.4,58.00666666666666,kao005pem
9897,2423.6,57.731666666666655,kao005pem
9898,2425.8,57.42333333333334,kao005pem
9899,2428.0,57.21944444444445,kao005pem
9900,2430.2,56.93277777777777,kao005pem
9901,2432.3,56.542777777777786,kao005pem
9902,2434.5,56.19611111111112,kao005pem
9903,2436.7,55.86500000000001,kao005pem
9904,2438.8,55.51888888888889,kao005pem
9905,2441.0,55.195,kao005pem
9906,2443.2,54.962222222222216,kao005pem
9907,2445.3,54.778888888888886,kao005pem
9908,2447.5,54.61277777777778,kao005pem
9909,2449.6,54.48722222222222,kao005pem
9910,2451.8,54.33,kao005pem
9911,2453.9,54.125555555555565,kao005pem
9912,2456.1,54.02666666666666,kao005pem
9913,2458.2,53.93222222222222,kao005pem
9914,2460.4,53.830000000000005,kao005pem
9915,2462.5,53.735,kao005pem
9916,2464.6,53.63388888888889,kao005pem
9917,2466.8,53.53,kao005pem
9918,2468.9,53.44666666666667,kao005pem
9919,2471.0,53.34611111111112,kao005pem
9920,2473.1,53.23277777777778,kao005pem
9921,2475.2,53.10666666666667,kao005pem
9922,2477.4,52.93111111111111,kao005pem
9923,2479.5,52.68333333333334,kao005pem
9924,2481.6,52.434444444444445,kao005pem
9925,2483.7,52.24444444444444,kao005pem
9926,2485.8,52.04333333333333,kao005pem
9927,2487.9,51.88222222222223,kao005pem
9928,2490.0,51.770555555555546,kao005pem
9929,2492.1,51.65277777777778,kao005pem
9930,2494.2,51.587222222222216,kao005pem
9931,2496.3,51.57277777777778,kao005pem
9932,2498.4,51.55388888888889,kao005pem
9933,2500.5,51.53,kao005pem
9934,2502.6,51.54666666666666,kao005pem
9935,2504.7,51.49833333333333,kao005pem
9936,2506.7,51.44666666666667,kao005pem
9937,2508.8,51.42111111111112,kao005pem
9938,2510.9,51.40611111111111,kao005pem
9939,2513.0,51.45333333333334,kao005pem
9940,339.3,54.152,kao005ppfm
9941,340.8,52.783,kao005ppfm
9942,342.3,50.992,kao005ppfm
9943,343.7,50.3235,kao005ppfm
9944,345.2,49.7495,kao005ppfm
9945,346.7,49.2205,kao005ppfm
9946,348.1,48.11900000000001,kao005ppfm
9947,349.6,47.4225,kao005ppfm
9948,351.1,47.0805,kao005ppfm
9949,352.5,46.95,kao005ppfm
9950,354.0,46.676,kao005ppfm
9951,355.5,46.656,kao005ppfm
9952,357.0,46.5055,kao005ppfm
9953,358.4,46.254,kao005ppfm
9954,359.9,46.19,kao005ppfm
9955,361.4,46.1615,kao005ppfm
9956,362.8,46.43900000000001,kao005ppfm
9957,364.3,46.39600000000001,kao005ppfm
9958,365.8,46.5065,kao005ppfm
9959,367.2,46.623000000000005,kao005ppfm
9960,368.7,46.8995,kao005ppfm
9961,370.1,47.1315,kao005ppfm
9962,371.6,47.395500000000006,kao005ppfm
9963,373.1,47.577,kao005ppfm
9964,374.5,47.8065,kao005ppfm
9965,376.0,47.962,kao005ppfm
9966,377.5,48.2335,kao005ppfm
9967,378.9,48.5245,kao005ppfm
9968,380.4,48.8035,kao005ppfm
9969,381.9,48.93300000000001,kao005ppfm
9970,383.3,49.1045,kao005ppfm
9971,384.8,49.3375,kao005ppfm
9972,386.2,49.63600000000001,kao005ppfm
9973,387.7,49.969,kao005ppfm
9974,389.2,50.169500000000006,kao005ppfm
9975,390.6,50.343500000000006,kao005ppfm
9976,392.1,50.607000000000006,kao005ppfm
9977,393.6,50.793,kao005ppfm
9978,395.0,51.020500000000006,kao005ppfm
9979,396.5,51.2475,kao005ppfm
9980,397.9,51.371,kao005ppfm
9981,399.4,51.56699999999999,kao005ppfm
9982,400.9,51.73100000000001,kao005ppfm
9983,402.3,51.9755,kao005ppfm
9984,403.8,52.142,kao005ppfm
9985,405.2,52.36650000000001,kao005ppfm
9986,406.7,52.547,kao005ppfm
9987,408.1,52.77049999999999,kao005ppfm
9988,409.6,52.962,kao005ppfm
9989,411.1,53.1345,kao005ppfm
9990,412.5,53.326,kao005ppfm
9991,414.0,53.538,kao005ppfm
9992,415.4,53.760000000000005,kao005ppfm
9993,416.9,54.00250000000001,kao005ppfm
9994,418.3,54.272000000000006,kao005ppfm
9995,419.8,54.461,kao005ppfm
9996,421.2,54.686,kao005ppfm
9997,422.7,54.90150000000001,kao005ppfm
9998,424.1,55.1605,kao005ppfm
9999,425.6,55.408,kao005ppfm
10000,427.0,55.6555,kao005ppfm
10001,428.5,55.914,kao005ppfm
10002,429.9,56.1785,kao005ppfm
10003,431.4,56.4165,kao005ppfm
10004,432.8,56.6785,kao005ppfm
10005,434.3,56.9335,kao005ppfm
10006,435.7,57.18549999999999,kao005ppfm
10007,437.2,57.42749999999999,kao005ppfm
10008,438.6,57.678,kao005ppfm
10009,440.1,57.8905,kao005ppfm
10010,441.5,58.12449999999999,kao005ppfm
10011,443.0,58.36099999999999,kao005ppfm
10012,444.4,58.604,kao005ppfm
10013,445.8,58.846500000000006,kao005ppfm
10014,447.3,59.0615,kao005ppfm
10015,448.7,59.262,kao005ppfm
10016,450.2,59.456,kao005ppfm
10017,451.6,59.633,kao005ppfm
10018,453.0,59.818,kao005ppfm
10019,454.5,60.00050000000001,kao005ppfm
10020,455.9,60.173,kao005ppfm
10021,457.4,60.334500000000006,kao005ppfm
10022,458.8,60.47150000000001,kao005ppfm
10023,460.2,60.6185,kao005ppfm
10024,461.7,60.738,kao005ppfm
10025,463.1,60.8765,kao005ppfm
10026,464.5,61.008500000000005,kao005ppfm
10027,466.0,61.13149999999998,kao005ppfm
10028,467.4,61.242,kao005ppfm
10029,468.9,61.363000000000014,kao005ppfm
10030,470.3,61.471500000000006,kao005ppfm
10031,471.7,61.58399999999999,kao005ppfm
10032,473.1,61.69250000000001,kao005ppfm
10033,474.6,61.8145,kao005ppfm
10034,476.0,61.92850000000001,kao005ppfm
10035,477.4,62.032,kao005ppfm
10036,478.9,62.14450000000001,kao005ppfm
10037,480.3,62.2475,kao005ppfm
10038,481.7,62.359,kao005ppfm
10039,483.1,62.486,kao005ppfm
10040,484.6,62.61750000000001,kao005ppfm
10041,486.0,62.73699999999999,kao005ppfm
10042,487.4,62.8615,kao005ppfm
10043,488.9,63.0015,kao005ppfm
10044,490.3,63.11800000000001,kao005ppfm
10045,491.7,63.25,kao005ppfm
10046,493.1,63.3845,kao005ppfm
10047,494.5,63.517,kao005ppfm
10048,496.0,63.646,kao005ppfm
10049,497.4,63.78650000000001,kao005ppfm
10050,498.8,63.93049999999998,kao005ppfm
10051,500.2,64.06500000000001,kao005ppfm
10052,501.6,64.19349999999999,kao005ppfm
10053,503.1,64.33500000000001,kao005ppfm
10054,504.5,64.4745,kao005ppfm
10055,505.9,64.61200000000001,kao005ppfm
10056,507.3,64.75350000000002,kao005ppfm
10057,508.7,64.88749999999999,kao005ppfm
10058,510.1,65.02450000000002,kao005ppfm
10059,511.6,65.16799999999999,kao005ppfm
10060,513.0,65.3075,kao005ppfm
10061,514.4,65.44099999999999,kao005ppfm
10062,515.8,65.587,kao005ppfm
10063,517.2,65.71699999999998,kao005ppfm
10064,518.6,65.852,kao005ppfm
10065,520.0,65.99749999999999,kao005ppfm
10066,521.5,66.1465,kao005ppfm
10067,522.9,66.2875,kao005ppfm
10068,524.3,66.4205,kao005ppfm
10069,525.7,66.5475,kao005ppfm
10070,527.1,66.691,kao005ppfm
10071,528.5,66.83250000000001,kao005ppfm
10072,529.9,66.99449999999999,kao005ppfm
10073,531.3,67.14200000000001,kao005ppfm
10074,532.7,67.27799999999999,kao005ppfm
10075,534.1,67.41000000000001,kao005ppfm
10076,535.5,67.541,kao005ppfm
10077,536.9,67.66850000000002,kao005ppfm
10078,538.3,67.79950000000001,kao005ppfm
10079,539.7,67.928,kao005ppfm
10080,541.1,68.08049999999999,kao005ppfm
10081,542.5,68.1975,kao005ppfm
10082,544.0,68.3215,kao005ppfm
10083,545.3,68.44300000000001,kao005ppfm
10084,546.8,68.576,kao005ppfm
10085,548.2,68.69099999999999,kao005ppfm
10086,549.5,68.7885,kao005ppfm
10087,550.9,68.9055,kao005ppfm
10088,552.3,69.0375,kao005ppfm
10089,553.7,69.1575,kao005ppfm
10090,555.1,69.2675,kao005ppfm
10091,556.5,69.393,kao005ppfm
10092,557.9,69.5055,kao005ppfm
10093,559.3,69.633,kao005ppfm
10094,560.7,69.749,kao005ppfm
10095,562.1,69.848,kao005ppfm
10096,563.5,69.9485,kao005ppfm
10097,564.9,70.05550000000001,kao005ppfm
10098,566.3,70.14800000000001,kao005ppfm
10099,567.7,70.2495,kao005ppfm
10100,569.1,70.342,kao005ppfm
10101,570.5,70.43,kao005ppfm
10102,571.8,70.523,kao005ppfm
10103,573.2,70.612,kao005ppfm
10104,574.6,70.69000000000001,kao005ppfm
10105,576.0,70.77499999999999,kao005ppfm
10106,577.4,70.8485,kao005ppfm
10107,578.8,70.92549999999999,kao005ppfm
10108,580.2,70.9995,kao005ppfm
10109,581.5,71.07250000000002,kao005ppfm
10110,582.9,71.13649999999998,kao005ppfm
10111,584.3,71.2005,kao005ppfm
10112,585.7,71.253,kao005ppfm
10113,587.1,71.3135,kao005ppfm
10114,588.5,71.3705,kao005ppfm
10115,589.8,71.42350000000002,kao005ppfm
10116,591.2,71.475,kao005ppfm
10117,592.6,71.52749999999999,kao005ppfm
10118,594.0,71.56949999999999,kao005ppfm
10119,595.4,71.61699999999999,kao005ppfm
10120,596.7,71.66049999999998,kao005ppfm
10121,598.1,71.70750000000001,kao005ppfm
10122,599.5,71.75249999999998,kao005ppfm
10123,600.9,71.78999999999999,kao005ppfm
10124,602.2,71.826,kao005ppfm
10125,603.6,71.863,kao005ppfm
10126,605.0,71.90299999999999,kao005ppfm
10127,606.4,71.9435,kao005ppfm
10128,607.7,71.98250000000002,kao005ppfm
10129,609.1,72.023,kao005ppfm
10130,610.5,72.05499999999999,kao005ppfm
10131,611.9,72.09099999999998,kao005ppfm
10132,613.2,72.128,kao005ppfm
10133,614.6,72.169,kao005ppfm
10134,616.0,72.2045,kao005ppfm
10135,617.3,72.2335,kao005ppfm
10136,618.7,72.26950000000001,kao005ppfm
10137,620.1,72.3055,kao005ppfm
10138,621.5,72.338,kao005ppfm
10139,622.8,72.373,kao005ppfm
10140,624.2,72.3965,kao005ppfm
10141,625.5,72.42599999999999,kao005ppfm
10142,626.9,72.4545,kao005ppfm
10143,628.3,72.48049999999999,kao005ppfm
10144,629.6,72.508,kao005ppfm
10145,631.0,72.5445,kao005ppfm
10146,632.4,72.56599999999999,kao005ppfm
10147,633.7,72.5925,kao005ppfm
10148,635.1,72.61949999999999,kao005ppfm
10149,636.5,72.642,kao005ppfm
10150,637.8,72.6645,kao005ppfm
10151,639.2,72.68100000000001,kao005ppfm
10152,640.5,72.6965,kao005ppfm
10153,641.9,72.715,kao005ppfm
10154,643.2,72.725,kao005ppfm
10155,644.6,72.737,kao005ppfm
10156,646.0,72.752,kao005ppfm
10157,647.3,72.7625,kao005ppfm
10158,648.7,72.76700000000001,kao005ppfm
10159,650.0,72.74999999999999,kao005ppfm
10160,651.4,72.74549999999999,kao005ppfm
10161,652.7,72.75049999999999,kao005ppfm
10162,654.1,72.7645,kao005ppfm
10163,655.4,72.79150000000001,kao005ppfm
10164,656.8,72.8175,kao005ppfm
10165,658.1,72.827,kao005ppfm
10166,659.5,72.8485,kao005ppfm
10167,660.8,72.8735,kao005ppfm
10168,662.2,72.887,kao005ppfm
10169,663.5,72.90149999999998,kao005ppfm
10170,664.9,72.931,kao005ppfm
10171,666.2,72.9735,kao005ppfm
10172,667.6,72.98499999999999,kao005ppfm
10173,668.9,73.0165,kao005ppfm
10174,670.3,73.07649999999998,kao005ppfm
10175,671.6,73.1385,kao005ppfm
10176,673.0,73.16550000000002,kao005ppfm
10177,674.3,73.22099999999999,kao005ppfm
10178,675.6,73.3005,kao005ppfm
10179,677.0,73.3585,kao005ppfm
10180,678.3,73.38949999999998,kao005ppfm
10181,679.7,73.4185,kao005ppfm
10182,681.0,73.4595,kao005ppfm
10183,682.3,73.5055,kao005ppfm
10184,683.7,73.55799999999999,kao005ppfm
10185,685.0,73.60050000000001,kao005ppfm
10186,686.4,73.6435,kao005ppfm
10187,687.7,73.6855,kao005ppfm
10188,689.0,73.723,kao005ppfm
10189,690.4,73.7685,kao005ppfm
10190,691.7,73.815,kao005ppfm
10191,693.0,73.85150000000002,kao005ppfm
10192,694.4,73.899,kao005ppfm
10193,695.7,73.94449999999999,kao005ppfm
10194,697.0,73.98400000000001,kao005ppfm
10195,698.4,74.032,kao005ppfm
10196,699.7,74.07300000000001,kao005ppfm
10197,701.0,74.119,kao005ppfm
10198,702.4,74.1575,kao005ppfm
10199,703.7,74.201,kao005ppfm
10200,705.0,74.24249999999999,kao005ppfm
10201,706.3,74.287,kao005ppfm
10202,707.7,74.32650000000001,kao005ppfm
10203,709.0,74.3635,kao005ppfm
10204,710.3,74.405,kao005ppfm
10205,711.6,74.44200000000002,kao005ppfm
10206,713.0,74.48150000000001,kao005ppfm
10207,714.3,74.5215,kao005ppfm
10208,715.6,74.55600000000001,kao005ppfm
10209,716.9,74.59,kao005ppfm
10210,718.2,74.628,kao005ppfm
10211,719.6,74.6615,kao005ppfm
10212,720.9,74.6985,kao005ppfm
10213,722.2,74.7335,kao005ppfm
10214,723.5,74.767,kao005ppfm
10215,724.8,74.79299999999999,kao005ppfm
10216,726.2,74.8275,kao005ppfm
10217,727.5,74.85549999999999,kao005ppfm
10218,728.8,74.88699999999999,kao005ppfm
10219,730.1,74.9145,kao005ppfm
10220,731.4,74.94350000000001,kao005ppfm
10221,732.7,74.9715,kao005ppfm
10222,734.0,74.999,kao005ppfm
10223,735.3,75.0235,kao005ppfm
10224,736.7,75.0535,kao005ppfm
10225,738.0,75.083,kao005ppfm
10226,739.3,75.10900000000001,kao005ppfm
10227,740.6,75.1335,kao005ppfm
10228,741.9,75.155,kao005ppfm
10229,743.2,75.17049999999999,kao005ppfm
10230,744.5,75.19300000000001,kao005ppfm
10231,745.8,75.2215,kao005ppfm
10232,747.1,75.25750000000001,kao005ppfm
10233,748.4,75.28799999999998,kao005ppfm
10234,749.7,75.31549999999999,kao005ppfm
10235,751.0,75.34549999999999,kao005ppfm
10236,752.3,75.37100000000001,kao005ppfm
10237,753.6,75.40400000000001,kao005ppfm
10238,754.9,75.42950000000002,kao005ppfm
10239,756.2,75.45550000000001,kao005ppfm
10240,757.5,75.482,kao005ppfm
10241,758.8,75.499,kao005ppfm
10242,760.1,75.53049999999999,kao005ppfm
10243,761.4,75.5495,kao005ppfm
10244,762.7,75.57249999999999,kao005ppfm
10245,764.0,75.59450000000001,kao005ppfm
10246,765.3,75.61600000000001,kao005ppfm
10247,766.6,75.6365,kao005ppfm
10248,767.9,75.65950000000001,kao005ppfm
10249,769.2,75.6765,kao005ppfm
10250,770.4,75.69550000000001,kao005ppfm
10251,771.7,75.7155,kao005ppfm
10252,773.0,75.7385,kao005ppfm
10253,774.3,75.75899999999999,kao005ppfm
10254,775.6,75.7725,kao005ppfm
10255,776.9,75.79149999999998,kao005ppfm
10256,778.2,75.803,kao005ppfm
10257,779.4,75.826,kao005ppfm
10258,780.7,75.852,kao005ppfm
10259,782.0,75.874,kao005ppfm
10260,783.3,75.88550000000001,kao005ppfm
10261,784.5,75.89950000000002,kao005ppfm
10262,785.8,75.916,kao005ppfm
10263,787.1,75.936,kao005ppfm
10264,788.4,75.95400000000002,kao005ppfm
10265,789.7,75.975,kao005ppfm
10266,790.9,75.99999999999999,kao005ppfm
10267,792.2,76.0215,kao005ppfm
10268,793.5,76.0335,kao005ppfm
10269,794.8,76.05050000000001,kao005ppfm
10270,796.0,76.0685,kao005ppfm
10271,797.3,76.0925,kao005ppfm
10272,798.5,76.10999999999999,kao005ppfm
10273,799.8,76.125,kao005ppfm
10274,801.1,76.14599999999999,kao005ppfm
10275,802.3,76.16099999999999,kao005ppfm
10276,803.6,76.184,kao005ppfm
10277,804.9,76.19250000000001,kao005ppfm
10278,806.1,76.22,kao005ppfm
10279,807.4,76.242,kao005ppfm
10280,808.7,76.26,kao005ppfm
10281,809.9,76.2865,kao005ppfm
10282,811.2,76.2975,kao005ppfm
10283,812.4,76.31,kao005ppfm
10284,813.7,76.32149999999999,kao005ppfm
10285,815.0,76.344,kao005ppfm
10286,816.2,76.362,kao005ppfm
10287,817.5,76.3855,kao005ppfm
10288,818.7,76.3935,kao005ppfm
10289,820.0,76.4115,kao005ppfm
10290,821.2,76.4335,kao005ppfm
10291,822.5,76.4505,kao005ppfm
10292,823.7,76.46,kao005ppfm
10293,825.0,76.481,kao005ppfm
10294,826.2,76.4955,kao005ppfm
10295,827.5,76.50750000000002,kao005ppfm
10296,828.7,76.52050000000001,kao005ppfm
10297,829.9,76.53350000000002,kao005ppfm
10298,831.2,76.5595,kao005ppfm
10299,832.4,76.57300000000001,kao005ppfm
10300,833.7,76.5765,kao005ppfm
10301,834.9,76.5915,kao005ppfm
10302,836.1,76.596,kao005ppfm
10303,837.4,76.61499999999998,kao005ppfm
10304,838.6,76.6325,kao005ppfm
10305,839.8,76.65249999999999,kao005ppfm
10306,841.1,76.6595,kao005ppfm
10307,842.3,76.68100000000001,kao005ppfm
10308,843.5,76.6805,kao005ppfm
10309,844.8,76.7015,kao005ppfm
10310,846.0,76.70949999999998,kao005ppfm
10311,847.2,76.72350000000002,kao005ppfm
10312,848.5,76.74250000000002,kao005ppfm
10313,849.7,76.74800000000002,kao005ppfm
10314,850.9,76.76400000000001,kao005ppfm
10315,852.2,76.77650000000001,kao005ppfm
10316,853.4,76.7915,kao005ppfm
10317,854.6,76.79549999999999,kao005ppfm
10318,855.8,76.8035,kao005ppfm
10319,857.0,76.804,kao005ppfm
10320,858.3,76.833,kao005ppfm
10321,859.5,76.8395,kao005ppfm
10322,860.7,76.85999999999999,kao005ppfm
10323,861.9,76.85299999999998,kao005ppfm
10324,863.1,76.871,kao005ppfm
10325,864.3,76.88349999999998,kao005ppfm
10326,865.5,76.89549999999998,kao005ppfm
10327,866.8,76.88149999999999,kao005ppfm
10328,868.0,76.917,kao005ppfm
10329,869.2,76.92550000000003,kao005ppfm
10330,870.4,76.95250000000001,kao005ppfm
10331,871.6,76.95400000000002,kao005ppfm
10332,872.8,76.96300000000001,kao005ppfm
10333,874.0,76.96550000000002,kao005ppfm
10334,875.2,76.96350000000001,kao005ppfm
10335,876.4,76.99,kao005ppfm
10336,877.6,76.994,kao005ppfm
10337,878.8,77.0145,kao005ppfm
10338,880.0,77.021,kao005ppfm
10339,881.2,77.035,kao005ppfm
10340,882.4,77.0395,kao005ppfm
10341,883.6,77.05449999999999,kao005ppfm
10342,884.8,77.04899999999999,kao005ppfm
10343,886.0,77.06649999999999,kao005ppfm
10344,887.2,77.073,kao005ppfm
10345,888.4,77.07849999999999,kao005ppfm
10346,889.6,77.09649999999999,kao005ppfm
10347,890.8,77.112,kao005ppfm
10348,892.0,77.12599999999998,kao005ppfm
10349,893.2,77.12949999999998,kao005ppfm
10350,894.3,77.127,kao005ppfm
10351,895.5,77.133,kao005ppfm
10352,896.7,77.15900000000002,kao005ppfm
10353,897.9,77.17550000000001,kao005ppfm
10354,899.1,77.1885,kao005ppfm
10355,900.3,77.16250000000001,kao005ppfm
10356,901.5,77.1695,kao005ppfm
10357,902.6,77.19500000000002,kao005ppfm
10358,903.8,77.19650000000003,kao005ppfm
10359,905.0,77.20700000000001,kao005ppfm
10360,906.2,77.19,kao005ppfm
10361,907.4,77.16900000000001,kao005ppfm
10362,908.5,77.1775,kao005ppfm
10363,909.7,77.188,kao005ppfm
10364,910.9,77.18299999999999,kao005ppfm
10365,912.1,77.22200000000001,kao005ppfm
10366,913.2,77.238,kao005ppfm
10367,914.4,77.21950000000001,kao005ppfm
10368,915.6,77.23200000000001,kao005ppfm
10369,916.8,77.26500000000001,kao005ppfm
10370,917.9,77.271,kao005ppfm
10371,919.1,77.2835,kao005ppfm
10372,920.2,77.2905,kao005ppfm
10373,921.4,77.313,kao005ppfm
10374,922.6,77.3205,kao005ppfm
10375,923.8,77.33650000000002,kao005ppfm
10376,924.9,77.3165,kao005ppfm
10377,926.1,77.348,kao005ppfm
10378,927.2,77.35799999999999,kao005ppfm
10379,928.4,77.37199999999999,kao005ppfm
10380,929.6,77.39250000000001,kao005ppfm
10381,930.7,77.3925,kao005ppfm
10382,931.9,77.38699999999999,kao005ppfm
10383,933.0,77.4075,kao005ppfm
10384,934.2,77.398,kao005ppfm
10385,935.3,77.41850000000002,kao005ppfm
10386,936.5,77.389,kao005ppfm
10387,937.7,77.399,kao005ppfm
10388,938.8,77.38899999999998,kao005ppfm
10389,940.0,77.412,kao005ppfm
10390,941.1,77.4035,kao005ppfm
10391,942.3,77.41850000000001,kao005ppfm
10392,943.4,77.422,kao005ppfm
10393,944.6,77.39750000000001,kao005ppfm
10394,945.7,77.37750000000001,kao005ppfm
10395,946.9,77.353,kao005ppfm
10396,948.0,77.3955,kao005ppfm
10397,949.2,77.37650000000001,kao005ppfm
10398,950.3,77.3605,kao005ppfm
10399,951.5,77.33850000000001,kao005ppfm
10400,952.6,77.3015,kao005ppfm
10401,953.8,77.2505,kao005ppfm
10402,954.9,77.31049999999999,kao005ppfm
10403,956.1,77.343,kao005ppfm
10404,957.2,77.37750000000001,kao005ppfm
10405,958.3,77.37950000000001,kao005ppfm
10406,959.5,77.3975,kao005ppfm
10407,960.6,77.4095,kao005ppfm
10408,961.8,77.3945,kao005ppfm
10409,962.9,77.417,kao005ppfm
10410,964.1,77.352,kao005ppfm
10411,965.2,77.138,kao005ppfm
10412,966.3,76.95900000000002,kao005ppfm
10413,967.5,76.9025,kao005ppfm
10414,968.6,77.13550000000001,kao005ppfm
10415,969.8,77.36200000000001,kao005ppfm
10416,970.9,77.63550000000001,kao005ppfm
10417,972.1,77.74949999999998,kao005ppfm
10418,973.2,77.768,kao005ppfm
10419,974.3,77.775,kao005ppfm
10420,975.5,77.796,kao005ppfm
10421,976.6,77.84949999999999,kao005ppfm
10422,977.8,77.84649999999999,kao005ppfm
10423,978.9,77.87750000000001,kao005ppfm
10424,980.0,77.87400000000001,kao005ppfm
10425,981.2,77.81649999999999,kao005ppfm
10426,982.3,77.78649999999999,kao005ppfm
10427,983.5,77.796,kao005ppfm
10428,984.6,77.78600000000002,kao005ppfm
10429,985.7,77.89750000000001,kao005ppfm
10430,986.9,77.84400000000001,kao005ppfm
10431,988.0,78.042,kao005ppfm
10432,989.1,77.958,kao005ppfm
10433,992.0,78.14849999999998,kao005ppfm
10434,995.9,78.18800000000002,kao005ppfm
10435,999.7,78.215,kao005ppfm
10436,1003.6,78.2445,kao005ppfm
10437,1007.4,78.2865,kao005ppfm
10438,1011.3,78.327,kao005ppfm
10439,1015.1,78.3695,kao005ppfm
10440,1019.0,78.3915,kao005ppfm
10441,1022.8,78.4195,kao005ppfm
10442,1026.7,78.443,kao005ppfm
10443,1030.5,78.48549999999999,kao005ppfm
10444,1034.4,78.5105,kao005ppfm
10445,1038.2,78.54549999999999,kao005ppfm
10446,1042.1,78.58500000000001,kao005ppfm
10447,1045.9,78.607,kao005ppfm
10448,1049.7,78.643,kao005ppfm
10449,1053.6,78.648,kao005ppfm
10450,1057.4,78.705,kao005ppfm
10451,1061.2,78.7325,kao005ppfm
10452,1065.1,78.74,kao005ppfm
10453,1068.9,78.788,kao005ppfm
10454,1072.7,78.82300000000001,kao005ppfm
10455,1076.6,78.8305,kao005ppfm
10456,1080.4,78.858,kao005ppfm
10457,1084.2,78.87300000000002,kao005ppfm
10458,1088.0,78.896,kao005ppfm
10459,1091.8,78.91749999999999,kao005ppfm
10460,1095.7,78.94300000000001,kao005ppfm
10461,1099.5,78.979,kao005ppfm
10462,1103.3,79.017,kao005ppfm
10463,1107.1,79.0385,kao005ppfm
10464,1110.9,79.048,kao005ppfm
10465,1114.8,79.069,kao005ppfm
10466,1118.6,79.08800000000001,kao005ppfm
10467,1122.4,79.1365,kao005ppfm
10468,1126.2,79.1695,kao005ppfm
10469,1130.0,79.18800000000002,kao005ppfm
10470,1133.8,79.21000000000001,kao005ppfm
10471,1137.6,79.22149999999999,kao005ppfm
10472,1141.4,79.229,kao005ppfm
10473,1145.2,79.20400000000001,kao005ppfm
10474,1149.0,79.17099999999999,kao005ppfm
10475,1152.8,79.17800000000001,kao005ppfm
10476,1156.6,79.21600000000001,kao005ppfm
10477,1160.4,79.2295,kao005ppfm
10478,1164.2,79.2655,kao005ppfm
10479,1168.0,79.25699999999999,kao005ppfm
10480,1171.8,79.26050000000001,kao005ppfm
10481,1175.6,79.26050000000001,kao005ppfm
10482,1179.4,79.22399999999999,kao005ppfm
10483,1183.2,79.1405,kao005ppfm
10484,1187.0,79.08449999999999,kao005ppfm
10485,1190.7,79.07000000000001,kao005ppfm
10486,1194.5,79.08749999999999,kao005ppfm
10487,1198.3,79.1425,kao005ppfm
10488,1202.1,79.15900000000002,kao005ppfm
10489,1205.9,79.15599999999999,kao005ppfm
10490,1209.7,79.15449999999998,kao005ppfm
10491,1213.4,79.134,kao005ppfm
10492,1217.2,79.11499999999998,kao005ppfm
10493,1221.0,79.10049999999998,kao005ppfm
10494,1224.8,79.063,kao005ppfm
10495,1228.5,79.02000000000001,kao005ppfm
10496,1232.3,78.987,kao005ppfm
10497,1236.1,78.96950000000001,kao005ppfm
10498,1239.8,78.97999999999999,kao005ppfm
10499,1243.6,79.06250000000001,kao005ppfm
10500,1247.4,79.1525,kao005ppfm
10501,1251.1,79.21350000000002,kao005ppfm
10502,1254.9,79.29749999999999,kao005ppfm
10503,1258.7,79.366,kao005ppfm
10504,1262.4,79.4095,kao005ppfm
10505,1266.2,79.42050000000002,kao005ppfm
10506,1269.9,79.4265,kao005ppfm
10507,1273.7,79.404,kao005ppfm
10508,1277.4,79.36049999999999,kao005ppfm
10509,1281.2,79.25450000000001,kao005ppfm
10510,1284.9,79.0675,kao005ppfm
10511,1288.7,78.90549999999999,kao005ppfm
10512,1292.4,78.71000000000001,kao005ppfm
10513,1296.2,78.571,kao005ppfm
10514,1299.9,78.39549999999998,kao005ppfm
10515,1303.7,78.248,kao005ppfm
10516,1307.4,78.126,kao005ppfm
10517,1311.2,78.03900000000002,kao005ppfm
10518,1314.9,77.942,kao005ppfm
10519,1318.7,77.83950000000002,kao005ppfm
10520,1322.4,77.7,kao005ppfm
10521,1326.1,77.58749999999999,kao005ppfm
10522,1329.9,77.504,kao005ppfm
10523,1333.6,77.446,kao005ppfm
10524,1337.3,77.415,kao005ppfm
10525,1341.1,77.328,kao005ppfm
10526,1344.8,77.05850000000001,kao005ppfm
10527,1348.5,76.59150000000001,kao005ppfm
10528,1352.2,76.03799999999998,kao005ppfm
10529,1356.0,75.58850000000001,kao005ppfm
10530,1359.7,75.3755,kao005ppfm
10531,1363.4,75.2675,kao005ppfm
10532,1367.1,75.186,kao005ppfm
10533,1370.8,74.877,kao005ppfm
10534,1374.6,74.3235,kao005ppfm
10535,1378.3,73.487,kao005ppfm
10536,1382.0,72.2895,kao005ppfm
10537,1385.7,70.6135,kao005ppfm
10538,1389.4,68.77449999999999,kao005ppfm
10539,1393.1,67.42750000000002,kao005ppfm
10540,1396.8,66.8565,kao005ppfm
10541,1400.5,67.05600000000001,kao005ppfm
10542,1404.2,67.2475,kao005ppfm
10543,1407.9,66.2135,kao005ppfm
10544,1411.7,66.05350000000001,kao005ppfm
10545,1415.4,67.1515,kao005ppfm
10546,1419.1,70.1055,kao005ppfm
10547,1422.8,73.0845,kao005ppfm
10548,1426.4,74.872,kao005ppfm
10549,1430.2,76.014,kao005ppfm
10550,1433.8,76.76149999999998,kao005ppfm
10551,1437.5,77.24449999999999,kao005ppfm
10552,1441.2,77.538,kao005ppfm
10553,1444.9,77.74249999999999,kao005ppfm
10554,1448.6,77.898,kao005ppfm
10555,1452.3,78.043,kao005ppfm
10556,1456.0,78.1625,kao005ppfm
10557,1459.7,78.27199999999999,kao005ppfm
10558,1463.3,78.3235,kao005ppfm
10559,1467.0,78.4385,kao005ppfm
10560,1470.7,78.512,kao005ppfm
10561,1474.4,78.59350000000002,kao005ppfm
10562,1478.1,78.6505,kao005ppfm
10563,1481.7,78.7465,kao005ppfm
10564,1485.4,78.8115,kao005ppfm
10565,1489.1,78.86250000000001,kao005ppfm
10566,1492.8,78.9165,kao005ppfm
10567,1496.4,78.97899999999998,kao005ppfm
10568,1500.1,79.05100000000002,kao005ppfm
10569,1503.8,79.12199999999999,kao005ppfm
10570,1507.4,79.1865,kao005ppfm
10571,1511.1,79.25150000000001,kao005ppfm
10572,1514.7,79.31,kao005ppfm
10573,1518.4,79.357,kao005ppfm
10574,1522.1,79.398,kao005ppfm
10575,1525.7,79.44500000000001,kao005ppfm
10576,1529.4,79.4745,kao005ppfm
10577,1533.0,79.50800000000001,kao005ppfm
10578,1536.7,79.53850000000001,kao005ppfm
10579,1540.3,79.561,kao005ppfm
10580,1544.0,79.59299999999999,kao005ppfm
10581,1547.6,79.60999999999999,kao005ppfm
10582,1551.3,79.64049999999999,kao005ppfm
10583,1554.9,79.6655,kao005ppfm
10584,1558.6,79.675,kao005ppfm
10585,1562.2,79.69800000000001,kao005ppfm
10586,1565.8,79.71350000000001,kao005ppfm
10587,1569.5,79.7295,kao005ppfm
10588,1573.1,79.74600000000001,kao005ppfm
10589,1576.8,79.7515,kao005ppfm
10590,1580.4,79.768,kao005ppfm
10591,1584.0,79.781,kao005ppfm
10592,1587.7,79.8,kao005ppfm
10593,1591.3,79.8125,kao005ppfm
10594,1594.9,79.82,kao005ppfm
10595,1598.5,79.82699999999998,kao005ppfm
10596,1602.2,79.829,kao005ppfm
10597,1605.8,79.82749999999999,kao005ppfm
10598,1609.4,79.8415,kao005ppfm
10599,1613.0,79.84299999999999,kao005ppfm
10600,1616.7,79.84049999999999,kao005ppfm
10601,1620.3,79.8335,kao005ppfm
10602,1623.9,79.8145,kao005ppfm
10603,1627.5,79.81199999999998,kao005ppfm
10604,1631.1,79.8015,kao005ppfm
10605,1634.7,79.80149999999999,kao005ppfm
10606,1638.3,79.814,kao005ppfm
10607,1641.9,79.81649999999999,kao005ppfm
10608,1645.6,79.82199999999999,kao005ppfm
10609,1649.2,79.83749999999999,kao005ppfm
10610,1652.8,79.846,kao005ppfm
10611,1656.4,79.83500000000001,kao005ppfm
10612,1660.0,79.84200000000001,kao005ppfm
10613,1663.6,79.83149999999999,kao005ppfm
10614,1667.2,79.80749999999999,kao005ppfm
10615,1670.8,79.787,kao005ppfm
10616,1674.4,79.74249999999999,kao005ppfm
10617,1678.0,79.64250000000001,kao005ppfm
10618,1681.6,79.46200000000002,kao005ppfm
10619,1685.1,79.21900000000001,kao005ppfm
10620,1688.7,78.96149999999999,kao005ppfm
10621,1692.3,78.74600000000001,kao005ppfm
10622,1695.9,78.575,kao005ppfm
10623,1699.5,78.43,kao005ppfm
10624,1703.1,78.3125,kao005ppfm
10625,1706.7,78.26599999999999,kao005ppfm
10626,1710.2,78.25300000000001,kao005ppfm
10627,1713.8,78.23,kao005ppfm
10628,1717.4,78.17549999999999,kao005ppfm
10629,1721.0,78.07849999999999,kao005ppfm
10630,1724.5,78.007,kao005ppfm
10631,1728.1,77.9405,kao005ppfm
10632,1731.7,77.928,kao005ppfm
10633,1735.2,77.932,kao005ppfm
10634,1738.8,77.97200000000001,kao005ppfm
10635,1742.4,78.03999999999999,kao005ppfm
10636,1745.9,78.0925,kao005ppfm
10637,1749.5,78.11800000000001,kao005ppfm
10638,1753.1,78.10650000000001,kao005ppfm
10639,1756.6,78.0775,kao005ppfm
10640,1760.2,78.0125,kao005ppfm
10641,1763.8,77.9815,kao005ppfm
10642,1767.3,77.93050000000001,kao005ppfm
10643,1770.9,77.88850000000002,kao005ppfm
10644,1774.4,77.8665,kao005ppfm
10645,1778.0,77.82849999999999,kao005ppfm
10646,1781.5,77.7975,kao005ppfm
10647,1785.1,77.73649999999999,kao005ppfm
10648,1788.6,77.6785,kao005ppfm
10649,1792.1,77.64300000000001,kao005ppfm
10650,1795.7,77.5955,kao005ppfm
10651,1799.2,77.564,kao005ppfm
10652,1802.8,77.50300000000001,kao005ppfm
10653,1806.3,77.45700000000001,kao005ppfm
10654,1809.8,77.389,kao005ppfm
10655,1813.4,77.3,kao005ppfm
10656,1816.9,77.27099999999999,kao005ppfm
10657,1820.4,77.2455,kao005ppfm
10658,1824.0,77.3235,kao005ppfm
10659,1827.5,77.40200000000002,kao005ppfm
10660,1831.0,77.4625,kao005ppfm
10661,1834.6,77.4585,kao005ppfm
10662,1838.1,77.4345,kao005ppfm
10663,1841.6,77.44749999999999,kao005ppfm
10664,1845.1,77.572,kao005ppfm
10665,1848.6,77.7675,kao005ppfm
10666,1852.2,77.94749999999999,kao005ppfm
10667,1855.7,78.06949999999999,kao005ppfm
10668,1859.2,78.13900000000001,kao005ppfm
10669,1862.7,78.10249999999999,kao005ppfm
10670,1866.2,77.96000000000001,kao005ppfm
10671,1869.7,77.76150000000001,kao005ppfm
10672,1873.2,77.533,kao005ppfm
10673,1876.7,77.30250000000001,kao005ppfm
10674,1880.2,77.04249999999999,kao005ppfm
10675,1883.7,76.72900000000001,kao005ppfm
10676,1887.2,76.34549999999999,kao005ppfm
10677,1890.7,75.905,kao005ppfm
10678,1894.2,75.414,kao005ppfm
10679,1897.7,74.8995,kao005ppfm
10680,1902.7,73.917,kao005ppfm
10681,1905.5,73.6595,kao005ppfm
10682,1908.2,73.42750000000001,kao005ppfm
10683,1911.0,73.247,kao005ppfm
10684,1913.7,73.1425,kao005ppfm
10685,1916.5,73.0625,kao005ppfm
10686,1919.2,72.98900000000002,kao005ppfm
10687,1921.9,72.94300000000001,kao005ppfm
10688,1924.7,72.91850000000002,kao005ppfm
10689,1927.4,72.881,kao005ppfm
10690,1930.1,72.84349999999999,kao005ppfm
10691,1932.9,72.842,kao005ppfm
10692,1935.6,72.816,kao005ppfm
10693,1938.3,72.792,kao005ppfm
10694,1941.0,72.79849999999999,kao005ppfm
10695,1943.7,72.8555,kao005ppfm
10696,1946.4,72.90849999999999,kao005ppfm
10697,1949.2,72.98199999999999,kao005ppfm
10698,1951.9,73.078,kao005ppfm
10699,1954.6,73.198,kao005ppfm
10700,1957.3,73.31550000000001,kao005ppfm
10701,1960.0,73.425,kao005ppfm
10702,1962.7,73.522,kao005ppfm
10703,1965.4,73.62950000000002,kao005ppfm
10704,1968.1,73.73499999999999,kao005ppfm
10705,1970.7,73.8455,kao005ppfm
10706,1973.4,73.97099999999998,kao005ppfm
10707,1976.1,74.09300000000002,kao005ppfm
10708,1978.8,74.1955,kao005ppfm
10709,1981.5,74.307,kao005ppfm
10710,1984.1,74.43449999999999,kao005ppfm
10711,1986.8,74.57450000000003,kao005ppfm
10712,1989.5,74.72,kao005ppfm
10713,1992.1,74.84,kao005ppfm
10714,1994.8,74.957,kao005ppfm
10715,1997.5,75.084,kao005ppfm
10716,2000.1,75.22399999999999,kao005ppfm
10717,2002.8,75.342,kao005ppfm
10718,2005.4,75.45700000000001,kao005ppfm
10719,2008.1,75.60400000000001,kao005ppfm
10720,2010.7,75.73799999999999,kao005ppfm
10721,2013.4,75.83599999999998,kao005ppfm
10722,2016.0,75.9365,kao005ppfm
10723,2018.6,76.0205,kao005ppfm
10724,2021.3,76.09849999999999,kao005ppfm
10725,2023.9,76.162,kao005ppfm
10726,2026.5,76.23949999999999,kao005ppfm
10727,2029.2,76.3065,kao005ppfm
10728,2031.8,76.35499999999999,kao005ppfm
10729,2034.4,76.42150000000001,kao005ppfm
10730,2037.0,76.4765,kao005ppfm
10731,2039.7,76.5075,kao005ppfm
10732,2042.3,76.51950000000001,kao005ppfm
10733,2044.9,76.529,kao005ppfm
10734,2047.5,76.5405,kao005ppfm
10735,2050.1,76.544,kao005ppfm
10736,2052.7,76.53799999999998,kao005ppfm
10737,2055.3,76.53200000000001,kao005ppfm
10738,2057.9,76.518,kao005ppfm
10739,2060.5,76.48500000000001,kao005ppfm
10740,2063.1,76.417,kao005ppfm
10741,2065.7,76.34849999999999,kao005ppfm
10742,2068.3,76.24350000000001,kao005ppfm
10743,2070.9,76.1375,kao005ppfm
10744,2073.4,76.063,kao005ppfm
10745,2076.0,75.97,kao005ppfm
10746,2078.6,75.852,kao005ppfm
10747,2081.2,75.73700000000001,kao005ppfm
10748,2083.7,75.60749999999999,kao005ppfm
10749,2086.3,75.468,kao005ppfm
10750,2088.9,75.3725,kao005ppfm
10751,2091.4,75.3005,kao005ppfm
10752,2094.0,75.23899999999999,kao005ppfm
10753,2096.6,75.187,kao005ppfm
10754,2099.1,75.12100000000001,kao005ppfm
10755,2101.6,75.038,kao005ppfm
10756,2104.2,74.8595,kao005ppfm
10757,2106.8,74.6175,kao005ppfm
10758,2109.3,74.375,kao005ppfm
10759,2111.8,74.1705,kao005ppfm
10760,2114.4,74.0525,kao005ppfm
10761,2116.9,73.996,kao005ppfm
10762,2119.4,73.937,kao005ppfm
10763,2122.0,73.8365,kao005ppfm
10764,2124.5,73.6875,kao005ppfm
10765,2127.0,73.45349999999999,kao005ppfm
10766,2129.6,73.179,kao005ppfm
10767,2132.1,72.805,kao005ppfm
10768,2134.6,72.2595,kao005ppfm
10769,2137.1,71.57200000000002,kao005ppfm
10770,2139.6,70.71700000000001,kao005ppfm
10771,2142.1,69.6485,kao005ppfm
10772,2144.6,68.38750000000002,kao005ppfm
10773,2147.1,67.04650000000001,kao005ppfm
10774,2149.6,65.75399999999999,kao005ppfm
10775,2152.1,64.55250000000001,kao005ppfm
10776,2154.6,63.4775,kao005ppfm
10777,2157.1,62.582,kao005ppfm
10778,2159.6,61.9395,kao005ppfm
10779,2162.1,61.52450000000001,kao005ppfm
10780,2164.6,61.26700000000001,kao005ppfm
10781,2167.1,61.1385,kao005ppfm
10782,2169.6,61.072,kao005ppfm
10783,2172.0,61.063,kao005ppfm
10784,2174.5,61.0625,kao005ppfm
10785,2177.0,61.04050000000001,kao005ppfm
10786,2179.4,60.91799999999999,kao005ppfm
10787,2181.9,60.69200000000001,kao005ppfm
10788,2184.4,60.353,kao005ppfm
10789,2186.8,59.88750000000001,kao005ppfm
10790,2189.3,59.39649999999999,kao005ppfm
10791,2191.7,58.913,kao005ppfm
10792,2194.2,58.371500000000005,kao005ppfm
10793,2196.6,57.596500000000006,kao005ppfm
10794,2199.1,56.464,kao005ppfm
10795,2201.5,55.0535,kao005ppfm
10796,2204.0,53.84,kao005ppfm
10797,2206.4,53.46199999999999,kao005ppfm
10798,2208.9,54.1775,kao005ppfm
10799,2211.3,55.7115,kao005ppfm
10800,2213.7,57.5825,kao005ppfm
10801,2216.1,59.40999999999999,kao005ppfm
10802,2218.6,61.051,kao005ppfm
10803,2221.0,62.443,kao005ppfm
10804,2223.4,63.548,kao005ppfm
10805,2225.8,64.405,kao005ppfm
10806,2228.2,65.0485,kao005ppfm
10807,2230.6,65.49249999999999,kao005ppfm
10808,2233.1,65.815,kao005ppfm
10809,2235.5,66.0445,kao005ppfm
10810,2237.9,66.22149999999999,kao005ppfm
10811,2240.3,66.35,kao005ppfm
10812,2242.7,66.444,kao005ppfm
10813,2245.1,66.479,kao005ppfm
10814,2247.5,66.49350000000001,kao005ppfm
10815,2249.9,66.468,kao005ppfm
10816,2252.2,66.3775,kao005ppfm
10817,2254.6,66.24900000000001,kao005ppfm
10818,2257.0,66.08200000000001,kao005ppfm
10819,2259.4,65.89349999999999,kao005ppfm
10820,2261.8,65.712,kao005ppfm
10821,2264.1,65.505,kao005ppfm
10822,2266.5,65.27,kao005ppfm
10823,2268.9,65.0325,kao005ppfm
10824,2271.2,64.77999999999999,kao005ppfm
10825,2273.6,64.52349999999998,kao005ppfm
10826,2276.0,64.2935,kao005ppfm
10827,2278.3,64.09400000000001,kao005ppfm
10828,2280.7,63.8885,kao005ppfm
10829,2283.0,63.71049999999999,kao005ppfm
10830,2285.4,63.548,kao005ppfm
10831,2287.7,63.38649999999999,kao005ppfm
10832,2290.1,63.2375,kao005ppfm
10833,2292.4,63.06550000000001,kao005ppfm
10834,2294.8,62.86550000000001,kao005ppfm
10835,2297.1,62.62550000000001,kao005ppfm
10836,2299.4,62.3485,kao005ppfm
10837,2301.8,62.03399999999999,kao005ppfm
10838,2304.1,61.709,kao005ppfm
10839,2306.4,61.378999999999984,kao005ppfm
10840,2308.7,61.09849999999999,kao005ppfm
10841,2311.1,60.8575,kao005ppfm
10842,2313.4,60.6555,kao005ppfm
10843,2315.7,60.51700000000001,kao005ppfm
10844,2318.0,60.46600000000001,kao005ppfm
10845,2320.3,60.42899999999999,kao005ppfm
10846,2322.6,60.43449999999999,kao005ppfm
10847,2324.9,60.50699999999999,kao005ppfm
10848,2327.2,60.6255,kao005ppfm
10849,2329.5,60.72950000000001,kao005ppfm
10850,2331.8,60.85850000000001,kao005ppfm
10851,2334.1,60.94499999999999,kao005ppfm
10852,2336.4,60.9395,kao005ppfm
10853,2338.7,60.873000000000005,kao005ppfm
10854,2341.0,60.74050000000001,kao005ppfm
10855,2343.2,60.52700000000001,kao005ppfm
10856,2345.5,60.262,kao005ppfm
10857,2347.8,60.0155,kao005ppfm
10858,2350.1,59.78649999999999,kao005ppfm
10859,2352.4,59.584,kao005ppfm
10860,2354.6,59.425,kao005ppfm
10861,2356.9,59.34100000000001,kao005ppfm
10862,2359.1,59.32800000000001,kao005ppfm
10863,2361.4,59.3115,kao005ppfm
10864,2363.7,59.2865,kao005ppfm
10865,2365.9,59.218,kao005ppfm
10866,2368.2,59.07900000000001,kao005ppfm
10867,2370.4,58.874,kao005ppfm
10868,2372.7,58.5975,kao005ppfm
10869,2374.9,58.29550000000002,kao005ppfm
10870,2377.2,58.07149999999999,kao005ppfm
10871,2379.4,57.9155,kao005ppfm
10872,2381.6,57.834500000000006,kao005ppfm
10873,2383.9,57.86999999999999,kao005ppfm
10874,2386.1,57.99,kao005ppfm
10875,2388.3,58.1535,kao005ppfm
10876,2390.6,58.35799999999999,kao005ppfm
10877,2392.8,58.571000000000005,kao005ppfm
10878,2395.0,58.80350000000001,kao005ppfm
10879,2397.2,59.005500000000005,kao005ppfm
10880,2399.4,59.19450000000002,kao005ppfm
10881,2401.6,59.3525,kao005ppfm
10882,2403.9,59.4375,kao005ppfm
10883,2406.1,59.461,kao005ppfm
10884,2408.3,59.427,kao005ppfm
10885,2410.5,59.3765,kao005ppfm
10886,2412.7,59.27499999999999,kao005ppfm
10887,2414.9,59.16949999999999,kao005ppfm
10888,2417.1,59.0335,kao005ppfm
10889,2419.2,58.843,kao005ppfm
10890,2421.4,58.61650000000001,kao005ppfm
10891,2423.6,58.38999999999999,kao005ppfm
10892,2425.8,58.101,kao005ppfm
10893,2428.0,57.8155,kao005ppfm
10894,2430.2,57.492,kao005ppfm
10895,2432.3,57.14949999999999,kao005ppfm
10896,2434.5,56.7625,kao005ppfm
10897,2436.7,56.38950000000001,kao005ppfm
10898,2438.8,56.04999999999999,kao005ppfm
10899,2441.0,55.7715,kao005ppfm
10900,2443.2,55.5065,kao005ppfm
10901,2445.3,55.27,kao005ppfm
10902,2447.5,55.04299999999999,kao005ppfm
10903,2449.6,54.842000000000006,kao005ppfm
10904,2451.8,54.64,kao005ppfm
10905,2453.9,54.46500000000001,kao005ppfm
10906,2456.1,54.3035,kao005ppfm
10907,2458.2,54.167,kao005ppfm
10908,2460.4,54.102,kao005ppfm
10909,2462.5,54.03249999999999,kao005ppfm
10910,2464.6,53.944500000000005,kao005ppfm
10911,2466.8,53.871500000000005,kao005ppfm
10912,2468.9,53.7755,kao005ppfm
10913,2471.0,53.715,kao005ppfm
10914,2473.1,53.6585,kao005ppfm
10915,2475.2,53.5265,kao005ppfm
10916,2477.4,53.316,kao005ppfm
10917,2479.5,53.107000000000006,kao005ppfm
10918,2481.6,52.932,kao005ppfm
10919,2483.7,52.69449999999999,kao005ppfm
10920,2485.8,52.471,kao005ppfm
10921,2487.9,52.307,kao005ppfm
10922,2490.0,52.2015,kao005ppfm
10923,2492.1,52.0915,kao005ppfm
10924,2494.2,52.049,kao005ppfm
10925,2496.3,51.9855,kao005ppfm
10926,2498.4,51.961,kao005ppfm
10927,2500.5,51.9975,kao005ppfm
10928,2502.6,51.9745,kao005ppfm
10929,2504.7,51.884,kao005ppfm
10930,2506.7,51.86800000000001,kao005ppfm
10931,2508.8,51.935500000000005,kao005ppfm
10932,2510.9,51.9095,kao005ppfm
10933,2513.0,51.815,kao005ppfm
10934,339.3,51.629375,kao005ppfr
10935,340.8,51.27375,kao005ppfr
10936,342.3,49.868125000000006,kao005ppfr
10937,343.7,49.113125,kao005ppfr
10938,345.2,48.344375,kao005ppfr
10939,346.7,47.574375,kao005ppfr
10940,348.1,47.083125,kao005ppfr
10941,349.6,46.386875,kao005ppfr
10942,351.1,46.03875,kao005ppfr
10943,352.5,45.8425,kao005ppfr
10944,354.0,45.594375,kao005ppfr
10945,355.5,45.16125,kao005ppfr
10946,357.0,45.155625,kao005ppfr
10947,358.4,45.246875,kao005ppfr
10948,359.9,45.234375,kao005ppfr
10949,361.4,45.273125,kao005ppfr
10950,362.8,45.37,kao005ppfr
10951,364.3,45.493125,kao005ppfr
10952,365.8,45.524375,kao005ppfr
10953,367.2,45.5225,kao005ppfr
10954,368.7,45.800625,kao005ppfr
10955,370.1,46.041875,kao005ppfr
10956,371.6,46.249375,kao005ppfr
10957,373.1,46.439375,kao005ppfr
10958,374.5,46.68375,kao005ppfr
10959,376.0,46.866875,kao005ppfr
10960,377.5,47.06625,kao005ppfr
10961,378.9,47.31125,kao005ppfr
10962,380.4,47.5425,kao005ppfr
10963,381.9,47.84375,kao005ppfr
10964,383.3,48.043125,kao005ppfr
10965,384.8,48.20125,kao005ppfr
10966,386.2,48.5075,kao005ppfr
10967,387.7,48.725625,kao005ppfr
10968,389.2,48.939375,kao005ppfr
10969,390.6,49.13375,kao005ppfr
10970,392.1,49.338750000000005,kao005ppfr
10971,393.6,49.54375,kao005ppfr
10972,395.0,49.730625,kao005ppfr
10973,396.5,49.906875,kao005ppfr
10974,397.9,50.05375,kao005ppfr
10975,399.4,50.286875,kao005ppfr
10976,400.9,50.496875,kao005ppfr
10977,402.3,50.669375,kao005ppfr
10978,403.8,50.820625,kao005ppfr
10979,405.2,50.999375,kao005ppfr
10980,406.7,51.161875,kao005ppfr
10981,408.1,51.351875,kao005ppfr
10982,409.6,51.541875000000005,kao005ppfr
10983,411.1,51.7,kao005ppfr
10984,412.5,51.92625,kao005ppfr
10985,414.0,52.12375,kao005ppfr
10986,415.4,52.33625,kao005ppfr
10987,416.9,52.560625,kao005ppfr
10988,418.3,52.784375,kao005ppfr
10989,419.8,53.000625,kao005ppfr
10990,421.2,53.235,kao005ppfr
10991,422.7,53.4375,kao005ppfr
10992,424.1,53.693125,kao005ppfr
10993,425.6,53.901875,kao005ppfr
10994,427.0,54.145,kao005ppfr
10995,428.5,54.37,kao005ppfr
10996,429.9,54.595,kao005ppfr
10997,431.4,54.838125,kao005ppfr
10998,432.8,55.090625,kao005ppfr
10999,434.3,55.33375,kao005ppfr
11000,435.7,55.5775,kao005ppfr
11001,437.2,55.815625,kao005ppfr
11002,438.6,56.049375000000005,kao005ppfr
11003,440.1,56.276250000000005,kao005ppfr
11004,441.5,56.5075,kao005ppfr
11005,443.0,56.709375,kao005ppfr
11006,444.4,56.9225,kao005ppfr
11007,445.8,57.125625,kao005ppfr
11008,447.3,57.33,kao005ppfr
11009,448.7,57.521875,kao005ppfr
11010,450.2,57.7225,kao005ppfr
11011,451.6,57.92,kao005ppfr
11012,453.0,58.089375,kao005ppfr
11013,454.5,58.225625,kao005ppfr
11014,455.9,58.385625,kao005ppfr
11015,457.4,58.52125,kao005ppfr
11016,458.8,58.68,kao005ppfr
11017,460.2,58.820625,kao005ppfr
11018,461.7,58.93625,kao005ppfr
11019,463.1,59.0625,kao005ppfr
11020,464.5,59.179375,kao005ppfr
11021,466.0,59.28625,kao005ppfr
11022,467.4,59.40125,kao005ppfr
11023,468.9,59.530625,kao005ppfr
11024,470.3,59.6225,kao005ppfr
11025,471.7,59.726875,kao005ppfr
11026,473.1,59.83125,kao005ppfr
11027,474.6,59.931875000000005,kao005ppfr
11028,476.0,60.036875,kao005ppfr
11029,477.4,60.14375,kao005ppfr
11030,478.9,60.2625,kao005ppfr
11031,480.3,60.366875,kao005ppfr
11032,481.7,60.481875,kao005ppfr
11033,483.1,60.59,kao005ppfr
11034,484.6,60.69875,kao005ppfr
11035,486.0,60.8175,kao005ppfr
11036,487.4,60.943125,kao005ppfr
11037,488.9,61.066875,kao005ppfr
11038,490.3,61.193125,kao005ppfr
11039,491.7,61.316875,kao005ppfr
11040,493.1,61.440625,kao005ppfr
11041,494.5,61.56937500000001,kao005ppfr
11042,496.0,61.7,kao005ppfr
11043,497.4,61.828125,kao005ppfr
11044,498.8,61.951875,kao005ppfr
11045,500.2,62.08625,kao005ppfr
11046,501.6,62.221875,kao005ppfr
11047,503.1,62.358125,kao005ppfr
11048,504.5,62.485625,kao005ppfr
11049,505.9,62.615,kao005ppfr
11050,507.3,62.745000000000005,kao005ppfr
11051,508.7,62.870625,kao005ppfr
11052,510.1,62.999375,kao005ppfr
11053,511.6,63.134375,kao005ppfr
11054,513.0,63.266875,kao005ppfr
11055,514.4,63.39937499999999,kao005ppfr
11056,515.8,63.530625,kao005ppfr
11057,517.2,63.661875,kao005ppfr
11058,518.6,63.79062499999999,kao005ppfr
11059,520.0,63.929375,kao005ppfr
11060,521.5,64.059375,kao005ppfr
11061,522.9,64.190625,kao005ppfr
11062,524.3,64.315,kao005ppfr
11063,525.7,64.44874999999999,kao005ppfr
11064,527.1,64.585625,kao005ppfr
11065,528.5,64.73,kao005ppfr
11066,529.9,64.8725,kao005ppfr
11067,531.3,65.005,kao005ppfr
11068,532.7,65.123125,kao005ppfr
11069,534.1,65.22874999999999,kao005ppfr
11070,535.5,65.35624999999999,kao005ppfr
11071,536.9,65.480625,kao005ppfr
11072,538.3,65.5975,kao005ppfr
11073,539.7,65.709375,kao005ppfr
11074,541.1,65.83125,kao005ppfr
11075,542.5,65.948125,kao005ppfr
11076,544.0,66.053125,kao005ppfr
11077,545.3,66.1625,kao005ppfr
11078,546.8,66.266875,kao005ppfr
11079,548.2,66.371875,kao005ppfr
11080,549.5,66.465,kao005ppfr
11081,550.9,66.573125,kao005ppfr
11082,552.3,66.68062499999999,kao005ppfr
11083,553.7,66.776875,kao005ppfr
11084,555.1,66.88,kao005ppfr
11085,556.5,66.9975,kao005ppfr
11086,557.9,67.109375,kao005ppfr
11087,559.3,67.226875,kao005ppfr
11088,560.7,67.333125,kao005ppfr
11089,562.1,67.435,kao005ppfr
11090,563.5,67.533125,kao005ppfr
11091,564.9,67.62437499999999,kao005ppfr
11092,566.3,67.71187499999999,kao005ppfr
11093,567.7,67.804375,kao005ppfr
11094,569.1,67.891875,kao005ppfr
11095,570.5,67.974375,kao005ppfr
11096,571.8,68.06125,kao005ppfr
11097,573.2,68.14375,kao005ppfr
11098,574.6,68.22,kao005ppfr
11099,576.0,68.29375,kao005ppfr
11100,577.4,68.363125,kao005ppfr
11101,578.8,68.435625,kao005ppfr
11102,580.2,68.50750000000001,kao005ppfr
11103,581.5,68.565,kao005ppfr
11104,582.9,68.624375,kao005ppfr
11105,584.3,68.685625,kao005ppfr
11106,585.7,68.7425,kao005ppfr
11107,587.1,68.79124999999999,kao005ppfr
11108,588.5,68.8425,kao005ppfr
11109,589.8,68.895625,kao005ppfr
11110,591.2,68.94125,kao005ppfr
11111,592.6,68.986875,kao005ppfr
11112,594.0,69.031875,kao005ppfr
11113,595.4,69.06875,kao005ppfr
11114,596.7,69.105625,kao005ppfr
11115,598.1,69.145,kao005ppfr
11116,599.5,69.178125,kao005ppfr
11117,600.9,69.22,kao005ppfr
11118,602.2,69.25500000000001,kao005ppfr
11119,603.6,69.29124999999999,kao005ppfr
11120,605.0,69.320625,kao005ppfr
11121,606.4,69.351875,kao005ppfr
11122,607.7,69.3875,kao005ppfr
11123,609.1,69.4225,kao005ppfr
11124,610.5,69.46125,kao005ppfr
11125,611.9,69.4975,kao005ppfr
11126,613.2,69.535,kao005ppfr
11127,614.6,69.564375,kao005ppfr
11128,616.0,69.593125,kao005ppfr
11129,617.3,69.62375,kao005ppfr
11130,618.7,69.6575,kao005ppfr
11131,620.1,69.698125,kao005ppfr
11132,621.5,69.728125,kao005ppfr
11133,622.8,69.76375,kao005ppfr
11134,624.2,69.79249999999999,kao005ppfr
11135,625.5,69.82124999999999,kao005ppfr
11136,626.9,69.8475,kao005ppfr
11137,628.3,69.88,kao005ppfr
11138,629.6,69.90625,kao005ppfr
11139,631.0,69.935,kao005ppfr
11140,632.4,69.965625,kao005ppfr
11141,633.7,69.983125,kao005ppfr
11142,635.1,70.006875,kao005ppfr
11143,636.5,70.02375,kao005ppfr
11144,637.8,70.04749999999999,kao005ppfr
11145,639.2,70.06375,kao005ppfr
11146,640.5,70.08250000000001,kao005ppfr
11147,641.9,70.09875,kao005ppfr
11148,643.2,70.10875000000001,kao005ppfr
11149,644.6,70.12062499999999,kao005ppfr
11150,646.0,70.12375,kao005ppfr
11151,647.3,70.14,kao005ppfr
11152,648.7,70.15062499999999,kao005ppfr
11153,650.0,70.15875,kao005ppfr
11154,651.4,70.17625000000001,kao005ppfr
11155,652.7,70.19687499999999,kao005ppfr
11156,654.1,70.205,kao005ppfr
11157,655.4,70.216875,kao005ppfr
11158,656.8,70.22625,kao005ppfr
11159,658.1,70.240625,kao005ppfr
11160,659.5,70.25437500000001,kao005ppfr
11161,660.8,70.29125,kao005ppfr
11162,662.2,70.32749999999999,kao005ppfr
11163,663.5,70.344375,kao005ppfr
11164,664.9,70.36875,kao005ppfr
11165,666.2,70.39625,kao005ppfr
11166,667.6,70.423125,kao005ppfr
11167,668.9,70.46125,kao005ppfr
11168,670.3,70.5,kao005ppfr
11169,671.6,70.53875000000001,kao005ppfr
11170,673.0,70.59625,kao005ppfr
11171,674.3,70.65124999999999,kao005ppfr
11172,675.6,70.708125,kao005ppfr
11173,677.0,70.74812499999999,kao005ppfr
11174,678.3,70.780625,kao005ppfr
11175,679.7,70.821875,kao005ppfr
11176,681.0,70.87,kao005ppfr
11177,682.3,70.914375,kao005ppfr
11178,683.7,70.95875000000001,kao005ppfr
11179,685.0,70.99375,kao005ppfr
11180,686.4,71.04062499999999,kao005ppfr
11181,687.7,71.076875,kao005ppfr
11182,689.0,71.12187500000002,kao005ppfr
11183,690.4,71.16312500000001,kao005ppfr
11184,691.7,71.20125,kao005ppfr
11185,693.0,71.236875,kao005ppfr
11186,694.4,71.27812499999999,kao005ppfr
11187,695.7,71.31,kao005ppfr
11188,697.0,71.35125000000001,kao005ppfr
11189,698.4,71.39125,kao005ppfr
11190,699.7,71.42999999999999,kao005ppfr
11191,701.0,71.47125,kao005ppfr
11192,702.4,71.515625,kao005ppfr
11193,703.7,71.554375,kao005ppfr
11194,705.0,71.595,kao005ppfr
11195,706.3,71.62875,kao005ppfr
11196,707.7,71.66062500000001,kao005ppfr
11197,709.0,71.7,kao005ppfr
11198,710.3,71.736875,kao005ppfr
11199,711.6,71.773125,kao005ppfr
11200,713.0,71.80687499999999,kao005ppfr
11201,714.3,71.84375,kao005ppfr
11202,715.6,71.871875,kao005ppfr
11203,716.9,71.899375,kao005ppfr
11204,718.2,71.935625,kao005ppfr
11205,719.6,71.97,kao005ppfr
11206,720.9,72.008125,kao005ppfr
11207,722.2,72.033125,kao005ppfr
11208,723.5,72.06125,kao005ppfr
11209,724.8,72.08625,kao005ppfr
11210,726.2,72.10875,kao005ppfr
11211,727.5,72.14250000000001,kao005ppfr
11212,728.8,72.175625,kao005ppfr
11213,730.1,72.205625,kao005ppfr
11214,731.4,72.238125,kao005ppfr
11215,732.7,72.27,kao005ppfr
11216,734.0,72.2925,kao005ppfr
11217,735.3,72.314375,kao005ppfr
11218,736.7,72.33624999999999,kao005ppfr
11219,738.0,72.37125,kao005ppfr
11220,739.3,72.40375,kao005ppfr
11221,740.6,72.42750000000001,kao005ppfr
11222,741.9,72.44687499999999,kao005ppfr
11223,743.2,72.465,kao005ppfr
11224,744.5,72.48875,kao005ppfr
11225,745.8,72.51875000000001,kao005ppfr
11226,747.1,72.55875,kao005ppfr
11227,748.4,72.5925,kao005ppfr
11228,749.7,72.62062499999999,kao005ppfr
11229,751.0,72.63874999999999,kao005ppfr
11230,752.3,72.66375,kao005ppfr
11231,753.6,72.6875,kao005ppfr
11232,754.9,72.71000000000001,kao005ppfr
11233,756.2,72.74187500000001,kao005ppfr
11234,757.5,72.77187500000001,kao005ppfr
11235,758.8,72.78562500000001,kao005ppfr
11236,760.1,72.811875,kao005ppfr
11237,761.4,72.83625,kao005ppfr
11238,762.7,72.8625,kao005ppfr
11239,764.0,72.886875,kao005ppfr
11240,765.3,72.91,kao005ppfr
11241,766.6,72.929375,kao005ppfr
11242,767.9,72.953125,kao005ppfr
11243,769.2,72.97500000000001,kao005ppfr
11244,770.4,72.989375,kao005ppfr
11245,771.7,73.01375,kao005ppfr
11246,773.0,73.03812500000001,kao005ppfr
11247,774.3,73.05625,kao005ppfr
11248,775.6,73.0775,kao005ppfr
11249,776.9,73.094375,kao005ppfr
11250,778.2,73.11,kao005ppfr
11251,779.4,73.13,kao005ppfr
11252,780.7,73.15312499999999,kao005ppfr
11253,782.0,73.178125,kao005ppfr
11254,783.3,73.18875,kao005ppfr
11255,784.5,73.20125,kao005ppfr
11256,785.8,73.218125,kao005ppfr
11257,787.1,73.22625,kao005ppfr
11258,788.4,73.248125,kao005ppfr
11259,789.7,73.278125,kao005ppfr
11260,790.9,73.29,kao005ppfr
11261,792.2,73.3075,kao005ppfr
11262,793.5,73.321875,kao005ppfr
11263,794.8,73.33875,kao005ppfr
11264,796.0,73.35374999999999,kao005ppfr
11265,797.3,73.371875,kao005ppfr
11266,798.5,73.390625,kao005ppfr
11267,799.8,73.40375,kao005ppfr
11268,801.1,73.42124999999999,kao005ppfr
11269,802.3,73.445625,kao005ppfr
11270,803.6,73.46000000000001,kao005ppfr
11271,804.9,73.48374999999999,kao005ppfr
11272,806.1,73.49625,kao005ppfr
11273,807.4,73.5,kao005ppfr
11274,808.7,73.51624999999999,kao005ppfr
11275,809.9,73.536875,kao005ppfr
11276,811.2,73.55875,kao005ppfr
11277,812.4,73.57312499999999,kao005ppfr
11278,813.7,73.58375000000001,kao005ppfr
11279,815.0,73.598125,kao005ppfr
11280,816.2,73.604375,kao005ppfr
11281,817.5,73.61625000000001,kao005ppfr
11282,818.7,73.638125,kao005ppfr
11283,820.0,73.6525,kao005ppfr
11284,821.2,73.66749999999999,kao005ppfr
11285,822.5,73.6825,kao005ppfr
11286,823.7,73.689375,kao005ppfr
11287,825.0,73.69749999999999,kao005ppfr
11288,826.2,73.715625,kao005ppfr
11289,827.5,73.72875,kao005ppfr
11290,828.7,73.74375,kao005ppfr
11291,829.9,73.75687500000001,kao005ppfr
11292,831.2,73.75,kao005ppfr
11293,832.4,73.7675,kao005ppfr
11294,833.7,73.77437499999999,kao005ppfr
11295,834.9,73.791875,kao005ppfr
11296,836.1,73.80375,kao005ppfr
11297,837.4,73.8175,kao005ppfr
11298,838.6,73.81937500000001,kao005ppfr
11299,839.8,73.83500000000001,kao005ppfr
11300,841.1,73.84375,kao005ppfr
11301,842.3,73.846875,kao005ppfr
11302,843.5,73.866875,kao005ppfr
11303,844.8,73.88,kao005ppfr
11304,846.0,73.88125,kao005ppfr
11305,847.2,73.8825,kao005ppfr
11306,848.5,73.891875,kao005ppfr
11307,849.7,73.90687499999999,kao005ppfr
11308,850.9,73.905,kao005ppfr
11309,852.2,73.92125,kao005ppfr
11310,853.4,73.94,kao005ppfr
11311,854.6,73.950625,kao005ppfr
11312,855.8,73.96812499999999,kao005ppfr
11313,857.0,73.958125,kao005ppfr
11314,858.3,73.96000000000001,kao005ppfr
11315,859.5,73.95500000000001,kao005ppfr
11316,860.7,73.97687499999999,kao005ppfr
11317,861.9,73.991875,kao005ppfr
11318,863.1,74.01375,kao005ppfr
11319,864.3,74.03,kao005ppfr
11320,865.5,74.021875,kao005ppfr
11321,866.8,74.025625,kao005ppfr
11322,868.0,74.01875,kao005ppfr
11323,869.2,74.02625,kao005ppfr
11324,870.4,74.05375000000001,kao005ppfr
11325,871.6,74.054375,kao005ppfr
11326,872.8,74.05875,kao005ppfr
11327,874.0,74.06625,kao005ppfr
11328,875.2,74.06937500000001,kao005ppfr
11329,876.4,74.08375000000001,kao005ppfr
11330,877.6,74.084375,kao005ppfr
11331,878.8,74.090625,kao005ppfr
11332,880.0,74.1225,kao005ppfr
11333,881.2,74.128125,kao005ppfr
11334,882.4,74.128125,kao005ppfr
11335,883.6,74.124375,kao005ppfr
11336,884.8,74.148125,kao005ppfr
11337,886.0,74.14687500000001,kao005ppfr
11338,887.2,74.17124999999999,kao005ppfr
11339,888.4,74.158125,kao005ppfr
11340,889.6,74.17500000000001,kao005ppfr
11341,890.8,74.16625,kao005ppfr
11342,892.0,74.19999999999999,kao005ppfr
11343,893.2,74.19125,kao005ppfr
11344,894.3,74.209375,kao005ppfr
11345,895.5,74.22687499999999,kao005ppfr
11346,896.7,74.22125,kao005ppfr
11347,897.9,74.236875,kao005ppfr
11348,899.1,74.243125,kao005ppfr
11349,900.3,74.23749999999998,kao005ppfr
11350,901.5,74.243125,kao005ppfr
11351,902.6,74.26500000000001,kao005ppfr
11352,903.8,74.26124999999999,kao005ppfr
11353,905.0,74.27250000000001,kao005ppfr
11354,906.2,74.278125,kao005ppfr
11355,907.4,74.275,kao005ppfr
11356,908.5,74.25,kao005ppfr
11357,909.7,74.264375,kao005ppfr
11358,910.9,74.26249999999999,kao005ppfr
11359,912.1,74.2875,kao005ppfr
11360,913.2,74.28187500000001,kao005ppfr
11361,914.4,74.27875,kao005ppfr
11362,915.6,74.281875,kao005ppfr
11363,916.8,74.296875,kao005ppfr
11364,917.9,74.31375,kao005ppfr
11365,919.1,74.33625,kao005ppfr
11366,920.2,74.370625,kao005ppfr
11367,921.4,74.35062500000001,kao005ppfr
11368,922.6,74.35374999999999,kao005ppfr
11369,923.8,74.359375,kao005ppfr
11370,924.9,74.358125,kao005ppfr
11371,926.1,74.393125,kao005ppfr
11372,927.2,74.408125,kao005ppfr
11373,928.4,74.40062499999999,kao005ppfr
11374,929.6,74.386875,kao005ppfr
11375,930.7,74.36499999999998,kao005ppfr
11376,931.9,74.3625,kao005ppfr
11377,933.0,74.3775,kao005ppfr
11378,934.2,74.41125,kao005ppfr
11379,935.3,74.448125,kao005ppfr
11380,936.5,74.42375000000001,kao005ppfr
11381,937.7,74.4125,kao005ppfr
11382,938.8,74.36125,kao005ppfr
11383,940.0,74.36687500000001,kao005ppfr
11384,941.1,74.40625,kao005ppfr
11385,942.3,74.439375,kao005ppfr
11386,943.4,74.44062500000001,kao005ppfr
11387,944.6,74.41875,kao005ppfr
11388,945.7,74.38187500000001,kao005ppfr
11389,946.9,74.365625,kao005ppfr
11390,948.0,74.3475,kao005ppfr
11391,949.2,74.3675,kao005ppfr
11392,950.3,74.364375,kao005ppfr
11393,951.5,74.34062499999999,kao005ppfr
11394,952.6,74.304375,kao005ppfr
11395,953.8,74.30812499999999,kao005ppfr
11396,954.9,74.31937500000001,kao005ppfr
11397,956.1,74.33125,kao005ppfr
11398,957.2,74.36937499999999,kao005ppfr
11399,958.3,74.35374999999999,kao005ppfr
11400,959.5,74.365625,kao005ppfr
11401,960.6,74.30125,kao005ppfr
11402,961.8,74.293125,kao005ppfr
11403,962.9,74.343125,kao005ppfr
11404,964.1,74.269375,kao005ppfr
11405,965.2,74.11500000000001,kao005ppfr
11406,966.3,74.00375000000001,kao005ppfr
11407,967.5,73.98875000000001,kao005ppfr
11408,968.6,74.1,kao005ppfr
11409,969.8,74.3325,kao005ppfr
11410,970.9,74.51124999999999,kao005ppfr
11411,972.1,74.618125,kao005ppfr
11412,973.2,74.63062500000001,kao005ppfr
11413,974.3,74.76499999999999,kao005ppfr
11414,975.5,74.706875,kao005ppfr
11415,976.6,74.74375,kao005ppfr
11416,977.8,74.74625,kao005ppfr
11417,978.9,74.78125,kao005ppfr
11418,980.0,74.7825,kao005ppfr
11419,981.2,74.851875,kao005ppfr
11420,982.3,74.77875,kao005ppfr
11421,983.5,74.92375,kao005ppfr
11422,984.6,74.8575,kao005ppfr
11423,985.7,74.925,kao005ppfr
11424,986.9,74.77875,kao005ppfr
11425,988.0,74.81,kao005ppfr
11426,989.1,74.77687499999999,kao005ppfr
11427,992.0,74.979375,kao005ppfr
11428,995.9,75.023125,kao005ppfr
11429,999.7,75.044375,kao005ppfr
11430,1003.6,75.074375,kao005ppfr
11431,1007.4,75.1225,kao005ppfr
11432,1011.3,75.14750000000001,kao005ppfr
11433,1015.1,75.185,kao005ppfr
11434,1019.0,75.21124999999999,kao005ppfr
11435,1022.8,75.239375,kao005ppfr
11436,1026.7,75.25999999999999,kao005ppfr
11437,1030.5,75.29125,kao005ppfr
11438,1034.4,75.2975,kao005ppfr
11439,1038.2,75.33437500000001,kao005ppfr
11440,1042.1,75.3775,kao005ppfr
11441,1045.9,75.39250000000001,kao005ppfr
11442,1049.7,75.425625,kao005ppfr
11443,1053.6,75.4125,kao005ppfr
11444,1057.4,75.47375000000001,kao005ppfr
11445,1061.2,75.48625,kao005ppfr
11446,1065.1,75.494375,kao005ppfr
11447,1068.9,75.539375,kao005ppfr
11448,1072.7,75.574375,kao005ppfr
11449,1076.6,75.56312500000001,kao005ppfr
11450,1080.4,75.57625,kao005ppfr
11451,1084.2,75.61375000000001,kao005ppfr
11452,1088.0,75.64875,kao005ppfr
11453,1091.8,75.6625,kao005ppfr
11454,1095.7,75.70249999999999,kao005ppfr
11455,1099.5,75.721875,kao005ppfr
11456,1103.3,75.725,kao005ppfr
11457,1107.1,75.7325,kao005ppfr
11458,1110.9,75.73750000000001,kao005ppfr
11459,1114.8,75.765,kao005ppfr
11460,1118.6,75.77437499999999,kao005ppfr
11461,1122.4,75.825625,kao005ppfr
11462,1126.2,75.85875,kao005ppfr
11463,1130.0,75.851875,kao005ppfr
11464,1133.8,75.83500000000001,kao005ppfr
11465,1137.6,75.848125,kao005ppfr
11466,1141.4,75.856875,kao005ppfr
11467,1145.2,75.85125000000001,kao005ppfr
11468,1149.0,75.85062500000001,kao005ppfr
11469,1152.8,75.869375,kao005ppfr
11470,1156.6,75.89125,kao005ppfr
11471,1160.4,75.9025,kao005ppfr
11472,1164.2,75.94874999999999,kao005ppfr
11473,1168.0,75.96625,kao005ppfr
11474,1171.8,76.029375,kao005ppfr
11475,1175.6,76.05687499999999,kao005ppfr
11476,1179.4,76.085625,kao005ppfr
11477,1183.2,76.091875,kao005ppfr
11478,1187.0,76.105625,kao005ppfr
11479,1190.7,76.13125,kao005ppfr
11480,1194.5,76.12625,kao005ppfr
11481,1198.3,76.14625,kao005ppfr
11482,1202.1,76.1125,kao005ppfr
11483,1205.9,76.063125,kao005ppfr
11484,1209.7,76.06562500000001,kao005ppfr
11485,1213.4,76.03,kao005ppfr
11486,1217.2,75.99125000000001,kao005ppfr
11487,1221.0,75.95500000000001,kao005ppfr
11488,1224.8,75.896875,kao005ppfr
11489,1228.5,75.83749999999999,kao005ppfr
11490,1232.3,75.790625,kao005ppfr
11491,1236.1,75.761875,kao005ppfr
11492,1239.8,75.733125,kao005ppfr
11493,1243.6,75.81,kao005ppfr
11494,1247.4,75.87062499999999,kao005ppfr
11495,1251.1,75.896875,kao005ppfr
11496,1254.9,75.971875,kao005ppfr
11497,1258.7,76.02625,kao005ppfr
11498,1262.4,76.05375000000001,kao005ppfr
11499,1266.2,76.044375,kao005ppfr
11500,1269.9,76.028125,kao005ppfr
11501,1273.7,76.01124999999999,kao005ppfr
11502,1277.4,75.97,kao005ppfr
11503,1281.2,75.886875,kao005ppfr
11504,1284.9,75.701875,kao005ppfr
11505,1288.7,75.579375,kao005ppfr
11506,1292.4,75.396875,kao005ppfr
11507,1296.2,75.28625,kao005ppfr
11508,1299.9,75.1325,kao005ppfr
11509,1303.7,75.015625,kao005ppfr
11510,1307.4,74.908125,kao005ppfr
11511,1311.2,74.83687499999999,kao005ppfr
11512,1314.9,74.7475,kao005ppfr
11513,1318.7,74.658125,kao005ppfr
11514,1322.4,74.52812499999999,kao005ppfr
11515,1326.1,74.43562499999999,kao005ppfr
11516,1329.9,74.36625000000001,kao005ppfr
11517,1333.6,74.31062499999999,kao005ppfr
11518,1337.3,74.29375000000002,kao005ppfr
11519,1341.1,74.215,kao005ppfr
11520,1344.8,73.9625,kao005ppfr
11521,1348.5,73.53875,kao005ppfr
11522,1352.2,73.07000000000001,kao005ppfr
11523,1356.0,72.706875,kao005ppfr
11524,1359.7,72.554375,kao005ppfr
11525,1363.4,72.463125,kao005ppfr
11526,1367.1,72.423125,kao005ppfr
11527,1370.8,72.150625,kao005ppfr
11528,1374.6,71.648125,kao005ppfr
11529,1378.3,70.870625,kao005ppfr
11530,1382.0,69.7475,kao005ppfr
11531,1385.7,68.16375,kao005ppfr
11532,1389.4,66.4625,kao005ppfr
11533,1393.1,65.255625,kao005ppfr
11534,1396.8,64.7775,kao005ppfr
11535,1400.5,64.9975,kao005ppfr
11536,1404.2,65.113125,kao005ppfr
11537,1407.9,64.08,kao005ppfr
11538,1411.7,64.009375,kao005ppfr
11539,1415.4,65.091875,kao005ppfr
11540,1419.1,67.92875,kao005ppfr
11541,1422.8,70.57125,kao005ppfr
11542,1426.4,72.16375,kao005ppfr
11543,1430.2,73.154375,kao005ppfr
11544,1433.8,73.79374999999999,kao005ppfr
11545,1437.5,74.205625,kao005ppfr
11546,1441.2,74.446875,kao005ppfr
11547,1444.9,74.62625,kao005ppfr
11548,1448.6,74.75,kao005ppfr
11549,1452.3,74.8725,kao005ppfr
11550,1456.0,74.95687500000001,kao005ppfr
11551,1459.7,75.060625,kao005ppfr
11552,1463.3,75.07,kao005ppfr
11553,1467.0,75.18625,kao005ppfr
11554,1470.7,75.226875,kao005ppfr
11555,1474.4,75.29374999999999,kao005ppfr
11556,1478.1,75.33250000000001,kao005ppfr
11557,1481.7,75.440625,kao005ppfr
11558,1485.4,75.49562499999999,kao005ppfr
11559,1489.1,75.53375,kao005ppfr
11560,1492.8,75.568125,kao005ppfr
11561,1496.4,75.62062499999999,kao005ppfr
11562,1500.1,75.68062499999999,kao005ppfr
11563,1503.8,75.73125,kao005ppfr
11564,1507.4,75.7775,kao005ppfr
11565,1511.1,75.824375,kao005ppfr
11566,1514.7,75.873125,kao005ppfr
11567,1518.4,75.9075,kao005ppfr
11568,1522.1,75.92750000000001,kao005ppfr
11569,1525.7,75.95875000000001,kao005ppfr
11570,1529.4,75.981875,kao005ppfr
11571,1533.0,76.00437500000001,kao005ppfr
11572,1536.7,76.02625,kao005ppfr
11573,1540.3,76.0375,kao005ppfr
11574,1544.0,76.0675,kao005ppfr
11575,1547.6,76.084375,kao005ppfr
11576,1551.3,76.1125,kao005ppfr
11577,1554.9,76.141875,kao005ppfr
11578,1558.6,76.141875,kao005ppfr
11579,1562.2,76.17125,kao005ppfr
11580,1565.8,76.18375,kao005ppfr
11581,1569.5,76.2,kao005ppfr
11582,1573.1,76.22250000000001,kao005ppfr
11583,1576.8,76.22500000000001,kao005ppfr
11584,1580.4,76.238125,kao005ppfr
11585,1584.0,76.24624999999999,kao005ppfr
11586,1587.7,76.27812499999999,kao005ppfr
11587,1591.3,76.2925,kao005ppfr
11588,1594.9,76.300625,kao005ppfr
11589,1598.5,76.306875,kao005ppfr
11590,1602.2,76.32499999999999,kao005ppfr
11591,1605.8,76.31125,kao005ppfr
11592,1609.4,76.340625,kao005ppfr
11593,1613.0,76.34562500000001,kao005ppfr
11594,1616.7,76.35750000000002,kao005ppfr
11595,1620.3,76.35750000000002,kao005ppfr
11596,1623.9,76.34875,kao005ppfr
11597,1627.5,76.363125,kao005ppfr
11598,1631.1,76.35874999999999,kao005ppfr
11599,1634.7,76.36875,kao005ppfr
11600,1638.3,76.38874999999999,kao005ppfr
11601,1641.9,76.4025,kao005ppfr
11602,1645.6,76.4,kao005ppfr
11603,1649.2,76.418125,kao005ppfr
11604,1652.8,76.43562500000002,kao005ppfr
11605,1656.4,76.419375,kao005ppfr
11606,1660.0,76.42750000000001,kao005ppfr
11607,1663.6,76.431875,kao005ppfr
11608,1667.2,76.41,kao005ppfr
11609,1670.8,76.424375,kao005ppfr
11610,1674.4,76.41312500000001,kao005ppfr
11611,1678.0,76.4,kao005ppfr
11612,1681.6,76.36375,kao005ppfr
11613,1685.1,76.3575,kao005ppfr
11614,1688.7,76.34375,kao005ppfr
11615,1692.3,76.313125,kao005ppfr
11616,1695.9,76.269375,kao005ppfr
11617,1699.5,76.228125,kao005ppfr
11618,1703.1,76.17625000000001,kao005ppfr
11619,1706.7,76.14,kao005ppfr
11620,1710.2,76.076875,kao005ppfr
11621,1713.8,75.995,kao005ppfr
11622,1717.4,75.924375,kao005ppfr
11623,1721.0,75.78812500000001,kao005ppfr
11624,1724.5,75.674375,kao005ppfr
11625,1728.1,75.56812500000001,kao005ppfr
11626,1731.7,75.58375000000001,kao005ppfr
11627,1735.2,75.60624999999999,kao005ppfr
11628,1738.8,75.63062500000001,kao005ppfr
11629,1742.4,75.6575,kao005ppfr
11630,1745.9,75.66000000000001,kao005ppfr
11631,1749.5,75.6525,kao005ppfr
11632,1753.1,75.58125,kao005ppfr
11633,1756.6,75.49125,kao005ppfr
11634,1760.2,75.38125,kao005ppfr
11635,1763.8,75.35874999999999,kao005ppfr
11636,1767.3,75.30937499999999,kao005ppfr
11637,1770.9,75.28125,kao005ppfr
11638,1774.4,75.263125,kao005ppfr
11639,1778.0,75.20875000000001,kao005ppfr
11640,1781.5,75.16625,kao005ppfr
11641,1785.1,75.09625000000001,kao005ppfr
11642,1788.6,75.03812500000001,kao005ppfr
11643,1792.1,75.00125,kao005ppfr
11644,1795.7,74.954375,kao005ppfr
11645,1799.2,74.926875,kao005ppfr
11646,1802.8,74.851875,kao005ppfr
11647,1806.3,74.82249999999999,kao005ppfr
11648,1809.8,74.771875,kao005ppfr
11649,1813.4,74.685,kao005ppfr
11650,1816.9,74.67125,kao005ppfr
11651,1820.4,74.62375,kao005ppfr
11652,1824.0,74.72375,kao005ppfr
11653,1827.5,74.78,kao005ppfr
11654,1831.0,74.82125,kao005ppfr
11655,1834.6,74.80000000000001,kao005ppfr
11656,1838.1,74.75625,kao005ppfr
11657,1841.6,74.74125000000001,kao005ppfr
11658,1845.1,74.83375,kao005ppfr
11659,1848.6,74.98875,kao005ppfr
11660,1852.2,75.134375,kao005ppfr
11661,1855.7,75.206875,kao005ppfr
11662,1859.2,75.261875,kao005ppfr
11663,1862.7,75.215,kao005ppfr
11664,1866.2,75.0775,kao005ppfr
11665,1869.7,74.876875,kao005ppfr
11666,1873.2,74.681875,kao005ppfr
11667,1876.7,74.480625,kao005ppfr
11668,1880.2,74.25937499999999,kao005ppfr
11669,1883.7,73.96937500000001,kao005ppfr
11670,1887.2,73.61625000000001,kao005ppfr
11671,1890.7,73.189375,kao005ppfr
11672,1894.2,72.74000000000001,kao005ppfr
11673,1897.7,72.238125,kao005ppfr
11674,1902.7,71.423125,kao005ppfr
11675,1905.5,71.09687500000001,kao005ppfr
11676,1908.2,70.84375,kao005ppfr
11677,1911.0,70.690625,kao005ppfr
11678,1913.7,70.655625,kao005ppfr
11679,1916.5,70.573125,kao005ppfr
11680,1919.2,70.465625,kao005ppfr
11681,1921.9,70.40625,kao005ppfr
11682,1924.7,70.39625,kao005ppfr
11683,1927.4,70.386875,kao005ppfr
11684,1930.1,70.37375,kao005ppfr
11685,1932.9,70.344375,kao005ppfr
11686,1935.6,70.30875,kao005ppfr
11687,1938.3,70.293125,kao005ppfr
11688,1941.0,70.32124999999999,kao005ppfr
11689,1943.7,70.375,kao005ppfr
11690,1946.4,70.435,kao005ppfr
11691,1949.2,70.51625,kao005ppfr
11692,1951.9,70.610625,kao005ppfr
11693,1954.6,70.7225,kao005ppfr
11694,1957.3,70.813125,kao005ppfr
11695,1960.0,70.91062500000001,kao005ppfr
11696,1962.7,71.03875,kao005ppfr
11697,1965.4,71.14875,kao005ppfr
11698,1968.1,71.24375,kao005ppfr
11699,1970.7,71.36937499999999,kao005ppfr
11700,1973.4,71.49499999999999,kao005ppfr
11701,1976.1,71.606875,kao005ppfr
11702,1978.8,71.70625000000001,kao005ppfr
11703,1981.5,71.8275,kao005ppfr
11704,1984.1,71.95875000000001,kao005ppfr
11705,1986.8,72.09,kao005ppfr
11706,1989.5,72.219375,kao005ppfr
11707,1992.1,72.331875,kao005ppfr
11708,1994.8,72.44187500000001,kao005ppfr
11709,1997.5,72.5475,kao005ppfr
11710,2000.1,72.64250000000001,kao005ppfr
11711,2002.8,72.765,kao005ppfr
11712,2005.4,72.88187500000001,kao005ppfr
11713,2008.1,72.99249999999999,kao005ppfr
11714,2010.7,73.128125,kao005ppfr
11715,2013.4,73.23500000000001,kao005ppfr
11716,2016.0,73.3175,kao005ppfr
11717,2018.6,73.399375,kao005ppfr
11718,2021.3,73.466875,kao005ppfr
11719,2023.9,73.54874999999998,kao005ppfr
11720,2026.5,73.6225,kao005ppfr
11721,2029.2,73.686875,kao005ppfr
11722,2031.8,73.745,kao005ppfr
11723,2034.4,73.80875,kao005ppfr
11724,2037.0,73.86937499999999,kao005ppfr
11725,2039.7,73.9075,kao005ppfr
11726,2042.3,73.9075,kao005ppfr
11727,2044.9,73.90875,kao005ppfr
11728,2047.5,73.91999999999999,kao005ppfr
11729,2050.1,73.959375,kao005ppfr
11730,2052.7,73.96062500000001,kao005ppfr
11731,2055.3,73.94437500000001,kao005ppfr
11732,2057.9,73.934375,kao005ppfr
11733,2060.5,73.916875,kao005ppfr
11734,2063.1,73.87812500000001,kao005ppfr
11735,2065.7,73.804375,kao005ppfr
11736,2068.3,73.706875,kao005ppfr
11737,2070.9,73.6075,kao005ppfr
11738,2073.4,73.545625,kao005ppfr
11739,2076.0,73.488125,kao005ppfr
11740,2078.6,73.398125,kao005ppfr
11741,2081.2,73.27375,kao005ppfr
11742,2083.7,73.17500000000001,kao005ppfr
11743,2086.3,73.060625,kao005ppfr
11744,2088.9,72.96375,kao005ppfr
11745,2091.4,72.91187500000001,kao005ppfr
11746,2094.0,72.85062500000001,kao005ppfr
11747,2096.6,72.81,kao005ppfr
11748,2099.1,72.770625,kao005ppfr
11749,2101.6,72.66,kao005ppfr
11750,2104.2,72.47062499999998,kao005ppfr
11751,2106.8,72.245,kao005ppfr
11752,2109.3,72.02437499999999,kao005ppfr
11753,2111.8,71.875625,kao005ppfr
11754,2114.4,71.770625,kao005ppfr
11755,2116.9,71.70875,kao005ppfr
11756,2119.4,71.645,kao005ppfr
11757,2122.0,71.561875,kao005ppfr
11758,2124.5,71.4175,kao005ppfr
11759,2127.0,71.246875,kao005ppfr
11760,2129.6,70.97500000000001,kao005ppfr
11761,2132.1,70.594375,kao005ppfr
11762,2134.6,70.08625,kao005ppfr
11763,2137.1,69.4225,kao005ppfr
11764,2139.6,68.596875,kao005ppfr
11765,2142.1,67.54875,kao005ppfr
11766,2144.6,66.33562500000001,kao005ppfr
11767,2147.1,65.09125,kao005ppfr
11768,2149.6,63.8675,kao005ppfr
11769,2152.1,62.725,kao005ppfr
11770,2154.6,61.718125,kao005ppfr
11771,2157.1,60.90125,kao005ppfr
11772,2159.6,60.2775,kao005ppfr
11773,2162.1,59.85125,kao005ppfr
11774,2164.6,59.639375,kao005ppfr
11775,2167.1,59.5225,kao005ppfr
11776,2169.6,59.459375,kao005ppfr
11777,2172.0,59.471875,kao005ppfr
11778,2174.5,59.484375,kao005ppfr
11779,2177.0,59.4425,kao005ppfr
11780,2179.4,59.316875,kao005ppfr
11781,2181.9,59.0875,kao005ppfr
11782,2184.4,58.74875,kao005ppfr
11783,2186.8,58.31625,kao005ppfr
11784,2189.3,57.870000000000005,kao005ppfr
11785,2191.7,57.41625,kao005ppfr
11786,2194.2,56.86125,kao005ppfr
11787,2196.6,56.06125,kao005ppfr
11788,2199.1,54.939375,kao005ppfr
11789,2201.5,53.609375,kao005ppfr
11790,2204.0,52.480625,kao005ppfr
11791,2206.4,52.185,kao005ppfr
11792,2208.9,52.92875,kao005ppfr
11793,2211.3,54.42875,kao005ppfr
11794,2213.7,56.21375,kao005ppfr
11795,2216.1,57.97125,kao005ppfr
11796,2218.6,59.53625,kao005ppfr
11797,2221.0,60.85375,kao005ppfr
11798,2223.4,61.90375,kao005ppfr
11799,2225.8,62.741875,kao005ppfr
11800,2228.2,63.33,kao005ppfr
11801,2230.6,63.751250000000006,kao005ppfr
11802,2233.1,64.061875,kao005ppfr
11803,2235.5,64.268125,kao005ppfr
11804,2237.9,64.4425,kao005ppfr
11805,2240.3,64.601875,kao005ppfr
11806,2242.7,64.71125,kao005ppfr
11807,2245.1,64.785,kao005ppfr
11808,2247.5,64.831875,kao005ppfr
11809,2249.9,64.833125,kao005ppfr
11810,2252.2,64.813125,kao005ppfr
11811,2254.6,64.73750000000001,kao005ppfr
11812,2257.0,64.636875,kao005ppfr
11813,2259.4,64.52375,kao005ppfr
11814,2261.8,64.400625,kao005ppfr
11815,2264.1,64.27625,kao005ppfr
11816,2266.5,64.13875,kao005ppfr
11817,2268.9,63.935,kao005ppfr
11818,2271.2,63.69,kao005ppfr
11819,2273.6,63.475625,kao005ppfr
11820,2276.0,63.2725,kao005ppfr
11821,2278.3,63.050625,kao005ppfr
11822,2280.7,62.822500000000005,kao005ppfr
11823,2283.0,62.625625,kao005ppfr
11824,2285.4,62.432500000000005,kao005ppfr
11825,2287.7,62.25,kao005ppfr
11826,2290.1,62.06,kao005ppfr
11827,2292.4,61.844375,kao005ppfr
11828,2294.8,61.641875,kao005ppfr
11829,2297.1,61.428125,kao005ppfr
11830,2299.4,61.19125,kao005ppfr
11831,2301.8,60.893125,kao005ppfr
11832,2304.1,60.589375,kao005ppfr
11833,2306.4,60.311875,kao005ppfr
11834,2308.7,60.045625,kao005ppfr
11835,2311.1,59.850625,kao005ppfr
11836,2313.4,59.710625,kao005ppfr
11837,2315.7,59.61625,kao005ppfr
11838,2318.0,59.544375,kao005ppfr
11839,2320.3,59.51625,kao005ppfr
11840,2322.6,59.528125,kao005ppfr
11841,2324.9,59.578125,kao005ppfr
11842,2327.2,59.65875,kao005ppfr
11843,2329.5,59.758125,kao005ppfr
11844,2331.8,59.873125,kao005ppfr
11845,2334.1,59.94437500000001,kao005ppfr
11846,2336.4,59.928125,kao005ppfr
11847,2338.7,59.855625,kao005ppfr
11848,2341.0,59.706875,kao005ppfr
11849,2343.2,59.511875,kao005ppfr
11850,2345.5,59.25749999999999,kao005ppfr
11851,2347.8,59.015625,kao005ppfr
11852,2350.1,58.800625,kao005ppfr
11853,2352.4,58.635000000000005,kao005ppfr
11854,2354.6,58.47125,kao005ppfr
11855,2356.9,58.378125,kao005ppfr
11856,2359.1,58.334375,kao005ppfr
11857,2361.4,58.346875,kao005ppfr
11858,2363.7,58.31125,kao005ppfr
11859,2365.9,58.188125,kao005ppfr
11860,2368.2,58.01625,kao005ppfr
11861,2370.4,57.763125,kao005ppfr
11862,2372.7,57.48875,kao005ppfr
11863,2374.9,57.22625,kao005ppfr
11864,2377.2,56.995000000000005,kao005ppfr
11865,2379.4,56.81625,kao005ppfr
11866,2381.6,56.739375,kao005ppfr
11867,2383.9,56.739375,kao005ppfr
11868,2386.1,56.82375,kao005ppfr
11869,2388.3,57.00812500000001,kao005ppfr
11870,2390.6,57.23,kao005ppfr
11871,2392.8,57.43875,kao005ppfr
11872,2395.0,57.65875,kao005ppfr
11873,2397.2,57.895625,kao005ppfr
11874,2399.4,58.106875,kao005ppfr
11875,2401.6,58.2375,kao005ppfr
11876,2403.9,58.2625,kao005ppfr
11877,2406.1,58.25875,kao005ppfr
11878,2408.3,58.27125,kao005ppfr
11879,2410.5,58.21875,kao005ppfr
11880,2412.7,58.071250000000006,kao005ppfr
11881,2414.9,57.938125,kao005ppfr
11882,2417.1,57.795625,kao005ppfr
11883,2419.2,57.63,kao005ppfr
11884,2421.4,57.408750000000005,kao005ppfr
11885,2423.6,57.151250000000005,kao005ppfr
11886,2425.8,56.900625000000005,kao005ppfr
11887,2428.0,56.60000000000001,kao005ppfr
11888,2430.2,56.248125,kao005ppfr
11889,2432.3,55.895,kao005ppfr
11890,2434.5,55.526875,kao005ppfr
11891,2436.7,55.171875,kao005ppfr
11892,2438.8,54.84,kao005ppfr
11893,2441.0,54.538125,kao005ppfr
11894,2443.2,54.273125,kao005ppfr
11895,2445.3,54.030625,kao005ppfr
11896,2447.5,53.81375,kao005ppfr
11897,2449.6,53.674375,kao005ppfr
11898,2451.8,53.5625,kao005ppfr
11899,2453.9,53.4275,kao005ppfr
11900,2456.1,53.2925,kao005ppfr
11901,2458.2,53.186875,kao005ppfr
11902,2460.4,53.1075,kao005ppfr
11903,2462.5,53.02125,kao005ppfr
11904,2464.6,52.93875,kao005ppfr
11905,2466.8,52.868125,kao005ppfr
11906,2468.9,52.7875,kao005ppfr
11907,2471.0,52.69375,kao005ppfr
11908,2473.1,52.56875,kao005ppfr
11909,2475.2,52.400625000000005,kao005ppfr
11910,2477.4,52.169375,kao005ppfr
11911,2479.5,51.955625,kao005ppfr
11912,2481.6,51.77,kao005ppfr
11913,2483.7,51.53,kao005ppfr
11914,2485.8,51.320625,kao005ppfr
11915,2487.9,51.14375,kao005ppfr
11916,2490.0,51.00625,kao005ppfr
11917,2492.1,50.905,kao005ppfr
11918,2494.2,50.85187500000001,kao005ppfr
11919,2496.3,50.831875,kao005ppfr
11920,2498.4,50.822500000000005,kao005ppfr
11921,2500.5,50.815,kao005ppfr
11922,2502.6,50.74125,kao005ppfr
11923,2504.7,50.755,kao005ppfr
11924,2506.7,50.750625,kao005ppfr
11925,2508.8,50.713750000000005,kao005ppfr
11926,2510.9,50.735,kao005ppfr
11927,2513.0,50.833125,kao005ppfr
11928,339.3,34.774736842105256,kao5ck
11929,340.8,33.25894736842105,kao5ck
11930,342.3,32.37052631578948,kao5ck
11931,343.7,31.83789473684211,kao5ck
11932,345.2,30.928947368421053,kao5ck
11933,346.7,30.664736842105263,kao5ck
11934,348.1,29.56947368421052,kao5ck
11935,349.6,29.152105263157893,kao5ck
11936,351.1,28.408421052631574,kao5ck
11937,352.5,28.247368421052634,kao5ck
11938,354.0,27.94526315789474,kao5ck
11939,355.5,27.775263157894734,kao5ck
11940,357.0,27.639473684210525,kao5ck
11941,358.4,27.411578947368422,kao5ck
11942,359.9,27.276315789473685,kao5ck
11943,361.4,27.30684210526316,kao5ck
11944,362.8,27.11684210526316,kao5ck
11945,364.3,27.25263157894737,kao5ck
11946,365.8,27.29421052631579,kao5ck
11947,367.2,27.37736842105263,kao5ck
11948,368.7,27.55263157894737,kao5ck
11949,370.1,27.568947368421057,kao5ck
11950,371.6,27.648947368421048,kao5ck
11951,373.1,27.82210526315789,kao5ck
11952,374.5,27.86263157894737,kao5ck
11953,376.0,28.129473684210524,kao5ck
11954,377.5,28.25315789473684,kao5ck
11955,378.9,28.32842105263158,kao5ck
11956,380.4,28.49473684210526,kao5ck
11957,381.9,28.51473684210526,kao5ck
11958,383.3,28.751578947368422,kao5ck
11959,384.8,28.852631578947364,kao5ck
11960,386.2,29.095789473684214,kao5ck
11961,387.7,29.238421052631576,kao5ck
11962,389.2,29.28,kao5ck
11963,390.6,29.40368421052632,kao5ck
11964,392.1,29.45578947368421,kao5ck
11965,393.6,29.55,kao5ck
11966,395.0,29.738421052631576,kao5ck
11967,396.5,29.856842105263155,kao5ck
11968,397.9,29.98526315789474,kao5ck
11969,399.4,30.081052631578945,kao5ck
11970,400.9,30.164210526315788,kao5ck
11971,402.3,30.29578947368421,kao5ck
11972,403.8,30.41631578947369,kao5ck
11973,405.2,30.54421052631579,kao5ck
11974,406.7,30.723157894736843,kao5ck
11975,408.1,30.811578947368425,kao5ck
11976,409.6,30.935789473684213,kao5ck
11977,411.1,31.06368421052632,kao5ck
11978,412.5,31.24473684210527,kao5ck
11979,414.0,31.39684210526316,kao5ck
11980,415.4,31.589473684210528,kao5ck
11981,416.9,31.75894736842105,kao5ck
11982,418.3,31.93526315789474,kao5ck
11983,419.8,32.12263157894737,kao5ck
11984,421.2,32.26894736842105,kao5ck
11985,422.7,32.47894736842105,kao5ck
11986,424.1,32.666842105263164,kao5ck
11987,425.6,32.87842105263159,kao5ck
11988,427.0,33.095263157894735,kao5ck
11989,428.5,33.30263157894737,kao5ck
11990,429.9,33.50105263157894,kao5ck
11991,431.4,33.69684210526315,kao5ck
11992,432.8,33.90210526315789,kao5ck
11993,434.3,34.11736842105264,kao5ck
11994,435.7,34.34736842105264,kao5ck
11995,437.2,34.57,kao5ck
11996,438.6,34.76842105263158,kao5ck
11997,440.1,34.981578947368426,kao5ck
11998,441.5,35.16526315789473,kao5ck
11999,443.0,35.36,kao5ck
12000,444.4,35.57684210526316,kao5ck
12001,445.8,35.78578947368421,kao5ck
12002,447.3,35.98842105263158,kao5ck
12003,448.7,36.19263157894736,kao5ck
12004,450.2,36.38105263157895,kao5ck
12005,451.6,36.58210526315789,kao5ck
12006,453.0,36.76631578947369,kao5ck
12007,454.5,36.9721052631579,kao5ck
12008,455.9,37.15842105263158,kao5ck
12009,457.4,37.33631578947369,kao5ck
12010,458.8,37.516842105263166,kao5ck
12011,460.2,37.6978947368421,kao5ck
12012,461.7,37.86842105263158,kao5ck
12013,463.1,38.02894736842106,kao5ck
12014,464.5,38.19157894736842,kao5ck
12015,466.0,38.35947368421053,kao5ck
12016,467.4,38.51315789473684,kao5ck
12017,468.9,38.65894736842105,kao5ck
12018,470.3,38.81526315789474,kao5ck
12019,471.7,38.95842105263158,kao5ck
12020,473.1,39.10210526315789,kao5ck
12021,474.6,39.24473684210526,kao5ck
12022,476.0,39.37526315789473,kao5ck
12023,477.4,39.52789473684211,kao5ck
12024,478.9,39.66421052631578,kao5ck
12025,480.3,39.82000000000001,kao5ck
12026,481.7,39.96473684210527,kao5ck
12027,483.1,40.125263157894736,kao5ck
12028,484.6,40.27105263157896,kao5ck
12029,486.0,40.41368421052632,kao5ck
12030,487.4,40.54578947368421,kao5ck
12031,488.9,40.68894736842106,kao5ck
12032,490.3,40.83105263157895,kao5ck
12033,491.7,40.96473684210527,kao5ck
12034,493.1,41.095789473684206,kao5ck
12035,494.5,41.22052631578948,kao5ck
12036,496.0,41.35368421052632,kao5ck
12037,497.4,41.48368421052632,kao5ck
12038,498.8,41.60684210526315,kao5ck
12039,500.2,41.74315789473685,kao5ck
12040,501.6,41.85947368421053,kao5ck
12041,503.1,41.98842105263159,kao5ck
12042,504.5,42.10631578947369,kao5ck
12043,505.9,42.23473684210527,kao5ck
12044,507.3,42.37052631578948,kao5ck
12045,508.7,42.515263157894736,kao5ck
12046,510.1,42.64,kao5ck
12047,511.6,42.78421052631579,kao5ck
12048,513.0,42.91,kao5ck
12049,514.4,43.03842105263158,kao5ck
12050,515.8,43.17052631578946,kao5ck
12051,517.2,43.30263157894737,kao5ck
12052,518.6,43.435263157894745,kao5ck
12053,520.0,43.56842105263158,kao5ck
12054,521.5,43.69210526315789,kao5ck
12055,522.9,43.81315789473685,kao5ck
12056,524.3,43.93947368421053,kao5ck
12057,525.7,44.056315789473686,kao5ck
12058,527.1,44.12578947368421,kao5ck
12059,528.5,44.16631578947369,kao5ck
12060,529.9,44.26157894736842,kao5ck
12061,531.3,44.39789473684211,kao5ck
12062,532.7,44.56947368421053,kao5ck
12063,534.1,44.74526315789473,kao5ck
12064,535.5,44.89,kao5ck
12065,536.9,45.00736842105264,kao5ck
12066,538.3,45.14947368421052,kao5ck
12067,539.7,45.25368421052631,kao5ck
12068,541.1,45.38210526315789,kao5ck
12069,542.5,45.50842105263158,kao5ck
12070,544.0,45.62368421052632,kao5ck
12071,545.3,45.77947368421053,kao5ck
12072,546.8,46.00842105263157,kao5ck
12073,548.2,46.17473684210526,kao5ck
12074,549.5,46.28105263157895,kao5ck
12075,550.9,46.43368421052632,kao5ck
12076,552.3,46.58631578947368,kao5ck
12077,553.7,46.6178947368421,kao5ck
12078,555.1,46.56736842105263,kao5ck
12079,556.5,46.60578947368421,kao5ck
12080,557.9,46.69736842105263,kao5ck
12081,559.3,46.82,kao5ck
12082,560.7,46.93578947368421,kao5ck
12083,562.1,47.03684210526316,kao5ck
12084,563.5,47.15210526315789,kao5ck
12085,564.9,47.25526315789473,kao5ck
12086,566.3,47.357894736842105,kao5ck
12087,567.7,47.46421052631579,kao5ck
12088,569.1,47.56842105263157,kao5ck
12089,570.5,47.67421052631579,kao5ck
12090,571.8,47.77421052631578,kao5ck
12091,573.2,47.87421052631579,kao5ck
12092,574.6,47.98052631578948,kao5ck
12093,576.0,48.08315789473684,kao5ck
12094,577.4,48.17631578947368,kao5ck
12095,578.8,48.268947368421045,kao5ck
12096,580.2,48.35947368421051,kao5ck
12097,581.5,48.45,kao5ck
12098,582.9,48.53684210526316,kao5ck
12099,584.3,48.619473684210526,kao5ck
12100,585.7,48.69947368421053,kao5ck
12101,587.1,48.77736842105264,kao5ck
12102,588.5,48.84894736842105,kao5ck
12103,589.8,48.91684210526317,kao5ck
12104,591.2,48.98315789473684,kao5ck
12105,592.6,49.04684210526316,kao5ck
12106,594.0,49.10526315789473,kao5ck
12107,595.4,49.15684210526315,kao5ck
12108,596.7,49.20947368421052,kao5ck
12109,598.1,49.2542105263158,kao5ck
12110,599.5,49.30052631578948,kao5ck
12111,600.9,49.34736842105264,kao5ck
12112,602.2,49.392105263157895,kao5ck
12113,603.6,49.44263157894738,kao5ck
12114,605.0,49.48631578947368,kao5ck
12115,606.4,49.53368421052632,kao5ck
12116,607.7,49.58263157894736,kao5ck
12117,609.1,49.63842105263157,kao5ck
12118,610.5,49.69368421052632,kao5ck
12119,611.9,49.75,kao5ck
12120,613.2,49.81473684210526,kao5ck
12121,614.6,49.88000000000001,kao5ck
12122,616.0,49.95157894736842,kao5ck
12123,617.3,50.01368421052632,kao5ck
12124,618.7,50.07578947368421,kao5ck
12125,620.1,50.14368421052631,kao5ck
12126,621.5,50.21052631578947,kao5ck
12127,622.8,50.27789473684211,kao5ck
12128,624.2,50.34578947368421,kao5ck
12129,625.5,50.40315789473684,kao5ck
12130,626.9,50.463157894736845,kao5ck
12131,628.3,50.5178947368421,kao5ck
12132,629.6,50.57263157894737,kao5ck
12133,631.0,50.626315789473686,kao5ck
12134,632.4,50.67473684210527,kao5ck
12135,633.7,50.71894736842105,kao5ck
12136,635.1,50.75315789473684,kao5ck
12137,636.5,50.77473684210526,kao5ck
12138,637.8,50.80052631578947,kao5ck
12139,639.2,50.81315789473685,kao5ck
12140,640.5,50.80947368421052,kao5ck
12141,641.9,50.79315789473685,kao5ck
12142,643.2,50.75789473684211,kao5ck
12143,644.6,50.7021052631579,kao5ck
12144,646.0,50.65578947368421,kao5ck
12145,647.3,50.62052631578947,kao5ck
12146,648.7,50.573157894736845,kao5ck
12147,650.0,50.52842105263158,kao5ck
12148,651.4,50.47526315789474,kao5ck
12149,652.7,50.34,kao5ck
12150,654.1,50.16473684210526,kao5ck
12151,655.4,50.048947368421054,kao5ck
12152,656.8,49.96894736842105,kao5ck
12153,658.1,49.90315789473684,kao5ck
12154,659.5,49.84368421052632,kao5ck
12155,660.8,49.75210526315789,kao5ck
12156,662.2,49.67736842105264,kao5ck
12157,663.5,49.62789473684211,kao5ck
12158,664.9,49.57368421052632,kao5ck
12159,666.2,49.55736842105264,kao5ck
12160,667.6,49.55368421052631,kao5ck
12161,668.9,49.626842105263165,kao5ck
12162,670.3,49.86473684210527,kao5ck
12163,671.6,50.12526315789474,kao5ck
12164,673.0,50.28684210526317,kao5ck
12165,674.3,50.524736842105256,kao5ck
12166,675.6,50.78947368421052,kao5ck
12167,677.0,50.90105263157896,kao5ck
12168,678.3,50.89947368421053,kao5ck
12169,679.7,50.98157894736841,kao5ck
12170,681.0,51.15105263157894,kao5ck
12171,682.3,51.33052631578947,kao5ck
12172,683.7,51.51157894736842,kao5ck
12173,685.0,51.68631578947368,kao5ck
12174,686.4,51.85473684210526,kao5ck
12175,687.7,52.01736842105263,kao5ck
12176,689.0,52.16894736842105,kao5ck
12177,690.4,52.32210526315789,kao5ck
12178,691.7,52.46842105263158,kao5ck
12179,693.0,52.60368421052631,kao5ck
12180,694.4,52.74473684210527,kao5ck
12181,695.7,52.8778947368421,kao5ck
12182,697.0,53.02157894736841,kao5ck
12183,698.4,53.15842105263158,kao5ck
12184,699.7,53.30315789473684,kao5ck
12185,701.0,53.43578947368421,kao5ck
12186,702.4,53.57263157894737,kao5ck
12187,703.7,53.70842105263158,kao5ck
12188,705.0,53.84473684210526,kao5ck
12189,706.3,53.98315789473685,kao5ck
12190,707.7,54.11631578947369,kao5ck
12191,709.0,54.258947368421055,kao5ck
12192,710.3,54.38473684210526,kao5ck
12193,711.6,54.50210526315789,kao5ck
12194,713.0,54.62052631578947,kao5ck
12195,714.3,54.74631578947369,kao5ck
12196,715.6,54.86105263157894,kao5ck
12197,716.9,54.98315789473685,kao5ck
12198,718.2,55.09736842105263,kao5ck
12199,719.6,55.204736842105255,kao5ck
12200,720.9,55.30736842105264,kao5ck
12201,722.2,55.405789473684216,kao5ck
12202,723.5,55.514210526315786,kao5ck
12203,724.8,55.61263157894737,kao5ck
12204,726.2,55.71315789473684,kao5ck
12205,727.5,55.813684210526304,kao5ck
12206,728.8,55.90894736842105,kao5ck
12207,730.1,56.00105263157894,kao5ck
12208,731.4,56.08789473684211,kao5ck
12209,732.7,56.17526315789475,kao5ck
12210,734.0,56.264210526315786,kao5ck
12211,735.3,56.3536842105263,kao5ck
12212,736.7,56.43526315789474,kao5ck
12213,738.0,56.51473684210527,kao5ck
12214,739.3,56.59631578947369,kao5ck
12215,740.6,56.672105263157896,kao5ck
12216,741.9,56.75368421052631,kao5ck
12217,743.2,56.826842105263175,kao5ck
12218,744.5,56.89578947368421,kao5ck
12219,745.8,56.96736842105263,kao5ck
12220,747.1,57.04157894736843,kao5ck
12221,748.4,57.114210526315794,kao5ck
12222,749.7,57.19526315789473,kao5ck
12223,751.0,57.27105263157896,kao5ck
12224,752.3,57.33631578947368,kao5ck
12225,753.6,57.40368421052632,kao5ck
12226,754.9,57.46263157894737,kao5ck
12227,756.2,57.52473684210526,kao5ck
12228,757.5,57.58789473684211,kao5ck
12229,758.8,57.65526315789473,kao5ck
12230,760.1,57.72052631578948,kao5ck
12231,761.4,57.783157894736846,kao5ck
12232,762.7,57.83894736842105,kao5ck
12233,764.0,57.9,kao5ck
12234,765.3,57.96263157894737,kao5ck
12235,766.6,58.02315789473685,kao5ck
12236,767.9,58.07947368421053,kao5ck
12237,769.2,58.142105263157895,kao5ck
12238,770.4,58.19052631578947,kao5ck
12239,771.7,58.25105263157894,kao5ck
12240,773.0,58.30736842105264,kao5ck
12241,774.3,58.35684210526315,kao5ck
12242,775.6,58.41421052631578,kao5ck
12243,776.9,58.46315789473684,kao5ck
12244,778.2,58.51052631578948,kao5ck
12245,779.4,58.57157894736843,kao5ck
12246,780.7,58.62157894736842,kao5ck
12247,782.0,58.67263157894737,kao5ck
12248,783.3,58.72315789473683,kao5ck
12249,784.5,58.77684210526316,kao5ck
12250,785.8,58.82947368421053,kao5ck
12251,787.1,58.87210526315791,kao5ck
12252,788.4,58.92052631578947,kao5ck
12253,789.7,58.968421052631584,kao5ck
12254,790.9,59.01473684210527,kao5ck
12255,792.2,59.06789473684211,kao5ck
12256,793.5,59.11842105263158,kao5ck
12257,794.8,59.16,kao5ck
12258,796.0,59.20684210526316,kao5ck
12259,797.3,59.24210526315789,kao5ck
12260,798.5,59.29,kao5ck
12261,799.8,59.3278947368421,kao5ck
12262,801.1,59.37999999999999,kao5ck
12263,802.3,59.42842105263159,kao5ck
12264,803.6,59.46315789473685,kao5ck
12265,804.9,59.5042105263158,kao5ck
12266,806.1,59.55,kao5ck
12267,807.4,59.58894736842105,kao5ck
12268,808.7,59.62947368421052,kao5ck
12269,809.9,59.67947368421052,kao5ck
12270,811.2,59.71421052631579,kao5ck
12271,812.4,59.7442105263158,kao5ck
12272,813.7,59.783157894736846,kao5ck
12273,815.0,59.817894736842106,kao5ck
12274,816.2,59.85684210526316,kao5ck
12275,817.5,59.88947368421052,kao5ck
12276,818.7,59.94105263157896,kao5ck
12277,820.0,59.968947368421055,kao5ck
12278,821.2,60.00368421052631,kao5ck
12279,822.5,60.02473684210526,kao5ck
12280,823.7,60.04105263157894,kao5ck
12281,825.0,60.0757894736842,kao5ck
12282,826.2,60.126842105263165,kao5ck
12283,827.5,60.17789473684211,kao5ck
12284,828.7,60.23421052631579,kao5ck
12285,829.9,60.2678947368421,kao5ck
12286,831.2,60.275263157894734,kao5ck
12287,832.4,60.28052631578947,kao5ck
12288,833.7,60.30684210526315,kao5ck
12289,834.9,60.34473684210527,kao5ck
12290,836.1,60.38,kao5ck
12291,837.4,60.40315789473684,kao5ck
12292,838.6,60.438421052631575,kao5ck
12293,839.8,60.44631578947367,kao5ck
12294,841.1,60.48421052631578,kao5ck
12295,842.3,60.52473684210528,kao5ck
12296,843.5,60.56789473684211,kao5ck
12297,844.8,60.57578947368421,kao5ck
12298,846.0,60.60842105263156,kao5ck
12299,847.2,60.62,kao5ck
12300,848.5,60.647894736842105,kao5ck
12301,849.7,60.67473684210526,kao5ck
12302,850.9,60.704736842105255,kao5ck
12303,852.2,60.72578947368421,kao5ck
12304,853.4,60.75157894736843,kao5ck
12305,854.6,60.77684210526316,kao5ck
12306,855.8,60.8,kao5ck
12307,857.0,60.82736842105263,kao5ck
12308,858.3,60.84684210526316,kao5ck
12309,859.5,60.87368421052632,kao5ck
12310,860.7,60.88368421052631,kao5ck
12311,861.9,60.90105263157894,kao5ck
12312,863.1,60.92842105263157,kao5ck
12313,864.3,60.96368421052632,kao5ck
12314,865.5,60.970000000000006,kao5ck
12315,866.8,61.00157894736842,kao5ck
12316,868.0,61.02421052631579,kao5ck
12317,869.2,61.03210526315789,kao5ck
12318,870.4,61.05947368421053,kao5ck
12319,871.6,61.08,kao5ck
12320,872.8,61.1,kao5ck
12321,874.0,61.1178947368421,kao5ck
12322,875.2,61.13736842105264,kao5ck
12323,876.4,61.166315789473686,kao5ck
12324,877.6,61.18157894736842,kao5ck
12325,878.8,61.18894736842105,kao5ck
12326,880.0,61.20842105263158,kao5ck
12327,881.2,61.21842105263157,kao5ck
12328,882.4,61.25947368421052,kao5ck
12329,883.6,61.27368421052631,kao5ck
12330,884.8,61.27421052631578,kao5ck
12331,886.0,61.28263157894736,kao5ck
12332,887.2,61.31105263157894,kao5ck
12333,888.4,61.33894736842105,kao5ck
12334,889.6,61.36105263157896,kao5ck
12335,890.8,61.380526315789474,kao5ck
12336,892.0,61.39894736842105,kao5ck
12337,893.2,61.39842105263159,kao5ck
12338,894.3,61.40473684210527,kao5ck
12339,895.5,61.422105263157896,kao5ck
12340,896.7,61.4278947368421,kao5ck
12341,897.9,61.49421052631578,kao5ck
12342,899.1,61.49368421052631,kao5ck
12343,900.3,61.52894736842105,kao5ck
12344,901.5,61.5042105263158,kao5ck
12345,902.6,61.54368421052632,kao5ck
12346,903.8,61.5484210526316,kao5ck
12347,905.0,61.54894736842105,kao5ck
12348,906.2,61.55052631578948,kao5ck
12349,907.4,61.56684210526317,kao5ck
12350,908.5,61.56473684210526,kao5ck
12351,909.7,61.58,kao5ck
12352,910.9,61.60105263157895,kao5ck
12353,912.1,61.62105263157895,kao5ck
12354,913.2,61.64315789473683,kao5ck
12355,914.4,61.63684210526316,kao5ck
12356,915.6,61.63947368421052,kao5ck
12357,916.8,61.66999999999999,kao5ck
12358,917.9,61.688421052631575,kao5ck
12359,919.1,61.7421052631579,kao5ck
12360,920.2,61.73421052631579,kao5ck
12361,921.4,61.72052631578948,kao5ck
12362,922.6,61.70736842105264,kao5ck
12363,923.8,61.72526315789474,kao5ck
12364,924.9,61.76157894736842,kao5ck
12365,926.1,61.81999999999999,kao5ck
12366,927.2,61.81947368421052,kao5ck
12367,928.4,61.83684210526315,kao5ck
12368,929.6,61.79052631578947,kao5ck
12369,930.7,61.79842105263158,kao5ck
12370,931.9,61.81684210526316,kao5ck
12371,933.0,61.87,kao5ck
12372,934.2,61.87368421052632,kao5ck
12373,935.3,61.85842105263159,kao5ck
12374,936.5,61.876315789473686,kao5ck
12375,937.7,61.8621052631579,kao5ck
12376,938.8,61.88578947368422,kao5ck
12377,940.0,61.89947368421053,kao5ck
12378,941.1,61.90684210526317,kao5ck
12379,942.3,61.90157894736843,kao5ck
12380,943.4,61.923684210526304,kao5ck
12381,944.6,61.91736842105264,kao5ck
12382,945.7,61.89526315789474,kao5ck
12383,946.9,61.87105263157895,kao5ck
12384,948.0,61.890526315789465,kao5ck
12385,949.2,61.88631578947369,kao5ck
12386,950.3,61.87263157894736,kao5ck
12387,951.5,61.85578947368421,kao5ck
12388,952.6,61.84684210526314,kao5ck
12389,953.8,61.84947368421052,kao5ck
12390,954.9,61.84105263157894,kao5ck
12391,956.1,61.876315789473686,kao5ck
12392,957.2,61.89947368421053,kao5ck
12393,958.3,61.92526315789473,kao5ck
12394,959.5,61.931578947368415,kao5ck
12395,960.6,61.96157894736842,kao5ck
12396,961.8,62.00473684210526,kao5ck
12397,962.9,61.935263157894745,kao5ck
12398,964.1,61.882105263157904,kao5ck
12399,965.2,61.73052631578948,kao5ck
12400,966.3,61.6,kao5ck
12401,967.5,61.67052631578946,kao5ck
12402,968.6,61.760000000000005,kao5ck
12403,969.8,61.96315789473684,kao5ck
12404,970.9,62.04842105263158,kao5ck
12405,972.1,62.10526315789474,kao5ck
12406,973.2,62.17578947368422,kao5ck
12407,974.3,62.23105263157896,kao5ck
12408,975.5,62.35263157894736,kao5ck
12409,976.6,62.38684210526316,kao5ck
12410,977.8,62.26736842105263,kao5ck
12411,978.9,62.228947368421046,kao5ck
12412,980.0,62.16000000000001,kao5ck
12413,981.2,62.22473684210527,kao5ck
12414,982.3,62.27894736842105,kao5ck
12415,983.5,62.39263157894737,kao5ck
12416,984.6,62.376315789473686,kao5ck
12417,985.7,62.28789473684212,kao5ck
12418,986.9,62.2278947368421,kao5ck
12419,988.0,62.15,kao5ck
12420,989.1,62.28631578947369,kao5ck
12421,992.0,63.40526315789474,kao5ck
12422,995.9,63.38315789473685,kao5ck
12423,999.7,63.35,kao5ck
12424,1003.6,63.40368421052632,kao5ck
12425,1007.4,63.43526315789474,kao5ck
12426,1011.3,63.48210526315789,kao5ck
12427,1015.1,63.51368421052632,kao5ck
12428,1019.0,63.533157894736846,kao5ck
12429,1022.8,63.526315789473685,kao5ck
12430,1026.7,63.48578947368421,kao5ck
12431,1030.5,63.47473684210527,kao5ck
12432,1034.4,63.42578947368422,kao5ck
12433,1038.2,63.462105263157895,kao5ck
12434,1042.1,63.49263157894736,kao5ck
12435,1045.9,63.50631578947368,kao5ck
12436,1049.7,63.54947368421052,kao5ck
12437,1053.6,63.51105263157893,kao5ck
12438,1057.4,63.57578947368421,kao5ck
12439,1061.2,63.57842105263159,kao5ck
12440,1065.1,63.56894736842106,kao5ck
12441,1068.9,63.63315789473684,kao5ck
12442,1072.7,63.66263157894736,kao5ck
12443,1076.6,63.60736842105263,kao5ck
12444,1080.4,63.626842105263165,kao5ck
12445,1084.2,63.68894736842106,kao5ck
12446,1088.0,63.706315789473685,kao5ck
12447,1091.8,63.64894736842105,kao5ck
12448,1095.7,63.60999999999999,kao5ck
12449,1099.5,63.58947368421053,kao5ck
12450,1103.3,63.635263157894734,kao5ck
12451,1107.1,63.69947368421054,kao5ck
12452,1110.9,63.74105263157895,kao5ck
12453,1114.8,63.82052631578948,kao5ck
12454,1118.6,63.853157894736846,kao5ck
12455,1122.4,63.94157894736841,kao5ck
12456,1126.2,64.0278947368421,kao5ck
12457,1130.0,64.10578947368421,kao5ck
12458,1133.8,64.18578947368422,kao5ck
12459,1137.6,64.26157894736842,kao5ck
12460,1141.4,64.34315789473685,kao5ck
12461,1145.2,64.41421052631578,kao5ck
12462,1149.0,64.52526315789474,kao5ck
12463,1152.8,64.76947368421054,kao5ck
12464,1156.6,65.10315789473684,kao5ck
12465,1160.4,65.36578947368422,kao5ck
12466,1164.2,65.57947368421053,kao5ck
12467,1168.0,65.5942105263158,kao5ck
12468,1171.8,65.56947368421052,kao5ck
12469,1175.6,65.44421052631579,kao5ck
12470,1179.4,65.19684210526314,kao5ck
12471,1183.2,64.8157894736842,kao5ck
12472,1187.0,64.44684210526317,kao5ck
12473,1190.7,64.19315789473684,kao5ck
12474,1194.5,64.05421052631579,kao5ck
12475,1198.3,64.05368421052631,kao5ck
12476,1202.1,64.0142105263158,kao5ck
12477,1205.9,63.99105263157895,kao5ck
12478,1209.7,64.04157894736842,kao5ck
12479,1213.4,64.0321052631579,kao5ck
12480,1217.2,63.981578947368426,kao5ck
12481,1221.0,63.93789473684211,kao5ck
12482,1224.8,63.88052631578949,kao5ck
12483,1228.5,63.8278947368421,kao5ck
12484,1232.3,63.79315789473684,kao5ck
12485,1236.1,63.75684210526315,kao5ck
12486,1239.8,63.718421052631584,kao5ck
12487,1243.6,63.797894736842096,kao5ck
12488,1247.4,63.85947368421052,kao5ck
12489,1251.1,63.86368421052632,kao5ck
12490,1254.9,63.94368421052633,kao5ck
12491,1258.7,63.98842105263159,kao5ck
12492,1262.4,63.997894736842106,kao5ck
12493,1266.2,63.968421052631584,kao5ck
12494,1269.9,63.95263157894736,kao5ck
12495,1273.7,63.95736842105264,kao5ck
12496,1277.4,63.9642105263158,kao5ck
12497,1281.2,63.93263157894738,kao5ck
12498,1284.9,63.740526315789474,kao5ck
12499,1288.7,63.63736842105263,kao5ck
12500,1292.4,63.44315789473685,kao5ck
12501,1296.2,63.35736842105262,kao5ck
12502,1299.9,63.20052631578948,kao5ck
12503,1303.7,63.08631578947368,kao5ck
12504,1307.4,62.96368421052631,kao5ck
12505,1311.2,62.87684210526317,kao5ck
12506,1314.9,62.783157894736846,kao5ck
12507,1318.7,62.71473684210528,kao5ck
12508,1322.4,62.59894736842104,kao5ck
12509,1326.1,62.516315789473694,kao5ck
12510,1329.9,62.446315789473694,kao5ck
12511,1333.6,62.37473684210527,kao5ck
12512,1337.3,62.34263157894736,kao5ck
12513,1341.1,62.25105263157896,kao5ck
12514,1344.8,62.00052631578947,kao5ck
12515,1348.5,61.5921052631579,kao5ck
12516,1352.2,61.15368421052632,kao5ck
12517,1356.0,60.81368421052632,kao5ck
12518,1359.7,60.68684210526317,kao5ck
12519,1363.4,60.612631578947365,kao5ck
12520,1367.1,60.62473684210526,kao5ck
12521,1370.8,60.3821052631579,kao5ck
12522,1374.6,59.905789473684216,kao5ck
12523,1378.3,59.21421052631579,kao5ck
12524,1382.0,58.298947368421054,kao5ck
12525,1385.7,56.96789473684211,kao5ck
12526,1389.4,55.46052631578947,kao5ck
12527,1393.1,54.345789473684206,kao5ck
12528,1396.8,53.87684210526316,kao5ck
12529,1400.5,54.02,kao5ck
12530,1404.2,54.16526315789474,kao5ck
12531,1407.9,53.258421052631576,kao5ck
12532,1411.7,53.09736842105263,kao5ck
12533,1415.4,53.94368421052632,kao5ck
12534,1419.1,56.19263157894737,kao5ck
12535,1422.8,58.3242105263158,kao5ck
12536,1426.4,59.54157894736842,kao5ck
12537,1430.2,60.29631578947368,kao5ck
12538,1433.8,60.77789473684211,kao5ck
12539,1437.5,61.08105263157895,kao5ck
12540,1441.2,61.23263157894737,kao5ck
12541,1444.9,61.35684210526317,kao5ck
12542,1448.6,61.4278947368421,kao5ck
12543,1452.3,61.5078947368421,kao5ck
12544,1456.0,61.53947368421053,kao5ck
12545,1459.7,61.59157894736842,kao5ck
12546,1463.3,61.53473684210527,kao5ck
12547,1467.0,61.62526315789473,kao5ck
12548,1470.7,61.64105263157894,kao5ck
12549,1474.4,61.69157894736843,kao5ck
12550,1478.1,61.694736842105264,kao5ck
12551,1481.7,61.80736842105263,kao5ck
12552,1485.4,61.85,kao5ck
12553,1489.1,61.87052631578946,kao5ck
12554,1492.8,61.89631578947368,kao5ck
12555,1496.4,61.94052631578948,kao5ck
12556,1500.1,62.000526315789486,kao5ck
12557,1503.8,62.0521052631579,kao5ck
12558,1507.4,62.10631578947368,kao5ck
12559,1511.1,62.15894736842105,kao5ck
12560,1514.7,62.21736842105263,kao5ck
12561,1518.4,62.24894736842106,kao5ck
12562,1522.1,62.2821052631579,kao5ck
12563,1525.7,62.33105263157895,kao5ck
12564,1529.4,62.35736842105262,kao5ck
12565,1533.0,62.38578947368419,kao5ck
12566,1536.7,62.41,kao5ck
12567,1540.3,62.43210526315789,kao5ck
12568,1544.0,62.461052631578944,kao5ck
12569,1547.6,62.47052631578948,kao5ck
12570,1551.3,62.50473684210528,kao5ck
12571,1554.9,62.54,kao5ck
12572,1558.6,62.54157894736842,kao5ck
12573,1562.2,62.56631578947368,kao5ck
12574,1565.8,62.57631578947368,kao5ck
12575,1569.5,62.59000000000001,kao5ck
12576,1573.1,62.61105263157896,kao5ck
12577,1576.8,62.61578947368421,kao5ck
12578,1580.4,62.635789473684206,kao5ck
12579,1584.0,62.63736842105264,kao5ck
12580,1587.7,62.67947368421053,kao5ck
12581,1591.3,62.7,kao5ck
12582,1594.9,62.71578947368421,kao5ck
12583,1598.5,62.72631578947368,kao5ck
12584,1602.2,62.75157894736841,kao5ck
12585,1605.8,62.74105263157895,kao5ck
12586,1609.4,62.77894736842105,kao5ck
12587,1613.0,62.798947368421054,kao5ck
12588,1616.7,62.82578947368421,kao5ck
12589,1620.3,62.8357894736842,kao5ck
12590,1623.9,62.834210526315786,kao5ck
12591,1627.5,62.84421052631578,kao5ck
12592,1631.1,62.8536842105263,kao5ck
12593,1634.7,62.87947368421053,kao5ck
12594,1638.3,62.92157894736843,kao5ck
12595,1641.9,62.92947368421053,kao5ck
12596,1645.6,62.90789473684212,kao5ck
12597,1649.2,62.89947368421052,kao5ck
12598,1652.8,62.88105263157896,kao5ck
12599,1656.4,62.83157894736842,kao5ck
12600,1660.0,62.82210526315789,kao5ck
12601,1663.6,62.79315789473685,kao5ck
12602,1667.2,62.74315789473684,kao5ck
12603,1670.8,62.73157894736841,kao5ck
12604,1674.4,62.69842105263158,kao5ck
12605,1678.0,62.66157894736842,kao5ck
12606,1681.6,62.609473684210535,kao5ck
12607,1685.1,62.57842105263159,kao5ck
12608,1688.7,62.55105263157895,kao5ck
12609,1692.3,62.51105263157893,kao5ck
12610,1695.9,62.46157894736842,kao5ck
12611,1699.5,62.43315789473685,kao5ck
12612,1703.1,62.39894736842106,kao5ck
12613,1706.7,62.38473684210527,kao5ck
12614,1710.2,62.33736842105264,kao5ck
12615,1713.8,62.276315789473685,kao5ck
12616,1717.4,62.21631578947368,kao5ck
12617,1721.0,62.11315789473685,kao5ck
12618,1724.5,62.053157894736856,kao5ck
12619,1728.1,62.05684210526315,kao5ck
12620,1731.7,62.181052631578936,kao5ck
12621,1735.2,62.205789473684206,kao5ck
12622,1738.8,62.14736842105263,kao5ck
12623,1742.4,62.06263157894737,kao5ck
12624,1745.9,61.95473684210527,kao5ck
12625,1749.5,61.887894736842114,kao5ck
12626,1753.1,61.8084210526316,kao5ck
12627,1756.6,61.74473684210525,kao5ck
12628,1760.2,61.65421052631578,kao5ck
12629,1763.8,61.65052631578947,kao5ck
12630,1767.3,61.59789473684212,kao5ck
12631,1770.9,61.53736842105263,kao5ck
12632,1774.4,61.497894736842106,kao5ck
12633,1778.0,61.42631578947368,kao5ck
12634,1781.5,61.39000000000001,kao5ck
12635,1785.1,61.31789473684211,kao5ck
12636,1788.6,61.26105263157895,kao5ck
12637,1792.1,61.23473684210526,kao5ck
12638,1795.7,61.20315789473684,kao5ck
12639,1799.2,61.18473684210526,kao5ck
12640,1802.8,61.10421052631579,kao5ck
12641,1806.3,61.09105263157895,kao5ck
12642,1809.8,61.06,kao5ck
12643,1813.4,60.96368421052631,kao5ck
12644,1816.9,60.97368421052632,kao5ck
12645,1820.4,60.90263157894736,kao5ck
12646,1824.0,61.00736842105264,kao5ck
12647,1827.5,61.04526315789473,kao5ck
12648,1831.0,61.08368421052632,kao5ck
12649,1834.6,61.08,kao5ck
12650,1838.1,61.067894736842106,kao5ck
12651,1841.6,61.06684210526316,kao5ck
12652,1845.1,61.14000000000001,kao5ck
12653,1848.6,61.22210526315789,kao5ck
12654,1852.2,61.35736842105262,kao5ck
12655,1855.7,61.37947368421052,kao5ck
12656,1859.2,61.40578947368422,kao5ck
12657,1862.7,61.30157894736842,kao5ck
12658,1866.2,61.12210526315791,kao5ck
12659,1869.7,60.96894736842105,kao5ck
12660,1873.2,60.83210526315789,kao5ck
12661,1876.7,60.640526315789465,kao5ck
12662,1880.2,60.34157894736842,kao5ck
12663,1883.7,59.93631578947368,kao5ck
12664,1887.2,59.454736842105255,kao5ck
12665,1890.7,58.85315789473683,kao5ck
12666,1894.2,58.221578947368414,kao5ck
12667,1897.7,57.54052631578947,kao5ck
12668,1902.7,56.94052631578947,kao5ck
12669,1905.5,56.60789473684211,kao5ck
12670,1908.2,56.11842105263157,kao5ck
12671,1911.0,55.73736842105262,kao5ck
12672,1913.7,55.50842105263157,kao5ck
12673,1916.5,55.30842105263157,kao5ck
12674,1919.2,55.15368421052631,kao5ck
12675,1921.9,54.99473684210526,kao5ck
12676,1924.7,54.86263157894736,kao5ck
12677,1927.4,54.75999999999999,kao5ck
12678,1930.1,54.688947368421026,kao5ck
12679,1932.9,54.61842105263157,kao5ck
12680,1935.6,54.59105263157893,kao5ck
12681,1938.3,54.58684210526315,kao5ck
12682,1941.0,54.61052631578947,kao5ck
12683,1943.7,54.66631578947367,kao5ck
12684,1946.4,54.71368421052631,kao5ck
12685,1949.2,54.770526315789446,kao5ck
12686,1951.9,54.850526315789466,kao5ck
12687,1954.6,54.93631578947367,kao5ck
12688,1957.3,55.02421052631578,kao5ck
12689,1960.0,55.12052631578947,kao5ck
12690,1962.7,55.233157894736834,kao5ck
12691,1965.4,55.3357894736842,kao5ck
12692,1968.1,55.42842105263157,kao5ck
12693,1970.7,55.53105263157895,kao5ck
12694,1973.4,55.63894736842104,kao5ck
12695,1976.1,55.760000000000005,kao5ck
12696,1978.8,55.88526315789472,kao5ck
12697,1981.5,55.99631578947368,kao5ck
12698,1984.1,56.085789473684194,kao5ck
12699,1986.8,56.216842105263154,kao5ck
12700,1989.5,56.35999999999999,kao5ck
12701,1992.1,56.499473684210514,kao5ck
12702,1994.8,56.624736842105236,kao5ck
12703,1997.5,56.72947368421052,kao5ck
12704,2000.1,56.85315789473683,kao5ck
12705,2002.8,57.00999999999999,kao5ck
12706,2005.4,57.116315789473674,kao5ck
12707,2008.1,57.18473684210525,kao5ck
12708,2010.7,57.30631578947367,kao5ck
12709,2013.4,57.435263157894724,kao5ck
12710,2016.0,57.51263157894737,kao5ck
12711,2018.6,57.608947368421035,kao5ck
12712,2021.3,57.70473684210526,kao5ck
12713,2023.9,57.7494736842105,kao5ck
12714,2026.5,57.779999999999994,kao5ck
12715,2029.2,57.81526315789473,kao5ck
12716,2031.8,57.825789473684196,kao5ck
12717,2034.4,57.85315789473683,kao5ck
12718,2037.0,57.88631578947367,kao5ck
12719,2039.7,57.896842105263154,kao5ck
12720,2042.3,57.88578947368419,kao5ck
12721,2044.9,57.85947368421052,kao5ck
12722,2047.5,57.809999999999995,kao5ck
12723,2050.1,57.76631578947368,kao5ck
12724,2052.7,57.73421052631578,kao5ck
12725,2055.3,57.702631578947354,kao5ck
12726,2057.9,57.67631578947366,kao5ck
12727,2060.5,57.63210526315788,kao5ck
12728,2063.1,57.581578947368406,kao5ck
12729,2065.7,57.53684210526315,kao5ck
12730,2068.3,57.47684210526315,kao5ck
12731,2070.9,57.418947368421044,kao5ck
12732,2073.4,57.3757894736842,kao5ck
12733,2076.0,57.30736842105263,kao5ck
12734,2078.6,57.23157894736841,kao5ck
12735,2081.2,57.168421052631565,kao5ck
12736,2083.7,57.084210526315786,kao5ck
12737,2086.3,56.98315789473684,kao5ck
12738,2088.9,56.917894736842086,kao5ck
12739,2091.4,56.86105263157895,kao5ck
12740,2094.0,56.82421052631577,kao5ck
12741,2096.6,56.81473684210526,kao5ck
12742,2099.1,56.781578947368416,kao5ck
12743,2101.6,56.72052631578946,kao5ck
12744,2104.2,56.61473684210525,kao5ck
12745,2106.8,56.43999999999999,kao5ck
12746,2109.3,56.25894736842104,kao5ck
12747,2111.8,56.15105263157893,kao5ck
12748,2114.4,56.10999999999999,kao5ck
12749,2116.9,56.069999999999986,kao5ck
12750,2119.4,55.99789473684209,kao5ck
12751,2122.0,55.93052631578947,kao5ck
12752,2124.5,55.82421052631578,kao5ck
12753,2127.0,55.65421052631578,kao5ck
12754,2129.6,55.47421052631578,kao5ck
12755,2132.1,55.22842105263158,kao5ck
12756,2134.6,54.8657894736842,kao5ck
12757,2137.1,54.35947368421052,kao5ck
12758,2139.6,53.7315789473684,kao5ck
12759,2142.1,52.966315789473676,kao5ck
12760,2144.6,52.06105263157893,kao5ck
12761,2147.1,51.088947368421046,kao5ck
12762,2149.6,50.116842105263146,kao5ck
12763,2152.1,49.19894736842104,kao5ck
12764,2154.6,48.417894736842086,kao5ck
12765,2157.1,47.767368421052616,kao5ck
12766,2159.6,47.27631578947367,kao5ck
12767,2162.1,46.93263157894736,kao5ck
12768,2164.6,46.73263157894736,kao5ck
12769,2167.1,46.65052631578946,kao5ck
12770,2169.6,46.63157894736841,kao5ck
12771,2172.0,46.646315789473675,kao5ck
12772,2174.5,46.6557894736842,kao5ck
12773,2177.0,46.622631578947356,kao5ck
12774,2179.4,46.56210526315788,kao5ck
12775,2181.9,46.41684210526315,kao5ck
12776,2184.4,46.15368421052631,kao5ck
12777,2186.8,45.81631578947368,kao5ck
12778,2189.3,45.434210526315766,kao5ck
12779,2191.7,45.0715789473684,kao5ck
12780,2194.2,44.66421052631577,kao5ck
12781,2196.6,44.08210526315788,kao5ck
12782,2199.1,43.20842105263157,kao5ck
12783,2201.5,42.10315789473683,kao5ck
12784,2204.0,41.15315789473683,kao5ck
12785,2206.4,40.8857894736842,kao5ck
12786,2208.9,41.442105263157885,kao5ck
12787,2211.3,42.605263157894726,kao5ck
12788,2213.7,44.03315789473684,kao5ck
12789,2216.1,45.4157894736842,kao5ck
12790,2218.6,46.65736842105263,kao5ck
12791,2221.0,47.70473684210525,kao5ck
12792,2223.4,48.53947368421052,kao5ck
12793,2225.8,49.17315789473684,kao5ck
12794,2228.2,49.61999999999999,kao5ck
12795,2230.6,49.94052631578946,kao5ck
12796,2233.1,50.16684210526315,kao5ck
12797,2235.5,50.30631578947367,kao5ck
12798,2237.9,50.3757894736842,kao5ck
12799,2240.3,50.424210526315775,kao5ck
12800,2242.7,50.46947368421052,kao5ck
12801,2245.1,50.48473684210525,kao5ck
12802,2247.5,50.49105263157894,kao5ck
12803,2249.9,50.45315789473684,kao5ck
12804,2252.2,50.36842105263157,kao5ck
12805,2254.6,50.27368421052631,kao5ck
12806,2257.0,50.18052631578947,kao5ck
12807,2259.4,50.07105263157893,kao5ck
12808,2261.8,49.94631578947367,kao5ck
12809,2264.1,49.81473684210526,kao5ck
12810,2266.5,49.66210526315789,kao5ck
12811,2268.9,49.51684210526315,kao5ck
12812,2271.2,49.34315789473683,kao5ck
12813,2273.6,49.168421052631565,kao5ck
12814,2276.0,48.99894736842104,kao5ck
12815,2278.3,48.832105263157885,kao5ck
12816,2280.7,48.652105263157885,kao5ck
12817,2283.0,48.52105263157894,kao5ck
12818,2285.4,48.4057894736842,kao5ck
12819,2287.7,48.25947368421051,kao5ck
12820,2290.1,48.11894736842104,kao5ck
12821,2292.4,47.97736842105263,kao5ck
12822,2294.8,47.83789473684209,kao5ck
12823,2297.1,47.6657894736842,kao5ck
12824,2299.4,47.49736842105262,kao5ck
12825,2301.8,47.284736842105254,kao5ck
12826,2304.1,47.08368421052631,kao5ck
12827,2306.4,46.88526315789473,kao5ck
12828,2308.7,46.67210526315788,kao5ck
12829,2311.1,46.51526315789472,kao5ck
12830,2313.4,46.4057894736842,kao5ck
12831,2315.7,46.32789473684209,kao5ck
12832,2318.0,46.25315789473683,kao5ck
12833,2320.3,46.21105263157894,kao5ck
12834,2322.6,46.20526315789473,kao5ck
12835,2324.9,46.23105263157893,kao5ck
12836,2327.2,46.28157894736841,kao5ck
12837,2329.5,46.32894736842105,kao5ck
12838,2331.8,46.406315789473666,kao5ck
12839,2334.1,46.45157894736842,kao5ck
12840,2336.4,46.44947368421052,kao5ck
12841,2338.7,46.395263157894725,kao5ck
12842,2341.0,46.29684210526315,kao5ck
12843,2343.2,46.15842105263158,kao5ck
12844,2345.5,45.98473684210525,kao5ck
12845,2347.8,45.83052631578946,kao5ck
12846,2350.1,45.68368421052631,kao5ck
12847,2352.4,45.53263157894735,kao5ck
12848,2354.6,45.404736842105244,kao5ck
12849,2356.9,45.36368421052631,kao5ck
12850,2359.1,45.349473684210516,kao5ck
12851,2361.4,45.31736842105262,kao5ck
12852,2363.7,45.262105263157885,kao5ck
12853,2365.9,45.192105263157885,kao5ck
12854,2368.2,45.06421052631578,kao5ck
12855,2370.4,44.89947368421051,kao5ck
12856,2372.7,44.71894736842104,kao5ck
12857,2374.9,44.49736842105262,kao5ck
12858,2377.2,44.28315789473684,kao5ck
12859,2379.4,44.15105263157894,kao5ck
12860,2381.6,44.069999999999986,kao5ck
12861,2383.9,44.04684210526315,kao5ck
12862,2386.1,44.11473684210525,kao5ck
12863,2388.3,44.24894736842104,kao5ck
12864,2390.6,44.38842105263157,kao5ck
12865,2392.8,44.53894736842104,kao5ck
12866,2395.0,44.73947368421051,kao5ck
12867,2397.2,44.9057894736842,kao5ck
12868,2399.4,45.00947368421052,kao5ck
12869,2401.6,45.07052631578947,kao5ck
12870,2403.9,45.105789473684204,kao5ck
12871,2406.1,45.1257894736842,kao5ck
12872,2408.3,45.09526315789472,kao5ck
12873,2410.5,44.99736842105261,kao5ck
12874,2412.7,44.89684210526315,kao5ck
12875,2414.9,44.82315789473683,kao5ck
12876,2417.1,44.72842105263158,kao5ck
12877,2419.2,44.54842105263157,kao5ck
12878,2421.4,44.35947368421052,kao5ck
12879,2423.6,44.167894736842086,kao5ck
12880,2425.8,43.90842105263158,kao5ck
12881,2428.0,43.63631578947368,kao5ck
12882,2430.2,43.37526315789472,kao5ck
12883,2432.3,43.09842105263157,kao5ck
12884,2434.5,42.75157894736841,kao5ck
12885,2436.7,42.43263157894736,kao5ck
12886,2438.8,42.17368421052631,kao5ck
12887,2441.0,41.977894736842096,kao5ck
12888,2443.2,41.75736842105263,kao5ck
12889,2445.3,41.588947368421046,kao5ck
12890,2447.5,41.41631578947368,kao5ck
12891,2449.6,41.22052631578947,kao5ck
12892,2451.8,41.05157894736841,kao5ck
12893,2453.9,40.90105263157894,kao5ck
12894,2456.1,40.83052631578946,kao5ck
12895,2458.2,40.7315789473684,kao5ck
12896,2460.4,40.61842105263157,kao5ck
12897,2462.5,40.50999999999999,kao5ck
12898,2464.6,40.436842105263146,kao5ck
12899,2466.8,40.34052631578947,kao5ck
12900,2468.9,40.255789473684196,kao5ck
12901,2471.0,40.182631578947365,kao5ck
12902,2473.1,40.04210526315789,kao5ck
12903,2475.2,39.86157894736841,kao5ck
12904,2477.4,39.714210526315775,kao5ck
12905,2479.5,39.56210526315788,kao5ck
12906,2481.6,39.389999999999986,kao5ck
12907,2483.7,39.23263157894736,kao5ck
12908,2485.8,39.07736842105261,kao5ck
12909,2487.9,38.906315789473666,kao5ck
12910,2490.0,38.77631578947367,kao5ck
12911,2492.1,38.78315789473683,kao5ck
12912,2494.2,38.71842105263157,kao5ck
12913,2496.3,38.64210526315789,kao5ck
12914,2498.4,38.56315789473683,kao5ck
12915,2500.5,38.601052631578916,kao5ck
12916,2502.6,38.597894736842086,kao5ck
12917,2504.7,38.59842105263157,kao5ck
12918,2506.7,38.56368421052631,kao5ck
12919,2508.8,38.522105263157876,kao5ck
12920,2510.9,38.55263157894736,kao5ck
12921,2513.0,38.663684210526306,kao5ck
12922,339.3,37.49157894736842,kao5pem
12923,340.8,36.11157894736843,kao5pem
12924,342.3,35.10473684210526,kao5pem
12925,343.7,34.22894736842105,kao5pem
12926,345.2,33.54315789473684,kao5pem
12927,346.7,32.474736842105266,kao5pem
12928,348.1,32.19,kao5pem
12929,349.6,31.80315789473684,kao5pem
12930,351.1,31.35263157894737,kao5pem
12931,352.5,30.707894736842107,kao5pem
12932,354.0,30.562105263157893,kao5pem
12933,355.5,30.217894736842105,kao5pem
12934,357.0,30.083157894736843,kao5pem
12935,358.4,30.07631578947369,kao5pem
12936,359.9,30.16736842105263,kao5pem
12937,361.4,30.02894736842105,kao5pem
12938,362.8,30.08736842105263,kao5pem
12939,364.3,29.96315789473684,kao5pem
12940,365.8,29.97947368421053,kao5pem
12941,367.2,29.975263157894734,kao5pem
12942,368.7,30.20052631578948,kao5pem
12943,370.1,30.38315789473684,kao5pem
12944,371.6,30.5621052631579,kao5pem
12945,373.1,30.63105263157895,kao5pem
12946,374.5,30.759473684210523,kao5pem
12947,376.0,30.886315789473684,kao5pem
12948,377.5,30.980526315789472,kao5pem
12949,378.9,31.247368421052627,kao5pem
12950,380.4,31.38947368421053,kao5pem
12951,381.9,31.53421052631579,kao5pem
12952,383.3,31.70263157894737,kao5pem
12953,384.8,31.88736842105263,kao5pem
12954,386.2,32.06157894736842,kao5pem
12955,387.7,32.231578947368426,kao5pem
12956,389.2,32.34894736842105,kao5pem
12957,390.6,32.47105263157895,kao5pem
12958,392.1,32.57210526315789,kao5pem
12959,393.6,32.67894736842105,kao5pem
12960,395.0,32.85052631578948,kao5pem
12961,396.5,32.979473684210525,kao5pem
12962,397.9,33.135789473684206,kao5pem
12963,399.4,33.28736842105264,kao5pem
12964,400.9,33.40368421052632,kao5pem
12965,402.3,33.53105263157895,kao5pem
12966,403.8,33.66315789473685,kao5pem
12967,405.2,33.79631578947368,kao5pem
12968,406.7,33.98,kao5pem
12969,408.1,34.09315789473684,kao5pem
12970,409.6,34.26263157894737,kao5pem
12971,411.1,34.415263157894735,kao5pem
12972,412.5,34.58315789473684,kao5pem
12973,414.0,34.78052631578947,kao5pem
12974,415.4,34.962631578947374,kao5pem
12975,416.9,35.149473684210534,kao5pem
12976,418.3,35.36157894736842,kao5pem
12977,419.8,35.58999999999999,kao5pem
12978,421.2,35.805263157894736,kao5pem
12979,422.7,36.03052631578947,kao5pem
12980,424.1,36.255263157894746,kao5pem
12981,425.6,36.485263157894735,kao5pem
12982,427.0,36.69736842105262,kao5pem
12983,428.5,36.922631578947374,kao5pem
12984,429.9,37.16842105263158,kao5pem
12985,431.4,37.40631578947368,kao5pem
12986,432.8,37.65105263157896,kao5pem
12987,434.3,37.88315789473684,kao5pem
12988,435.7,38.12157894736843,kao5pem
12989,437.2,38.345789473684206,kao5pem
12990,438.6,38.57684210526316,kao5pem
12991,440.1,38.81736842105263,kao5pem
12992,441.5,39.0478947368421,kao5pem
12993,443.0,39.27157894736842,kao5pem
12994,444.4,39.502631578947366,kao5pem
12995,445.8,39.72421052631579,kao5pem
12996,447.3,39.95052631578947,kao5pem
12997,448.7,40.175789473684205,kao5pem
12998,450.2,40.39368421052632,kao5pem
12999,451.6,40.612631578947365,kao5pem
13000,453.0,40.82315789473684,kao5pem
13001,454.5,41.04473684210526,kao5pem
13002,455.9,41.265263157894736,kao5pem
13003,457.4,41.46631578947368,kao5pem
13004,458.8,41.66368421052632,kao5pem
13005,460.2,41.85210526315789,kao5pem
13006,461.7,42.0457894736842,kao5pem
13007,463.1,42.23315789473684,kao5pem
13008,464.5,42.413157894736834,kao5pem
13009,466.0,42.58578947368421,kao5pem
13010,467.4,42.7621052631579,kao5pem
13011,468.9,42.930526315789486,kao5pem
13012,470.3,43.0821052631579,kao5pem
13013,471.7,43.2378947368421,kao5pem
13014,473.1,43.38210526315789,kao5pem
13015,474.6,43.53736842105263,kao5pem
13016,476.0,43.696842105263165,kao5pem
13017,477.4,43.858947368421056,kao5pem
13018,478.9,44.01947368421052,kao5pem
13019,480.3,44.18421052631579,kao5pem
13020,481.7,44.33736842105264,kao5pem
13021,483.1,44.50578947368421,kao5pem
13022,484.6,44.68315789473685,kao5pem
13023,486.0,44.85105263157896,kao5pem
13024,487.4,45.02315789473684,kao5pem
13025,488.9,45.17526315789474,kao5pem
13026,490.3,45.328421052631576,kao5pem
13027,491.7,45.48105263157894,kao5pem
13028,493.1,45.62842105263158,kao5pem
13029,494.5,45.79210526315789,kao5pem
13030,496.0,45.939473684210526,kao5pem
13031,497.4,46.078421052631576,kao5pem
13032,498.8,46.22105263157895,kao5pem
13033,500.2,46.361578947368415,kao5pem
13034,501.6,46.50736842105264,kao5pem
13035,503.1,46.64631578947368,kao5pem
13036,504.5,46.787894736842105,kao5pem
13037,505.9,46.93789473684211,kao5pem
13038,507.3,47.08473684210526,kao5pem
13039,508.7,47.23105263157896,kao5pem
13040,510.1,47.37736842105264,kao5pem
13041,511.6,47.52789473684211,kao5pem
13042,513.0,47.67421052631579,kao5pem
13043,514.4,47.82736842105262,kao5pem
13044,515.8,47.976315789473695,kao5pem
13045,517.2,48.12315789473685,kao5pem
13046,518.6,48.265263157894736,kao5pem
13047,520.0,48.41157894736841,kao5pem
13048,521.5,48.54368421052632,kao5pem
13049,522.9,48.67947368421053,kao5pem
13050,524.3,48.814736842105255,kao5pem
13051,525.7,48.95736842105264,kao5pem
13052,527.1,49.10210526315789,kao5pem
13053,528.5,49.22263157894737,kao5pem
13054,529.9,49.33894736842105,kao5pem
13055,531.3,49.46,kao5pem
13056,532.7,49.58052631578947,kao5pem
13057,534.1,49.67842105263158,kao5pem
13058,535.5,49.80736842105263,kao5pem
13059,536.9,49.92052631578947,kao5pem
13060,538.3,50.03157894736843,kao5pem
13061,539.7,50.15157894736842,kao5pem
13062,541.1,50.276315789473685,kao5pem
13063,542.5,50.39947368421053,kao5pem
13064,544.0,50.5178947368421,kao5pem
13065,545.3,50.63947368421052,kao5pem
13066,546.8,50.76789473684211,kao5pem
13067,548.2,50.89736842105263,kao5pem
13068,549.5,50.99368421052631,kao5pem
13069,550.9,51.107894736842105,kao5pem
13070,552.3,51.22052631578947,kao5pem
13071,553.7,51.32052631578947,kao5pem
13072,555.1,51.44631578947369,kao5pem
13073,556.5,51.59157894736842,kao5pem
13074,557.9,51.72526315789474,kao5pem
13075,559.3,51.86368421052632,kao5pem
13076,560.7,51.99,kao5pem
13077,562.1,52.10684210526316,kao5pem
13078,563.5,52.22526315789474,kao5pem
13079,564.9,52.34105263157895,kao5pem
13080,566.3,52.456315789473685,kao5pem
13081,567.7,52.571052631578944,kao5pem
13082,569.1,52.68578947368421,kao5pem
13083,570.5,52.79736842105263,kao5pem
13084,571.8,52.91157894736842,kao5pem
13085,573.2,53.01894736842105,kao5pem
13086,574.6,53.126315789473686,kao5pem
13087,576.0,53.23210526315789,kao5pem
13088,577.4,53.34,kao5pem
13089,578.8,53.44157894736841,kao5pem
13090,580.2,53.54263157894737,kao5pem
13091,581.5,53.63736842105264,kao5pem
13092,582.9,53.73,kao5pem
13093,584.3,53.817894736842106,kao5pem
13094,585.7,53.904210526315794,kao5pem
13095,587.1,53.98894736842105,kao5pem
13096,588.5,54.0721052631579,kao5pem
13097,589.8,54.146842105263154,kao5pem
13098,591.2,54.21631578947369,kao5pem
13099,592.6,54.28,kao5pem
13100,594.0,54.34315789473684,kao5pem
13101,595.4,54.40315789473684,kao5pem
13102,596.7,54.46263157894737,kao5pem
13103,598.1,54.51736842105264,kao5pem
13104,599.5,54.56105263157894,kao5pem
13105,600.9,54.61105263157896,kao5pem
13106,602.2,54.66105263157895,kao5pem
13107,603.6,54.71052631578947,kao5pem
13108,605.0,54.76315789473684,kao5pem
13109,606.4,54.81736842105263,kao5pem
13110,607.7,54.87157894736842,kao5pem
13111,609.1,54.93000000000001,kao5pem
13112,610.5,54.99052631578948,kao5pem
13113,611.9,55.055263157894736,kao5pem
13114,613.2,55.12157894736842,kao5pem
13115,614.6,55.19315789473685,kao5pem
13116,616.0,55.26473684210527,kao5pem
13117,617.3,55.33473684210527,kao5pem
13118,618.7,55.40526315789474,kao5pem
13119,620.1,55.47842105263159,kao5pem
13120,621.5,55.55,kao5pem
13121,622.8,55.625789473684215,kao5pem
13122,624.2,55.69368421052632,kao5pem
13123,625.5,55.760000000000005,kao5pem
13124,626.9,55.8242105263158,kao5pem
13125,628.3,55.88263157894737,kao5pem
13126,629.6,55.93894736842106,kao5pem
13127,631.0,55.99105263157895,kao5pem
13128,632.4,56.03842105263157,kao5pem
13129,633.7,56.08052631578947,kao5pem
13130,635.1,56.11631578947369,kao5pem
13131,636.5,56.14684210526317,kao5pem
13132,637.8,56.17157894736842,kao5pem
13133,639.2,56.18736842105263,kao5pem
13134,640.5,56.194736842105264,kao5pem
13135,641.9,56.18894736842105,kao5pem
13136,643.2,56.16578947368421,kao5pem
13137,644.6,56.143157894736845,kao5pem
13138,646.0,56.10631578947368,kao5pem
13139,647.3,56.05052631578948,kao5pem
13140,648.7,55.98736842105263,kao5pem
13141,650.0,55.92894736842104,kao5pem
13142,651.4,55.86947368421051,kao5pem
13143,652.7,55.79315789473685,kao5pem
13144,654.1,55.67631578947368,kao5pem
13145,655.4,55.56315789473683,kao5pem
13146,656.8,55.46894736842105,kao5pem
13147,658.1,55.374210526315785,kao5pem
13148,659.5,55.27263157894737,kao5pem
13149,660.8,55.21052631578947,kao5pem
13150,662.2,55.12736842105262,kao5pem
13151,663.5,55.06052631578947,kao5pem
13152,664.9,55.0263157894737,kao5pem
13153,666.2,55.02263157894737,kao5pem
13154,667.6,55.038947368421056,kao5pem
13155,668.9,55.08894736842105,kao5pem
13156,670.3,55.19631578947369,kao5pem
13157,671.6,55.33473684210527,kao5pem
13158,673.0,55.47631578947368,kao5pem
13159,674.3,55.63157894736842,kao5pem
13160,675.6,55.80736842105263,kao5pem
13161,677.0,55.98736842105263,kao5pem
13162,678.3,56.17473684210527,kao5pem
13163,679.7,56.3821052631579,kao5pem
13164,681.0,56.58263157894736,kao5pem
13165,682.3,56.77315789473685,kao5pem
13166,683.7,56.961052631578944,kao5pem
13167,685.0,57.14157894736842,kao5pem
13168,686.4,57.3221052631579,kao5pem
13169,687.7,57.49105263157895,kao5pem
13170,689.0,57.65473684210527,kao5pem
13171,690.4,57.81052631578947,kao5pem
13172,691.7,57.955789473684206,kao5pem
13173,693.0,58.103157894736846,kao5pem
13174,694.4,58.24736842105262,kao5pem
13175,695.7,58.3878947368421,kao5pem
13176,697.0,58.533157894736846,kao5pem
13177,698.4,58.67526315789475,kao5pem
13178,699.7,58.81368421052632,kao5pem
13179,701.0,58.96052631578947,kao5pem
13180,702.4,59.10052631578948,kao5pem
13181,703.7,59.24736842105262,kao5pem
13182,705.0,59.38736842105264,kao5pem
13183,706.3,59.531578947368416,kao5pem
13184,707.7,59.66736842105264,kao5pem
13185,709.0,59.8021052631579,kao5pem
13186,710.3,59.93736842105263,kao5pem
13187,711.6,60.06684210526316,kao5pem
13188,713.0,60.19263157894737,kao5pem
13189,714.3,60.3163157894737,kao5pem
13190,715.6,60.436842105263146,kao5pem
13191,716.9,60.555263157894736,kao5pem
13192,718.2,60.67421052631579,kao5pem
13193,719.6,60.78684210526316,kao5pem
13194,720.9,60.89631578947368,kao5pem
13195,722.2,60.99842105263158,kao5pem
13196,723.5,61.107894736842105,kao5pem
13197,724.8,61.20789473684211,kao5pem
13198,726.2,61.31,kao5pem
13199,727.5,61.41368421052632,kao5pem
13200,728.8,61.5078947368421,kao5pem
13201,730.1,61.60526315789474,kao5pem
13202,731.4,61.69421052631579,kao5pem
13203,732.7,61.78473684210525,kao5pem
13204,734.0,61.876315789473686,kao5pem
13205,735.3,61.97368421052632,kao5pem
13206,736.7,62.05894736842104,kao5pem
13207,738.0,62.14157894736842,kao5pem
13208,739.3,62.21631578947368,kao5pem
13209,740.6,62.292631578947365,kao5pem
13210,741.9,62.367368421052646,kao5pem
13211,743.2,62.44315789473685,kao5pem
13212,744.5,62.5178947368421,kao5pem
13213,745.8,62.59526315789475,kao5pem
13214,747.1,62.67052631578947,kao5pem
13215,748.4,62.74526315789474,kao5pem
13216,749.7,62.81578947368421,kao5pem
13217,751.0,62.88263157894738,kao5pem
13218,752.3,62.95157894736843,kao5pem
13219,753.6,63.01631578947368,kao5pem
13220,754.9,63.08263157894736,kao5pem
13221,756.2,63.14842105263159,kao5pem
13222,757.5,63.21684210526316,kao5pem
13223,758.8,63.28,kao5pem
13224,760.1,63.34526315789475,kao5pem
13225,761.4,63.404210526315794,kao5pem
13226,762.7,63.4642105263158,kao5pem
13227,764.0,63.52526315789473,kao5pem
13228,765.3,63.584210526315786,kao5pem
13229,766.6,63.64473684210526,kao5pem
13230,767.9,63.70578947368421,kao5pem
13231,769.2,63.7678947368421,kao5pem
13232,770.4,63.82473684210525,kao5pem
13233,771.7,63.882105263157904,kao5pem
13234,773.0,63.936315789473696,kao5pem
13235,774.3,63.99315789473684,kao5pem
13236,775.6,64.04947368421051,kao5pem
13237,776.9,64.10105263157895,kao5pem
13238,778.2,64.15578947368421,kao5pem
13239,779.4,64.20631578947368,kao5pem
13240,780.7,64.25684210526315,kao5pem
13241,782.0,64.3136842105263,kao5pem
13242,783.3,64.36052631578949,kao5pem
13243,784.5,64.41368421052631,kao5pem
13244,785.8,64.46473684210525,kao5pem
13245,787.1,64.51631578947368,kao5pem
13246,788.4,64.56263157894738,kao5pem
13247,789.7,64.61526315789474,kao5pem
13248,790.9,64.65631578947368,kao5pem
13249,792.2,64.70526315789473,kao5pem
13250,793.5,64.75526315789475,kao5pem
13251,794.8,64.79368421052632,kao5pem
13252,796.0,64.84473684210526,kao5pem
13253,797.3,64.89421052631577,kao5pem
13254,798.5,64.9378947368421,kao5pem
13255,799.8,64.9821052631579,kao5pem
13256,801.1,65.02947368421053,kao5pem
13257,802.3,65.07368421052632,kao5pem
13258,803.6,65.11947368421052,kao5pem
13259,804.9,65.15894736842102,kao5pem
13260,806.1,65.1957894736842,kao5pem
13261,807.4,65.23631578947368,kao5pem
13262,808.7,65.28052631578949,kao5pem
13263,809.9,65.32368421052631,kao5pem
13264,811.2,65.36315789473683,kao5pem
13265,812.4,65.39736842105263,kao5pem
13266,813.7,65.4342105263158,kao5pem
13267,815.0,65.4642105263158,kao5pem
13268,816.2,65.50157894736843,kao5pem
13269,817.5,65.54210526315791,kao5pem
13270,818.7,65.57473684210527,kao5pem
13271,820.0,65.61631578947369,kao5pem
13272,821.2,65.65210526315789,kao5pem
13273,822.5,65.67736842105262,kao5pem
13274,823.7,65.70263157894736,kao5pem
13275,825.0,65.74684210526317,kao5pem
13276,826.2,65.77368421052631,kao5pem
13277,827.5,65.80736842105263,kao5pem
13278,828.7,65.84578947368422,kao5pem
13279,829.9,65.86157894736843,kao5pem
13280,831.2,65.8878947368421,kao5pem
13281,832.4,65.91526315789474,kao5pem
13282,833.7,65.94842105263157,kao5pem
13283,834.9,65.98526315789475,kao5pem
13284,836.1,66.0142105263158,kao5pem
13285,837.4,66.03684210526315,kao5pem
13286,838.6,66.04947368421051,kao5pem
13287,839.8,66.07894736842105,kao5pem
13288,841.1,66.10210526315791,kao5pem
13289,842.3,66.13315789473684,kao5pem
13290,843.5,66.1642105263158,kao5pem
13291,844.8,66.1921052631579,kao5pem
13292,846.0,66.21684210526317,kao5pem
13293,847.2,66.23631578947368,kao5pem
13294,848.5,66.2478947368421,kao5pem
13295,849.7,66.27736842105261,kao5pem
13296,850.9,66.30105263157895,kao5pem
13297,852.2,66.31736842105263,kao5pem
13298,853.4,66.35526315789475,kao5pem
13299,854.6,66.36,kao5pem
13300,855.8,66.39421052631577,kao5pem
13301,857.0,66.41947368421054,kao5pem
13302,858.3,66.43526315789474,kao5pem
13303,859.5,66.46,kao5pem
13304,860.7,66.47631578947369,kao5pem
13305,861.9,66.50210526315789,kao5pem
13306,863.1,66.51684210526315,kao5pem
13307,864.3,66.5442105263158,kao5pem
13308,865.5,66.55684210526316,kao5pem
13309,866.8,66.57842105263157,kao5pem
13310,868.0,66.60105263157894,kao5pem
13311,869.2,66.61736842105263,kao5pem
13312,870.4,66.63315789473684,kao5pem
13313,871.6,66.64526315789472,kao5pem
13314,872.8,66.66736842105263,kao5pem
13315,874.0,66.68631578947368,kao5pem
13316,875.2,66.72052631578947,kao5pem
13317,876.4,66.74736842105263,kao5pem
13318,877.6,66.75842105263159,kao5pem
13319,878.8,66.76210526315789,kao5pem
13320,880.0,66.77157894736843,kao5pem
13321,881.2,66.78421052631579,kao5pem
13322,882.4,66.8078947368421,kao5pem
13323,883.6,66.83631578947367,kao5pem
13324,884.8,66.84631578947366,kao5pem
13325,886.0,66.86473684210526,kao5pem
13326,887.2,66.86789473684212,kao5pem
13327,888.4,66.88842105263159,kao5pem
13328,889.6,66.90473684210527,kao5pem
13329,890.8,66.93315789473684,kao5pem
13330,892.0,66.94684210526316,kao5pem
13331,893.2,66.95578947368422,kao5pem
13332,894.3,66.97052631578947,kao5pem
13333,895.5,66.98421052631579,kao5pem
13334,896.7,66.99684210526316,kao5pem
13335,897.9,67.01631578947368,kao5pem
13336,899.1,67.0278947368421,kao5pem
13337,900.3,67.03105263157894,kao5pem
13338,901.5,67.07,kao5pem
13339,902.6,67.06894736842105,kao5pem
13340,903.8,67.08526315789473,kao5pem
13341,905.0,67.0757894736842,kao5pem
13342,906.2,67.10105263157897,kao5pem
13343,907.4,67.07842105263157,kao5pem
13344,908.5,67.0957894736842,kao5pem
13345,909.7,67.11105263157894,kao5pem
13346,910.9,67.13157894736841,kao5pem
13347,912.1,67.15052631578946,kao5pem
13348,913.2,67.14052631578947,kao5pem
13349,914.4,67.1521052631579,kao5pem
13350,915.6,67.16842105263157,kao5pem
13351,916.8,67.1778947368421,kao5pem
13352,917.9,67.20473684210526,kao5pem
13353,919.1,67.22526315789474,kao5pem
13354,920.2,67.24315789473684,kao5pem
13355,921.4,67.25421052631579,kao5pem
13356,922.6,67.27210526315788,kao5pem
13357,923.8,67.2721052631579,kao5pem
13358,924.9,67.28315789473685,kao5pem
13359,926.1,67.29947368421053,kao5pem
13360,927.2,67.31947368421051,kao5pem
13361,928.4,67.32631578947368,kao5pem
13362,929.6,67.3357894736842,kao5pem
13363,930.7,67.33157894736843,kao5pem
13364,931.9,67.3436842105263,kao5pem
13365,933.0,67.3673684210526,kao5pem
13366,934.2,67.35842105263157,kao5pem
13367,935.3,67.37263157894738,kao5pem
13368,936.5,67.38,kao5pem
13369,937.7,67.36,kao5pem
13370,938.8,67.37263157894739,kao5pem
13371,940.0,67.3721052631579,kao5pem
13372,941.1,67.37157894736842,kao5pem
13373,942.3,67.39578947368422,kao5pem
13374,943.4,67.39052631578947,kao5pem
13375,944.6,67.4021052631579,kao5pem
13376,945.7,67.39105263157894,kao5pem
13377,946.9,67.35894736842106,kao5pem
13378,948.0,67.32947368421051,kao5pem
13379,949.2,67.32263157894737,kao5pem
13380,950.3,67.33631578947367,kao5pem
13381,951.5,67.36473684210527,kao5pem
13382,952.6,67.35,kao5pem
13383,953.8,67.33736842105263,kao5pem
13384,954.9,67.34000000000002,kao5pem
13385,956.1,67.33736842105263,kao5pem
13386,957.2,67.32473684210527,kao5pem
13387,958.3,67.38947368421053,kao5pem
13388,959.5,67.40947368421052,kao5pem
13389,960.6,67.42473684210528,kao5pem
13390,961.8,67.44894736842105,kao5pem
13391,962.9,67.39947368421053,kao5pem
13392,964.1,67.28631578947368,kao5pem
13393,965.2,67.15842105263157,kao5pem
13394,966.3,67.04052631578948,kao5pem
13395,967.5,67.0784210526316,kao5pem
13396,968.6,67.22631578947369,kao5pem
13397,969.8,67.41631578947369,kao5pem
13398,970.9,67.53473684210527,kao5pem
13399,972.1,67.59263157894736,kao5pem
13400,973.2,67.62,kao5pem
13401,974.3,67.64052631578947,kao5pem
13402,975.5,67.63315789473684,kao5pem
13403,976.6,67.69842105263157,kao5pem
13404,977.8,67.66684210526314,kao5pem
13405,978.9,67.67842105263158,kao5pem
13406,980.0,67.7015789473684,kao5pem
13407,981.2,67.67263157894736,kao5pem
13408,982.3,67.67894736842106,kao5pem
13409,983.5,67.66684210526316,kao5pem
13410,984.6,67.71315789473684,kao5pem
13411,985.7,67.60052631578947,kao5pem
13412,986.9,67.67684210526313,kao5pem
13413,988.0,67.66052631578947,kao5pem
13414,989.1,67.64105263157894,kao5pem
13415,992.0,67.95894736842105,kao5pem
13416,995.9,67.99157894736844,kao5pem
13417,999.7,68.00263157894737,kao5pem
13418,1003.6,68.0521052631579,kao5pem
13419,1007.4,68.09631578947368,kao5pem
13420,1011.3,68.13999999999999,kao5pem
13421,1015.1,68.17736842105265,kao5pem
13422,1019.0,68.19263157894738,kao5pem
13423,1022.8,68.21105263157895,kao5pem
13424,1026.7,68.23526315789474,kao5pem
13425,1030.5,68.26736842105264,kao5pem
13426,1034.4,68.26473684210526,kao5pem
13427,1038.2,68.30631578947369,kao5pem
13428,1042.1,68.34368421052632,kao5pem
13429,1045.9,68.35631578947368,kao5pem
13430,1049.7,68.39052631578947,kao5pem
13431,1053.6,68.36578947368422,kao5pem
13432,1057.4,68.43947368421054,kao5pem
13433,1061.2,68.45263157894736,kao5pem
13434,1065.1,68.46052631578948,kao5pem
13435,1068.9,68.5078947368421,kao5pem
13436,1072.7,68.54105263157896,kao5pem
13437,1076.6,68.53736842105262,kao5pem
13438,1080.4,68.55684210526317,kao5pem
13439,1084.2,68.56421052631579,kao5pem
13440,1088.0,68.59157894736842,kao5pem
13441,1091.8,68.61473684210526,kao5pem
13442,1095.7,68.64526315789475,kao5pem
13443,1099.5,68.65315789473686,kao5pem
13444,1103.3,68.66473684210526,kao5pem
13445,1107.1,68.67421052631579,kao5pem
13446,1110.9,68.68263157894738,kao5pem
13447,1114.8,68.69894736842106,kao5pem
13448,1118.6,68.68947368421053,kao5pem
13449,1122.4,68.71894736842104,kao5pem
13450,1126.2,68.74000000000002,kao5pem
13451,1130.0,68.74210526315788,kao5pem
13452,1133.8,68.74578947368421,kao5pem
13453,1137.6,68.76315789473684,kao5pem
13454,1141.4,68.78526315789475,kao5pem
13455,1145.2,68.75473684210527,kao5pem
13456,1149.0,68.73263157894739,kao5pem
13457,1152.8,68.7242105263158,kao5pem
13458,1156.6,68.74368421052631,kao5pem
13459,1160.4,68.75736842105262,kao5pem
13460,1164.2,68.81947368421055,kao5pem
13461,1168.0,68.83473684210526,kao5pem
13462,1171.8,68.87947368421051,kao5pem
13463,1175.6,68.89736842105263,kao5pem
13464,1179.4,68.89842105263159,kao5pem
13465,1183.2,68.86842105263159,kao5pem
13466,1187.0,68.88999999999999,kao5pem
13467,1190.7,68.91947368421052,kao5pem
13468,1194.5,68.92,kao5pem
13469,1198.3,68.94263157894737,kao5pem
13470,1202.1,68.90421052631578,kao5pem
13471,1205.9,68.85578947368421,kao5pem
13472,1209.7,68.86210526315789,kao5pem
13473,1213.4,68.84105263157893,kao5pem
13474,1217.2,68.80947368421053,kao5pem
13475,1221.0,68.77263157894735,kao5pem
13476,1224.8,68.71526315789474,kao5pem
13477,1228.5,68.65736842105264,kao5pem
13478,1232.3,68.60894736842106,kao5pem
13479,1236.1,68.56894736842106,kao5pem
13480,1239.8,68.53263157894737,kao5pem
13481,1243.6,68.60210526315788,kao5pem
13482,1247.4,68.65421052631581,kao5pem
13483,1251.1,68.66368421052633,kao5pem
13484,1254.9,68.73473684210526,kao5pem
13485,1258.7,68.77894736842106,kao5pem
13486,1262.4,68.80105263157895,kao5pem
13487,1266.2,68.78894736842105,kao5pem
13488,1269.9,68.76842105263158,kao5pem
13489,1273.7,68.75157894736843,kao5pem
13490,1277.4,68.71947368421051,kao5pem
13491,1281.2,68.6457894736842,kao5pem
13492,1284.9,68.47526315789473,kao5pem
13493,1288.7,68.37,kao5pem
13494,1292.4,68.19473684210526,kao5pem
13495,1296.2,68.10000000000001,kao5pem
13496,1299.9,67.9536842105263,kao5pem
13497,1303.7,67.84842105263158,kao5pem
13498,1307.4,67.74526315789474,kao5pem
13499,1311.2,67.67368421052632,kao5pem
13500,1314.9,67.58842105263157,kao5pem
13501,1318.7,67.50421052631579,kao5pem
13502,1322.4,67.37894736842105,kao5pem
13503,1326.1,67.2857894736842,kao5pem
13504,1329.9,67.21315789473684,kao5pem
13505,1333.6,67.14842105263158,kao5pem
13506,1337.3,67.11947368421053,kao5pem
13507,1341.1,67.03578947368422,kao5pem
13508,1344.8,66.80578947368421,kao5pem
13509,1348.5,66.41842105263159,kao5pem
13510,1352.2,65.98421052631579,kao5pem
13511,1356.0,65.6342105263158,kao5pem
13512,1359.7,65.47210526315789,kao5pem
13513,1363.4,65.37842105263158,kao5pem
13514,1367.1,65.3478947368421,kao5pem
13515,1370.8,65.11736842105263,kao5pem
13516,1374.6,64.6778947368421,kao5pem
13517,1378.3,63.99210526315789,kao5pem
13518,1382.0,63.00684210526316,kao5pem
13519,1385.7,61.6057894736842,kao5pem
13520,1389.4,60.06684210526316,kao5pem
13521,1393.1,58.92947368421053,kao5pem
13522,1396.8,58.423684210526325,kao5pem
13523,1400.5,58.54473684210526,kao5pem
13524,1404.2,58.663157894736834,kao5pem
13525,1407.9,57.74210526315789,kao5pem
13526,1411.7,57.56894736842106,kao5pem
13527,1415.4,58.40263157894737,kao5pem
13528,1419.1,60.755263157894746,kao5pem
13529,1422.8,63.05157894736842,kao5pem
13530,1426.4,64.39421052631579,kao5pem
13531,1430.2,65.2163157894737,kao5pem
13532,1433.8,65.73315789473685,kao5pem
13533,1437.5,66.05315789473686,kao5pem
13534,1441.2,66.22999999999999,kao5pem
13535,1444.9,66.35157894736841,kao5pem
13536,1448.6,66.41947368421052,kao5pem
13537,1452.3,66.4942105263158,kao5pem
13538,1456.0,66.53421052631579,kao5pem
13539,1459.7,66.59473684210528,kao5pem
13540,1463.3,66.57157894736842,kao5pem
13541,1467.0,66.6557894736842,kao5pem
13542,1470.7,66.6715789473684,kao5pem
13543,1474.4,66.71052631578948,kao5pem
13544,1478.1,66.73421052631579,kao5pem
13545,1481.7,66.82789473684211,kao5pem
13546,1485.4,66.87473684210526,kao5pem
13547,1489.1,66.89684210526315,kao5pem
13548,1492.8,66.92842105263158,kao5pem
13549,1496.4,66.96894736842104,kao5pem
13550,1500.1,67.01947368421054,kao5pem
13551,1503.8,67.07052631578948,kao5pem
13552,1507.4,67.1178947368421,kao5pem
13553,1511.1,67.16894736842104,kao5pem
13554,1514.7,67.2257894736842,kao5pem
13555,1518.4,67.2636842105263,kao5pem
13556,1522.1,67.29684210526317,kao5pem
13557,1525.7,67.33894736842106,kao5pem
13558,1529.4,67.36631578947369,kao5pem
13559,1533.0,67.3957894736842,kao5pem
13560,1536.7,67.42473684210526,kao5pem
13561,1540.3,67.45,kao5pem
13562,1544.0,67.47999999999999,kao5pem
13563,1547.6,67.49368421052631,kao5pem
13564,1551.3,67.52684210526317,kao5pem
13565,1554.9,67.56000000000002,kao5pem
13566,1558.6,67.55578947368421,kao5pem
13567,1562.2,67.58473684210526,kao5pem
13568,1565.8,67.59473684210528,kao5pem
13569,1569.5,67.60473684210527,kao5pem
13570,1573.1,67.63,kao5pem
13571,1576.8,67.63526315789473,kao5pem
13572,1580.4,67.65526315789472,kao5pem
13573,1584.0,67.66473684210526,kao5pem
13574,1587.7,67.70052631578947,kao5pem
13575,1591.3,67.71999999999998,kao5pem
13576,1594.9,67.73789473684211,kao5pem
13577,1598.5,67.75578947368422,kao5pem
13578,1602.2,67.78210526315789,kao5pem
13579,1605.8,67.78157894736842,kao5pem
13580,1609.4,67.82105263157894,kao5pem
13581,1613.0,67.83684210526316,kao5pem
13582,1616.7,67.86,kao5pem
13583,1620.3,67.8657894736842,kao5pem
13584,1623.9,67.86368421052632,kao5pem
13585,1627.5,67.8821052631579,kao5pem
13586,1631.1,67.88789473684211,kao5pem
13587,1634.7,67.89736842105265,kao5pem
13588,1638.3,67.92052631578947,kao5pem
13589,1641.9,67.91947368421053,kao5pem
13590,1645.6,67.91052631578948,kao5pem
13591,1649.2,67.91368421052633,kao5pem
13592,1652.8,67.91789473684211,kao5pem
13593,1656.4,67.88210526315791,kao5pem
13594,1660.0,67.86947368421053,kao5pem
13595,1663.6,67.84736842105262,kao5pem
13596,1667.2,67.80631578947367,kao5pem
13597,1670.8,67.79263157894736,kao5pem
13598,1674.4,67.76052631578948,kao5pem
13599,1678.0,67.72894736842105,kao5pem
13600,1681.6,67.67526315789475,kao5pem
13601,1685.1,67.65263157894738,kao5pem
13602,1688.7,67.63105263157895,kao5pem
13603,1692.3,67.59736842105261,kao5pem
13604,1695.9,67.56210526315789,kao5pem
13605,1699.5,67.53157894736842,kao5pem
13606,1703.1,67.50210526315789,kao5pem
13607,1706.7,67.48473684210526,kao5pem
13608,1710.2,67.44526315789474,kao5pem
13609,1713.8,67.38684210526317,kao5pem
13610,1717.4,67.34052631578945,kao5pem
13611,1721.0,67.25263157894737,kao5pem
13612,1724.5,67.19157894736843,kao5pem
13613,1728.1,67.12894736842105,kao5pem
13614,1731.7,67.15157894736842,kao5pem
13615,1735.2,67.14263157894737,kao5pem
13616,1738.8,67.11315789473683,kao5pem
13617,1742.4,67.07947368421051,kao5pem
13618,1745.9,67.03842105263156,kao5pem
13619,1749.5,67.01315789473684,kao5pem
13620,1753.1,66.9521052631579,kao5pem
13621,1756.6,66.89368421052633,kao5pem
13622,1760.2,66.81157894736842,kao5pem
13623,1763.8,66.8,kao5pem
13624,1767.3,66.74473684210525,kao5pem
13625,1770.9,66.69368421052631,kao5pem
13626,1774.4,66.66526315789476,kao5pem
13627,1778.0,66.59526315789473,kao5pem
13628,1781.5,66.54736842105262,kao5pem
13629,1785.1,66.47947368421052,kao5pem
13630,1788.6,66.42631578947369,kao5pem
13631,1792.1,66.40789473684212,kao5pem
13632,1795.7,66.37368421052633,kao5pem
13633,1799.2,66.35,kao5pem
13634,1802.8,66.28894736842103,kao5pem
13635,1806.3,66.26894736842105,kao5pem
13636,1809.8,66.23578947368419,kao5pem
13637,1813.4,66.16526315789474,kao5pem
13638,1816.9,66.16578947368421,kao5pem
13639,1820.4,66.12631578947371,kao5pem
13640,1824.0,66.20368421052632,kao5pem
13641,1827.5,66.25842105263158,kao5pem
13642,1831.0,66.31052631578947,kao5pem
13643,1834.6,66.28894736842105,kao5pem
13644,1838.1,66.25842105263158,kao5pem
13645,1841.6,66.24684210526316,kao5pem
13646,1845.1,66.31684210526316,kao5pem
13647,1848.6,66.42157894736842,kao5pem
13648,1852.2,66.5463157894737,kao5pem
13649,1855.7,66.58842105263159,kao5pem
13650,1859.2,66.62105263157896,kao5pem
13651,1862.7,66.57105263157897,kao5pem
13652,1866.2,66.41263157894737,kao5pem
13653,1869.7,66.23263157894738,kao5pem
13654,1873.2,66.0442105263158,kao5pem
13655,1876.7,65.84368421052632,kao5pem
13656,1880.2,65.56789473684209,kao5pem
13657,1883.7,65.22894736842106,kao5pem
13658,1887.2,64.77526315789474,kao5pem
13659,1890.7,64.23578947368422,kao5pem
13660,1894.2,63.64578947368421,kao5pem
13661,1897.7,63.01789473684209,kao5pem
13662,1902.7,61.794210526315794,kao5pem
13663,1905.5,61.4078947368421,kao5pem
13664,1908.2,61.135789473684206,kao5pem
13665,1911.0,60.86736842105263,kao5pem
13666,1913.7,60.585789473684216,kao5pem
13667,1916.5,60.3742105263158,kao5pem
13668,1919.2,60.23,kao5pem
13669,1921.9,60.10473684210526,kao5pem
13670,1924.7,59.97684210526315,kao5pem
13671,1927.4,59.9078947368421,kao5pem
13672,1930.1,59.861578947368415,kao5pem
13673,1932.9,59.8278947368421,kao5pem
13674,1935.6,59.80157894736842,kao5pem
13675,1938.3,59.79842105263158,kao5pem
13676,1941.0,59.82315789473684,kao5pem
13677,1943.7,59.88,kao5pem
13678,1946.4,59.94473684210525,kao5pem
13679,1949.2,60.0078947368421,kao5pem
13680,1951.9,60.08315789473685,kao5pem
13681,1954.6,60.19315789473685,kao5pem
13682,1957.3,60.28684210526317,kao5pem
13683,1960.0,60.39052631578948,kao5pem
13684,1962.7,60.514210526315786,kao5pem
13685,1965.4,60.63000000000002,kao5pem
13686,1968.1,60.73263157894737,kao5pem
13687,1970.7,60.86421052631578,kao5pem
13688,1973.4,60.98263157894737,kao5pem
13689,1976.1,61.09473684210526,kao5pem
13690,1978.8,61.2278947368421,kao5pem
13691,1981.5,61.36473684210527,kao5pem
13692,1984.1,61.49105263157895,kao5pem
13693,1986.8,61.61684210526316,kao5pem
13694,1989.5,61.74894736842104,kao5pem
13695,1992.1,61.86894736842106,kao5pem
13696,1994.8,61.99,kao5pem
13697,1997.5,62.09947368421052,kao5pem
13698,2000.1,62.21789473684211,kao5pem
13699,2002.8,62.334210526315786,kao5pem
13700,2005.4,62.44842105263158,kao5pem
13701,2008.1,62.58315789473684,kao5pem
13702,2010.7,62.70842105263158,kao5pem
13703,2013.4,62.80736842105264,kao5pem
13704,2016.0,62.877894736842094,kao5pem
13705,2018.6,62.96631578947368,kao5pem
13706,2021.3,63.05052631578948,kao5pem
13707,2023.9,63.09578947368422,kao5pem
13708,2026.5,63.14947368421052,kao5pem
13709,2029.2,63.20894736842106,kao5pem
13710,2031.8,63.236315789473686,kao5pem
13711,2034.4,63.25473684210526,kao5pem
13712,2037.0,63.27789473684211,kao5pem
13713,2039.7,63.27421052631578,kao5pem
13714,2042.3,63.26105263157895,kao5pem
13715,2044.9,63.23684210526316,kao5pem
13716,2047.5,63.21315789473684,kao5pem
13717,2050.1,63.20052631578948,kao5pem
13718,2052.7,63.163157894736834,kao5pem
13719,2055.3,63.13736842105264,kao5pem
13720,2057.9,63.12157894736843,kao5pem
13721,2060.5,63.09947368421052,kao5pem
13722,2063.1,63.06210526315789,kao5pem
13723,2065.7,63.018947368421045,kao5pem
13724,2068.3,62.962105263157895,kao5pem
13725,2070.9,62.9057894736842,kao5pem
13726,2073.4,62.84473684210526,kao5pem
13727,2076.0,62.80052631578946,kao5pem
13728,2078.6,62.74842105263158,kao5pem
13729,2081.2,62.66473684210524,kao5pem
13730,2083.7,62.57368421052631,kao5pem
13731,2086.3,62.49368421052633,kao5pem
13732,2088.9,62.43631578947368,kao5pem
13733,2091.4,62.40736842105263,kao5pem
13734,2094.0,62.37684210526315,kao5pem
13735,2096.6,62.3478947368421,kao5pem
13736,2099.1,62.31631578947368,kao5pem
13737,2101.6,62.24473684210528,kao5pem
13738,2104.2,62.128947368421045,kao5pem
13739,2106.8,61.966842105263154,kao5pem
13740,2109.3,61.80473684210527,kao5pem
13741,2111.8,61.666315789473686,kao5pem
13742,2114.4,61.59263157894737,kao5pem
13743,2116.9,61.56526315789473,kao5pem
13744,2119.4,61.525263157894734,kao5pem
13745,2122.0,61.452631578947376,kao5pem
13746,2124.5,61.31631578947368,kao5pem
13747,2127.0,61.173684210526325,kao5pem
13748,2129.6,60.98736842105264,kao5pem
13749,2132.1,60.694736842105264,kao5pem
13750,2134.6,60.30263157894738,kao5pem
13751,2137.1,59.819473684210536,kao5pem
13752,2139.6,59.17947368421052,kao5pem
13753,2142.1,58.369473684210526,kao5pem
13754,2144.6,57.40157894736843,kao5pem
13755,2147.1,56.401578947368414,kao5pem
13756,2149.6,55.42473684210526,kao5pem
13757,2152.1,54.486315789473686,kao5pem
13758,2154.6,53.65105263157896,kao5pem
13759,2157.1,52.9878947368421,kao5pem
13760,2159.6,52.47842105263158,kao5pem
13761,2162.1,52.13421052631579,kao5pem
13762,2164.6,51.92157894736842,kao5pem
13763,2167.1,51.81684210526315,kao5pem
13764,2169.6,51.76473684210526,kao5pem
13765,2172.0,51.775789473684206,kao5pem
13766,2174.5,51.79631578947369,kao5pem
13767,2177.0,51.76315789473684,kao5pem
13768,2179.4,51.67684210526316,kao5pem
13769,2181.9,51.50631578947368,kao5pem
13770,2184.4,51.220000000000006,kao5pem
13771,2186.8,50.85842105263158,kao5pem
13772,2189.3,50.48052631578948,kao5pem
13773,2191.7,50.10052631578947,kao5pem
13774,2194.2,49.67526315789473,kao5pem
13775,2196.6,49.0478947368421,kao5pem
13776,2199.1,48.12157894736842,kao5pem
13777,2201.5,46.99473684210526,kao5pem
13778,2204.0,46.04,kao5pem
13779,2206.4,45.74947368421053,kao5pem
13780,2208.9,46.32210526315789,kao5pem
13781,2211.3,47.54578947368421,kao5pem
13782,2213.7,49.03684210526316,kao5pem
13783,2216.1,50.47684210526316,kao5pem
13784,2218.6,51.77052631578948,kao5pem
13785,2221.0,52.86578947368421,kao5pem
13786,2223.4,53.71526315789473,kao5pem
13787,2225.8,54.36473684210527,kao5pem
13788,2228.2,54.87684210526315,kao5pem
13789,2230.6,55.218947368421055,kao5pem
13790,2233.1,55.44631578947369,kao5pem
13791,2235.5,55.614210526315794,kao5pem
13792,2237.9,55.74842105263158,kao5pem
13793,2240.3,55.82578947368421,kao5pem
13794,2242.7,55.86473684210527,kao5pem
13795,2245.1,55.89052631578948,kao5pem
13796,2247.5,55.88631578947368,kao5pem
13797,2249.9,55.87105263157895,kao5pem
13798,2252.2,55.82631578947369,kao5pem
13799,2254.6,55.740526315789474,kao5pem
13800,2257.0,55.64157894736842,kao5pem
13801,2259.4,55.54631578947369,kao5pem
13802,2261.8,55.42421052631579,kao5pem
13803,2264.1,55.30105263157895,kao5pem
13804,2266.5,55.16789473684211,kao5pem
13805,2268.9,55.02368421052632,kao5pem
13806,2271.2,54.845789473684206,kao5pem
13807,2273.6,54.65684210526316,kao5pem
13808,2276.0,54.485263157894735,kao5pem
13809,2278.3,54.317894736842106,kao5pem
13810,2280.7,54.13842105263157,kao5pem
13811,2283.0,53.99052631578948,kao5pem
13812,2285.4,53.83736842105263,kao5pem
13813,2287.7,53.69105263157895,kao5pem
13814,2290.1,53.55157894736842,kao5pem
13815,2292.4,53.43368421052632,kao5pem
13816,2294.8,53.27894736842106,kao5pem
13817,2297.1,53.10157894736842,kao5pem
13818,2299.4,52.932631578947365,kao5pem
13819,2301.8,52.75631578947369,kao5pem
13820,2304.1,52.52421052631579,kao5pem
13821,2306.4,52.282631578947374,kao5pem
13822,2308.7,52.07105263157895,kao5pem
13823,2311.1,51.90263157894736,kao5pem
13824,2313.4,51.79631578947368,kao5pem
13825,2315.7,51.73894736842105,kao5pem
13826,2318.0,51.6778947368421,kao5pem
13827,2320.3,51.62631578947368,kao5pem
13828,2322.6,51.62263157894736,kao5pem
13829,2324.9,51.635263157894734,kao5pem
13830,2327.2,51.701578947368425,kao5pem
13831,2329.5,51.78526315789473,kao5pem
13832,2331.8,51.86736842105263,kao5pem
13833,2334.1,51.89578947368421,kao5pem
13834,2336.4,51.90736842105264,kao5pem
13835,2338.7,51.86526315789473,kao5pem
13836,2341.0,51.77,kao5pem
13837,2343.2,51.61368421052632,kao5pem
13838,2345.5,51.41894736842105,kao5pem
13839,2347.8,51.25105263157894,kao5pem
13840,2350.1,51.095263157894735,kao5pem
13841,2352.4,50.94157894736843,kao5pem
13842,2354.6,50.83105263157895,kao5pem
13843,2356.9,50.774736842105256,kao5pem
13844,2359.1,50.73578947368421,kao5pem
13845,2361.4,50.712105263157895,kao5pem
13846,2363.7,50.68421052631579,kao5pem
13847,2365.9,50.6278947368421,kao5pem
13848,2368.2,50.48315789473684,kao5pem
13849,2370.4,50.2542105263158,kao5pem
13850,2372.7,50.03947368421052,kao5pem
13851,2374.9,49.844736842105256,kao5pem
13852,2377.2,49.64421052631579,kao5pem
13853,2379.4,49.49736842105264,kao5pem
13854,2381.6,49.4078947368421,kao5pem
13855,2383.9,49.415263157894735,kao5pem
13856,2386.1,49.49105263157895,kao5pem
13857,2388.3,49.62421052631579,kao5pem
13858,2390.6,49.79684210526316,kao5pem
13859,2392.8,49.98842105263159,kao5pem
13860,2395.0,50.17684210526316,kao5pem
13861,2397.2,50.352105263157895,kao5pem
13862,2399.4,50.48736842105262,kao5pem
13863,2401.6,50.578947368421055,kao5pem
13864,2403.9,50.60105263157895,kao5pem
13865,2406.1,50.6,kao5pem
13866,2408.3,50.56578947368422,kao5pem
13867,2410.5,50.50526315789474,kao5pem
13868,2412.7,50.39473684210526,kao5pem
13869,2414.9,50.240526315789474,kao5pem
13870,2417.1,50.13894736842106,kao5pem
13871,2419.2,49.99684210526315,kao5pem
13872,2421.4,49.798421052631575,kao5pem
13873,2423.6,49.602631578947374,kao5pem
13874,2425.8,49.361578947368415,kao5pem
13875,2428.0,49.09736842105264,kao5pem
13876,2430.2,48.81315789473685,kao5pem
13877,2432.3,48.51631578947368,kao5pem
13878,2434.5,48.17421052631579,kao5pem
13879,2436.7,47.87736842105263,kao5pem
13880,2438.8,47.6036842105263,kao5pem
13881,2441.0,47.29631578947368,kao5pem
13882,2443.2,47.056842105263165,kao5pem
13883,2445.3,46.86947368421053,kao5pem
13884,2447.5,46.695789473684215,kao5pem
13885,2449.6,46.516842105263166,kao5pem
13886,2451.8,46.382105263157904,kao5pem
13887,2453.9,46.22473684210527,kao5pem
13888,2456.1,46.10052631578947,kao5pem
13889,2458.2,46.02315789473684,kao5pem
13890,2460.4,45.92,kao5pem
13891,2462.5,45.82000000000001,kao5pem
13892,2464.6,45.75263157894737,kao5pem
13893,2466.8,45.66894736842105,kao5pem
13894,2468.9,45.5521052631579,kao5pem
13895,2471.0,45.39263157894737,kao5pem
13896,2473.1,45.2721052631579,kao5pem
13897,2475.2,45.17736842105263,kao5pem
13898,2477.4,45.05894736842105,kao5pem
13899,2479.5,44.835789473684216,kao5pem
13900,2481.6,44.65947368421053,kao5pem
13901,2483.7,44.49157894736842,kao5pem
13902,2485.8,44.30842105263157,kao5pem
13903,2487.9,44.14631578947368,kao5pem
13904,2490.0,44.04,kao5pem
13905,2492.1,43.951578947368425,kao5pem
13906,2494.2,43.86578947368421,kao5pem
13907,2496.3,43.81473684210527,kao5pem
13908,2498.4,43.8478947368421,kao5pem
13909,2500.5,43.8721052631579,kao5pem
13910,2502.6,43.84894736842104,kao5pem
13911,2504.7,43.755263157894746,kao5pem
13912,2506.7,43.7678947368421,kao5pem
13913,2508.8,43.79368421052632,kao5pem
13914,2510.9,43.76105263157895,kao5pem
13915,2513.0,43.84263157894737,kao5pem
13916,339.3,39.4325,kao5ppfm
13917,340.8,37.779,kao5ppfm
13918,342.3,36.6255,kao5ppfm
13919,343.7,35.562000000000005,kao5ppfm
13920,345.2,34.5365,kao5ppfm
13921,346.7,33.7145,kao5ppfm
13922,348.1,33.0715,kao5ppfm
13923,349.6,32.342499999999994,kao5ppfm
13924,351.1,31.8085,kao5ppfm
13925,352.5,31.484,kao5ppfm
13926,354.0,31.2915,kao5ppfm
13927,355.5,31.1765,kao5ppfm
13928,357.0,30.988500000000005,kao5ppfm
13929,358.4,30.778,kao5ppfm
13930,359.9,30.654000000000003,kao5ppfm
13931,361.4,30.60100000000001,kao5ppfm
13932,362.8,30.5115,kao5ppfm
13933,364.3,30.615,kao5ppfm
13934,365.8,30.6745,kao5ppfm
13935,367.2,30.664,kao5ppfm
13936,368.7,30.7425,kao5ppfm
13937,370.1,30.843499999999988,kao5ppfm
13938,371.6,31.069500000000005,kao5ppfm
13939,373.1,31.1795,kao5ppfm
13940,374.5,31.262500000000006,kao5ppfm
13941,376.0,31.461,kao5ppfm
13942,377.5,31.634,kao5ppfm
13943,378.9,31.86950000000001,kao5ppfm
13944,380.4,31.944,kao5ppfm
13945,381.9,32.121500000000005,kao5ppfm
13946,383.3,32.3025,kao5ppfm
13947,384.8,32.474000000000004,kao5ppfm
13948,386.2,32.621,kao5ppfm
13949,387.7,32.8,kao5ppfm
13950,389.2,33.0225,kao5ppfm
13951,390.6,33.118,kao5ppfm
13952,392.1,33.221000000000004,kao5ppfm
13953,393.6,33.292500000000004,kao5ppfm
13954,395.0,33.459,kao5ppfm
13955,396.5,33.576,kao5ppfm
13956,397.9,33.768,kao5ppfm
13957,399.4,33.914,kao5ppfm
13958,400.9,33.987,kao5ppfm
13959,402.3,34.12799999999999,kao5ppfm
13960,403.8,34.270500000000006,kao5ppfm
13961,405.2,34.4645,kao5ppfm
13962,406.7,34.61,kao5ppfm
13963,408.1,34.781,kao5ppfm
13964,409.6,34.927,kao5ppfm
13965,411.1,35.1175,kao5ppfm
13966,412.5,35.269000000000005,kao5ppfm
13967,414.0,35.462,kao5ppfm
13968,415.4,35.654,kao5ppfm
13969,416.9,35.8825,kao5ppfm
13970,418.3,36.103,kao5ppfm
13971,419.8,36.328,kao5ppfm
13972,421.2,36.547,kao5ppfm
13973,422.7,36.7995,kao5ppfm
13974,424.1,37.0115,kao5ppfm
13975,425.6,37.24849999999999,kao5ppfm
13976,427.0,37.497,kao5ppfm
13977,428.5,37.7435,kao5ppfm
13978,429.9,38.0045,kao5ppfm
13979,431.4,38.244,kao5ppfm
13980,432.8,38.4935,kao5ppfm
13981,434.3,38.748000000000005,kao5ppfm
13982,435.7,38.98649999999999,kao5ppfm
13983,437.2,39.2445,kao5ppfm
13984,438.6,39.4995,kao5ppfm
13985,440.1,39.739,kao5ppfm
13986,441.5,39.99550000000001,kao5ppfm
13987,443.0,40.235,kao5ppfm
13988,444.4,40.462,kao5ppfm
13989,445.8,40.7095,kao5ppfm
13990,447.3,40.953500000000005,kao5ppfm
13991,448.7,41.199,kao5ppfm
13992,450.2,41.45,kao5ppfm
13993,451.6,41.6895,kao5ppfm
13994,453.0,41.9125,kao5ppfm
13995,454.5,42.135,kao5ppfm
13996,455.9,42.3575,kao5ppfm
13997,457.4,42.584,kao5ppfm
13998,458.8,42.80800000000001,kao5ppfm
13999,460.2,43.024,kao5ppfm
14000,461.7,43.2345,kao5ppfm
14001,463.1,43.4385,kao5ppfm
14002,464.5,43.627,kao5ppfm
14003,466.0,43.8175,kao5ppfm
14004,467.4,43.9985,kao5ppfm
14005,468.9,44.1775,kao5ppfm
14006,470.3,44.352,kao5ppfm
14007,471.7,44.52749999999999,kao5ppfm
14008,473.1,44.6945,kao5ppfm
14009,474.6,44.86150000000001,kao5ppfm
14010,476.0,45.03699999999999,kao5ppfm
14011,477.4,45.2085,kao5ppfm
14012,478.9,45.38549999999999,kao5ppfm
14013,480.3,45.562,kao5ppfm
14014,481.7,45.747,kao5ppfm
14015,483.1,45.9225,kao5ppfm
14016,484.6,46.1005,kao5ppfm
14017,486.0,46.286,kao5ppfm
14018,487.4,46.465,kao5ppfm
14019,488.9,46.6425,kao5ppfm
14020,490.3,46.8275,kao5ppfm
14021,491.7,47.0015,kao5ppfm
14022,493.1,47.157,kao5ppfm
14023,494.5,47.3175,kao5ppfm
14024,496.0,47.472,kao5ppfm
14025,497.4,47.63349999999999,kao5ppfm
14026,498.8,47.8045,kao5ppfm
14027,500.2,47.96749999999999,kao5ppfm
14028,501.6,48.1205,kao5ppfm
14029,503.1,48.272000000000006,kao5ppfm
14030,504.5,48.4275,kao5ppfm
14031,505.9,48.582,kao5ppfm
14032,507.3,48.74900000000001,kao5ppfm
14033,508.7,48.921,kao5ppfm
14034,510.1,49.0885,kao5ppfm
14035,511.6,49.255,kao5ppfm
14036,513.0,49.42,kao5ppfm
14037,514.4,49.57999999999999,kao5ppfm
14038,515.8,49.74550000000001,kao5ppfm
14039,517.2,49.9095,kao5ppfm
14040,518.6,50.07350000000001,kao5ppfm
14041,520.0,50.2315,kao5ppfm
14042,521.5,50.3935,kao5ppfm
14043,522.9,50.547,kao5ppfm
14044,524.3,50.700500000000005,kao5ppfm
14045,525.7,50.843,kao5ppfm
14046,527.1,50.989,kao5ppfm
14047,528.5,51.15,kao5ppfm
14048,529.9,51.299,kao5ppfm
14049,531.3,51.435500000000005,kao5ppfm
14050,532.7,51.5585,kao5ppfm
14051,534.1,51.6755,kao5ppfm
14052,535.5,51.81999999999999,kao5ppfm
14053,536.9,51.952,kao5ppfm
14054,538.3,52.078,kao5ppfm
14055,539.7,52.21,kao5ppfm
14056,541.1,52.36900000000001,kao5ppfm
14057,542.5,52.511,kao5ppfm
14058,544.0,52.633,kao5ppfm
14059,545.3,52.762,kao5ppfm
14060,546.8,52.8935,kao5ppfm
14061,548.2,53.028,kao5ppfm
14062,549.5,53.1435,kao5ppfm
14063,550.9,53.282,kao5ppfm
14064,552.3,53.4295,kao5ppfm
14065,553.7,53.5645,kao5ppfm
14066,555.1,53.6995,kao5ppfm
14067,556.5,53.8625,kao5ppfm
14068,557.9,54.016,kao5ppfm
14069,559.3,54.174,kao5ppfm
14070,560.7,54.31400000000001,kao5ppfm
14071,562.1,54.449,kao5ppfm
14072,563.5,54.5835,kao5ppfm
14073,564.9,54.718,kao5ppfm
14074,566.3,54.85549999999999,kao5ppfm
14075,567.7,54.98699999999999,kao5ppfm
14076,569.1,55.11749999999999,kao5ppfm
14077,570.5,55.24649999999999,kao5ppfm
14078,571.8,55.376,kao5ppfm
14079,573.2,55.4985,kao5ppfm
14080,574.6,55.6265,kao5ppfm
14081,576.0,55.7525,kao5ppfm
14082,577.4,55.8765,kao5ppfm
14083,578.8,55.99699999999999,kao5ppfm
14084,580.2,56.109,kao5ppfm
14085,581.5,56.21750000000001,kao5ppfm
14086,582.9,56.328,kao5ppfm
14087,584.3,56.43299999999999,kao5ppfm
14088,585.7,56.53800000000001,kao5ppfm
14089,587.1,56.6365,kao5ppfm
14090,588.5,56.724,kao5ppfm
14091,589.8,56.81450000000001,kao5ppfm
14092,591.2,56.8945,kao5ppfm
14093,592.6,56.9775,kao5ppfm
14094,594.0,57.0545,kao5ppfm
14095,595.4,57.12349999999999,kao5ppfm
14096,596.7,57.1875,kao5ppfm
14097,598.1,57.25,kao5ppfm
14098,599.5,57.312,kao5ppfm
14099,600.9,57.37199999999999,kao5ppfm
14100,602.2,57.435,kao5ppfm
14101,603.6,57.49549999999999,kao5ppfm
14102,605.0,57.557,kao5ppfm
14103,606.4,57.61749999999999,kao5ppfm
14104,607.7,57.68050000000001,kao5ppfm
14105,609.1,57.7515,kao5ppfm
14106,610.5,57.8285,kao5ppfm
14107,611.9,57.9065,kao5ppfm
14108,613.2,57.985000000000014,kao5ppfm
14109,614.6,58.066500000000005,kao5ppfm
14110,616.0,58.14899999999999,kao5ppfm
14111,617.3,58.2315,kao5ppfm
14112,618.7,58.3205,kao5ppfm
14113,620.1,58.41199999999999,kao5ppfm
14114,621.5,58.49900000000001,kao5ppfm
14115,622.8,58.582,kao5ppfm
14116,624.2,58.6625,kao5ppfm
14117,625.5,58.73750000000001,kao5ppfm
14118,626.9,58.8115,kao5ppfm
14119,628.3,58.88349999999999,kao5ppfm
14120,629.6,58.957,kao5ppfm
14121,631.0,59.021,kao5ppfm
14122,632.4,59.0755,kao5ppfm
14123,633.7,59.1275,kao5ppfm
14124,635.1,59.1725,kao5ppfm
14125,636.5,59.2085,kao5ppfm
14126,637.8,59.24050000000001,kao5ppfm
14127,639.2,59.2625,kao5ppfm
14128,640.5,59.27750000000001,kao5ppfm
14129,641.9,59.272500000000015,kao5ppfm
14130,643.2,59.2565,kao5ppfm
14131,644.6,59.2255,kao5ppfm
14132,646.0,59.186,kao5ppfm
14133,647.3,59.13099999999999,kao5ppfm
14134,648.7,59.075,kao5ppfm
14135,650.0,58.99550000000001,kao5ppfm
14136,651.4,58.8975,kao5ppfm
14137,652.7,58.79600000000001,kao5ppfm
14138,654.1,58.69,kao5ppfm
14139,655.4,58.5825,kao5ppfm
14140,656.8,58.476,kao5ppfm
14141,658.1,58.36049999999999,kao5ppfm
14142,659.5,58.25600000000001,kao5ppfm
14143,660.8,58.17700000000001,kao5ppfm
14144,662.2,58.0915,kao5ppfm
14145,663.5,58.02,kao5ppfm
14146,664.9,57.98949999999999,kao5ppfm
14147,666.2,58.0215,kao5ppfm
14148,667.6,58.03900000000001,kao5ppfm
14149,668.9,58.09150000000001,kao5ppfm
14150,670.3,58.18199999999998,kao5ppfm
14151,671.6,58.30099999999999,kao5ppfm
14152,673.0,58.45450000000001,kao5ppfm
14153,674.3,58.662,kao5ppfm
14154,675.6,58.90250000000001,kao5ppfm
14155,677.0,59.124,kao5ppfm
14156,678.3,59.342,kao5ppfm
14157,679.7,59.55999999999999,kao5ppfm
14158,681.0,59.794500000000006,kao5ppfm
14159,682.3,60.025,kao5ppfm
14160,683.7,60.25600000000001,kao5ppfm
14161,685.0,60.46650000000001,kao5ppfm
14162,686.4,60.67249999999999,kao5ppfm
14163,687.7,60.86800000000001,kao5ppfm
14164,689.0,61.06600000000001,kao5ppfm
14165,690.4,61.25300000000002,kao5ppfm
14166,691.7,61.42999999999999,kao5ppfm
14167,693.0,61.6025,kao5ppfm
14168,694.4,61.77000000000002,kao5ppfm
14169,695.7,61.94199999999999,kao5ppfm
14170,697.0,62.1135,kao5ppfm
14171,698.4,62.28900000000001,kao5ppfm
14172,699.7,62.455000000000005,kao5ppfm
14173,701.0,62.62949999999999,kao5ppfm
14174,702.4,62.7995,kao5ppfm
14175,703.7,62.97100000000002,kao5ppfm
14176,705.0,63.1435,kao5ppfm
14177,706.3,63.314,kao5ppfm
14178,707.7,63.48300000000002,kao5ppfm
14179,709.0,63.64849999999999,kao5ppfm
14180,710.3,63.81249999999999,kao5ppfm
14181,711.6,63.968500000000006,kao5ppfm
14182,713.0,64.12749999999998,kao5ppfm
14183,714.3,64.28049999999999,kao5ppfm
14184,715.6,64.42349999999999,kao5ppfm
14185,716.9,64.571,kao5ppfm
14186,718.2,64.71450000000002,kao5ppfm
14187,719.6,64.85499999999999,kao5ppfm
14188,720.9,64.99400000000001,kao5ppfm
14189,722.2,65.12899999999999,kao5ppfm
14190,723.5,65.256,kao5ppfm
14191,724.8,65.38199999999999,kao5ppfm
14192,726.2,65.51050000000001,kao5ppfm
14193,727.5,65.636,kao5ppfm
14194,728.8,65.76,kao5ppfm
14195,730.1,65.88199999999999,kao5ppfm
14196,731.4,66.001,kao5ppfm
14197,732.7,66.11149999999999,kao5ppfm
14198,734.0,66.21900000000002,kao5ppfm
14199,735.3,66.33399999999999,kao5ppfm
14200,736.7,66.439,kao5ppfm
14201,738.0,66.54499999999999,kao5ppfm
14202,739.3,66.64600000000002,kao5ppfm
14203,740.6,66.7415,kao5ppfm
14204,741.9,66.8325,kao5ppfm
14205,743.2,66.92299999999999,kao5ppfm
14206,744.5,67.018,kao5ppfm
14207,745.8,67.116,kao5ppfm
14208,747.1,67.21400000000001,kao5ppfm
14209,748.4,67.30749999999999,kao5ppfm
14210,749.7,67.394,kao5ppfm
14211,751.0,67.4785,kao5ppfm
14212,752.3,67.57000000000001,kao5ppfm
14213,753.6,67.6645,kao5ppfm
14214,754.9,67.7475,kao5ppfm
14215,756.2,67.8355,kao5ppfm
14216,757.5,67.91850000000001,kao5ppfm
14217,758.8,67.99699999999999,kao5ppfm
14218,760.1,68.0785,kao5ppfm
14219,761.4,68.1585,kao5ppfm
14220,762.7,68.237,kao5ppfm
14221,764.0,68.31700000000001,kao5ppfm
14222,765.3,68.39000000000001,kao5ppfm
14223,766.6,68.46649999999998,kao5ppfm
14224,767.9,68.54799999999999,kao5ppfm
14225,769.2,68.62300000000002,kao5ppfm
14226,770.4,68.6995,kao5ppfm
14227,771.7,68.77149999999999,kao5ppfm
14228,773.0,68.84050000000002,kao5ppfm
14229,774.3,68.906,kao5ppfm
14230,775.6,68.983,kao5ppfm
14231,776.9,69.05199999999999,kao5ppfm
14232,778.2,69.131,kao5ppfm
14233,779.4,69.1985,kao5ppfm
14234,780.7,69.26599999999999,kao5ppfm
14235,782.0,69.32750000000001,kao5ppfm
14236,783.3,69.39500000000001,kao5ppfm
14237,784.5,69.46549999999999,kao5ppfm
14238,785.8,69.52749999999999,kao5ppfm
14239,787.1,69.59550000000002,kao5ppfm
14240,788.4,69.6575,kao5ppfm
14241,789.7,69.72200000000001,kao5ppfm
14242,790.9,69.787,kao5ppfm
14243,792.2,69.852,kao5ppfm
14244,793.5,69.916,kao5ppfm
14245,794.8,69.98049999999999,kao5ppfm
14246,796.0,70.04249999999999,kao5ppfm
14247,797.3,70.09950000000002,kao5ppfm
14248,798.5,70.16250000000001,kao5ppfm
14249,799.8,70.2235,kao5ppfm
14250,801.1,70.28999999999999,kao5ppfm
14251,802.3,70.34550000000002,kao5ppfm
14252,803.6,70.40400000000001,kao5ppfm
14253,804.9,70.46199999999999,kao5ppfm
14254,806.1,70.51599999999999,kao5ppfm
14255,807.4,70.57550000000002,kao5ppfm
14256,808.7,70.62650000000001,kao5ppfm
14257,809.9,70.681,kao5ppfm
14258,811.2,70.73649999999999,kao5ppfm
14259,812.4,70.79,kao5ppfm
14260,813.7,70.84450000000001,kao5ppfm
14261,815.0,70.9005,kao5ppfm
14262,816.2,70.946,kao5ppfm
14263,817.5,70.99599999999998,kao5ppfm
14264,818.7,71.04700000000001,kao5ppfm
14265,820.0,71.093,kao5ppfm
14266,821.2,71.14099999999999,kao5ppfm
14267,822.5,71.18849999999999,kao5ppfm
14268,823.7,71.2355,kao5ppfm
14269,825.0,71.293,kao5ppfm
14270,826.2,71.33000000000001,kao5ppfm
14271,827.5,71.3645,kao5ppfm
14272,828.7,71.4025,kao5ppfm
14273,829.9,71.45599999999999,kao5ppfm
14274,831.2,71.4985,kao5ppfm
14275,832.4,71.5395,kao5ppfm
14276,833.7,71.58350000000002,kao5ppfm
14277,834.9,71.6205,kao5ppfm
14278,836.1,71.646,kao5ppfm
14279,837.4,71.68299999999999,kao5ppfm
14280,838.6,71.73500000000001,kao5ppfm
14281,839.8,71.77700000000002,kao5ppfm
14282,841.1,71.81,kao5ppfm
14283,842.3,71.843,kao5ppfm
14284,843.5,71.8785,kao5ppfm
14285,844.8,71.90849999999998,kao5ppfm
14286,846.0,71.9485,kao5ppfm
14287,847.2,71.99050000000003,kao5ppfm
14288,848.5,72.025,kao5ppfm
14289,849.7,72.06250000000001,kao5ppfm
14290,850.9,72.10199999999999,kao5ppfm
14291,852.2,72.12749999999998,kao5ppfm
14292,853.4,72.1575,kao5ppfm
14293,854.6,72.184,kao5ppfm
14294,855.8,72.21700000000001,kao5ppfm
14295,857.0,72.25300000000001,kao5ppfm
14296,858.3,72.28350000000002,kao5ppfm
14297,859.5,72.31799999999998,kao5ppfm
14298,860.7,72.354,kao5ppfm
14299,861.9,72.39649999999999,kao5ppfm
14300,863.1,72.41899999999998,kao5ppfm
14301,864.3,72.44950000000001,kao5ppfm
14302,865.5,72.465,kao5ppfm
14303,866.8,72.497,kao5ppfm
14304,868.0,72.529,kao5ppfm
14305,869.2,72.5555,kao5ppfm
14306,870.4,72.589,kao5ppfm
14307,871.6,72.61799999999998,kao5ppfm
14308,872.8,72.6455,kao5ppfm
14309,874.0,72.66850000000001,kao5ppfm
14310,875.2,72.7,kao5ppfm
14311,876.4,72.72050000000002,kao5ppfm
14312,877.6,72.7465,kao5ppfm
14313,878.8,72.76700000000001,kao5ppfm
14314,880.0,72.79100000000001,kao5ppfm
14315,881.2,72.814,kao5ppfm
14316,882.4,72.845,kao5ppfm
14317,883.6,72.87400000000001,kao5ppfm
14318,884.8,72.8965,kao5ppfm
14319,886.0,72.9195,kao5ppfm
14320,887.2,72.94700000000002,kao5ppfm
14321,888.4,72.964,kao5ppfm
14322,889.6,72.99450000000002,kao5ppfm
14323,890.8,73.02699999999999,kao5ppfm
14324,892.0,73.04549999999998,kao5ppfm
14325,893.2,73.06499999999998,kao5ppfm
14326,894.3,73.0805,kao5ppfm
14327,895.5,73.09399999999998,kao5ppfm
14328,896.7,73.1215,kao5ppfm
14329,897.9,73.13,kao5ppfm
14330,899.1,73.15700000000001,kao5ppfm
14331,900.3,73.18000000000002,kao5ppfm
14332,901.5,73.21200000000002,kao5ppfm
14333,902.6,73.22350000000002,kao5ppfm
14334,903.8,73.23400000000001,kao5ppfm
14335,905.0,73.23150000000001,kao5ppfm
14336,906.2,73.2465,kao5ppfm
14337,907.4,73.2565,kao5ppfm
14338,908.5,73.261,kao5ppfm
14339,909.7,73.28999999999999,kao5ppfm
14340,910.9,73.2915,kao5ppfm
14341,912.1,73.31199999999998,kao5ppfm
14342,913.2,73.321,kao5ppfm
14343,914.4,73.34299999999999,kao5ppfm
14344,915.6,73.3595,kao5ppfm
14345,916.8,73.40650000000001,kao5ppfm
14346,917.9,73.408,kao5ppfm
14347,919.1,73.4435,kao5ppfm
14348,920.2,73.47299999999998,kao5ppfm
14349,921.4,73.49,kao5ppfm
14350,922.6,73.53699999999999,kao5ppfm
14351,923.8,73.52149999999999,kao5ppfm
14352,924.9,73.55800000000002,kao5ppfm
14353,926.1,73.566,kao5ppfm
14354,927.2,73.5815,kao5ppfm
14355,928.4,73.64250000000001,kao5ppfm
14356,929.6,73.65899999999999,kao5ppfm
14357,930.7,73.66299999999998,kao5ppfm
14358,931.9,73.6705,kao5ppfm
14359,933.0,73.6735,kao5ppfm
14360,934.2,73.67850000000001,kao5ppfm
14361,935.3,73.665,kao5ppfm
14362,936.5,73.68699999999998,kao5ppfm
14363,937.7,73.7115,kao5ppfm
14364,938.8,73.7295,kao5ppfm
14365,940.0,73.75899999999999,kao5ppfm
14366,941.1,73.75949999999999,kao5ppfm
14367,942.3,73.7235,kao5ppfm
14368,943.4,73.731,kao5ppfm
14369,944.6,73.75699999999999,kao5ppfm
14370,945.7,73.788,kao5ppfm
14371,946.9,73.778,kao5ppfm
14372,948.0,73.7585,kao5ppfm
14373,949.2,73.7435,kao5ppfm
14374,950.3,73.6725,kao5ppfm
14375,951.5,73.6735,kao5ppfm
14376,952.6,73.6815,kao5ppfm
14377,953.8,73.7295,kao5ppfm
14378,954.9,73.737,kao5ppfm
14379,956.1,73.7445,kao5ppfm
14380,957.2,73.74699999999999,kao5ppfm
14381,958.3,73.778,kao5ppfm
14382,959.5,73.826,kao5ppfm
14383,960.6,73.863,kao5ppfm
14384,961.8,73.87,kao5ppfm
14385,962.9,73.8315,kao5ppfm
14386,964.1,73.7455,kao5ppfm
14387,965.2,73.57949999999998,kao5ppfm
14388,966.3,73.41299999999998,kao5ppfm
14389,967.5,73.4195,kao5ppfm
14390,968.6,73.60449999999999,kao5ppfm
14391,969.8,73.844,kao5ppfm
14392,970.9,74.0395,kao5ppfm
14393,972.1,74.149,kao5ppfm
14394,973.2,74.13399999999999,kao5ppfm
14395,974.3,74.234,kao5ppfm
14396,975.5,74.268,kao5ppfm
14397,976.6,74.2445,kao5ppfm
14398,977.8,74.22199999999998,kao5ppfm
14399,978.9,74.2455,kao5ppfm
14400,980.0,74.1955,kao5ppfm
14401,981.2,74.27799999999999,kao5ppfm
14402,982.3,74.23350000000002,kao5ppfm
14403,983.5,74.31,kao5ppfm
14404,984.6,74.2705,kao5ppfm
14405,985.7,74.20349999999999,kao5ppfm
14406,986.9,74.24300000000001,kao5ppfm
14407,988.0,74.199,kao5ppfm
14408,989.1,74.23299999999999,kao5ppfm
14409,992.0,74.998,kao5ppfm
14410,995.9,75.05199999999999,kao5ppfm
14411,999.7,75.0895,kao5ppfm
14412,1003.6,75.1505,kao5ppfm
14413,1007.4,75.209,kao5ppfm
14414,1011.3,75.26499999999999,kao5ppfm
14415,1015.1,75.32650000000001,kao5ppfm
14416,1019.0,75.35400000000001,kao5ppfm
14417,1022.8,75.37700000000001,kao5ppfm
14418,1026.7,75.41600000000001,kao5ppfm
14419,1030.5,75.4575,kao5ppfm
14420,1034.4,75.477,kao5ppfm
14421,1038.2,75.544,kao5ppfm
14422,1042.1,75.60400000000001,kao5ppfm
14423,1045.9,75.63550000000001,kao5ppfm
14424,1049.7,75.6935,kao5ppfm
14425,1053.6,75.6905,kao5ppfm
14426,1057.4,75.76999999999998,kao5ppfm
14427,1061.2,75.80850000000001,kao5ppfm
14428,1065.1,75.833,kao5ppfm
14429,1068.9,75.8985,kao5ppfm
14430,1072.7,75.952,kao5ppfm
14431,1076.6,75.975,kao5ppfm
14432,1080.4,76.00049999999999,kao5ppfm
14433,1084.2,76.0135,kao5ppfm
14434,1088.0,76.0395,kao5ppfm
14435,1091.8,76.0625,kao5ppfm
14436,1095.7,76.12899999999999,kao5ppfm
14437,1099.5,76.1745,kao5ppfm
14438,1103.3,76.21449999999999,kao5ppfm
14439,1107.1,76.2465,kao5ppfm
14440,1110.9,76.25399999999999,kao5ppfm
14441,1114.8,76.2995,kao5ppfm
14442,1118.6,76.32600000000001,kao5ppfm
14443,1122.4,76.37700000000001,kao5ppfm
14444,1126.2,76.4115,kao5ppfm
14445,1130.0,76.421,kao5ppfm
14446,1133.8,76.4355,kao5ppfm
14447,1137.6,76.44699999999999,kao5ppfm
14448,1141.4,76.43549999999999,kao5ppfm
14449,1145.2,76.364,kao5ppfm
14450,1149.0,76.2795,kao5ppfm
14451,1152.8,76.22800000000001,kao5ppfm
14452,1156.6,76.23200000000001,kao5ppfm
14453,1160.4,76.22500000000001,kao5ppfm
14454,1164.2,76.25300000000001,kao5ppfm
14455,1168.0,76.24950000000001,kao5ppfm
14456,1171.8,76.28299999999999,kao5ppfm
14457,1175.6,76.3,kao5ppfm
14458,1179.4,76.27450000000002,kao5ppfm
14459,1183.2,76.184,kao5ppfm
14460,1187.0,76.128,kao5ppfm
14461,1190.7,76.12349999999999,kao5ppfm
14462,1194.5,76.16049999999998,kao5ppfm
14463,1198.3,76.23049999999999,kao5ppfm
14464,1202.1,76.23150000000001,kao5ppfm
14465,1205.9,76.203,kao5ppfm
14466,1209.7,76.1985,kao5ppfm
14467,1213.4,76.17600000000002,kao5ppfm
14468,1217.2,76.1525,kao5ppfm
14469,1221.0,76.153,kao5ppfm
14470,1224.8,76.1395,kao5ppfm
14471,1228.5,76.1385,kao5ppfm
14472,1232.3,76.142,kao5ppfm
14473,1236.1,76.15549999999999,kao5ppfm
14474,1239.8,76.1745,kao5ppfm
14475,1243.6,76.29750000000001,kao5ppfm
14476,1247.4,76.40849999999999,kao5ppfm
14477,1251.1,76.4745,kao5ppfm
14478,1254.9,76.5895,kao5ppfm
14479,1258.7,76.672,kao5ppfm
14480,1262.4,76.735,kao5ppfm
14481,1266.2,76.74600000000001,kao5ppfm
14482,1269.9,76.753,kao5ppfm
14483,1273.7,76.746,kao5ppfm
14484,1277.4,76.71549999999999,kao5ppfm
14485,1281.2,76.63250000000001,kao5ppfm
14486,1284.9,76.437,kao5ppfm
14487,1288.7,76.28200000000001,kao5ppfm
14488,1292.4,76.076,kao5ppfm
14489,1296.2,75.94149999999999,kao5ppfm
14490,1299.9,75.76250000000002,kao5ppfm
14491,1303.7,75.61249999999998,kao5ppfm
14492,1307.4,75.479,kao5ppfm
14493,1311.2,75.38300000000001,kao5ppfm
14494,1314.9,75.27700000000002,kao5ppfm
14495,1318.7,75.1705,kao5ppfm
14496,1322.4,75.0185,kao5ppfm
14497,1326.1,74.9005,kao5ppfm
14498,1329.9,74.8075,kao5ppfm
14499,1333.6,74.72999999999999,kao5ppfm
14500,1337.3,74.6935,kao5ppfm
14501,1341.1,74.5965,kao5ppfm
14502,1344.8,74.308,kao5ppfm
14503,1348.5,73.797,kao5ppfm
14504,1352.2,73.17999999999999,kao5ppfm
14505,1356.0,72.65149999999998,kao5ppfm
14506,1359.7,72.3875,kao5ppfm
14507,1363.4,72.24050000000001,kao5ppfm
14508,1367.1,72.1625,kao5ppfm
14509,1370.8,71.84200000000001,kao5ppfm
14510,1374.6,71.25949999999999,kao5ppfm
14511,1378.3,70.37500000000001,kao5ppfm
14512,1382.0,69.13850000000001,kao5ppfm
14513,1385.7,67.39,kao5ppfm
14514,1389.4,65.42299999999999,kao5ppfm
14515,1393.1,63.9335,kao5ppfm
14516,1396.8,63.2445,kao5ppfm
14517,1400.5,63.37250000000002,kao5ppfm
14518,1404.2,63.61350000000001,kao5ppfm
14519,1407.9,62.599,kao5ppfm
14520,1411.7,62.312,kao5ppfm
14521,1415.4,63.29599999999999,kao5ppfm
14522,1419.1,66.10999999999999,kao5ppfm
14523,1422.8,69.11299999999999,kao5ppfm
14524,1426.4,70.917,kao5ppfm
14525,1430.2,72.03600000000002,kao5ppfm
14526,1433.8,72.74750000000003,kao5ppfm
14527,1437.5,73.19950000000003,kao5ppfm
14528,1441.2,73.46600000000002,kao5ppfm
14529,1444.9,73.6505,kao5ppfm
14530,1448.6,73.7775,kao5ppfm
14531,1452.3,73.9035,kao5ppfm
14532,1456.0,73.98850000000002,kao5ppfm
14533,1459.7,74.07899999999998,kao5ppfm
14534,1463.3,74.10149999999999,kao5ppfm
14535,1467.0,74.21350000000001,kao5ppfm
14536,1470.7,74.26899999999999,kao5ppfm
14537,1474.4,74.3475,kao5ppfm
14538,1478.1,74.4005,kao5ppfm
14539,1481.7,74.51899999999999,kao5ppfm
14540,1485.4,74.5845,kao5ppfm
14541,1489.1,74.64099999999999,kao5ppfm
14542,1492.8,74.703,kao5ppfm
14543,1496.4,74.78049999999999,kao5ppfm
14544,1500.1,74.87049999999999,kao5ppfm
14545,1503.8,74.9595,kao5ppfm
14546,1507.4,75.04499999999999,kao5ppfm
14547,1511.1,75.13600000000001,kao5ppfm
14548,1514.7,75.225,kao5ppfm
14549,1518.4,75.3015,kao5ppfm
14550,1522.1,75.36650000000002,kao5ppfm
14551,1525.7,75.4405,kao5ppfm
14552,1529.4,75.49699999999999,kao5ppfm
14553,1533.0,75.556,kao5ppfm
14554,1536.7,75.60650000000001,kao5ppfm
14555,1540.3,75.65,kao5ppfm
14556,1544.0,75.7,kao5ppfm
14557,1547.6,75.73299999999999,kao5ppfm
14558,1551.3,75.7815,kao5ppfm
14559,1554.9,75.82400000000001,kao5ppfm
14560,1558.6,75.84250000000002,kao5ppfm
14561,1562.2,75.88250000000001,kao5ppfm
14562,1565.8,75.90599999999999,kao5ppfm
14563,1569.5,75.92749999999998,kao5ppfm
14564,1573.1,75.95349999999999,kao5ppfm
14565,1576.8,75.971,kao5ppfm
14566,1580.4,75.99999999999999,kao5ppfm
14567,1584.0,76.02599999999998,kao5ppfm
14568,1587.7,76.063,kao5ppfm
14569,1591.3,76.0895,kao5ppfm
14570,1594.9,76.1135,kao5ppfm
14571,1598.5,76.148,kao5ppfm
14572,1602.2,76.1825,kao5ppfm
14573,1605.8,76.19399999999999,kao5ppfm
14574,1609.4,76.23750000000001,kao5ppfm
14575,1613.0,76.2525,kao5ppfm
14576,1616.7,76.26849999999999,kao5ppfm
14577,1620.3,76.2695,kao5ppfm
14578,1623.9,76.25750000000001,kao5ppfm
14579,1627.5,76.263,kao5ppfm
14580,1631.1,76.25750000000001,kao5ppfm
14581,1634.7,76.265,kao5ppfm
14582,1638.3,76.289,kao5ppfm
14583,1641.9,76.29499999999999,kao5ppfm
14584,1645.6,76.292,kao5ppfm
14585,1649.2,76.29599999999999,kao5ppfm
14586,1652.8,76.297,kao5ppfm
14587,1656.4,76.2515,kao5ppfm
14588,1660.0,76.236,kao5ppfm
14589,1663.6,76.19450000000002,kao5ppfm
14590,1667.2,76.12349999999999,kao5ppfm
14591,1670.8,76.0675,kao5ppfm
14592,1674.4,75.959,kao5ppfm
14593,1678.0,75.7935,kao5ppfm
14594,1681.6,75.49600000000001,kao5ppfm
14595,1685.1,75.1075,kao5ppfm
14596,1688.7,74.70349999999999,kao5ppfm
14597,1692.3,74.3465,kao5ppfm
14598,1695.9,74.06349999999999,kao5ppfm
14599,1699.5,73.825,kao5ppfm
14600,1703.1,73.63,kao5ppfm
14601,1706.7,73.542,kao5ppfm
14602,1710.2,73.5025,kao5ppfm
14603,1713.8,73.44300000000001,kao5ppfm
14604,1717.4,73.345,kao5ppfm
14605,1721.0,73.18499999999999,kao5ppfm
14606,1724.5,73.07950000000001,kao5ppfm
14607,1728.1,73.00300000000001,kao5ppfm
14608,1731.7,73.029,kao5ppfm
14609,1735.2,73.08000000000001,kao5ppfm
14610,1738.8,73.20399999999998,kao5ppfm
14611,1742.4,73.3575,kao5ppfm
14612,1745.9,73.48600000000002,kao5ppfm
14613,1749.5,73.567,kao5ppfm
14614,1753.1,73.567,kao5ppfm
14615,1756.6,73.53849999999998,kao5ppfm
14616,1760.2,73.47150000000002,kao5ppfm
14617,1763.8,73.46450000000002,kao5ppfm
14618,1767.3,73.42600000000002,kao5ppfm
14619,1770.9,73.4135,kao5ppfm
14620,1774.4,73.42549999999999,kao5ppfm
14621,1778.0,73.42099999999999,kao5ppfm
14622,1781.5,73.4275,kao5ppfm
14623,1785.1,73.39599999999999,kao5ppfm
14624,1788.6,73.36,kao5ppfm
14625,1792.1,73.332,kao5ppfm
14626,1795.7,73.296,kao5ppfm
14627,1799.2,73.27250000000001,kao5ppfm
14628,1802.8,73.209,kao5ppfm
14629,1806.3,73.18,kao5ppfm
14630,1809.8,73.119,kao5ppfm
14631,1813.4,73.04,kao5ppfm
14632,1816.9,73.01650000000001,kao5ppfm
14633,1820.4,72.9895,kao5ppfm
14634,1824.0,73.08899999999998,kao5ppfm
14635,1827.5,73.18350000000001,kao5ppfm
14636,1831.0,73.27000000000001,kao5ppfm
14637,1834.6,73.30199999999999,kao5ppfm
14638,1838.1,73.31500000000001,kao5ppfm
14639,1841.6,73.35299999999998,kao5ppfm
14640,1845.1,73.506,kao5ppfm
14641,1848.6,73.7095,kao5ppfm
14642,1852.2,73.93000000000002,kao5ppfm
14643,1855.7,74.048,kao5ppfm
14644,1859.2,74.12700000000001,kao5ppfm
14645,1862.7,74.1005,kao5ppfm
14646,1866.2,73.9395,kao5ppfm
14647,1869.7,73.7195,kao5ppfm
14648,1873.2,73.483,kao5ppfm
14649,1876.7,73.22,kao5ppfm
14650,1880.2,72.873,kao5ppfm
14651,1883.7,72.42750000000001,kao5ppfm
14652,1887.2,71.858,kao5ppfm
14653,1890.7,71.171,kao5ppfm
14654,1894.2,70.429,kao5ppfm
14655,1897.7,69.631,kao5ppfm
14656,1902.7,68.11300000000001,kao5ppfm
14657,1905.5,67.58900000000003,kao5ppfm
14658,1908.2,67.12899999999999,kao5ppfm
14659,1911.0,66.76199999999999,kao5ppfm
14660,1913.7,66.49800000000002,kao5ppfm
14661,1916.5,66.2475,kao5ppfm
14662,1919.2,66.0575,kao5ppfm
14663,1921.9,65.92049999999999,kao5ppfm
14664,1924.7,65.8075,kao5ppfm
14665,1927.4,65.71950000000001,kao5ppfm
14666,1930.1,65.6455,kao5ppfm
14667,1932.9,65.59850000000002,kao5ppfm
14668,1935.6,65.5655,kao5ppfm
14669,1938.3,65.5735,kao5ppfm
14670,1941.0,65.59650000000002,kao5ppfm
14671,1943.7,65.64349999999999,kao5ppfm
14672,1946.4,65.7175,kao5ppfm
14673,1949.2,65.828,kao5ppfm
14674,1951.9,65.96,kao5ppfm
14675,1954.6,66.0675,kao5ppfm
14676,1957.3,66.16149999999999,kao5ppfm
14677,1960.0,66.2755,kao5ppfm
14678,1962.7,66.4075,kao5ppfm
14679,1965.4,66.53300000000002,kao5ppfm
14680,1968.1,66.6515,kao5ppfm
14681,1970.7,66.8,kao5ppfm
14682,1973.4,66.96799999999999,kao5ppfm
14683,1976.1,67.122,kao5ppfm
14684,1978.8,67.2785,kao5ppfm
14685,1981.5,67.44500000000001,kao5ppfm
14686,1984.1,67.59,kao5ppfm
14687,1986.8,67.7535,kao5ppfm
14688,1989.5,67.92300000000002,kao5ppfm
14689,1992.1,68.10000000000001,kao5ppfm
14690,1994.8,68.26599999999999,kao5ppfm
14691,1997.5,68.4145,kao5ppfm
14692,2000.1,68.57300000000001,kao5ppfm
14693,2002.8,68.7265,kao5ppfm
14694,2005.4,68.87550000000002,kao5ppfm
14695,2008.1,69.041,kao5ppfm
14696,2010.7,69.1935,kao5ppfm
14697,2013.4,69.3225,kao5ppfm
14698,2016.0,69.426,kao5ppfm
14699,2018.6,69.52799999999999,kao5ppfm
14700,2021.3,69.622,kao5ppfm
14701,2023.9,69.702,kao5ppfm
14702,2026.5,69.763,kao5ppfm
14703,2029.2,69.818,kao5ppfm
14704,2031.8,69.849,kao5ppfm
14705,2034.4,69.881,kao5ppfm
14706,2037.0,69.89599999999999,kao5ppfm
14707,2039.7,69.88149999999999,kao5ppfm
14708,2042.3,69.855,kao5ppfm
14709,2044.9,69.83849999999998,kao5ppfm
14710,2047.5,69.80949999999999,kao5ppfm
14711,2050.1,69.773,kao5ppfm
14712,2052.7,69.74250000000002,kao5ppfm
14713,2055.3,69.70599999999999,kao5ppfm
14714,2057.9,69.6725,kao5ppfm
14715,2060.5,69.6255,kao5ppfm
14716,2063.1,69.579,kao5ppfm
14717,2065.7,69.519,kao5ppfm
14718,2068.3,69.4435,kao5ppfm
14719,2070.9,69.36000000000001,kao5ppfm
14720,2073.4,69.2915,kao5ppfm
14721,2076.0,69.22100000000002,kao5ppfm
14722,2078.6,69.1455,kao5ppfm
14723,2081.2,69.03999999999999,kao5ppfm
14724,2083.7,68.929,kao5ppfm
14725,2086.3,68.82449999999999,kao5ppfm
14726,2088.9,68.74099999999999,kao5ppfm
14727,2091.4,68.682,kao5ppfm
14728,2094.0,68.6385,kao5ppfm
14729,2096.6,68.6315,kao5ppfm
14730,2099.1,68.58800000000001,kao5ppfm
14731,2101.6,68.497,kao5ppfm
14732,2104.2,68.34200000000001,kao5ppfm
14733,2106.8,68.141,kao5ppfm
14734,2109.3,67.94199999999998,kao5ppfm
14735,2111.8,67.7695,kao5ppfm
14736,2114.4,67.654,kao5ppfm
14737,2116.9,67.6135,kao5ppfm
14738,2119.4,67.549,kao5ppfm
14739,2122.0,67.444,kao5ppfm
14740,2124.5,67.3015,kao5ppfm
14741,2127.0,67.111,kao5ppfm
14742,2129.6,66.87749999999998,kao5ppfm
14743,2132.1,66.548,kao5ppfm
14744,2134.6,66.068,kao5ppfm
14745,2137.1,65.42,kao5ppfm
14746,2139.6,64.6385,kao5ppfm
14747,2142.1,63.675500000000014,kao5ppfm
14748,2144.6,62.51700000000001,kao5ppfm
14749,2147.1,61.292,kao5ppfm
14750,2149.6,60.08800000000001,kao5ppfm
14751,2152.1,58.96600000000001,kao5ppfm
14752,2154.6,57.96900000000001,kao5ppfm
14753,2157.1,57.139,kao5ppfm
14754,2159.6,56.5115,kao5ppfm
14755,2162.1,56.0925,kao5ppfm
14756,2164.6,55.8495,kao5ppfm
14757,2167.1,55.720000000000006,kao5ppfm
14758,2169.6,55.653,kao5ppfm
14759,2172.0,55.65200000000001,kao5ppfm
14760,2174.5,55.681,kao5ppfm
14761,2177.0,55.65500000000001,kao5ppfm
14762,2179.4,55.545,kao5ppfm
14763,2181.9,55.347,kao5ppfm
14764,2184.4,55.0175,kao5ppfm
14765,2186.8,54.602500000000006,kao5ppfm
14766,2189.3,54.16799999999999,kao5ppfm
14767,2191.7,53.73100000000001,kao5ppfm
14768,2194.2,53.23100000000001,kao5ppfm
14769,2196.6,52.524,kao5ppfm
14770,2199.1,51.46999999999999,kao5ppfm
14771,2201.5,50.1765,kao5ppfm
14772,2204.0,49.03249999999999,kao5ppfm
14773,2206.4,48.627,kao5ppfm
14774,2208.9,49.2375,kao5ppfm
14775,2211.3,50.6475,kao5ppfm
14776,2213.7,52.3815,kao5ppfm
14777,2216.1,54.083000000000006,kao5ppfm
14778,2218.6,55.63800000000001,kao5ppfm
14779,2221.0,56.9455,kao5ppfm
14780,2223.4,57.9625,kao5ppfm
14781,2225.8,58.74399999999999,kao5ppfm
14782,2228.2,59.3395,kao5ppfm
14783,2230.6,59.753,kao5ppfm
14784,2233.1,60.018,kao5ppfm
14785,2235.5,60.2115,kao5ppfm
14786,2237.9,60.326,kao5ppfm
14787,2240.3,60.38100000000001,kao5ppfm
14788,2242.7,60.373000000000005,kao5ppfm
14789,2245.1,60.326999999999984,kao5ppfm
14790,2247.5,60.262,kao5ppfm
14791,2249.9,60.122,kao5ppfm
14792,2252.2,59.916,kao5ppfm
14793,2254.6,59.685500000000005,kao5ppfm
14794,2257.0,59.421500000000016,kao5ppfm
14795,2259.4,59.1145,kao5ppfm
14796,2261.8,58.824,kao5ppfm
14797,2264.1,58.53099999999999,kao5ppfm
14798,2266.5,58.19250000000001,kao5ppfm
14799,2268.9,57.875,kao5ppfm
14800,2271.2,57.57800000000001,kao5ppfm
14801,2273.6,57.3045,kao5ppfm
14802,2276.0,57.061,kao5ppfm
14803,2278.3,56.843500000000006,kao5ppfm
14804,2280.7,56.646,kao5ppfm
14805,2283.0,56.50350000000001,kao5ppfm
14806,2285.4,56.37149999999999,kao5ppfm
14807,2287.7,56.22850000000001,kao5ppfm
14808,2290.1,56.06700000000001,kao5ppfm
14809,2292.4,55.88349999999999,kao5ppfm
14810,2294.8,55.663,kao5ppfm
14811,2297.1,55.407,kao5ppfm
14812,2299.4,55.084500000000006,kao5ppfm
14813,2301.8,54.7135,kao5ppfm
14814,2304.1,54.3305,kao5ppfm
14815,2306.4,53.979,kao5ppfm
14816,2308.7,53.669,kao5ppfm
14817,2311.1,53.407,kao5ppfm
14818,2313.4,53.24400000000001,kao5ppfm
14819,2315.7,53.162,kao5ppfm
14820,2318.0,53.087,kao5ppfm
14821,2320.3,53.0775,kao5ppfm
14822,2322.6,53.123000000000005,kao5ppfm
14823,2324.9,53.2085,kao5ppfm
14824,2327.2,53.3115,kao5ppfm
14825,2329.5,53.43150000000001,kao5ppfm
14826,2331.8,53.5635,kao5ppfm
14827,2334.1,53.64450000000001,kao5ppfm
14828,2336.4,53.6675,kao5ppfm
14829,2338.7,53.615,kao5ppfm
14830,2341.0,53.4665,kao5ppfm
14831,2343.2,53.26450000000001,kao5ppfm
14832,2345.5,53.003,kao5ppfm
14833,2347.8,52.76649999999999,kao5ppfm
14834,2350.1,52.564,kao5ppfm
14835,2352.4,52.353,kao5ppfm
14836,2354.6,52.1995,kao5ppfm
14837,2356.9,52.14,kao5ppfm
14838,2359.1,52.1255,kao5ppfm
14839,2361.4,52.141000000000005,kao5ppfm
14840,2363.7,52.1495,kao5ppfm
14841,2365.9,52.1095,kao5ppfm
14842,2368.2,51.98849999999999,kao5ppfm
14843,2370.4,51.828,kao5ppfm
14844,2372.7,51.6275,kao5ppfm
14845,2374.9,51.3895,kao5ppfm
14846,2377.2,51.1805,kao5ppfm
14847,2379.4,51.06699999999999,kao5ppfm
14848,2381.6,51.035,kao5ppfm
14849,2383.9,51.05650000000001,kao5ppfm
14850,2386.1,51.1405,kao5ppfm
14851,2388.3,51.27900000000001,kao5ppfm
14852,2390.6,51.447500000000005,kao5ppfm
14853,2392.8,51.64699999999999,kao5ppfm
14854,2395.0,51.85799999999999,kao5ppfm
14855,2397.2,52.041,kao5ppfm
14856,2399.4,52.1895,kao5ppfm
14857,2401.6,52.316,kao5ppfm
14858,2403.9,52.412,kao5ppfm
14859,2406.1,52.4465,kao5ppfm
14860,2408.3,52.437,kao5ppfm
14861,2410.5,52.4205,kao5ppfm
14862,2412.7,52.3005,kao5ppfm
14863,2414.9,52.1735,kao5ppfm
14864,2417.1,52.0245,kao5ppfm
14865,2419.2,51.85,kao5ppfm
14866,2421.4,51.6685,kao5ppfm
14867,2423.6,51.447,kao5ppfm
14868,2425.8,51.181,kao5ppfm
14869,2428.0,50.8595,kao5ppfm
14870,2430.2,50.5525,kao5ppfm
14871,2432.3,50.258500000000005,kao5ppfm
14872,2434.5,49.9685,kao5ppfm
14873,2436.7,49.636,kao5ppfm
14874,2438.8,49.33900000000001,kao5ppfm
14875,2441.0,49.0315,kao5ppfm
14876,2443.2,48.7605,kao5ppfm
14877,2445.3,48.53500000000001,kao5ppfm
14878,2447.5,48.2795,kao5ppfm
14879,2449.6,48.0305,kao5ppfm
14880,2451.8,47.8365,kao5ppfm
14881,2453.9,47.6865,kao5ppfm
14882,2456.1,47.48350000000001,kao5ppfm
14883,2458.2,47.285,kao5ppfm
14884,2460.4,47.1515,kao5ppfm
14885,2462.5,47.078,kao5ppfm
14886,2464.6,47.0275,kao5ppfm
14887,2466.8,46.97349999999999,kao5ppfm
14888,2468.9,46.895,kao5ppfm
14889,2471.0,46.835,kao5ppfm
14890,2473.1,46.807,kao5ppfm
14891,2475.2,46.71900000000001,kao5ppfm
14892,2477.4,46.573,kao5ppfm
14893,2479.5,46.4575,kao5ppfm
14894,2481.6,46.3195,kao5ppfm
14895,2483.7,46.093,kao5ppfm
14896,2485.8,45.909,kao5ppfm
14897,2487.9,45.75750000000001,kao5ppfm
14898,2490.0,45.651,kao5ppfm
14899,2492.1,45.60699999999999,kao5ppfm
14900,2494.2,45.54899999999999,kao5ppfm
14901,2496.3,45.5125,kao5ppfm
14902,2498.4,45.516,kao5ppfm
14903,2500.5,45.504000000000005,kao5ppfm
14904,2502.6,45.495,kao5ppfm
14905,2504.7,45.498000000000005,kao5ppfm
14906,2506.7,45.4915,kao5ppfm
14907,2508.8,45.4865,kao5ppfm
14908,2510.9,45.4925,kao5ppfm
14909,2513.0,45.475,kao5ppfm
14910,339.3,32.31949999999999,kao5ppfr
14911,340.8,31.3855,kao5ppfr
14912,342.3,30.815,kao5ppfr
14913,343.7,29.757000000000005,kao5ppfr
14914,345.2,28.7835,kao5ppfr
14915,346.7,28.154000000000003,kao5ppfr
14916,348.1,27.5125,kao5ppfr
14917,349.6,27.222,kao5ppfr
14918,351.1,26.8425,kao5ppfr
14919,352.5,26.571500000000004,kao5ppfr
14920,354.0,26.364,kao5ppfr
14921,355.5,26.2785,kao5ppfr
14922,357.0,26.1635,kao5ppfr
14923,358.4,26.2225,kao5ppfr
14924,359.9,25.979000000000003,kao5ppfr
14925,361.4,25.8735,kao5ppfr
14926,362.8,25.825,kao5ppfr
14927,364.3,25.88150000000001,kao5ppfr
14928,365.8,25.9475,kao5ppfr
14929,367.2,25.942,kao5ppfr
14930,368.7,26.1535,kao5ppfr
14931,370.1,26.174000000000007,kao5ppfr
14932,371.6,26.307500000000005,kao5ppfr
14933,373.1,26.484500000000004,kao5ppfr
14934,374.5,26.5705,kao5ppfr
14935,376.0,26.6795,kao5ppfr
14936,377.5,26.8165,kao5ppfr
14937,378.9,26.9185,kao5ppfr
14938,380.4,27.0645,kao5ppfr
14939,381.9,27.1735,kao5ppfr
14940,383.3,27.329,kao5ppfr
14941,384.8,27.4125,kao5ppfr
14942,386.2,27.594,kao5ppfr
14943,387.7,27.645,kao5ppfr
14944,389.2,27.7875,kao5ppfr
14945,390.6,27.878000000000004,kao5ppfr
14946,392.1,28.0495,kao5ppfr
14947,393.6,28.1455,kao5ppfr
14948,395.0,28.251,kao5ppfr
14949,396.5,28.370500000000003,kao5ppfr
14950,397.9,28.434500000000003,kao5ppfr
14951,399.4,28.5525,kao5ppfr
14952,400.9,28.690500000000004,kao5ppfr
14953,402.3,28.805,kao5ppfr
14954,403.8,28.922500000000003,kao5ppfr
14955,405.2,29.0315,kao5ppfr
14956,406.7,29.1115,kao5ppfr
14957,408.1,29.253500000000003,kao5ppfr
14958,409.6,29.3615,kao5ppfr
14959,411.1,29.509000000000007,kao5ppfr
14960,412.5,29.6795,kao5ppfr
14961,414.0,29.817500000000003,kao5ppfr
14962,415.4,29.952,kao5ppfr
14963,416.9,30.0985,kao5ppfr
14964,418.3,30.23,kao5ppfr
14965,419.8,30.4005,kao5ppfr
14966,421.2,30.591500000000003,kao5ppfr
14967,422.7,30.766,kao5ppfr
14968,424.1,30.9505,kao5ppfr
14969,425.6,31.129,kao5ppfr
14970,427.0,31.295,kao5ppfr
14971,428.5,31.4875,kao5ppfr
14972,429.9,31.670500000000004,kao5ppfr
14973,431.4,31.8585,kao5ppfr
14974,432.8,32.0595,kao5ppfr
14975,434.3,32.247,kao5ppfr
14976,435.7,32.434,kao5ppfr
14977,437.2,32.620000000000005,kao5ppfr
14978,438.6,32.79600000000001,kao5ppfr
14979,440.1,32.98650000000001,kao5ppfr
14980,441.5,33.1635,kao5ppfr
14981,443.0,33.351,kao5ppfr
14982,444.4,33.529,kao5ppfr
14983,445.8,33.711,kao5ppfr
14984,447.3,33.896,kao5ppfr
14985,448.7,34.07849999999999,kao5ppfr
14986,450.2,34.2525,kao5ppfr
14987,451.6,34.4265,kao5ppfr
14988,453.0,34.60000000000001,kao5ppfr
14989,454.5,34.776,kao5ppfr
14990,455.9,34.9525,kao5ppfr
14991,457.4,35.114,kao5ppfr
14992,458.8,35.2695,kao5ppfr
14993,460.2,35.422,kao5ppfr
14994,461.7,35.573,kao5ppfr
14995,463.1,35.736000000000004,kao5ppfr
14996,464.5,35.88600000000001,kao5ppfr
14997,466.0,36.03,kao5ppfr
14998,467.4,36.158,kao5ppfr
14999,468.9,36.28849999999999,kao5ppfr
15000,470.3,36.4165,kao5ppfr
15001,471.7,36.571000000000005,kao5ppfr
15002,473.1,36.694500000000005,kao5ppfr
15003,474.6,36.8305,kao5ppfr
15004,476.0,36.9765,kao5ppfr
15005,477.4,37.099,kao5ppfr
15006,478.9,37.23,kao5ppfr
15007,480.3,37.371,kao5ppfr
15008,481.7,37.511,kao5ppfr
15009,483.1,37.6515,kao5ppfr
15010,484.6,37.7865,kao5ppfr
15011,486.0,37.9195,kao5ppfr
15012,487.4,38.0485,kao5ppfr
15013,488.9,38.181,kao5ppfr
15014,490.3,38.303,kao5ppfr
15015,491.7,38.422,kao5ppfr
15016,493.1,38.5475,kao5ppfr
15017,494.5,38.6665,kao5ppfr
15018,496.0,38.78450000000001,kao5ppfr
15019,497.4,38.904,kao5ppfr
15020,498.8,39.024,kao5ppfr
15021,500.2,39.14,kao5ppfr
15022,501.6,39.251000000000005,kao5ppfr
15023,503.1,39.3635,kao5ppfr
15024,504.5,39.4735,kao5ppfr
15025,505.9,39.5985,kao5ppfr
15026,507.3,39.71750000000001,kao5ppfr
15027,508.7,39.84,kao5ppfr
15028,510.1,39.9495,kao5ppfr
15029,511.6,40.0645,kao5ppfr
15030,513.0,40.1825,kao5ppfr
15031,514.4,40.3095,kao5ppfr
15032,515.8,40.432,kao5ppfr
15033,517.2,40.5465,kao5ppfr
15034,518.6,40.663,kao5ppfr
15035,520.0,40.7755,kao5ppfr
15036,521.5,40.886,kao5ppfr
15037,522.9,40.9915,kao5ppfr
15038,524.3,41.107000000000006,kao5ppfr
15039,525.7,41.203,kao5ppfr
15040,527.1,41.235,kao5ppfr
15041,528.5,41.25849999999999,kao5ppfr
15042,529.9,41.3565,kao5ppfr
15043,531.3,41.486,kao5ppfr
15044,532.7,41.624500000000005,kao5ppfr
15045,534.1,41.77449999999999,kao5ppfr
15046,535.5,41.9365,kao5ppfr
15047,536.9,42.04,kao5ppfr
15048,538.3,42.169500000000006,kao5ppfr
15049,539.7,42.2985,kao5ppfr
15050,541.1,42.4525,kao5ppfr
15051,542.5,42.55850000000001,kao5ppfr
15052,544.0,42.6635,kao5ppfr
15053,545.3,42.7935,kao5ppfr
15054,546.8,42.9945,kao5ppfr
15055,548.2,43.194,kao5ppfr
15056,549.5,43.3255,kao5ppfr
15057,550.9,43.444,kao5ppfr
15058,552.3,43.5335,kao5ppfr
15059,553.7,43.507,kao5ppfr
15060,555.1,43.44,kao5ppfr
15061,556.5,43.45,kao5ppfr
15062,557.9,43.532500000000006,kao5ppfr
15063,559.3,43.624,kao5ppfr
15064,560.7,43.7215,kao5ppfr
15065,562.1,43.812,kao5ppfr
15066,563.5,43.9035,kao5ppfr
15067,564.9,43.996,kao5ppfr
15068,566.3,44.0845,kao5ppfr
15069,567.7,44.1745,kao5ppfr
15070,569.1,44.266000000000005,kao5ppfr
15071,570.5,44.3575,kao5ppfr
15072,571.8,44.4435,kao5ppfr
15073,573.2,44.526,kao5ppfr
15074,574.6,44.615,kao5ppfr
15075,576.0,44.6985,kao5ppfr
15076,577.4,44.78600000000001,kao5ppfr
15077,578.8,44.86,kao5ppfr
15078,580.2,44.93599999999999,kao5ppfr
15079,581.5,45.011,kao5ppfr
15080,582.9,45.085,kao5ppfr
15081,584.3,45.1525,kao5ppfr
15082,585.7,45.217000000000006,kao5ppfr
15083,587.1,45.2785,kao5ppfr
15084,588.5,45.342,kao5ppfr
15085,589.8,45.403,kao5ppfr
15086,591.2,45.456,kao5ppfr
15087,592.6,45.504000000000005,kao5ppfr
15088,594.0,45.554,kao5ppfr
15089,595.4,45.5975,kao5ppfr
15090,596.7,45.641,kao5ppfr
15091,598.1,45.6785,kao5ppfr
15092,599.5,45.71699999999999,kao5ppfr
15093,600.9,45.75450000000001,kao5ppfr
15094,602.2,45.7905,kao5ppfr
15095,603.6,45.8225,kao5ppfr
15096,605.0,45.864,kao5ppfr
15097,606.4,45.9035,kao5ppfr
15098,607.7,45.947,kao5ppfr
15099,609.1,45.9885,kao5ppfr
15100,610.5,46.03849999999999,kao5ppfr
15101,611.9,46.087500000000006,kao5ppfr
15102,613.2,46.14649999999999,kao5ppfr
15103,614.6,46.203500000000005,kao5ppfr
15104,616.0,46.25599999999999,kao5ppfr
15105,617.3,46.3115,kao5ppfr
15106,618.7,46.3675,kao5ppfr
15107,620.1,46.4285,kao5ppfr
15108,621.5,46.49,kao5ppfr
15109,622.8,46.5465,kao5ppfr
15110,624.2,46.59,kao5ppfr
15111,625.5,46.642,kao5ppfr
15112,626.9,46.69550000000001,kao5ppfr
15113,628.3,46.747,kao5ppfr
15114,629.6,46.795,kao5ppfr
15115,631.0,46.8335,kao5ppfr
15116,632.4,46.871,kao5ppfr
15117,633.7,46.9085,kao5ppfr
15118,635.1,46.93849999999999,kao5ppfr
15119,636.5,46.961,kao5ppfr
15120,637.8,46.983,kao5ppfr
15121,639.2,46.98950000000001,kao5ppfr
15122,640.5,46.986,kao5ppfr
15123,641.9,46.969,kao5ppfr
15124,643.2,46.9375,kao5ppfr
15125,644.6,46.894000000000005,kao5ppfr
15126,646.0,46.847,kao5ppfr
15127,647.3,46.811,kao5ppfr
15128,648.7,46.7735,kao5ppfr
15129,650.0,46.754,kao5ppfr
15130,651.4,46.687000000000005,kao5ppfr
15131,652.7,46.556,kao5ppfr
15132,654.1,46.4095,kao5ppfr
15133,655.4,46.3255,kao5ppfr
15134,656.8,46.2745,kao5ppfr
15135,658.1,46.217,kao5ppfr
15136,659.5,46.1635,kao5ppfr
15137,660.8,46.084,kao5ppfr
15138,662.2,45.995000000000005,kao5ppfr
15139,663.5,45.9355,kao5ppfr
15140,664.9,45.9635,kao5ppfr
15141,666.2,46.0145,kao5ppfr
15142,667.6,46.016000000000005,kao5ppfr
15143,668.9,46.068,kao5ppfr
15144,670.3,46.271,kao5ppfr
15145,671.6,46.544500000000006,kao5ppfr
15146,673.0,46.75150000000001,kao5ppfr
15147,674.3,46.9735,kao5ppfr
15148,675.6,47.162,kao5ppfr
15149,677.0,47.194,kao5ppfr
15150,678.3,47.16600000000001,kao5ppfr
15151,679.7,47.218500000000006,kao5ppfr
15152,681.0,47.365,kao5ppfr
15153,682.3,47.517500000000005,kao5ppfr
15154,683.7,47.669500000000006,kao5ppfr
15155,685.0,47.81699999999999,kao5ppfr
15156,686.4,47.95949999999999,kao5ppfr
15157,687.7,48.089000000000006,kao5ppfr
15158,689.0,48.2145,kao5ppfr
15159,690.4,48.339000000000006,kao5ppfr
15160,691.7,48.462,kao5ppfr
15161,693.0,48.578500000000005,kao5ppfr
15162,694.4,48.691500000000005,kao5ppfr
15163,695.7,48.806,kao5ppfr
15164,697.0,48.9205,kao5ppfr
15165,698.4,49.039,kao5ppfr
15166,699.7,49.1555,kao5ppfr
15167,701.0,49.267,kao5ppfr
15168,702.4,49.38250000000001,kao5ppfr
15169,703.7,49.49400000000001,kao5ppfr
15170,705.0,49.606,kao5ppfr
15171,706.3,49.7205,kao5ppfr
15172,707.7,49.8355,kao5ppfr
15173,709.0,49.949,kao5ppfr
15174,710.3,50.05049999999999,kao5ppfr
15175,711.6,50.146,kao5ppfr
15176,713.0,50.2445,kao5ppfr
15177,714.3,50.342,kao5ppfr
15178,715.6,50.442,kao5ppfr
15179,716.9,50.537,kao5ppfr
15180,718.2,50.6255,kao5ppfr
15181,719.6,50.712,kao5ppfr
15182,720.9,50.799,kao5ppfr
15183,722.2,50.8785,kao5ppfr
15184,723.5,50.96750000000001,kao5ppfr
15185,724.8,51.05200000000001,kao5ppfr
15186,726.2,51.1365,kao5ppfr
15187,727.5,51.21650000000001,kao5ppfr
15188,728.8,51.294500000000006,kao5ppfr
15189,730.1,51.3665,kao5ppfr
15190,731.4,51.439,kao5ppfr
15191,732.7,51.514,kao5ppfr
15192,734.0,51.5895,kao5ppfr
15193,735.3,51.665,kao5ppfr
15194,736.7,51.73299999999999,kao5ppfr
15195,738.0,51.8,kao5ppfr
15196,739.3,51.864,kao5ppfr
15197,740.6,51.93050000000001,kao5ppfr
15198,741.9,51.99549999999999,kao5ppfr
15199,743.2,52.0595,kao5ppfr
15200,744.5,52.1195,kao5ppfr
15201,745.8,52.187,kao5ppfr
15202,747.1,52.25,kao5ppfr
15203,748.4,52.31099999999999,kao5ppfr
15204,749.7,52.375000000000014,kao5ppfr
15205,751.0,52.43300000000001,kao5ppfr
15206,752.3,52.491,kao5ppfr
15207,753.6,52.54600000000001,kao5ppfr
15208,754.9,52.60150000000001,kao5ppfr
15209,756.2,52.65599999999999,kao5ppfr
15210,757.5,52.707,kao5ppfr
15211,758.8,52.759,kao5ppfr
15212,760.1,52.8125,kao5ppfr
15213,761.4,52.86899999999999,kao5ppfr
15214,762.7,52.9215,kao5ppfr
15215,764.0,52.971,kao5ppfr
15216,765.3,53.0215,kao5ppfr
15217,766.6,53.07000000000001,kao5ppfr
15218,767.9,53.11999999999999,kao5ppfr
15219,769.2,53.16600000000001,kao5ppfr
15220,770.4,53.211,kao5ppfr
15221,771.7,53.25899999999999,kao5ppfr
15222,773.0,53.307500000000005,kao5ppfr
15223,774.3,53.3505,kao5ppfr
15224,775.6,53.399,kao5ppfr
15225,776.9,53.4395,kao5ppfr
15226,778.2,53.48299999999999,kao5ppfr
15227,779.4,53.5255,kao5ppfr
15228,780.7,53.5765,kao5ppfr
15229,782.0,53.60849999999999,kao5ppfr
15230,783.3,53.657,kao5ppfr
15231,784.5,53.694500000000005,kao5ppfr
15232,785.8,53.73049999999999,kao5ppfr
15233,787.1,53.769000000000005,kao5ppfr
15234,788.4,53.806,kao5ppfr
15235,789.7,53.8475,kao5ppfr
15236,790.9,53.884,kao5ppfr
15237,792.2,53.926,kao5ppfr
15238,793.5,53.9635,kao5ppfr
15239,794.8,54.002,kao5ppfr
15240,796.0,54.0415,kao5ppfr
15241,797.3,54.07350000000001,kao5ppfr
15242,798.5,54.112,kao5ppfr
15243,799.8,54.14549999999999,kao5ppfr
15244,801.1,54.1875,kao5ppfr
15245,802.3,54.2245,kao5ppfr
15246,803.6,54.2645,kao5ppfr
15247,804.9,54.29549999999999,kao5ppfr
15248,806.1,54.33,kao5ppfr
15249,807.4,54.35350000000001,kao5ppfr
15250,808.7,54.3865,kao5ppfr
15251,809.9,54.43150000000001,kao5ppfr
15252,811.2,54.467,kao5ppfr
15253,812.4,54.4995,kao5ppfr
15254,813.7,54.52149999999999,kao5ppfr
15255,815.0,54.55150000000001,kao5ppfr
15256,816.2,54.581500000000005,kao5ppfr
15257,817.5,54.61350000000001,kao5ppfr
15258,818.7,54.6475,kao5ppfr
15259,820.0,54.6795,kao5ppfr
15260,821.2,54.706500000000005,kao5ppfr
15261,822.5,54.718,kao5ppfr
15262,823.7,54.7245,kao5ppfr
15263,825.0,54.753,kao5ppfr
15264,826.2,54.7915,kao5ppfr
15265,827.5,54.84100000000001,kao5ppfr
15266,828.7,54.8995,kao5ppfr
15267,829.9,54.929,kao5ppfr
15268,831.2,54.926,kao5ppfr
15269,832.4,54.93399999999999,kao5ppfr
15270,833.7,54.94899999999999,kao5ppfr
15271,834.9,54.985,kao5ppfr
15272,836.1,55.00750000000001,kao5ppfr
15273,837.4,55.025,kao5ppfr
15274,838.6,55.053,kao5ppfr
15275,839.8,55.0545,kao5ppfr
15276,841.1,55.093500000000006,kao5ppfr
15277,842.3,55.13099999999999,kao5ppfr
15278,843.5,55.162,kao5ppfr
15279,844.8,55.1655,kao5ppfr
15280,846.0,55.176,kao5ppfr
15281,847.2,55.193,kao5ppfr
15282,848.5,55.218,kao5ppfr
15283,849.7,55.23350000000001,kao5ppfr
15284,850.9,55.2495,kao5ppfr
15285,852.2,55.276,kao5ppfr
15286,853.4,55.302,kao5ppfr
15287,854.6,55.32750000000001,kao5ppfr
15288,855.8,55.330000000000005,kao5ppfr
15289,857.0,55.3615,kao5ppfr
15290,858.3,55.37149999999999,kao5ppfr
15291,859.5,55.399,kao5ppfr
15292,860.7,55.4045,kao5ppfr
15293,861.9,55.416,kao5ppfr
15294,863.1,55.45050000000001,kao5ppfr
15295,864.3,55.471,kao5ppfr
15296,865.5,55.48549999999999,kao5ppfr
15297,866.8,55.4945,kao5ppfr
15298,868.0,55.5065,kao5ppfr
15299,869.2,55.524,kao5ppfr
15300,870.4,55.548,kao5ppfr
15301,871.6,55.5615,kao5ppfr
15302,872.8,55.57900000000001,kao5ppfr
15303,874.0,55.58900000000001,kao5ppfr
15304,875.2,55.5885,kao5ppfr
15305,876.4,55.6075,kao5ppfr
15306,877.6,55.63349999999999,kao5ppfr
15307,878.8,55.640999999999984,kao5ppfr
15308,880.0,55.66550000000001,kao5ppfr
15309,881.2,55.68150000000001,kao5ppfr
15310,882.4,55.68050000000001,kao5ppfr
15311,883.6,55.69250000000001,kao5ppfr
15312,884.8,55.69749999999999,kao5ppfr
15313,886.0,55.73750000000001,kao5ppfr
15314,887.2,55.75450000000001,kao5ppfr
15315,888.4,55.7635,kao5ppfr
15316,889.6,55.7625,kao5ppfr
15317,890.8,55.768,kao5ppfr
15318,892.0,55.785,kao5ppfr
15319,893.2,55.8055,kao5ppfr
15320,894.3,55.826,kao5ppfr
15321,895.5,55.838,kao5ppfr
15322,896.7,55.8455,kao5ppfr
15323,897.9,55.852,kao5ppfr
15324,899.1,55.86299999999999,kao5ppfr
15325,900.3,55.85849999999999,kao5ppfr
15326,901.5,55.891,kao5ppfr
15327,902.6,55.9045,kao5ppfr
15328,903.8,55.90599999999999,kao5ppfr
15329,905.0,55.8985,kao5ppfr
15330,906.2,55.90000000000001,kao5ppfr
15331,907.4,55.9025,kao5ppfr
15332,908.5,55.90400000000001,kao5ppfr
15333,909.7,55.94600000000001,kao5ppfr
15334,910.9,55.947,kao5ppfr
15335,912.1,55.95550000000001,kao5ppfr
15336,913.2,55.9705,kao5ppfr
15337,914.4,55.980500000000006,kao5ppfr
15338,915.6,55.993,kao5ppfr
15339,916.8,55.9895,kao5ppfr
15340,917.9,56.00500000000001,kao5ppfr
15341,919.1,56.0305,kao5ppfr
15342,920.2,56.048,kao5ppfr
15343,921.4,56.084,kao5ppfr
15344,922.6,56.07349999999999,kao5ppfr
15345,923.8,56.07749999999999,kao5ppfr
15346,924.9,56.088,kao5ppfr
15347,926.1,56.08149999999999,kao5ppfr
15348,927.2,56.0955,kao5ppfr
15349,928.4,56.118,kao5ppfr
15350,929.6,56.143,kao5ppfr
15351,930.7,56.158,kao5ppfr
15352,931.9,56.152,kao5ppfr
15353,933.0,56.157,kao5ppfr
15354,934.2,56.14399999999999,kao5ppfr
15355,935.3,56.16150000000001,kao5ppfr
15356,936.5,56.167,kao5ppfr
15357,937.7,56.1795,kao5ppfr
15358,938.8,56.218500000000006,kao5ppfr
15359,940.0,56.20400000000001,kao5ppfr
15360,941.1,56.19199999999999,kao5ppfr
15361,942.3,56.185,kao5ppfr
15362,943.4,56.1745,kao5ppfr
15363,944.6,56.1885,kao5ppfr
15364,945.7,56.2175,kao5ppfr
15365,946.9,56.2115,kao5ppfr
15366,948.0,56.19,kao5ppfr
15367,949.2,56.163,kao5ppfr
15368,950.3,56.149,kao5ppfr
15369,951.5,56.152,kao5ppfr
15370,952.6,56.149,kao5ppfr
15371,953.8,56.1995,kao5ppfr
15372,954.9,56.174000000000014,kao5ppfr
15373,956.1,56.186,kao5ppfr
15374,957.2,56.19350000000001,kao5ppfr
15375,958.3,56.1655,kao5ppfr
15376,959.5,56.20300000000001,kao5ppfr
15377,960.6,56.258500000000005,kao5ppfr
15378,961.8,56.2615,kao5ppfr
15379,962.9,56.2765,kao5ppfr
15380,964.1,56.17399999999999,kao5ppfr
15381,965.2,56.03499999999999,kao5ppfr
15382,966.3,55.94599999999999,kao5ppfr
15383,967.5,55.996,kao5ppfr
15384,968.6,56.073,kao5ppfr
15385,969.8,56.2105,kao5ppfr
15386,970.9,56.3695,kao5ppfr
15387,972.1,56.449,kao5ppfr
15388,973.2,56.459,kao5ppfr
15389,974.3,56.504,kao5ppfr
15390,975.5,56.534500000000016,kao5ppfr
15391,976.6,56.5465,kao5ppfr
15392,977.8,56.5535,kao5ppfr
15393,978.9,56.57499999999999,kao5ppfr
15394,980.0,56.55749999999999,kao5ppfr
15395,981.2,56.605,kao5ppfr
15396,982.3,56.595000000000006,kao5ppfr
15397,983.5,56.549,kao5ppfr
15398,984.6,56.53499999999999,kao5ppfr
15399,985.7,56.553,kao5ppfr
15400,986.9,56.544,kao5ppfr
15401,988.0,56.56949999999999,kao5ppfr
15402,989.1,56.5785,kao5ppfr
15403,992.0,57.3455,kao5ppfr
15404,995.9,57.315,kao5ppfr
15405,999.7,57.273,kao5ppfr
15406,1003.6,57.315,kao5ppfr
15407,1007.4,57.3365,kao5ppfr
15408,1011.3,57.3755,kao5ppfr
15409,1015.1,57.404,kao5ppfr
15410,1019.0,57.43300000000001,kao5ppfr
15411,1022.8,57.47099999999999,kao5ppfr
15412,1026.7,57.4455,kao5ppfr
15413,1030.5,57.452,kao5ppfr
15414,1034.4,57.3935,kao5ppfr
15415,1038.2,57.41150000000001,kao5ppfr
15416,1042.1,57.4365,kao5ppfr
15417,1045.9,57.4375,kao5ppfr
15418,1049.7,57.46750000000001,kao5ppfr
15419,1053.6,57.419,kao5ppfr
15420,1057.4,57.489,kao5ppfr
15421,1061.2,57.48649999999999,kao5ppfr
15422,1065.1,57.4695,kao5ppfr
15423,1068.9,57.522500000000015,kao5ppfr
15424,1072.7,57.536,kao5ppfr
15425,1076.6,57.43249999999999,kao5ppfr
15426,1080.4,57.45399999999999,kao5ppfr
15427,1084.2,57.5185,kao5ppfr
15428,1088.0,57.57000000000001,kao5ppfr
15429,1091.8,57.56150000000001,kao5ppfr
15430,1095.7,57.54599999999999,kao5ppfr
15431,1099.5,57.5545,kao5ppfr
15432,1103.3,57.602500000000006,kao5ppfr
15433,1107.1,57.646,kao5ppfr
15434,1110.9,57.63800000000001,kao5ppfr
15435,1114.8,57.639,kao5ppfr
15436,1118.6,57.5865,kao5ppfr
15437,1122.4,57.6435,kao5ppfr
15438,1126.2,57.755500000000005,kao5ppfr
15439,1130.0,57.9,kao5ppfr
15440,1133.8,58.051,kao5ppfr
15441,1137.6,58.26899999999999,kao5ppfr
15442,1141.4,58.5035,kao5ppfr
15443,1145.2,58.64399999999999,kao5ppfr
15444,1149.0,58.7805,kao5ppfr
15445,1152.8,58.98699999999999,kao5ppfr
15446,1156.6,59.226,kao5ppfr
15447,1160.4,59.38800000000001,kao5ppfr
15448,1164.2,59.5155,kao5ppfr
15449,1168.0,59.463,kao5ppfr
15450,1171.8,59.371,kao5ppfr
15451,1175.6,59.15650000000001,kao5ppfr
15452,1179.4,58.8215,kao5ppfr
15453,1183.2,58.37699999999999,kao5ppfr
15454,1187.0,58.00699999999999,kao5ppfr
15455,1190.7,57.7555,kao5ppfr
15456,1194.5,57.605,kao5ppfr
15457,1198.3,57.60349999999998,kao5ppfr
15458,1202.1,57.5665,kao5ppfr
15459,1205.9,57.56949999999999,kao5ppfr
15460,1209.7,57.664,kao5ppfr
15461,1213.4,57.70150000000001,kao5ppfr
15462,1217.2,57.69850000000001,kao5ppfr
15463,1221.0,57.6965,kao5ppfr
15464,1224.8,57.667,kao5ppfr
15465,1228.5,57.6525,kao5ppfr
15466,1232.3,57.6495,kao5ppfr
15467,1236.1,57.63649999999999,kao5ppfr
15468,1239.8,57.603,kao5ppfr
15469,1243.6,57.6905,kao5ppfr
15470,1247.4,57.7445,kao5ppfr
15471,1251.1,57.7435,kao5ppfr
15472,1254.9,57.8305,kao5ppfr
15473,1258.7,57.87449999999999,kao5ppfr
15474,1262.4,57.8815,kao5ppfr
15475,1266.2,57.8565,kao5ppfr
15476,1269.9,57.8455,kao5ppfr
15477,1273.7,57.854,kao5ppfr
15478,1277.4,57.86199999999999,kao5ppfr
15479,1281.2,57.8365,kao5ppfr
15480,1284.9,57.66499999999999,kao5ppfr
15481,1288.7,57.58699999999999,kao5ppfr
15482,1292.4,57.4185,kao5ppfr
15483,1296.2,57.3595,kao5ppfr
15484,1299.9,57.2285,kao5ppfr
15485,1303.7,57.14399999999999,kao5ppfr
15486,1307.4,57.0435,kao5ppfr
15487,1311.2,56.985500000000016,kao5ppfr
15488,1314.9,56.9145,kao5ppfr
15489,1318.7,56.8685,kao5ppfr
15490,1322.4,56.77200000000001,kao5ppfr
15491,1326.1,56.7055,kao5ppfr
15492,1329.9,56.6475,kao5ppfr
15493,1333.6,56.5875,kao5ppfr
15494,1337.3,56.566500000000005,kao5ppfr
15495,1341.1,56.48499999999999,kao5ppfr
15496,1344.8,56.26649999999999,kao5ppfr
15497,1348.5,55.924,kao5ppfr
15498,1352.2,55.557500000000005,kao5ppfr
15499,1356.0,55.295,kao5ppfr
15500,1359.7,55.2005,kao5ppfr
15501,1363.4,55.138,kao5ppfr
15502,1367.1,55.13950000000001,kao5ppfr
15503,1370.8,54.9035,kao5ppfr
15504,1374.6,54.4765,kao5ppfr
15505,1378.3,53.8645,kao5ppfr
15506,1382.0,53.051,kao5ppfr
15507,1385.7,51.85450000000001,kao5ppfr
15508,1389.4,50.5425,kao5ppfr
15509,1393.1,49.61050000000001,kao5ppfr
15510,1396.8,49.2505,kao5ppfr
15511,1400.5,49.3985,kao5ppfr
15512,1404.2,49.428,kao5ppfr
15513,1407.9,48.58300000000001,kao5ppfr
15514,1411.7,48.537,kao5ppfr
15515,1415.4,49.3605,kao5ppfr
15516,1419.1,51.428,kao5ppfr
15517,1422.8,53.2395,kao5ppfr
15518,1426.4,54.271,kao5ppfr
15519,1430.2,54.908,kao5ppfr
15520,1433.8,55.3265,kao5ppfr
15521,1437.5,55.585,kao5ppfr
15522,1441.2,55.7225,kao5ppfr
15523,1444.9,55.8455,kao5ppfr
15524,1448.6,55.91450000000001,kao5ppfr
15525,1452.3,55.99400000000001,kao5ppfr
15526,1456.0,56.021,kao5ppfr
15527,1459.7,56.073,kao5ppfr
15528,1463.3,56.011,kao5ppfr
15529,1467.0,56.1195,kao5ppfr
15530,1470.7,56.13099999999999,kao5ppfr
15531,1474.4,56.18299999999999,kao5ppfr
15532,1478.1,56.187,kao5ppfr
15533,1481.7,56.2965,kao5ppfr
15534,1485.4,56.335,kao5ppfr
15535,1489.1,56.35849999999999,kao5ppfr
15536,1492.8,56.38,kao5ppfr
15537,1496.4,56.424,kao5ppfr
15538,1500.1,56.474,kao5ppfr
15539,1503.8,56.5225,kao5ppfr
15540,1507.4,56.5675,kao5ppfr
15541,1511.1,56.610500000000016,kao5ppfr
15542,1514.7,56.6685,kao5ppfr
15543,1518.4,56.6995,kao5ppfr
15544,1522.1,56.724,kao5ppfr
15545,1525.7,56.76299999999999,kao5ppfr
15546,1529.4,56.7845,kao5ppfr
15547,1533.0,56.80800000000001,kao5ppfr
15548,1536.7,56.833000000000006,kao5ppfr
15549,1540.3,56.8525,kao5ppfr
15550,1544.0,56.885000000000005,kao5ppfr
15551,1547.6,56.895500000000006,kao5ppfr
15552,1551.3,56.9285,kao5ppfr
15553,1554.9,56.9635,kao5ppfr
15554,1558.6,56.96600000000001,kao5ppfr
15555,1562.2,56.99400000000001,kao5ppfr
15556,1565.8,57.0015,kao5ppfr
15557,1569.5,57.0185,kao5ppfr
15558,1573.1,57.04299999999999,kao5ppfr
15559,1576.8,57.045,kao5ppfr
15560,1580.4,57.0625,kao5ppfr
15561,1584.0,57.056,kao5ppfr
15562,1587.7,57.097,kao5ppfr
15563,1591.3,57.1185,kao5ppfr
15564,1594.9,57.12549999999999,kao5ppfr
15565,1598.5,57.144000000000005,kao5ppfr
15566,1602.2,57.16200000000001,kao5ppfr
15567,1605.8,57.149,kao5ppfr
15568,1609.4,57.19199999999999,kao5ppfr
15569,1613.0,57.205000000000005,kao5ppfr
15570,1616.7,57.229,kao5ppfr
15571,1620.3,57.239,kao5ppfr
15572,1623.9,57.232000000000006,kao5ppfr
15573,1627.5,57.2505,kao5ppfr
15574,1631.1,57.25450000000001,kao5ppfr
15575,1634.7,57.27499999999999,kao5ppfr
15576,1638.3,57.310500000000005,kao5ppfr
15577,1641.9,57.314,kao5ppfr
15578,1645.6,57.294,kao5ppfr
15579,1649.2,57.291,kao5ppfr
15580,1652.8,57.285,kao5ppfr
15581,1656.4,57.2435,kao5ppfr
15582,1660.0,57.239,kao5ppfr
15583,1663.6,57.21849999999999,kao5ppfr
15584,1667.2,57.173,kao5ppfr
15585,1670.8,57.166500000000006,kao5ppfr
15586,1674.4,57.130500000000005,kao5ppfr
15587,1678.0,57.093,kao5ppfr
15588,1681.6,57.033,kao5ppfr
15589,1685.1,56.99550000000001,kao5ppfr
15590,1688.7,56.9455,kao5ppfr
15591,1692.3,56.88499999999999,kao5ppfr
15592,1695.9,56.807,kao5ppfr
15593,1699.5,56.7405,kao5ppfr
15594,1703.1,56.662,kao5ppfr
15595,1706.7,56.59349999999999,kao5ppfr
15596,1710.2,56.498500000000014,kao5ppfr
15597,1713.8,56.376,kao5ppfr
15598,1717.4,56.269000000000005,kao5ppfr
15599,1721.0,56.086,kao5ppfr
15600,1724.5,55.959500000000006,kao5ppfr
15601,1728.1,55.8925,kao5ppfr
15602,1731.7,56.005500000000005,kao5ppfr
15603,1735.2,56.0835,kao5ppfr
15604,1738.8,56.117,kao5ppfr
15605,1742.4,56.1255,kao5ppfr
15606,1745.9,56.10149999999999,kao5ppfr
15607,1749.5,56.0955,kao5ppfr
15608,1753.1,56.032,kao5ppfr
15609,1756.6,55.95450000000001,kao5ppfr
15610,1760.2,55.847,kao5ppfr
15611,1763.8,55.8595,kao5ppfr
15612,1767.3,55.8375,kao5ppfr
15613,1770.9,55.839,kao5ppfr
15614,1774.4,55.86400000000001,kao5ppfr
15615,1778.0,55.8235,kao5ppfr
15616,1781.5,55.8335,kao5ppfr
15617,1785.1,55.7925,kao5ppfr
15618,1788.6,55.75,kao5ppfr
15619,1792.1,55.73100000000001,kao5ppfr
15620,1795.7,55.69499999999999,kao5ppfr
15621,1799.2,55.6765,kao5ppfr
15622,1802.8,55.6025,kao5ppfr
15623,1806.3,55.6,kao5ppfr
15624,1809.8,55.57249999999999,kao5ppfr
15625,1813.4,55.49249999999999,kao5ppfr
15626,1816.9,55.5065,kao5ppfr
15627,1820.4,55.43300000000001,kao5ppfr
15628,1824.0,55.545,kao5ppfr
15629,1827.5,55.585,kao5ppfr
15630,1831.0,55.632000000000005,kao5ppfr
15631,1834.6,55.63950000000001,kao5ppfr
15632,1838.1,55.6315,kao5ppfr
15633,1841.6,55.634,kao5ppfr
15634,1845.1,55.7,kao5ppfr
15635,1848.6,55.7935,kao5ppfr
15636,1852.2,55.911,kao5ppfr
15637,1855.7,55.9555,kao5ppfr
15638,1859.2,55.97899999999999,kao5ppfr
15639,1862.7,55.92,kao5ppfr
15640,1866.2,55.7995,kao5ppfr
15641,1869.7,55.678,kao5ppfr
15642,1873.2,55.5405,kao5ppfr
15643,1876.7,55.33699999999999,kao5ppfr
15644,1880.2,55.1035,kao5ppfr
15645,1883.7,54.79050000000001,kao5ppfr
15646,1887.2,54.40400000000001,kao5ppfr
15647,1890.7,53.907,kao5ppfr
15648,1894.2,53.4035,kao5ppfr
15649,1897.7,52.8515,kao5ppfr
15650,1902.7,52.2515,kao5ppfr
15651,1905.5,51.902499999999996,kao5ppfr
15652,1908.2,51.583999999999996,kao5ppfr
15653,1911.0,51.2925,kao5ppfr
15654,1913.7,51.028999999999996,kao5ppfr
15655,1916.5,50.86899999999999,kao5ppfr
15656,1919.2,50.74549999999999,kao5ppfr
15657,1921.9,50.614,kao5ppfr
15658,1924.7,50.50999999999999,kao5ppfr
15659,1927.4,50.443999999999996,kao5ppfr
15660,1930.1,50.352,kao5ppfr
15661,1932.9,50.303,kao5ppfr
15662,1935.6,50.280499999999996,kao5ppfr
15663,1938.3,50.271,kao5ppfr
15664,1941.0,50.28149999999999,kao5ppfr
15665,1943.7,50.31649999999999,kao5ppfr
15666,1946.4,50.350999999999985,kao5ppfr
15667,1949.2,50.39699999999999,kao5ppfr
15668,1951.9,50.48199999999999,kao5ppfr
15669,1954.6,50.562,kao5ppfr
15670,1957.3,50.62899999999999,kao5ppfr
15671,1960.0,50.716499999999996,kao5ppfr
15672,1962.7,50.8205,kao5ppfr
15673,1965.4,50.914999999999985,kao5ppfr
15674,1968.1,50.994499999999995,kao5ppfr
15675,1970.7,51.085499999999996,kao5ppfr
15676,1973.4,51.19449999999999,kao5ppfr
15677,1976.1,51.2925,kao5ppfr
15678,1978.8,51.38949999999999,kao5ppfr
15679,1981.5,51.477,kao5ppfr
15680,1984.1,51.57099999999999,kao5ppfr
15681,1986.8,51.67999999999999,kao5ppfr
15682,1989.5,51.80799999999999,kao5ppfr
15683,1992.1,51.93449999999999,kao5ppfr
15684,1994.8,52.038,kao5ppfr
15685,1997.5,52.116,kao5ppfr
15686,2000.1,52.2265,kao5ppfr
15687,2002.8,52.332499999999996,kao5ppfr
15688,2005.4,52.4265,kao5ppfr
15689,2008.1,52.515999999999984,kao5ppfr
15690,2010.7,52.6185,kao5ppfr
15691,2013.4,52.71999999999999,kao5ppfr
15692,2016.0,52.803999999999995,kao5ppfr
15693,2018.6,52.8975,kao5ppfr
15694,2021.3,52.9605,kao5ppfr
15695,2023.9,53.003499999999995,kao5ppfr
15696,2026.5,53.060500000000005,kao5ppfr
15697,2029.2,53.0945,kao5ppfr
15698,2031.8,53.1035,kao5ppfr
15699,2034.4,53.125499999999995,kao5ppfr
15700,2037.0,53.15749999999999,kao5ppfr
15701,2039.7,53.1865,kao5ppfr
15702,2042.3,53.181,kao5ppfr
15703,2044.9,53.1495,kao5ppfr
15704,2047.5,53.109,kao5ppfr
15705,2050.1,53.081999999999994,kao5ppfr
15706,2052.7,53.067499999999995,kao5ppfr
15707,2055.3,53.044999999999995,kao5ppfr
15708,2057.9,53.0355,kao5ppfr
15709,2060.5,53.021499999999996,kao5ppfr
15710,2063.1,52.99499999999998,kao5ppfr
15711,2065.7,52.951499999999996,kao5ppfr
15712,2068.3,52.89699999999999,kao5ppfr
15713,2070.9,52.845499999999994,kao5ppfr
15714,2073.4,52.8015,kao5ppfr
15715,2076.0,52.760000000000005,kao5ppfr
15716,2078.6,52.706999999999994,kao5ppfr
15717,2081.2,52.6495,kao5ppfr
15718,2083.7,52.570499999999996,kao5ppfr
15719,2086.3,52.4985,kao5ppfr
15720,2088.9,52.457499999999996,kao5ppfr
15721,2091.4,52.428,kao5ppfr
15722,2094.0,52.403499999999994,kao5ppfr
15723,2096.6,52.39549999999999,kao5ppfr
15724,2099.1,52.364999999999995,kao5ppfr
15725,2101.6,52.303999999999995,kao5ppfr
15726,2104.2,52.20499999999999,kao5ppfr
15727,2106.8,52.05499999999999,kao5ppfr
15728,2109.3,51.906499999999994,kao5ppfr
15729,2111.8,51.803999999999995,kao5ppfr
15730,2114.4,51.757999999999996,kao5ppfr
15731,2116.9,51.732499999999995,kao5ppfr
15732,2119.4,51.689,kao5ppfr
15733,2122.0,51.62949999999999,kao5ppfr
15734,2124.5,51.536500000000004,kao5ppfr
15735,2127.0,51.399499999999996,kao5ppfr
15736,2129.6,51.216499999999996,kao5ppfr
15737,2132.1,50.96249999999999,kao5ppfr
15738,2134.6,50.608,kao5ppfr
15739,2137.1,50.14699999999999,kao5ppfr
15740,2139.6,49.558499999999995,kao5ppfr
15741,2142.1,48.8535,kao5ppfr
15742,2144.6,48.0365,kao5ppfr
15743,2147.1,47.12949999999999,kao5ppfr
15744,2149.6,46.223499999999994,kao5ppfr
15745,2152.1,45.394000000000005,kao5ppfr
15746,2154.6,44.672,kao5ppfr
15747,2157.1,44.07299999999999,kao5ppfr
15748,2159.6,43.628499999999995,kao5ppfr
15749,2162.1,43.333999999999996,kao5ppfr
15750,2164.6,43.162499999999994,kao5ppfr
15751,2167.1,43.086999999999996,kao5ppfr
15752,2169.6,43.058499999999995,kao5ppfr
15753,2172.0,43.050999999999995,kao5ppfr
15754,2174.5,43.0685,kao5ppfr
15755,2177.0,43.05199999999999,kao5ppfr
15756,2179.4,42.9695,kao5ppfr
15757,2181.9,42.814499999999995,kao5ppfr
15758,2184.4,42.58749999999999,kao5ppfr
15759,2186.8,42.2955,kao5ppfr
15760,2189.3,41.971,kao5ppfr
15761,2191.7,41.619499999999995,kao5ppfr
15762,2194.2,41.22949999999999,kao5ppfr
15763,2196.6,40.669999999999995,kao5ppfr
15764,2199.1,39.835499999999996,kao5ppfr
15765,2201.5,38.80349999999999,kao5ppfr
15766,2204.0,37.92849999999999,kao5ppfr
15767,2206.4,37.681,kao5ppfr
15768,2208.9,38.2185,kao5ppfr
15769,2211.3,39.309,kao5ppfr
15770,2213.7,40.62949999999999,kao5ppfr
15771,2216.1,41.902,kao5ppfr
15772,2218.6,43.0495,kao5ppfr
15773,2221.0,44.01950000000001,kao5ppfr
15774,2223.4,44.788999999999994,kao5ppfr
15775,2225.8,45.37049999999999,kao5ppfr
15776,2228.2,45.802,kao5ppfr
15777,2230.6,46.1015,kao5ppfr
15778,2233.1,46.288,kao5ppfr
15779,2235.5,46.408999999999985,kao5ppfr
15780,2237.9,46.493999999999986,kao5ppfr
15781,2240.3,46.5335,kao5ppfr
15782,2242.7,46.5485,kao5ppfr
15783,2245.1,46.547,kao5ppfr
15784,2247.5,46.52649999999999,kao5ppfr
15785,2249.9,46.468999999999994,kao5ppfr
15786,2252.2,46.38649999999999,kao5ppfr
15787,2254.6,46.274499999999996,kao5ppfr
15788,2257.0,46.16199999999999,kao5ppfr
15789,2259.4,46.025999999999996,kao5ppfr
15790,2261.8,45.87199999999999,kao5ppfr
15791,2264.1,45.723499999999994,kao5ppfr
15792,2266.5,45.56249999999999,kao5ppfr
15793,2268.9,45.38649999999999,kao5ppfr
15794,2271.2,45.181499999999986,kao5ppfr
15795,2273.6,44.95399999999999,kao5ppfr
15796,2276.0,44.77049999999999,kao5ppfr
15797,2278.3,44.6115,kao5ppfr
15798,2280.7,44.433499999999995,kao5ppfr
15799,2283.0,44.27049999999999,kao5ppfr
15800,2285.4,44.1125,kao5ppfr
15801,2287.7,43.962,kao5ppfr
15802,2290.1,43.81249999999999,kao5ppfr
15803,2292.4,43.641999999999996,kao5ppfr
15804,2294.8,43.463,kao5ppfr
15805,2297.1,43.25999999999999,kao5ppfr
15806,2299.4,43.038999999999994,kao5ppfr
15807,2301.8,42.8,kao5ppfr
15808,2304.1,42.5595,kao5ppfr
15809,2306.4,42.306,kao5ppfr
15810,2308.7,42.1155,kao5ppfr
15811,2311.1,41.9905,kao5ppfr
15812,2313.4,41.888499999999986,kao5ppfr
15813,2315.7,41.8505,kao5ppfr
15814,2318.0,41.860499999999995,kao5ppfr
15815,2320.3,41.88849999999999,kao5ppfr
15816,2322.6,41.937999999999995,kao5ppfr
15817,2324.9,41.974000000000004,kao5ppfr
15818,2327.2,42.01049999999999,kao5ppfr
15819,2329.5,42.046499999999995,kao5ppfr
15820,2331.8,42.0945,kao5ppfr
15821,2334.1,42.138999999999996,kao5ppfr
15822,2336.4,42.13049999999999,kao5ppfr
15823,2338.7,42.07449999999999,kao5ppfr
15824,2341.0,41.945999999999984,kao5ppfr
15825,2343.2,41.796,kao5ppfr
15826,2345.5,41.612,kao5ppfr
15827,2347.8,41.42700000000001,kao5ppfr
15828,2350.1,41.25849999999999,kao5ppfr
15829,2352.4,41.147999999999996,kao5ppfr
15830,2354.6,41.06949999999999,kao5ppfr
15831,2356.9,41.0185,kao5ppfr
15832,2359.1,41.018499999999996,kao5ppfr
15833,2361.4,41.02049999999999,kao5ppfr
15834,2363.7,40.965999999999994,kao5ppfr
15835,2365.9,40.857,kao5ppfr
15836,2368.2,40.72249999999998,kao5ppfr
15837,2370.4,40.57849999999999,kao5ppfr
15838,2372.7,40.413000000000004,kao5ppfr
15839,2374.9,40.227,kao5ppfr
15840,2377.2,40.06549999999999,kao5ppfr
15841,2379.4,39.914999999999985,kao5ppfr
15842,2381.6,39.794,kao5ppfr
15843,2383.9,39.8,kao5ppfr
15844,2386.1,39.899499999999996,kao5ppfr
15845,2388.3,39.997499999999995,kao5ppfr
15846,2390.6,40.1355,kao5ppfr
15847,2392.8,40.312999999999995,kao5ppfr
15848,2395.0,40.479,kao5ppfr
15849,2397.2,40.599000000000004,kao5ppfr
15850,2399.4,40.699499999999986,kao5ppfr
15851,2401.6,40.8,kao5ppfr
15852,2403.9,40.8525,kao5ppfr
15853,2406.1,40.855,kao5ppfr
15854,2408.3,40.833499999999994,kao5ppfr
15855,2410.5,40.745999999999995,kao5ppfr
15856,2412.7,40.65299999999999,kao5ppfr
15857,2414.9,40.5735,kao5ppfr
15858,2417.1,40.47499999999999,kao5ppfr
15859,2419.2,40.309999999999995,kao5ppfr
15860,2421.4,40.14149999999999,kao5ppfr
15861,2423.6,39.97499999999999,kao5ppfr
15862,2425.8,39.77349999999999,kao5ppfr
15863,2428.0,39.5445,kao5ppfr
15864,2430.2,39.309999999999995,kao5ppfr
15865,2432.3,39.032999999999994,kao5ppfr
15866,2434.5,38.739,kao5ppfr
15867,2436.7,38.485,kao5ppfr
15868,2438.8,38.27199999999999,kao5ppfr
15869,2441.0,38.041000000000004,kao5ppfr
15870,2443.2,37.846500000000006,kao5ppfr
15871,2445.3,37.689499999999995,kao5ppfr
15872,2447.5,37.558,kao5ppfr
15873,2449.6,37.45499999999999,kao5ppfr
15874,2451.8,37.325999999999986,kao5ppfr
15875,2453.9,37.175999999999995,kao5ppfr
15876,2456.1,37.06499999999999,kao5ppfr
15877,2458.2,36.995999999999995,kao5ppfr
15878,2460.4,36.94199999999999,kao5ppfr
15879,2462.5,36.884,kao5ppfr
15880,2464.6,36.7955,kao5ppfr
15881,2466.8,36.71600000000001,kao5ppfr
15882,2468.9,36.63499999999999,kao5ppfr
15883,2471.0,36.567499999999995,kao5ppfr
15884,2473.1,36.463499999999996,kao5ppfr
15885,2475.2,36.34349999999999,kao5ppfr
15886,2477.4,36.18749999999999,kao5ppfr
15887,2479.5,36.082499999999996,kao5ppfr
15888,2481.6,35.9725,kao5ppfr
15889,2483.7,35.797,kao5ppfr
15890,2485.8,35.634499999999996,kao5ppfr
15891,2487.9,35.522499999999994,kao5ppfr
15892,2490.0,35.44449999999999,kao5ppfr
15893,2492.1,35.40449999999999,kao5ppfr
15894,2494.2,35.35699999999999,kao5ppfr
15895,2496.3,35.34499999999999,kao5ppfr
15896,2498.4,35.335499999999996,kao5ppfr
15897,2500.5,35.343999999999994,kao5ppfr
15898,2502.6,35.326499999999996,kao5ppfr
15899,2504.7,35.32099999999999,kao5ppfr
15900,2506.7,35.31949999999999,kao5ppfr
15901,2508.8,35.329499999999996,kao5ppfr
15902,2510.9,35.3275,kao5ppfr
15903,2513.0,35.387499999999996,kao5ppfr
