Wavelength (nm),Target Reflectance,foldername,reflectance_norm
339.3,27.1465,bent005ck,0.022806976576847486
340.8,26.822,bent005ck,0.022534349759423988
342.3,26.178,bent005ck,0.021993296845954857
343.7,25.431,bent005ck,0.021365709072101686
345.2,24.94,bent005ck,0.020953198232795255
346.7,24.538000000000004,bent005ck,0.020615460234014834
348.1,24.149,bent005ck,0.020288644110816864
349.6,23.864,bent005ck,0.020049202992278504
351.1,23.6245,bent005ck,0.019847988438278726
352.5,23.4195,bent005ck,0.019675758861786224
354.0,23.271,bent005ck,0.019550997436863605
355.5,23.209,bent005ck,0.01949890849177807
357.0,23.1375,bent005ck,0.019438838176074585
358.4,23.111,bent005ck,0.019416574352771897
359.9,23.0265,bent005ck,0.01934558216148596
361.4,23.086,bent005ck,0.019395570745882565
362.8,23.1385,bent005ck,0.019439678320350158
364.3,23.172500000000003,bent005ck,0.019468243225719647
365.8,23.1775,bent005ck,0.01947244394709751
367.2,23.2365,bent005ck,0.01952201245935633
368.7,23.284,bent005ck,0.019561919312446056
370.1,23.472500000000004,bent005ck,0.019720286508391607
371.6,23.585,bent005ck,0.019814802739393587
373.1,23.7525,bent005ck,0.019955526905552096
374.5,23.834,bent005ck,0.02002399866401131
376.0,23.949500000000004,bent005ck,0.020121035327840014
377.5,24.0465,bent005ck,0.020202529322570613
378.9,24.248,bent005ck,0.020371818394098608
380.4,24.4815,bent005ck,0.020567992082444947
381.9,24.5725,bent005ck,0.02064444521152211
383.3,24.7475,bent005ck,0.020791470459747413
384.8,24.875,bent005ck,0.020898588854882997
386.2,25.03,bent005ck,0.02102881121759684
387.7,25.0845,bent005ck,0.021074599080615576
389.2,25.2365,bent005ck,0.021202301010502703
390.6,25.302,bent005ck,0.021257330460552747
392.1,25.431,bent005ck,0.021365709072101686
393.6,25.5185,bent005ck,0.02143922169621434
395.0,25.6095,bent005ck,0.0215156748252915
396.5,25.7155,bent005ck,0.021604730118502256
397.9,25.809000000000005,bent005ck,0.021683283608268353
399.4,25.864,bent005ck,0.021729491543424878
400.9,25.956,bent005ck,0.02180678481677761
402.3,26.047999999999995,bent005ck,0.02188407809013034
403.8,26.1405,bent005ck,0.02196179143562086
405.2,26.2425,bent005ck,0.022047486151729325
406.7,26.323,bent005ck,0.02211511776591297
408.1,26.3905,bent005ck,0.022171827504514158
409.6,26.4905,bent005ck,0.022255841932071477
411.1,26.5605,bent005ck,0.0223146520313616
412.5,26.694,bent005ck,0.02242681129215062
414.0,26.8025,bent005ck,0.02251796694605031
415.4,26.909,bent005ck,0.022607442311398853
416.9,27.023000000000003,bent005ck,0.0227032187588142
418.3,27.1255,bent005ck,0.022789333547060447
419.8,27.2655,bent005ck,0.022906953745640696
421.2,27.4195,bent005ck,0.023036335964078967
422.7,27.556,bent005ck,0.023151015657694708
424.1,27.716,bent005ck,0.023285438741786416
425.6,27.837,bent005ck,0.02338709619913077
427.0,27.96,bent005ck,0.023490433945026274
428.5,28.0935,bent005ck,0.023602593205815293
429.9,28.2245,bent005ck,0.02371265210591538
431.4,28.365,bent005ck,0.023830692376633412
432.8,28.49900000000001,bent005ck,0.02394327170956023
434.3,28.629,bent005ck,0.024052490465384737
435.7,28.76,bent005ck,0.024162549365484825
437.2,28.887,bent005ck,0.024269247688482615
438.6,29.0285,bent005ck,0.024388128103476223
440.1,29.1745,bent005ck,0.024510789167709907
441.5,29.3205,bent005ck,0.02463345023194359
443.0,29.451,bent005ck,0.024743089059905896
444.4,29.5745,bent005ck,0.024846846877939182
445.8,29.68999999999999,bent005ck,0.024943883541767877
447.3,29.806500000000007,bent005ck,0.025041760349872166
448.7,29.921000000000003,bent005ck,0.02513795686942529
450.2,30.0265,bent005ck,0.02522659209049826
451.6,30.117999999999995,bent005ck,0.025303465291713203
453.0,30.205,bent005ck,0.025376557843688075
454.5,30.2905,bent005ck,0.025448390179249585
455.9,30.3765,bent005ck,0.025520642586948878
457.4,30.45,bent005ck,0.025582393191203506
458.8,30.5225,bent005ck,0.025643303651182562
460.2,30.5965,bent005ck,0.025705474327574977
461.7,30.6655,bent005ck,0.025763444282589528
463.1,30.7305,bent005ck,0.025818053660501782
464.5,30.7955,bent005ck,0.025872663038414043
466.0,30.878000000000004,bent005ck,0.025941974941148832
467.4,30.946999999999992,bent005ck,0.025999944896163373
468.9,31.018,bent005ck,0.026059595139729077
470.3,31.08300000000001,bent005ck,0.02611420451764134
471.7,31.159,bent005ck,0.026178055482584894
473.1,31.227500000000003,bent005ck,0.02623560536546166
474.6,31.296,bent005ck,0.02629315524833842
476.0,31.372000000000003,bent005ck,0.026357006213281985
477.4,31.442,bent005ck,0.026415816312572105
478.9,31.514500000000005,bent005ck,0.026476726772551168
480.3,31.584,bent005ck,0.0265351167997035
481.7,31.649500000000007,bent005ck,0.02659014624975355
483.1,31.722999999999995,bent005ck,0.026651896854008168
484.6,31.790000000000003,bent005ck,0.026708186520471577
486.0,31.869,bent005ck,0.026774557918241855
487.4,31.944499999999994,bent005ck,0.02683798881104763
488.9,32.017,bent005ck,0.02689889927102669
490.3,32.084,bent005ck,0.026955188937490094
491.7,32.152,bent005ck,0.02701231874822907
493.1,32.225,bent005ck,0.02707364928034591
494.5,32.2935,bent005ck,0.027131199163222677
496.0,32.3685,bent005ck,0.02719420998389066
497.4,32.449,bent005ck,0.027261841598074304
498.8,32.523500000000006,bent005ck,0.02732443234660451
500.2,32.595,bent005ck,0.027384502662307988
501.6,32.666,bent005ck,0.027444152905873685
503.1,32.73900000000001,bent005ck,0.027505483437990537
504.5,32.80949999999999,bent005ck,0.02756471360941843
505.9,32.885000000000005,bent005ck,0.027628144502224217
507.3,32.9575,bent005ck,0.027689054962203273
508.7,33.034,bent005ck,0.027753325999284616
510.1,33.1015,bent005ck,0.02781003573788581
511.6,33.174,bent005ck,0.027870946197864864
513.0,33.24900000000001,bent005ck,0.02793395701853286
514.4,33.327,bent005ck,0.02799948827202756
515.8,33.40050000000001,bent005ck,0.0280612388762822
517.2,33.47499999999999,bent005ck,0.028123829624812382
518.6,33.5465,bent005ck,0.02818389994051588
520.0,33.621,bent005ck,0.02824649068904608
521.5,33.69199999999999,bent005ck,0.02830614093261177
522.9,33.763,bent005ck,0.02836579117617747
524.3,33.840999999999994,bent005ck,0.028431322429672175
525.7,33.908,bent005ck,0.028487612096135585
527.1,33.950500000000005,bent005ck,0.028523318227847448
528.5,33.988,bent005ck,0.028554823638181438
529.9,34.041999999999994,bent005ck,0.028600191429062383
531.3,34.1135,bent005ck,0.028660261744765873
532.7,34.208000000000006,bent005ck,0.028739655378807544
534.1,34.298,bent005ck,0.028815268363609127
535.5,34.3875,bent005ck,0.028890461276272927
536.9,34.4635,bent005ck,0.02895431224121649
538.3,34.5355,bent005ck,0.029014802629057757
539.7,34.59499999999999,bent005ck,0.029064791213454354
541.1,34.6735,bent005ck,0.029130742539086853
542.5,34.733000000000004,bent005ck,0.029180731123483464
544.0,34.7935,bent005ck,0.02923155985215564
545.3,34.88,bent005ck,0.02930423233199272
546.8,35.00200000000001,bent005ck,0.029406729933612655
548.2,35.0955,bent005ck,0.029485283423378743
549.5,35.157500000000006,bent005ck,0.029537372368464283
550.9,35.233000000000004,bent005ck,0.029600803261270056
552.3,35.2915,bent005ck,0.029649951701391085
553.7,35.281,bent005ck,0.029641130186497566
555.1,35.25600000000001,bent005ck,0.029620126579608243
556.5,35.26649999999999,bent005ck,0.02962894809450175
557.9,35.31150000000001,bent005ck,0.029666754586902558
559.3,35.371500000000005,bent005ck,0.029717163243436942
560.7,35.421499999999995,bent005ck,0.029759170457215593
562.1,35.469500000000004,bent005ck,0.029799497382443117
563.5,35.519499999999994,bent005ck,0.029841504596221764
564.9,35.56999999999999,bent005ck,0.029883931882138212
566.3,35.61800000000001,bent005ck,0.02992425880736574
567.7,35.666999999999994,bent005ck,0.02996542587686881
569.1,35.7125,bent005ck,0.030003652441407395
570.5,35.758,bent005ck,0.030041879005945977
571.8,35.798500000000004,bent005ck,0.030075904849106695
573.2,35.843500000000006,bent005ck,0.030113711341507487
574.6,35.892,bent005ck,0.030154458338872786
576.0,35.935500000000005,bent005ck,0.03019100461486022
577.4,35.9775,bent005ck,0.03022629067443429
578.8,36.0125,bent005ck,0.030255695724079355
580.2,36.049,bent005ck,0.030286360990137772
581.5,36.08899999999999,bent005ck,0.030319966761160694
582.9,36.126000000000005,bent005ck,0.03035105209935691
584.3,36.163,bent005ck,0.030382137437553112
585.7,36.1985,bent005ck,0.030411962559335967
587.1,36.231,bent005ck,0.030439267248292094
588.5,36.2615,bent005ck,0.030464891648697073
589.8,36.2915,bent005ck,0.030490095976964268
591.2,36.322500000000005,bent005ck,0.030516140449507043
592.6,36.355500000000006,bent005ck,0.03054386521060096
594.0,36.3885,bent005ck,0.03057158997169487
595.4,36.4145,bent005ck,0.03059343372285977
596.7,36.4395,bent005ck,0.030614437329749104
598.1,36.46300000000001,bent005ck,0.030634180720225078
599.5,36.48900000000001,bent005ck,0.030656024471389983
600.9,36.5115,bent005ck,0.03067492771759037
602.2,36.54,bent005ck,0.030698871829444207
603.6,36.56349999999999,bent005ck,0.03071861521992017
605.0,36.5895,bent005ck,0.030740458971085082
606.4,36.612,bent005ck,0.03075936221728548
607.7,36.636,bent005ck,0.030779525679899236
609.1,36.664,bent005ck,0.030803049719615283
610.5,36.691500000000005,bent005ck,0.03082615368719355
611.9,36.7195,bent005ck,0.03084967772690959
613.2,36.748000000000005,bent005ck,0.030873621838763434
614.6,36.776500000000006,bent005ck,0.03089756595061727
616.0,36.8035,bent005ck,0.03092024984605774
617.3,36.828,bent005ck,0.030940833380809288
618.7,36.852,bent005ck,0.030960996843423037
620.1,36.879,bent005ck,0.030983680738863515
621.5,36.907,bent005ck,0.031007204778579562
622.8,36.936,bent005ck,0.03103156896257119
624.2,36.962,bent005ck,0.031053412713736094
625.5,36.98499999999999,bent005ck,0.031072736032074267
626.9,37.0065,bent005ck,0.0310907991339991
628.3,37.031,bent005ck,0.03111138266875064
629.6,37.05500000000001,bent005ck,0.031131546131364405
631.0,37.082,bent005ck,0.031154230026804876
632.4,37.103,bent005ck,0.03117187305659191
633.7,37.12649999999999,bent005ck,0.031191616447067874
635.1,37.150000000000006,bent005ck,0.031211359837543855
636.5,37.166,bent005ck,0.03122480214595302
637.8,37.1855,bent005ck,0.031241184959326696
639.2,37.2015,bent005ck,0.031254627267735875
640.5,37.2145,bent005ck,0.03126554914331832
641.9,37.23,bent005ck,0.031278571379589705
643.2,37.233,bent005ck,0.03128109181241642
644.6,37.2355,bent005ck,0.03128319217310536
646.0,37.238,bent005ck,0.03128529253379429
647.3,37.24900000000001,bent005ck,0.031294534120825605
648.7,37.264,bent005ck,0.031307136284959194
650.0,37.288,bent005ck,0.031327299747572944
651.4,37.3035,bent005ck,0.03134032198384434
652.7,37.2975,bent005ck,0.031335281118190894
654.1,37.2675,bent005ck,0.031310076789923695
655.4,37.2525,bent005ck,0.0312974746257901
656.8,37.2765,bent005ck,0.031317638088403855
658.1,37.298,bent005ck,0.031335701190328684
659.5,37.3155,bent005ck,0.031350403715151215
660.8,37.3265,bent005ck,0.03135964530218252
662.2,37.3335,bent005ck,0.03136552631211153
663.5,37.33550000000001,bent005ck,0.03136720660066269
664.9,37.354,bent005ck,0.03138274926976078
666.2,37.379000000000005,bent005ck,0.031403752876650114
667.6,37.3775,bent005ck,0.03140249266023675
668.9,37.4125,bent005ck,0.03143189770988181
670.3,37.5325,bent005ck,0.031532715022950596
671.6,37.645,bent005ck,0.03162723125395258
673.0,37.7055,bent005ck,0.031678059982624754
674.3,37.791500000000006,bent005ck,0.031750312390324054
675.6,37.859,bent005ck,0.03180702212892524
677.0,37.8375,bent005ck,0.031788959027000414
678.3,37.77600000000001,bent005ck,0.031737290154052675
679.7,37.7605,bent005ck,0.03172426791778128
681.0,37.7905,bent005ck,0.031749472246048474
682.3,37.825500000000005,bent005ck,0.03177887729569354
683.7,37.861,bent005ck,0.03180870241747638
685.0,37.89399999999999,bent005ck,0.03183642717857029
686.4,37.9295,bent005ck,0.03186625230035315
687.7,37.96,bent005ck,0.03189187670075813
689.0,37.9885,bent005ck,0.03191582081261197
690.4,38.022,bent005ck,0.03194396564584367
691.7,38.0555,bent005ck,0.031972110479075375
693.0,38.0885,bent005ck,0.03199983524016929
694.4,38.1195,bent005ck,0.032025879712712056
695.7,38.1495,bent005ck,0.032051084040979255
697.0,38.178,bent005ck,0.032075028152833085
698.4,38.21,bent005ck,0.03210191276965143
699.7,38.241,bent005ck,0.032127957242194194
701.0,38.272000000000006,bent005ck,0.03215400171473697
702.4,38.30499999999999,bent005ck,0.032181726475830875
703.7,38.33149999999999,bent005ck,0.03220399029913356
705.0,38.3615,bent005ck,0.032229194627400766
706.3,38.39049999999999,bent005ck,0.03225355881139238
707.7,38.419,bent005ck,0.03227750292324622
709.0,38.447500000000005,bent005ck,0.032301447035100066
710.3,38.4755,bent005ck,0.032324971074816106
711.6,38.5015,bent005ck,0.032346814825981014
713.0,38.53,bent005ck,0.03237075893783485
714.3,38.5535,bent005ck,0.03239050232831082
715.6,38.5765,bent005ck,0.032409825646649
716.9,38.6005,bent005ck,0.03242998910926275
718.2,38.62650000000001,bent005ck,0.032451832860427667
719.6,38.647,bent005ck,0.03246905581807691
720.9,38.6735,bent005ck,0.0324913196413796
722.2,38.695,bent005ck,0.03250938274330442
723.5,38.71650000000001,bent005ck,0.03252744584522926
724.8,38.741,bent005ck,0.03254802937998079
726.2,38.7635,bent005ck,0.03256693262618118
727.5,38.783,bent005ck,0.032583315439554866
728.8,38.8015,bent005ck,0.03259885810865296
730.1,38.818,bent005ck,0.03261272048919992
731.4,38.84,bent005ck,0.03263120366326254
732.7,38.85850000000001,bent005ck,0.03264674633236064
734.0,38.87650000000001,bent005ck,0.032661868929320964
735.3,38.8965,bent005ck,0.03267867181483242
736.7,38.912,bent005ck,0.0326916940511038
738.0,38.929,bent005ck,0.03270597650378855
739.3,38.9455,bent005ck,0.03271983888433551
740.6,38.9645,bent005ck,0.032735801625571395
741.9,38.982000000000006,bent005ck,0.03275050415039393
743.2,38.99850000000001,bent005ck,0.03276436653094089
744.5,39.016000000000005,bent005ck,0.03277906905576342
745.8,39.0355,bent005ck,0.03279545186913709
747.1,39.05,bent005ck,0.0328076339611329
748.4,39.066,bent005ck,0.032821076269542074
749.7,39.0805,bent005ck,0.03283325836153789
751.0,39.099,bent005ck,0.032848801030635984
752.3,39.1165,bent005ck,0.03286350355545852
753.6,39.132000000000005,bent005ck,0.03287652579172991
754.9,39.1465,bent005ck,0.03288870788372572
756.2,39.163,bent005ck,0.03290257026427267
757.5,39.175,bent005ck,0.03291265199557955
758.8,39.1885,bent005ck,0.03292399394329979
760.1,39.2035,bent005ck,0.03293659610743339
761.4,39.21999999999999,bent005ck,0.03295045848798034
762.7,39.23949999999999,bent005ck,0.032966841301354015
764.0,39.2495,bent005ck,0.032975242744109755
765.3,39.267,bent005ck,0.032989945268932286
766.6,39.276500000000006,bent005ck,0.032997926639550236
767.9,39.2925,bent005ck,0.0330113689479594
769.2,39.3045,bent005ck,0.033021450679266276
770.4,39.314,bent005ck,0.033029432049884226
771.7,39.327,bent005ck,0.03304035392546668
773.0,39.3445,bent005ck,0.0330550564502892
774.3,39.3575,bent005ck,0.03306597832587166
775.6,39.3695,bent005ck,0.03307606005717854
776.9,39.38100000000001,bent005ck,0.03308572171634763
778.2,39.39300000000001,bent005ck,0.03309580344765451
779.4,39.4055,bent005ck,0.03310630525109917
780.7,39.4185,bent005ck,0.03311722712668162
782.0,39.43050000000001,bent005ck,0.03312730885798851
783.3,39.437,bent005ck,0.033132769795779726
784.5,39.4485,bent005ck,0.03314243145494882
785.8,39.462,bent005ck,0.033153773402669055
787.1,39.473,bent005ck,0.03316301498970036
788.4,39.4835,bent005ck,0.03317183650459388
789.7,39.492,bent005ck,0.03317897773093625
790.9,39.499,bent005ck,0.03318485874086526
792.2,39.508500000000005,bent005ck,0.03319284011148321
793.5,39.517,bent005ck,0.03319998133782558
794.8,39.527,bent005ck,0.033208382780581316
796.0,39.53750000000001,bent005ck,0.03321720429547484
797.3,39.5465,bent005ck,0.03322476559395499
798.5,39.5545,bent005ck,0.033231486748159574
799.8,39.563,bent005ck,0.03323862797450195
801.1,39.5675,bent005ck,0.03324240862374203
802.3,39.5785,bent005ck,0.03325165021077333
803.6,39.5855,bent005ck,0.033257531220702345
804.9,39.5955,bent005ck,0.03326593266345808
806.1,39.6005,bent005ck,0.03327013338483594
807.4,39.60900000000001,bent005ck,0.03327727461117832
808.7,39.617,bent005ck,0.0332839957653829
809.9,39.61900000000001,bent005ck,0.03328567605393405
811.2,39.629,bent005ck,0.03329407749668978
812.4,39.6315,bent005ck,0.03329617785737871
813.7,39.63850000000001,bent005ck,0.03330205886730773
815.0,39.642500000000005,bent005ck,0.03330541944441002
816.2,39.649,bent005ck,0.033310880382201244
817.5,39.654,bent005ck,0.033315081103579114
818.7,39.6625,bent005ck,0.03332222232992148
820.0,39.6615,bent005ck,0.033321382185645905
821.2,39.661,bent005ck,0.03332096211350812
822.5,39.659000000000006,bent005ck,0.03331928182495698
823.7,39.66,bent005ck,0.03332012196923254
825.0,39.666500000000006,bent005ck,0.033325582907023775
826.2,39.676,bent005ck,0.03333356427764172
827.5,39.68749999999999,bent005ck,0.03334322593681081
828.7,39.6975,bent005ck,0.03335162737956654
829.9,39.702000000000005,bent005ck,0.03335540802880663
831.2,39.696000000000005,bent005ck,0.033350367163153184
832.4,39.681,bent005ck,0.03333776499901958
833.7,39.6915,bent005ck,0.0333465865139131
834.9,39.6905,bent005ck,0.03334574636963753
836.1,39.696,bent005ck,0.03335036716315318
837.4,39.697500000000005,bent005ck,0.03335162737956655
838.6,39.70099999999999,bent005ck,0.03335456788453104
839.8,39.6915,bent005ck,0.0333465865139131
841.1,39.6965,bent005ck,0.03335078723529097
842.3,39.702000000000005,bent005ck,0.03335540802880663
843.5,39.709,bent005ck,0.033361289038735635
844.8,39.70649999999999,bent005ck,0.03335918867804669
846.0,39.7155,bent005ck,0.03336674997652686
847.2,39.71249999999999,bent005ck,0.03336422954370013
848.5,39.709500000000006,bent005ck,0.033361709110873425
849.7,39.7045,bent005ck,0.033357508389495555
850.9,39.703500000000005,bent005ck,0.03335666824521998
852.2,39.708,bent005ck,0.033360448894460056
853.4,39.709,bent005ck,0.033361289038735635
854.6,39.712,bent005ck,0.03336380947156235
855.8,39.714,bent005ck,0.0333654897601135
857.0,39.71,bent005ck,0.03336212918301121
858.3,39.715,bent005ck,0.03336632990438908
859.5,39.712,bent005ck,0.03336380947156235
860.7,39.7125,bent005ck,0.033364229543700136
861.9,39.711000000000006,bent005ck,0.03336296932728679
863.1,39.71150000000001,bent005ck,0.03336338939942457
864.3,39.7155,bent005ck,0.03336674997652686
865.5,39.71150000000001,bent005ck,0.03336338939942457
866.8,39.719,bent005ck,0.03336969048149137
868.0,39.723,bent005ck,0.03337305105859366
869.2,39.7175,bent005ck,0.033368430265078006
870.4,39.71900000000001,bent005ck,0.033369690481491375
871.6,39.7095,bent005ck,0.03336170911087342
872.8,39.711,bent005ck,0.03336296932728678
874.0,39.712,bent005ck,0.03336380947156235
875.2,39.714,bent005ck,0.0333654897601135
876.4,39.723000000000006,bent005ck,0.033373051058593665
877.6,39.7205,bent005ck,0.033370950697904724
878.8,39.7225,bent005ck,0.03337263098645587
880.0,39.722,bent005ck,0.033372210914318086
881.2,39.721500000000006,bent005ck,0.0333717908421803
882.4,39.723,bent005ck,0.03337305105859366
883.6,39.728,bent005ck,0.03337725177997152
884.8,39.7245,bent005ck,0.033374311275007014
886.0,39.726000000000006,bent005ck,0.03337557149142038
887.2,39.726000000000006,bent005ck,0.03337557149142038
888.4,39.732,bent005ck,0.03338061235707382
889.6,39.733,bent005ck,0.033381452501349385
890.8,39.7365,bent005ck,0.03338439300631389
892.0,39.7445,bent005ck,0.03339111416051848
893.2,39.7385,bent005ck,0.033386073294865044
894.3,39.7405,bent005ck,0.03338775358341618
895.5,39.742,bent005ck,0.033389013799829545
896.7,39.7495,bent005ck,0.03339531488189634
897.9,39.748,bent005ck,0.03339405466548299
899.1,39.759,bent005ck,0.03340329625251429
900.3,39.74600000000001,bent005ck,0.03339237437693185
901.5,39.7535,bent005ck,0.03339867545899864
902.6,39.749,bent005ck,0.03339489480975856
903.8,39.75000000000001,bent005ck,0.03339573495403414
905.0,39.7705,bent005ck,0.03341295791168338
906.2,39.764,bent005ck,0.03340749697389216
907.4,39.7745,bent005ck,0.03341631848878568
908.5,39.771,bent005ck,0.03341337798382117
909.7,39.7805,bent005ck,0.03342135935443912
910.9,39.782500000000006,bent005ck,0.03342303964299027
912.1,39.7735,bent005ck,0.0334154783445101
913.2,39.78150000000001,bent005ck,0.033422199498714694
914.4,39.802,bent005ck,0.033439422456363936
915.6,39.804,bent005ck,0.03344110274491509
916.8,39.816,bent005ck,0.033451184476221967
917.9,39.803,bent005ck,0.03344026260063951
919.1,39.8205,bent005ck,0.03345496512546205
920.2,39.80749999999999,bent005ck,0.03344404324987958
921.4,39.8205,bent005ck,0.03345496512546205
922.6,39.838,bent005ck,0.03346966765028458
923.8,39.8245,bent005ck,0.03345832570256434
924.9,39.845,bent005ck,0.033475548660213586
926.1,39.8405,bent005ck,0.033471768010973506
927.2,39.841,bent005ck,0.033472188083111296
928.4,39.8495,bent005ck,0.033479329309453666
929.6,39.858,bent005ck,0.03348647053579604
930.7,39.8625,bent005ck,0.03349025118503612
931.9,39.863,bent005ck,0.0334906712571739
933.0,39.864,bent005ck,0.03349151140144947
934.2,39.873,bent005ck,0.03349907269992963
935.3,39.88,bent005ck,0.03350495370985865
936.5,39.87349999999999,bent005ck,0.033499492772067416
937.7,39.8885,bent005ck,0.03351209493620102
938.8,39.9065,bent005ck,0.03352721753316134
940.0,39.9155,bent005ck,0.0335347788316415
941.1,39.913,bent005ck,0.03353267847095256
942.3,39.906,bent005ck,0.03352679746102355
943.4,39.90400000000001,bent005ck,0.03352511717247241
944.6,39.914,bent005ck,0.03353351861522814
945.7,39.91400000000001,bent005ck,0.033533518615228144
946.9,39.919,bent005ck,0.033537719336606
948.0,39.9185,bent005ck,0.03353729926446822
949.2,39.9155,bent005ck,0.0335347788316415
950.3,39.908,bent005ck,0.033528477749574695
951.5,39.9335,bent005ck,0.033549901428601814
952.6,39.9365,bent005ck,0.03355242186142853
953.8,39.94100000000001,bent005ck,0.03355620251066862
954.9,39.94499999999999,bent005ck,0.0335595630877709
956.1,39.95399999999999,bent005ck,0.033567124386251056
957.2,39.966,bent005ck,0.03357720611755794
958.3,39.93650000000001,bent005ck,0.03355242186142854
959.5,39.9375,bent005ck,0.033553262005704104
960.6,39.935,bent005ck,0.033551161645015176
961.8,39.96,bent005ck,0.033572165251904505
962.9,39.966,bent005ck,0.03357720611755794
964.1,39.9455,bent005ck,0.03355998315990869
965.2,39.952,bent005ck,0.03356544409769992
966.3,39.9935,bent005ck,0.033600310085136205
967.5,39.98949999999999,bent005ck,0.03359694950803391
968.6,40.0185,bent005ck,0.033621313692025534
969.8,40.0405,bent005ck,0.033639796866088145
970.9,40.061,bent005ck,0.033657019823737394
972.1,40.019000000000005,bent005ck,0.033621733764163324
973.2,40.051,bent005ck,0.03364861838098166
974.3,40.059000000000005,bent005ck,0.03365533953518625
975.5,40.0975,bent005ck,0.03368768508979581
976.6,40.11599999999999,bent005ck,0.033703227758893915
977.8,40.10349999999999,bent005ck,0.03369272595544925
978.9,40.1045,bent005ck,0.03369356609972483
980.0,40.08399999999999,bent005ck,0.03367634314207557
981.2,40.111,bent005ck,0.03369902703751605
982.3,40.119,bent005ck,0.03370574819172064
983.5,40.14149999999999,bent005ck,0.03372465143792103
984.6,40.172,bent005ck,0.033750275838326016
985.7,40.133,bent005ck,0.03371751021157866
986.9,40.157,bent005ck,0.03373767367419242
988.0,40.1345,bent005ck,0.033718770427992026
989.1,40.107,bent005ck,0.03369566646041376
992.0,40.5335,bent005ck,0.03405398799394572
995.9,40.523,bent005ck,0.03404516647905221
999.7,40.50599999999999,bent005ck,0.034030884026367454
1003.6,40.52649999999999,bent005ck,0.0340481069840167
1007.4,40.55649999999999,bent005ck,0.0340733113122839
1011.3,40.587,bent005ck,0.03409893571268889
1015.1,40.615,bent005ck,0.03412245975240494
1019.0,40.6315,bent005ck,0.034136322132951896
1022.8,40.658,bent005ck,0.03415858595625459
1026.7,40.6615,bent005ck,0.03416152646121909
1030.5,40.6815,bent005ck,0.034178329346730554
1034.4,40.654500000000006,bent005ck,0.03415564545129009
1038.2,40.676,bent005ck,0.03417370855321491
1042.1,40.70649999999999,bent005ck,0.034199332953619876
1045.9,40.71149999999999,bent005ck,0.03420353367499774
1049.7,40.7405,bent005ck,0.03422789785898937
1053.6,40.71,bent005ck,0.03420227345858439
1057.4,40.767,bent005ck,0.034250161682292064
1061.2,40.769000000000005,bent005ck,0.034251841970843216
1065.1,40.7675,bent005ck,0.03425058175442985
1068.9,40.81299999999999,bent005ck,0.03428880831896842
1072.7,40.841,bent005ck,0.03431233235868448
1076.6,40.791,bent005ck,0.034270325144905814
1080.4,40.8045,bent005ck,0.034281667092626054
1084.2,40.84400000000001,bent005ck,0.034314852791511204
1088.0,40.8775,bent005ck,0.034342997624742896
1091.8,40.8865,bent005ck,0.03435055892322306
1095.7,40.9015,bent005ck,0.03436316108735665
1099.5,40.901,bent005ck,0.03436274101521887
1103.3,40.931,bent005ck,0.03438794534348606
1107.1,40.958,bent005ck,0.03441062923892654
1110.9,40.96300000000001,bent005ck,0.03441482996030441
1114.8,40.9885,bent005ck,0.034436253639331525
1118.6,40.982000000000006,bent005ck,0.03443079270154031
1122.4,41.05299999999999,bent005ck,0.03449044294510599
1126.2,41.116,bent005ck,0.034543372034467106
1130.0,41.157500000000006,bent005ck,0.0345782380219034
1133.8,41.2025,bent005ck,0.03461604451430419
1137.6,41.264500000000005,bent005ck,0.034668133459389724
1141.4,41.3585,bent005ck,0.034747107021293605
1145.2,41.4185,bent005ck,0.034797515677827996
1149.0,41.4855,bent005ck,0.034853805344291396
1152.8,41.601000000000006,bent005ck,0.034950842008120105
1156.6,41.76,bent005ck,0.03508442494793623
1160.4,41.8665,bent005ck,0.03517390031328478
1164.2,41.9875,bent005ck,0.035275557770629136
1168.0,42.009,bent005ck,0.03529362087255396
1171.8,42.0195,bent005ck,0.03530244238744748
1175.6,41.9625,bent005ck,0.03525455416373981
1179.4,41.8445,bent005ck,0.03515541713922217
1183.2,41.663,bent005ck,0.035002930953205634
1187.0,41.519,bent005ck,0.034881950177523095
1190.7,41.4355,bent005ck,0.03481179813051274
1194.5,41.3855,bent005ck,0.03476979091673408
1198.3,41.4195,bent005ck,0.03479835582210357
1202.1,41.416,bent005ck,0.03479541531713906
1205.9,41.426,bent005ck,0.034803816759894794
1209.7,41.4965,bent005ck,0.0348630469313227
1213.4,41.53,bent005ck,0.03489119176455441
1217.2,41.538,bent005ck,0.03489791291875899
1221.0,41.55749999999999,bent005ck,0.03491429573213266
1224.8,41.571000000000005,bent005ck,0.034925637679852906
1228.5,41.601,bent005ck,0.0349508420081201
1232.3,41.639500000000005,bent005ck,0.034983187562729674
1236.1,41.6545,bent005ck,0.03499578972686326
1239.8,41.6325,bent005ck,0.03497730655280066
1243.6,41.6895,bent005ck,0.03502519477650833
1247.4,41.718500000000006,bent005ck,0.03504955896049995
1251.1,41.69850000000001,bent005ck,0.03503275607498849
1254.9,41.760000000000005,bent005ck,0.03508442494793624
1258.7,41.7955,bent005ck,0.035114250069719084
1262.4,41.803,bent005ck,0.03512055115178588
1266.2,41.7965,bent005ck,0.03511509021399466
1269.9,41.802,bent005ck,0.03511971100751031
1273.7,41.83200000000001,bent005ck,0.035144915335777516
1277.4,41.8755,bent005ck,0.03518146161176494
1281.2,41.923,bent005ck,0.035221368464854665
1284.9,41.88250000000001,bent005ck,0.03518734262169396
1288.7,41.923,bent005ck,0.035221368464854665
1292.4,41.8785,bent005ck,0.03518398204459166
1296.2,41.9145,bent005ck,0.035214227238512294
1299.9,41.903000000000006,bent005ck,0.035204565579343206
1303.7,41.9145,bent005ck,0.035214227238512294
1307.4,41.904,bent005ck,0.03520540572361878
1311.2,41.9035,bent005ck,0.03520498565148099
1314.9,41.886,bent005ck,0.03519028312665846
1318.7,41.902,bent005ck,0.03520372543506763
1322.4,41.887,bent005ck,0.03519112327093403
1326.1,41.887,bent005ck,0.03519112327093403
1329.9,41.8895,bent005ck,0.035193223631622965
1333.6,41.868,bent005ck,0.03517516052969814
1337.3,41.8695,bent005ck,0.035176420746111506
1341.1,41.8505,bent005ck,0.035160458004875605
1344.8,41.8195,bent005ck,0.03513441353233284
1348.5,41.77950000000001,bent005ck,0.03510080776130992
1352.2,41.75099999999999,bent005ck,0.03507686364945607
1356.0,41.7145,bent005ck,0.035046198383397655
1359.7,41.67,bent005ck,0.03500881196313465
1363.4,41.578500000000005,bent005ck,0.03493193876191971
1367.1,41.5455,bent005ck,0.03490421400082579
1370.8,41.41100000000001,bent005ck,0.034791214595761205
1374.6,41.2185,bent005ck,0.03462948682271336
1378.3,40.95100000000001,bent005ck,0.034404748228997535
1382.0,40.662,bent005ck,0.03416194653335688
1385.7,40.275,bent005ck,0.03383681069871006
1389.4,39.779,bent005ck,0.03342009913802576
1393.1,39.18300000000001,bent005ck,0.032919373149784145
1396.8,38.552,bent005ck,0.032389242111897455
1400.5,37.9345,bent005ck,0.03187045302173101
1404.2,37.447500000000005,bent005ck,0.031461302759526875
1407.9,37.1165,bent005ck,0.03118321500431215
1411.7,37.0865,bent005ck,0.031158010676044953
1415.4,37.3195,bent005ck,0.031353764292253505
1419.1,37.7425,bent005ck,0.03170914532082096
1422.8,38.182500000000005,bent005ck,0.032078808802073165
1426.4,38.658,bent005ck,0.032478297405108214
1430.2,39.0535,bent005ck,0.03281057446609741
1433.8,39.3965,bent005ck,0.03309874395261902
1437.5,39.659000000000006,bent005ck,0.03331928182495698
1441.2,39.837500000000006,bent005ck,0.033469247578146795
1444.9,40.0005,bent005ck,0.03360619109506522
1448.6,40.11,bent005ck,0.03369818689324048
1452.3,40.206,bent005ck,0.033778840743695505
1456.0,40.252,bent005ck,0.03381748738037187
1459.7,40.3335,bent005ck,0.033885959138831086
1463.3,40.345000000000006,bent005ck,0.03389562079800018
1467.0,40.5015,bent005ck,0.03402710337712738
1470.7,40.5965,bent005ck,0.034106917083306834
1474.4,40.71849999999999,bent005ck,0.034209414684926755
1478.1,40.80350000000001,bent005ck,0.03428082694835049
1481.7,40.9635,bent005ck,0.034415250032442196
1485.4,41.0515,bent005ck,0.034489182728692634
1489.1,41.124,bent005ck,0.03455009318867169
1492.8,41.1955,bent005ck,0.03461016350437517
1496.4,41.279,bent005ck,0.03468031555138554
1500.1,41.3665,bent005ck,0.03475382817549819
1503.8,41.445,bent005ck,0.03481977950113068
1507.4,41.514,bent005ck,0.03487774945614523
1511.1,41.581,bent005ck,0.03493403912260864
1514.7,41.65,bent005ck,0.03499200907762318
1518.4,41.6955,bent005ck,0.03503023564216177
1522.1,41.732,bent005ck,0.035060900908220186
1525.7,41.782,bent005ck,0.035102908121998844
1529.4,41.82,bent005ck,0.03513483360447063
1533.0,41.8555,bent005ck,0.035164658726253475
1536.7,41.8965,bent005ck,0.03519910464155198
1540.3,41.9335,bent005ck,0.03523018997974819
1544.0,41.9795,bent005ck,0.035268836616424555
1547.6,42.0065,bent005ck,0.03529152051186503
1551.3,42.0615,bent005ck,0.03533772844702156
1554.9,42.109,bent005ck,0.03537763530011128
1558.6,42.13099999999999,bent005ck,0.035396118474173885
1562.2,42.1735,bent005ck,0.035431824605885745
1565.8,42.203500000000005,bent005ck,0.03545702893415295
1569.5,42.2305,bent005ck,0.03547971282959342
1573.1,42.267,bent005ck,0.03551037809565184
1576.8,42.28099999999999,bent005ck,0.03552214011550986
1580.4,42.3075,bent005ck,0.03554440393881255
1584.0,42.318000000000005,bent005ck,0.03555322545370608
1587.7,42.35699999999999,bent005ck,0.03558599108045342
1591.3,42.377,bent005ck,0.03560279396596489
1594.9,42.395,bent005ck,0.03561791656292521
1598.5,42.412,bent005ck,0.035632199015609954
1602.2,42.435,bent005ck,0.03565152233394814
1605.8,42.4305,bent005ck,0.03564774168470806
1609.4,42.4715,bent005ck,0.035682187600006555
1613.0,42.49,bent005ck,0.035697730269104666
1616.7,42.5155,bent005ck,0.03571915394813178
1620.3,42.52900000000001,bent005ck,0.035730495895852026
1623.9,42.532500000000006,bent005ck,0.035733436400816526
1627.5,42.556,bent005ck,0.03575317979129249
1631.1,42.569,bent005ck,0.035764101666874944
1634.7,42.58999999999999,bent005ck,0.03578174469666197
1638.3,42.635000000000005,bent005ck,0.03581955118906278
1641.9,42.654,bent005ck,0.03583551393029867
1645.6,42.6535,bent005ck,0.03583509385816088
1649.2,42.6745,bent005ck,0.03585273688794792
1652.8,42.69350000000001,bent005ck,0.03586869962918381
1656.4,42.68000000000001,bent005ck,0.03585735768146357
1660.0,42.703,bent005ck,0.035876680999801756
1663.6,42.71650000000001,bent005ck,0.035888022947522
1667.2,42.70550000000001,bent005ck,0.03587878136049069
1670.8,42.7365,bent005ck,0.03590482583303345
1674.4,42.743,bent005ck,0.03591028677082468
1678.0,42.749,bent005ck,0.03591532763647812
1681.6,42.739,bent005ck,0.035906926193722384
1685.1,42.76,bent005ck,0.03592456922350942
1688.7,42.771,bent005ck,0.03593381081054073
1692.3,42.773,bent005ck,0.035935491099091874
1695.9,42.75699999999999,bent005ck,0.0359220487906827
1699.5,42.7505,bent005ck,0.03591658785289148
1703.1,42.748,bent005ck,0.035914487492202544
1706.7,42.7555,bent005ck,0.03592078857426934
1710.2,42.744,bent005ck,0.035911126915100254
1713.8,42.72200000000001,bent005ck,0.03589264374103765
1717.4,42.717000000000006,bent005ck,0.03588844301965978
1721.0,42.663,bent005ck,0.03584307522877882
1724.5,42.6405,bent005ck,0.03582417198257843
1728.1,42.6135,bent005ck,0.03580148808713795
1731.7,42.6645,bent005ck,0.03584433544519218
1735.2,42.638000000000005,bent005ck,0.035822071621889495
1738.8,42.57749999999999,bent005ck,0.03577124289321731
1742.4,42.5075,bent005ck,0.03571243279392719
1745.9,42.4405,bent005ck,0.03565614312746379
1749.5,42.403,bent005ck,0.035624637717129794
1753.1,42.352500000000006,bent005ck,0.03558221043121335
1756.6,42.3175,bent005ck,0.03555280538156829
1760.2,42.25900000000001,bent005ck,0.03550365694144726
1763.8,42.28,bent005ck,0.035521299971234294
1767.3,42.238,bent005ck,0.035486013911660216
1770.9,42.207,bent005ck,0.03545996943911745
1774.4,42.1965,bent005ck,0.035451147924223936
1778.0,42.164,bent005ck,0.0354238432352678
1781.5,42.175,bent005ck,0.03543308482229911
1785.1,42.154500000000006,bent005ck,0.035415861864649865
1788.6,42.1475,bent005ck,0.03540998085472085
1792.1,42.1555,bent005ck,0.03541670200892544
1795.7,42.1435,bent005ck,0.03540662027761855
1799.2,42.142,bent005ck,0.0354053600612052
1802.8,42.09,bent005ck,0.035361672558875394
1806.3,42.109,bent005ck,0.03537763530011128
1809.8,42.1125,bent005ck,0.03538057580507578
1813.4,42.0695,bent005ck,0.03534444960122614
1816.9,42.087,bent005ck,0.03535915212604867
1820.4,42.0005,bent005ck,0.03528647964621159
1824.0,42.0475,bent005ck,0.03532596642716353
1827.5,42.024,bent005ck,0.03530622303668756
1831.0,42.0275,bent005ck,0.03530916354165207
1834.6,42.0035,bent005ck,0.03528900007903831
1838.1,41.991,bent005ck,0.035278498275593644
1841.6,41.95700000000001,bent005ck,0.03524993337022416
1845.1,41.92850000000001,bent005ck,0.035225989258370324
1848.6,41.8515,bent005ck,0.035161298149151185
1852.2,41.795,bent005ck,0.0351138299975813
1855.7,41.67,bent005ck,0.03500881196313465
1859.2,41.5415,bent005ck,0.034900853423723496
1862.7,41.33749999999999,bent005ck,0.03472946399150656
1866.2,41.016000000000005,bent005ck,0.03445935760690979
1869.7,40.6275,bent005ck,0.0341329615558496
1873.2,40.12949999999999,bent005ck,0.03371456970661415
1876.7,39.504000000000005,bent005ck,0.03318905946224313
1880.2,38.68500000000001,bent005ck,0.032500981300548695
1883.7,37.6485,bent005ck,0.03163017175891708
1887.2,36.365,bent005ck,0.0305518465812189
1890.7,34.92999999999999,bent005ck,0.029346239545771372
1894.2,33.53399999999999,bent005ck,0.028173398137071204
1897.7,32.304500000000004,bent005ck,0.027140440750253982
1902.7,32.0805,bent005ck,0.026952248432525586
1905.5,31.744,bent005ck,0.02666953988379521
1908.2,31.676500000000004,bent005ck,0.02661283014519402
1911.0,31.87400000000001,bent005ck,0.026778758639619732
1913.7,32.198,bent005ck,0.027050965384905434
1916.5,32.578,bent005ck,0.027370220209623247
1919.2,32.999500000000005,bent005ck,0.027724341021777347
1921.9,33.37599999999999,bent005ck,0.028040655341530638
1924.7,33.712,bent005ck,0.02832294381812324
1927.4,33.9845,bent005ck,0.028551883133216927
1930.1,34.208,bent005ck,0.028739655378807537
1932.9,34.3635,bent005ck,0.02887029781365917
1935.6,34.514,bent005ck,0.028996739527132935
1938.3,34.6665,bent005ck,0.029124861529157844
1941.0,34.776999999999994,bent005ck,0.029217697471608677
1943.7,34.884,bent005ck,0.02930759290909501
1946.4,35.008,bent005ck,0.029411770799266088
1949.2,35.1205,bent005ck,0.02950628703026807
1951.9,35.277,bent005ck,0.029637769609395275
1954.6,35.459,bent005ck,0.029790675867549597
1957.3,35.6345,bent005ck,0.02993812118791269
1960.0,35.8015,bent005ck,0.030078425281933406
1962.7,35.975,bent005ck,0.030224190313745358
1965.4,36.139,bent005ck,0.030361973974939362
1968.1,36.285,bent005ck,0.030484635039173043
1970.7,36.44500000000001,bent005ck,0.03061905812326476
1973.4,36.619,bent005ck,0.030765243227214488
1976.1,36.792,bent005ck,0.03091058818688865
1978.8,36.97099999999999,bent005ck,0.03106097401221624
1981.5,37.1475,bent005ck,0.03120925947685492
1984.1,37.342000000000006,bent005ck,0.031372667538453906
1986.8,37.548,bent005ck,0.03154573725922198
1989.5,37.758500000000005,bent005ck,0.03172258762923014
1992.1,37.98649999999999,bent005ck,0.031914140524060816
1994.8,38.2325,bent005ck,0.03212081601585182
1997.5,38.464000000000006,bent005ck,0.032315309415647024
2000.1,38.691,bent005ck,0.03250602216620213
2002.8,38.9085,bent005ck,0.032688753546139294
2005.4,39.1265,bent005ck,0.032871904998214255
2008.1,39.328,bent005ck,0.03304119406974225
2010.7,39.53,bent005ck,0.033210903213408034
2013.4,39.7275,bent005ck,0.03337683170783374
2016.0,39.9185,bent005ck,0.03353729926446822
2018.6,40.111,bent005ck,0.03369902703751605
2021.3,40.28,bent005ck,0.03384101142008792
2023.9,40.431,bent005ck,0.033967873205699474
2026.5,40.5895,bent005ck,0.034101036073377826
2029.2,40.728,bent005ck,0.03421739605554471
2031.8,40.849,bent005ck,0.03431905351288906
2034.4,40.98049999999999,bent005ck,0.03442953248512693
2037.0,41.1155,bent005ck,0.034542951962329316
2039.7,41.2265,bent005ck,0.034636207976917945
2042.3,41.325,bent005ck,0.034718962188061905
2044.9,41.4155,bent005ck,0.03479499524500128
2047.5,41.496,bent005ck,0.03486262685918492
2050.1,41.572,bent005ck,0.03492647782412848
2052.7,41.64,bent005ck,0.03498360763486746
2055.3,41.70400000000001,bent005ck,0.035037376868504146
2057.9,41.7675,bent005ck,0.03509072603000304
2060.5,41.81400000000001,bent005ck,0.035129792738817195
2063.1,41.843500000000006,bent005ck,0.035154576994946604
2065.7,41.8875,bent005ck,0.03519154334307182
2068.3,41.9115,bent005ck,0.03521170680568557
2070.9,41.939,bent005ck,0.03523481077326384
2073.4,41.971,bent005ck,0.03526169539008218
2076.0,41.989,bent005ck,0.03527681798704249
2078.6,42.0115,bent005ck,0.03529572123324289
2081.2,42.0435,bent005ck,0.03532260585006124
2083.7,42.05650000000001,bent005ck,0.035333527725643694
2086.3,42.0685,bent005ck,0.035343609456950566
2088.9,42.079,bent005ck,0.03535243097184408
2091.4,42.10000000000001,bent005ck,0.03537007400163113
2094.0,42.135,bent005ck,0.03539947905127618
2096.6,42.17550000000001,bent005ck,0.035433504894436904
2099.1,42.2175,bent005ck,0.03546879095401097
2101.6,42.260000000000005,bent005ck,0.035504497085722835
2104.2,42.286,bent005ck,0.035526340836887736
2106.8,42.3305,bent005ck,0.03556372725715074
2109.3,42.391000000000005,bent005ck,0.03561455598582292
2111.8,42.4585,bent005ck,0.035671265724424105
2114.4,42.523500000000006,bent005ck,0.035725875102336366
2116.9,42.5855,bent005ck,0.0357779640474219
2119.4,42.64149999999999,bent005ck,0.035825012126853996
2122.0,42.6845,bent005ck,0.035861138330703646
2124.5,42.706,bent005ck,0.035879201432628474
2127.0,42.7085,bent005ck,0.0358813017933174
2129.6,42.7115,bent005ck,0.03588382222614413
2132.1,42.708000000000006,bent005ck,0.03588088172117962
2134.6,42.6875,bent005ck,0.035863658763530364
2137.1,42.6495,bent005ck,0.03583173328105859
2139.6,42.59,bent005ck,0.03578174469666198
2142.1,42.503,bent005ck,0.03570865214468712
2144.6,42.42549999999999,bent005ck,0.03564354096333019
2147.1,42.334,bent005ck,0.03556666776211525
2149.6,42.2125,bent005ck,0.035464590232633104
2152.1,42.0765,bent005ck,0.035350330611155154
2154.6,41.883,bent005ck,0.03518776269383174
2157.1,41.6395,bent005ck,0.03498318756272967
2159.6,41.355,bent005ck,0.03474416651632909
2162.1,41.036,bent005ck,0.03447616049242125
2164.6,40.6805,bent005ck,0.03417748920245498
2167.1,40.290000000000006,bent005ck,0.03384941286284366
2169.6,39.878,bent005ck,0.0335032734213075
2172.0,39.44350000000001,bent005ck,0.03313823073357096
2174.5,38.9795,bent005ck,0.032748403789705
2177.0,38.5345,bent005ck,0.032374539587074924
2179.4,38.11,bent005ck,0.032017898342094106
2181.9,37.6805,bent005ck,0.031657056375735425
2184.4,37.24250000000001,bent005ck,0.03128907318303437
2186.8,36.82249999999999,bent005ck,0.030936212587293625
2189.3,36.427,bent005ck,0.030603935526304436
2191.7,36.056,bent005ck,0.030292242000066784
2194.2,35.6875,bent005ck,0.029982648834518066
2196.6,35.3565,bent005ck,0.02970456107930334
2199.1,35.096999999999994,bent005ck,0.029486543639792095
2201.5,34.8865,bent005ck,0.029309693269783943
2204.0,34.76049999999999,bent005ck,0.029203835091061718
2206.4,34.761,bent005ck,0.02920425516319951
2208.9,34.855000000000004,bent005ck,0.029283228725103392
2211.3,35.011,bent005ck,0.02941429123209281
2213.7,35.211000000000006,bent005ck,0.02958232008720745
2216.1,35.447500000000005,bent005ck,0.029781014208380505
2218.6,35.719500000000004,bent005ck,0.03000953345133641
2221.0,35.9805,bent005ck,0.03022881110726101
2223.4,36.2275,bent005ck,0.030436326743327587
2225.8,36.457,bent005ck,0.030629139854571632
2228.2,36.682,bent005ck,0.0308181723165756
2230.6,36.886,bent005ck,0.03098956174879253
2233.1,37.074,bent005ck,0.031147508872600288
2235.5,37.2805,bent005ck,0.03132099866550615
2237.9,37.4775,bent005ck,0.03148650708779407
2240.3,37.69949999999999,bent005ck,0.03167301911697131
2242.7,37.925,bent005ck,0.03186247165111307
2245.1,38.1515,bent005ck,0.032052764329530394
2247.5,38.35549999999999,bent005ck,0.032224153761747316
2249.9,38.526,bent005ck,0.032367398360732554
2252.2,38.676,bent005ck,0.032493420002068535
2254.6,38.8095,bent005ck,0.03260557926285755
2257.0,38.935500000000005,bent005ck,0.032711437441579776
2259.4,39.04050000000001,bent005ck,0.03279965259051497
2261.8,39.0985,bent005ck,0.0328483809584982
2264.1,39.1405,bent005ck,0.03288366701807228
2266.5,39.18300000000001,bent005ck,0.032919373149784145
2268.9,39.218,bent005ck,0.0329487781994292
2271.2,39.2245,bent005ck,0.032954239137220426
2273.6,39.193,bent005ck,0.032927774592539864
2276.0,39.17,bent005ck,0.03290845127420169
2278.3,39.1315,bent005ck,0.03287610571959212
2280.7,39.094,bent005ck,0.03284460030925813
2283.0,39.0495,bent005ck,0.032807213888995115
2285.4,38.9845,bent005ck,0.032752604511082854
2287.7,38.91049999999999,bent005ck,0.03269043383469044
2290.1,38.833,bent005ck,0.03262532265333352
2292.4,38.7595,bent005ck,0.03256357204907889
2294.8,38.674,bent005ck,0.03249173971351738
2297.1,38.576,bent005ck,0.03240940557451121
2299.4,38.49150000000001,bent005ck,0.03233841338322529
2301.8,38.419,bent005ck,0.03227750292324622
2304.1,38.319,bent005ck,0.032193488495688906
2306.4,38.2295,bent005ck,0.032118295583025105
2308.7,38.1665,bent005ck,0.032065366493663996
2311.1,38.089000000000006,bent005ck,0.032000255312307074
2313.4,38.00350000000001,bent005ck,0.03192842297674557
2315.7,37.923,bent005ck,0.031860791362561924
2318.0,37.863,bent005ck,0.03181038270602753
2320.3,37.793000000000006,bent005ck,0.031751572606737416
2322.6,37.7235,bent005ck,0.031693182579585075
2324.9,37.623000000000005,bent005ck,0.03160874807988997
2327.2,37.5225,bent005ck,0.03152431358019486
2329.5,37.441,bent005ck,0.03145584182173565
2331.8,37.3175,bent005ck,0.03135208400370236
2334.1,37.198,bent005ck,0.03125168676277136
2336.4,37.095,bent005ck,0.031165151902387323
2338.7,36.9915,bent005ck,0.031078196969865503
2341.0,36.861,bent005ck,0.030968558141903198
2343.2,36.74549999999999,bent005ck,0.030871521478074492
2345.5,36.642,bent005ck,0.030784566545552675
2347.8,36.508500000000005,bent005ck,0.030672407284763656
2350.1,36.38250000000001,bent005ck,0.030566549106041438
2352.4,36.2935,bent005ck,0.030491776265515417
2354.6,36.1975,bent005ck,0.03041112241506039
2356.9,36.1095,bent005ck,0.03033718971880995
2359.1,36.0145,bent005ck,0.030257376012630496
2361.4,35.919999999999995,bent005ck,0.030177982378588826
2363.7,35.814,bent005ck,0.030088927085378074
2365.9,35.714000000000006,bent005ck,0.03000491265782076
2368.2,35.611,bent005ck,0.029918377797436717
2370.4,35.5245,bent005ck,0.02984570531759964
2372.7,35.459999999999994,bent005ck,0.029791516011825163
2374.9,35.3805,bent005ck,0.029724724541917096
2377.2,35.2755,bent005ck,0.029636509392981916
2379.4,35.17,bent005ck,0.029547874171908944
2381.6,35.0625,bent005ck,0.029457558662284826
2383.9,34.939,bent005ck,0.029353800844251536
2386.1,34.8435,bent005ck,0.029273567065934297
2388.3,34.733999999999995,bent005ck,0.02918157126775903
2390.6,34.622,bent005ck,0.029087475108894836
2392.8,34.521,bent005ck,0.029002620537061947
2395.0,34.427,bent005ck,0.028923646975158066
2397.2,34.30199999999999,bent005ck,0.02881862894071141
2399.4,34.187000000000005,bent005ck,0.028722012349020505
2401.6,34.056,bent005ck,0.02861195344892041
2403.9,33.9545,bent005ck,0.02852667880494974
2406.1,33.867000000000004,bent005ck,0.028453166180837087
2408.3,33.767,bent005ck,0.028369151753279767
2410.5,33.6365,bent005ck,0.028259512925317462
2412.7,33.4995,bent005ck,0.028144413159563935
2414.9,33.391000000000005,bent005ck,0.028053257505664248
2417.1,33.277,bent005ck,0.0279574810582489
2419.2,33.14149999999999,bent005ck,0.02784364150890873
2421.4,33.0335,bent005ck,0.02775290592714683
2423.6,32.924,bent005ck,0.027660910128971566
2425.8,32.831,bent005ck,0.027582776711343265
2428.0,32.69200000000001,bent005ck,0.027465996657038593
2430.2,32.545,bent005ck,0.027342495448529333
2432.3,32.41450000000001,bent005ck,0.02723285662056704
2434.5,32.297999999999995,bent005ck,0.02713497981246275
2436.7,32.189,bent005ck,0.027043404086425277
2438.8,32.052,bent005ck,0.02692830432067175
2441.0,31.93050000000001,bent005ck,0.026826226791189615
2443.2,31.845,bent005ck,0.0267543944556281
2445.3,31.72600000000001,bent005ck,0.0266544172868349
2447.5,31.6205,bent005ck,0.02656578206576192
2449.6,31.52049999999999,bent005ck,0.026481767638204593
2451.8,31.437999999999995,bent005ck,0.026412455735469808
2453.9,31.364000000000004,bent005ck,0.0263502850590774
2456.1,31.2925,bent005ck,0.026290214743373914
2458.2,31.2325,bent005ck,0.026239806086839526
2460.4,31.1565,bent005ck,0.026175955121895963
2462.5,31.045500000000004,bent005ck,0.02608269910730734
2464.6,30.969000000000005,bent005ck,0.026018428070225995
2466.8,30.9295,bent005ck,0.02598524237134085
2468.9,30.8905,bent005ck,0.025952476744593493
2471.0,30.8395,bent005ck,0.025909629386539262
2473.1,30.806,bent005ck,0.02588148455330756
2475.2,30.76,bent005ck,0.025842837916631195
2477.4,30.7095,bent005ck,0.025800410630714747
2479.5,30.6865,bent005ck,0.025781087312376563
2481.6,30.617,bent005ck,0.02572269728522423
2483.7,30.577,bent005ck,0.025689091514201304
2485.8,30.545500000000004,bent005ck,0.02566262696952075
2487.9,30.483500000000003,bent005ck,0.02561053802443521
2490.0,30.46750000000001,bent005ck,0.025597095716026044
2492.1,30.412500000000005,bent005ck,0.025550887780869516
2494.2,30.375,bent005ck,0.025519382370535516
2496.3,30.369,bent005ck,0.025514341504882077
2498.4,30.3165,bent005ck,0.025470233930414487
2500.5,30.267000000000003,bent005ck,0.025428646788773615
2502.6,30.218,bent005ck,0.025387479719270526
2504.7,30.1415,bent005ck,0.02532320868218918
2506.7,30.125,bent005ck,0.02530934630164222
2508.8,30.178999999999995,bent005ck,0.02535471409252317
2510.9,30.146500000000003,bent005ck,0.025327409403567046
2513.0,30.033,bent005ck,0.02523205302828949
339.3,27.141,bent005pem,0.024141313719337858
340.8,26.263,bent005pem,0.02336035231608895
342.3,25.623,bent005pem,0.02279108660073667
343.7,25.375,bent005pem,0.022570496136037663
345.2,24.8285,bent005pem,0.022084396583787625
346.7,24.495,bent005pem,0.021787755777428277
348.1,24.023000000000003,bent005pem,0.021367922312355972
349.6,23.8005,bent005pem,0.021170013528503027
351.1,23.7145,bent005pem,0.021093518448002568
352.5,23.5295,bent005pem,0.020928965077158548
354.0,23.4325,bent005pem,0.02084268574217547
355.5,23.333,bent005pem,0.02075418271299179
357.0,23.2865,bent005pem,0.02071282200086073
358.4,23.206,bent005pem,0.020641219047601574
359.9,23.154499999999995,bent005pem,0.020595410947069317
361.4,23.206000000000003,bent005pem,0.020641219047601578
362.8,23.219,bent005pem,0.020652782257444668
364.3,23.307,bent005pem,0.020731056293305607
365.8,23.3005,bent005pem,0.02072527468838406
367.2,23.374,bent005pem,0.020790651297881546
368.7,23.5595,bent005pem,0.020955649407565686
370.1,23.751,bent005pem,0.021125984383331253
371.6,23.7885,bent005pem,0.021159339796340174
373.1,23.832,bent005pem,0.021198032075430525
374.5,24.0505,bent005pem,0.02139238294856251
376.0,24.1805,bent005pem,0.021508015046993442
377.5,24.3395,bent005pem,0.02164944199815128
378.9,24.527,bent005pem,0.02181621906319589
380.4,24.572,bent005pem,0.021856245558806598
381.9,24.7405,bent005pem,0.02200612254792669
383.3,24.866499999999995,bent005pem,0.022118196735636666
384.8,25.0635,bent005pem,0.022293423838643543
386.2,25.172,bent005pem,0.022389932166949362
387.7,25.3235,bent005pem,0.022524688035505405
389.2,25.399,bent005pem,0.022591843600363374
390.6,25.4945,bent005pem,0.022676788718826092
392.1,25.6075,bent005pem,0.022777299696692982
393.6,25.7115,bent005pem,0.022869805375437726
395.0,25.835500000000003,bent005pem,0.022980100607787234
396.5,25.9475,bent005pem,0.02307972210797388
397.9,26.002,bent005pem,0.023128198641546846
399.4,26.050500000000007,bent005pem,0.023171338309038395
400.9,26.16,bent005pem,0.023268736115024443
402.3,26.245,bent005pem,0.023344341717844667
403.8,26.333,bent005pem,0.023422615753705602
405.2,26.4385,bent005pem,0.02351645564897071
406.7,26.516,bent005pem,0.023585390169189147
408.1,26.608,bent005pem,0.023667222115771037
409.6,26.657,bent005pem,0.023710806522102695
411.1,26.747,bent005pem,0.02379085951332411
412.5,26.859,bent005pem,0.02389048101351076
414.0,26.966,bent005pem,0.02398565512529622
415.4,27.0845,bent005pem,0.024091058230404413
416.9,27.198500000000003,bent005pem,0.024192458685951542
418.3,27.3085,bent005pem,0.024290301230777713
419.8,27.4365,bent005pem,0.02440415437384817
421.2,27.576,bent005pem,0.02452823651024136
422.7,27.7095,bent005pem,0.024646981780553124
424.1,27.8515,bent005pem,0.024773287611146916
425.6,27.977,bent005pem,0.024884917060016776
427.0,28.093,bent005pem,0.024988096470924374
428.5,28.231,bent005pem,0.02511084439079721
429.9,28.353,bent005pem,0.02521936066778624
431.4,28.483000000000004,bent005pem,0.025334992766217174
432.8,28.61800000000001,bent005pem,0.0254550722530493
434.3,28.728,bent005pem,0.025552914797875467
435.7,28.8545,bent005pem,0.025665433724425566
437.2,28.981,bent005pem,0.025777952650975666
438.6,29.126000000000005,bent005pem,0.02590692691461017
440.1,29.253499999999995,bent005pem,0.026020335318840498
441.5,29.3805,bent005pem,0.02613329898423072
443.0,29.507500000000004,bent005pem,0.02624626264962094
444.4,29.624,bent005pem,0.026349886799368658
445.8,29.7365,bent005pem,0.026449953038395424
447.3,29.84500000000001,bent005pem,0.02654646136670125
448.7,29.9525,bent005pem,0.02664208021732682
450.2,30.051,bent005pem,0.026729693768830255
451.6,30.139500000000005,bent005pem,0.026808412543531317
453.0,30.21850000000001,bent005pem,0.026878681280270118
454.5,30.301,bent005pem,0.02695206318888974
455.9,30.362,bent005pem,0.02700632132738425
457.4,30.43800000000001,bent005pem,0.027073921631082347
458.8,30.5085,bent005pem,0.027136629807539114
460.2,30.5685,bent005pem,0.027189998468353387
461.7,30.639,bent005pem,0.02725270664481016
463.1,30.6995,bent005pem,0.027306520044464558
464.5,30.7605,bent005pem,0.027360778182959074
466.0,30.8255,bent005pem,0.02741859423217454
467.4,30.890000000000004,bent005pem,0.02747596554254989
468.9,30.955500000000008,bent005pem,0.02753422633060548
470.3,31.012,bent005pem,0.027584481819538913
471.7,31.0715,bent005pem,0.02763740574151307
473.1,31.137999999999995,bent005pem,0.02769655600724889
474.6,31.203,bent005pem,0.02775437205646436
476.0,31.268,bent005pem,0.027812188105679828
477.4,31.327,bent005pem,0.027864667288813864
478.9,31.3865,bent005pem,0.027917591210788024
480.3,31.448000000000008,bent005pem,0.02797229408812266
481.7,31.511499999999995,bent005pem,0.028028775920817758
483.1,31.58,bent005pem,0.02808970514191406
484.6,31.6535,bent005pem,0.028155081751411553
486.0,31.7115,bent005pem,0.02820667145686535
487.4,31.77650000000001,bent005pem,0.028264487506080824
488.9,31.837,bent005pem,0.028318300905735214
490.3,31.9045,bent005pem,0.028378340649151273
491.7,31.967,bent005pem,0.028433933004166145
493.1,32.040000000000006,bent005pem,0.028498864874823518
494.5,32.107499999999995,bent005pem,0.02855890461823957
496.0,32.169,bent005pem,0.028613607495574206
497.4,32.23899999999999,bent005pem,0.028675870933190854
498.8,32.296,bent005pem,0.028726571160964425
500.2,32.36299999999999,bent005pem,0.02878616616554036
501.6,32.42800000000001,bent005pem,0.028843982214755842
503.1,32.5025,bent005pem,0.028910248301933558
504.5,32.5695,bent005pem,0.0289698433065095
505.9,32.6315,bent005pem,0.029024990922684256
507.3,32.698,bent005pem,0.029084141188420076
508.7,32.7615,bent005pem,0.029140623021115183
510.1,32.82450000000001,bent005pem,0.029196660114970182
511.6,32.88849999999999,bent005pem,0.0292535866865054
513.0,32.9585,bent005pem,0.02931585012412206
514.4,33.0255,bent005pem,0.029375445128698
515.8,33.0915,bent005pem,0.029434150655593707
517.2,33.1595,bent005pem,0.029494635137849886
518.6,33.2255,bent005pem,0.029553340664745586
520.0,33.289500000000004,bent005pem,0.02961026723628082
521.5,33.352,bent005pem,0.029665859591295685
522.9,33.4215,bent005pem,0.029727678290072227
524.3,33.489,bent005pem,0.029787718033488283
525.7,33.554500000000004,bent005pem,0.029845978821543873
527.1,33.617,bent005pem,0.029901571176558738
528.5,33.66600000000001,bent005pem,0.02994515558289041
529.9,33.7235,bent005pem,0.02999630054950408
531.3,33.78849999999999,bent005pem,0.03005411659871954
532.7,33.8395,bent005pem,0.030099479960411683
534.1,33.8935,bent005pem,0.030147511755144532
535.5,33.955000000000005,bent005pem,0.030202214632479168
536.9,34.010000000000005,bent005pem,0.030251135904892253
538.3,34.052,bent005pem,0.030288493967462242
539.7,34.1025,bent005pem,0.03033341259031426
541.1,34.153499999999994,bent005pem,0.03037877595200639
542.5,34.209,bent005pem,0.030428141963259603
544.0,34.2585,bent005pem,0.030472171108431374
545.3,34.30749999999999,bent005pem,0.03051575551476303
546.8,34.36399999999999,bent005pem,0.03056601100369647
548.2,34.416,bent005pem,0.03061226384306885
549.5,34.4535,bent005pem,0.030645619256077773
550.9,34.5005,bent005pem,0.03068742470704896
552.3,34.558499999999995,bent005pem,0.030739014412502756
553.7,34.602500000000006,bent005pem,0.030778151430433234
555.1,34.6385,bent005pem,0.030810172626921796
556.5,34.6905,bent005pem,0.030856425466294166
557.9,34.74,bent005pem,0.030900454611465945
559.3,34.793,bent005pem,0.030947596928518555
560.7,34.83800000000001,bent005pem,0.03098762342412927
562.1,34.8805,bent005pem,0.031025426225539374
563.5,34.9255,bent005pem,0.03106545272115008
564.9,34.967,bent005pem,0.031102366044879957
566.3,35.0095,bent005pem,0.031140168846290072
567.7,35.047000000000004,bent005pem,0.031173524259298997
569.1,35.08749999999999,bent005pem,0.03120954810534862
570.5,35.129,bent005pem,0.0312464614290785
571.8,35.167500000000004,bent005pem,0.03128070631976767
573.2,35.206,bent005pem,0.031314951210456826
574.6,35.241499999999995,bent005pem,0.031346527668105265
576.0,35.2735,bent005pem,0.03137499095387288
577.4,35.3095,bent005pem,0.03140701215036145
578.8,35.3435,bent005pem,0.03143725439148954
580.2,35.3765,bent005pem,0.03146660715493739
581.5,35.410000000000004,bent005pem,0.03149640465722536
582.9,35.44,bent005pem,0.0315230889876325
584.3,35.46900000000001,bent005pem,0.03154888384035941
585.7,35.49550000000001,bent005pem,0.03157245499888571
587.1,35.525,bent005pem,0.031598694590452725
588.5,35.5515,bent005pem,0.03162226574897903
589.8,35.5795,bent005pem,0.031647171124025694
591.2,35.6055,bent005pem,0.03167029754371188
592.6,35.629000000000005,bent005pem,0.03169120026919747
594.0,35.6495,bent005pem,0.03170943456164235
595.4,35.670500000000004,bent005pem,0.03172811359292735
596.7,35.6945,bent005pem,0.031749461057253056
598.1,35.7135,bent005pem,0.03176636113317758
599.5,35.736000000000004,bent005pem,0.03178637438098293
600.9,35.754000000000005,bent005pem,0.031802384979227216
602.2,35.7735,bent005pem,0.03181972979399185
603.6,35.791999999999994,bent005pem,0.03183618513107625
605.0,35.81349999999999,bent005pem,0.03185530890120136
606.4,35.833499999999994,bent005pem,0.031873098454806126
607.7,35.8515,bent005pem,0.03188910905305041
609.1,35.8735,bent005pem,0.031908677562015646
610.5,35.89450000000001,bent005pem,0.03192735659330065
611.9,35.9165,bent005pem,0.03194692510226588
613.2,35.9375,bent005pem,0.03196560413355087
614.6,35.961,bent005pem,0.031986506859036465
616.0,35.98100000000001,bent005pem,0.032004296412641235
617.3,36.0045,bent005pem,0.03202519913812682
618.7,36.0275,bent005pem,0.032045657124772295
620.1,36.049,bent005pem,0.03206478089489741
621.5,36.0705,bent005pem,0.03208390466502252
622.8,36.093,bent005pem,0.03210391791282788
624.2,36.1095,bent005pem,0.0321185942945518
625.5,36.13,bent005pem,0.03213682858699668
626.9,36.149,bent005pem,0.0321537286629212
628.3,36.169500000000006,bent005pem,0.03217196295536608
629.6,36.1885,bent005pem,0.03218886303129059
631.0,36.208000000000006,bent005pem,0.03220620784605524
632.4,36.2255,bent005pem,0.032221773705459394
633.7,36.2425,bent005pem,0.032236894826023446
635.1,36.2575,bent005pem,0.03225023699122701
636.5,36.2705,bent005pem,0.032261800201070105
637.8,36.2855,bent005pem,0.03227514236627368
639.2,36.2995,bent005pem,0.03228759505379701
640.5,36.316,bent005pem,0.03230227143552094
641.9,36.3275,bent005pem,0.03231250042884367
643.2,36.337,bent005pem,0.032320950466805935
644.6,36.346,bent005pem,0.03232895576592807
646.0,36.3525,bent005pem,0.03233473737084962
647.3,36.3615,bent005pem,0.03234274266997176
648.7,36.372,bent005pem,0.03235208218561426
650.0,36.383,bent005pem,0.03236186644009688
651.4,36.389,bent005pem,0.03236720330617831
652.7,36.3985,bent005pem,0.03237565334414056
654.1,36.39300000000001,bent005pem,0.03237076121689926
655.4,36.396,bent005pem,0.03237342964993997
656.8,36.406000000000006,bent005pem,0.032382324426742354
658.1,36.4055,bent005pem,0.03238187968790223
659.5,36.4135,bent005pem,0.03238899550934413
660.8,36.43249999999999,bent005pem,0.03240589558526864
662.2,36.4485,bent005pem,0.03242012722815246
663.5,36.4505,bent005pem,0.032421906183512934
664.9,36.4555,bent005pem,0.032426353571914125
666.2,36.461,bent005pem,0.03243124569915543
667.6,36.465,bent005pem,0.03243480360987639
668.9,36.4855,bent005pem,0.03245303790232126
670.3,36.5195,bent005pem,0.03248328014344935
671.6,36.553,bent005pem,0.03251307764573732
673.0,36.5685,bent005pem,0.032526864549781015
674.3,36.6015,bent005pem,0.032556217313228865
675.6,36.649,bent005pem,0.03259846750304017
677.0,36.675,bent005pem,0.03262159392272635
678.3,36.6955,bent005pem,0.03263982821517123
679.7,36.721,bent005pem,0.032662509896017294
681.0,36.751,bent005pem,0.03268919422642443
682.3,36.7785,bent005pem,0.03271365486263098
683.7,36.8095,bent005pem,0.03274122867071835
685.0,36.837,bent005pem,0.0327656893069249
686.4,36.8635,bent005pem,0.032789260465451206
687.7,36.8895,bent005pem,0.032812386885137386
689.0,36.9145,bent005pem,0.03283462382714333
690.4,36.942,bent005pem,0.03285908446334988
691.7,36.968,bent005pem,0.03288221088303607
693.0,36.993,bent005pem,0.03290444782504202
694.4,37.019000000000005,bent005pem,0.03292757424472821
695.7,37.041,bent005pem,0.03294714275369343
697.0,37.066,bent005pem,0.03296937969569939
698.4,37.092,bent005pem,0.032992506115385574
699.7,37.118,bent005pem,0.03301563253507176
701.0,37.1425,bent005pem,0.033037424738237585
702.4,37.168,bent005pem,0.033060106419083655
703.7,37.191500000000005,bent005pem,0.033081009144569254
705.0,37.218,bent005pem,0.03310458030309556
706.3,37.243,bent005pem,0.033126817245101504
707.7,37.26549999999999,bent005pem,0.03314683049290684
709.0,37.28900000000001,bent005pem,0.033167733218392455
710.3,37.311,bent005pem,0.03318730172735768
711.6,37.331,bent005pem,0.03320509128096244
713.0,37.3525,bent005pem,0.03322421505108755
714.3,37.372,bent005pem,0.03324155986585219
715.6,37.395,bent005pem,0.03326201785249767
716.9,37.4175,bent005pem,0.03328203110030302
718.2,37.432,bent005pem,0.033294928526666476
719.6,37.45399999999999,bent005pem,0.0333144970356317
720.9,37.47149999999999,bent005pem,0.033330062895035865
722.2,37.49,bent005pem,0.03334651823212027
723.5,37.507000000000005,bent005pem,0.033361639352684325
724.8,37.522,bent005pem,0.03337498151788788
726.2,37.54100000000001,bent005pem,0.033391881593812414
727.5,37.557500000000005,bent005pem,0.033406557975536336
728.8,37.5745,bent005pem,0.03342167909610038
730.1,37.589,bent005pem,0.03343457652246383
731.4,37.6055,bent005pem,0.03344925290418775
732.7,37.621500000000005,bent005pem,0.03346348454707156
734.0,37.636,bent005pem,0.03347638197343501
735.3,37.6485,bent005pem,0.03348750044443798
736.7,37.6605,bent005pem,0.03349817417660084
738.0,37.67550000000001,bent005pem,0.033511516341804416
739.3,37.691500000000005,bent005pem,0.03352574798468822
740.6,37.70399999999999,bent005pem,0.033536866455691185
741.9,37.7155,bent005pem,0.03354709544901393
743.2,37.727,bent005pem,0.03355732444233666
744.5,37.7385,bent005pem,0.033567553435659404
745.8,37.754,bent005pem,0.033581340339703086
747.1,37.7645,bent005pem,0.033590679855345584
748.4,37.7785,bent005pem,0.03360313254286892
749.7,37.79200000000001,bent005pem,0.033615140491552134
751.0,37.7965,bent005pem,0.0336191431411132
752.3,37.813,bent005pem,0.03363381952283713
753.6,37.824,bent005pem,0.033643603777319744
754.9,37.834500000000006,bent005pem,0.03365294329296225
756.2,37.8455,bent005pem,0.03366272754744486
757.5,37.857,bent005pem,0.033672956540767594
758.8,37.8675,bent005pem,0.03368229605641009
760.1,37.8795,bent005pem,0.033692969788572946
761.4,37.8885,bent005pem,0.03370097508769509
762.7,37.9,bent005pem,0.033711204081017826
764.0,37.906,bent005pem,0.033716540947099256
765.3,37.91600000000001,bent005pem,0.033725435723901645
766.6,37.926,bent005pem,0.03373433050070401
767.9,37.9385,bent005pem,0.03374544897170698
769.2,37.948,bent005pem,0.03375389900966925
770.4,37.959500000000006,bent005pem,0.033764128002991986
771.7,37.96849999999999,bent005pem,0.03377213330211412
773.0,37.976000000000006,bent005pem,0.033778804384715914
774.3,37.9845,bent005pem,0.033786364944997926
775.6,37.99300000000001,bent005pem,0.033793925505279966
776.9,38.0035,bent005pem,0.03380326502092246
778.2,38.01,bent005pem,0.033809046625844
779.4,38.0195,bent005pem,0.03381749666380626
780.7,38.023,bent005pem,0.0338206098356871
782.0,38.031,bent005pem,0.03382772565712899
783.3,38.0375,bent005pem,0.03383350726205055
784.5,38.0445,bent005pem,0.03383973360581221
785.8,38.054,bent005pem,0.03384818364377447
787.1,38.061,bent005pem,0.03385440998753613
788.4,38.0655,bent005pem,0.033858412637097206
789.7,38.071,bent005pem,0.03386330476433851
790.9,38.076,bent005pem,0.033867752152739704
792.2,38.084,bent005pem,0.03387486797418161
793.5,38.088,bent005pem,0.03387842588490256
794.8,38.0955,bent005pem,0.033885096967504344
796.0,38.1005,bent005pem,0.03388954435590553
797.3,38.10350000000001,bent005pem,0.033892212788946253
798.5,38.108,bent005pem,0.033896215438507314
799.8,38.111,bent005pem,0.033898883871548026
801.1,38.116,bent005pem,0.033903331259949224
802.3,38.121,bent005pem,0.033907778648350415
803.6,38.129,bent005pem,0.03391489446979231
804.9,38.133,bent005pem,0.03391845238051327
806.1,38.135000000000005,bent005pem,0.03392023133587375
807.4,38.136,bent005pem,0.03392112081355398
808.7,38.143,bent005pem,0.03392734715731564
809.9,38.1425,bent005pem,0.03392690241847553
811.2,38.145,bent005pem,0.03392912611267612
812.4,38.150000000000006,bent005pem,0.03393357350107731
813.7,38.154,bent005pem,0.033937131411798264
815.0,38.159000000000006,bent005pem,0.033941578800199455
816.2,38.157,bent005pem,0.033939799844838976
817.5,38.1575,bent005pem,0.03394024458367909
818.7,38.1585,bent005pem,0.03394113406135933
820.0,38.162,bent005pem,0.03394424723324017
821.2,38.1585,bent005pem,0.03394113406135933
822.5,38.1595,bent005pem,0.03394202353903957
823.7,38.16199999999999,bent005pem,0.03394424723324016
825.0,38.16550000000001,bent005pem,0.03394736040512101
826.2,38.156,bent005pem,0.03393891036715874
827.5,38.1555,bent005pem,0.03393846562831862
828.7,38.16199999999999,bent005pem,0.03394424723324016
829.9,38.162,bent005pem,0.03394424723324017
831.2,38.1545,bent005pem,0.03393757615063838
832.4,38.1595,bent005pem,0.03394202353903957
833.7,38.1565,bent005pem,0.03393935510599886
834.9,38.1545,bent005pem,0.03393757615063838
836.1,38.149,bent005pem,0.033932684023397074
837.4,38.148,bent005pem,0.03393179454571684
838.6,38.15350000000001,bent005pem,0.03393668667295815
839.8,38.153500000000015,bent005pem,0.033936686672958155
841.1,38.14750000000001,bent005pem,0.033931349806876725
842.3,38.143,bent005pem,0.03392734715731564
843.5,38.14,bent005pem,0.03392467872427493
844.8,38.138,bent005pem,0.03392289976891445
846.0,38.143,bent005pem,0.03392734715731564
847.2,38.135,bent005pem,0.03392023133587374
848.5,38.136,bent005pem,0.03392112081355398
849.7,38.13099999999999,bent005pem,0.03391667342515278
850.9,38.1325,bent005pem,0.033918007641673145
852.2,38.130500000000005,bent005pem,0.03391622868631267
853.4,38.1265,bent005pem,0.03391267077559172
854.6,38.1255,bent005pem,0.03391178129791148
855.8,38.118,bent005pem,0.033905110215309696
857.0,38.121,bent005pem,0.033907778648350415
858.3,38.1075,bent005pem,0.0338957706996672
859.5,38.1115,bent005pem,0.03389932861038815
860.7,38.118,bent005pem,0.033905110215309696
861.9,38.11149999999999,bent005pem,0.03389932861038814
863.1,38.1095,bent005pem,0.03389754965502767
864.3,38.103,bent005pem,0.03389176805010613
865.5,38.0955,bent005pem,0.033885096967504344
866.8,38.096,bent005pem,0.03388554170634446
868.0,38.099,bent005pem,0.03388821013938517
869.2,38.1015,bent005pem,0.033890433833585774
870.4,38.0955,bent005pem,0.033885096967504344
871.6,38.0975,bent005pem,0.033886875922864816
872.8,38.0905,bent005pem,0.03388064957910315
874.0,38.091,bent005pem,0.033881094317943276
875.2,38.087,bent005pem,0.033877536407222325
876.4,38.089000000000006,bent005pem,0.033879315362582804
877.6,38.0775,bent005pem,0.03386908636926006
878.8,38.081,bent005pem,0.033872199541140895
880.0,38.0835,bent005pem,0.03387442323534149
881.2,38.086,bent005pem,0.03387664692954208
882.4,38.08800000000001,bent005pem,0.033878425884902565
883.6,38.087,bent005pem,0.033877536407222325
884.8,38.0765,bent005pem,0.03386819689157983
886.0,38.0665,bent005pem,0.03385930211477744
887.2,38.0665,bent005pem,0.03385930211477744
888.4,38.074,bent005pem,0.033865973197379225
889.6,38.0715,bent005pem,0.033863749503178636
890.8,38.0745,bent005pem,0.03386641793621935
892.0,38.076,bent005pem,0.033867752152739704
893.2,38.074,bent005pem,0.033865973197379225
894.3,38.07000000000001,bent005pem,0.03386241528665828
895.5,38.0705,bent005pem,0.0338628600254984
896.7,38.0755,bent005pem,0.03386730741389958
897.9,38.0765,bent005pem,0.03386819689157983
899.1,38.073,bent005pem,0.03386508371969899
900.3,38.0735,bent005pem,0.03386552845853911
901.5,38.060500000000005,bent005pem,0.03385396524869602
902.6,38.06699999999999,bent005pem,0.033859746853617555
903.8,38.0805,bent005pem,0.03387175480230078
905.0,38.0775,bent005pem,0.03386908636926006
906.2,38.08,bent005pem,0.033871310063460655
907.4,38.06750000000001,bent005pem,0.03386019159245769
908.5,38.066,bent005pem,0.03385885737593733
909.7,38.07099999999999,bent005pem,0.033863304764338506
910.9,38.0765,bent005pem,0.03386819689157983
912.1,38.0785,bent005pem,0.0338699758469403
913.2,38.077000000000005,bent005pem,0.03386864163041994
914.4,38.071000000000005,bent005pem,0.03386330476433852
915.6,38.08,bent005pem,0.033871310063460655
916.8,38.086,bent005pem,0.03387664692954208
917.9,38.0825,bent005pem,0.03387353375766125
919.1,38.095,bent005pem,0.03388465222866422
920.2,38.091,bent005pem,0.033881094317943276
921.4,38.0925,bent005pem,0.03388242853446363
922.6,38.0885,bent005pem,0.03387887062374268
923.8,38.102500000000006,bent005pem,0.033891323311266014
924.9,38.0985,bent005pem,0.033887765400545056
926.1,38.0865,bent005pem,0.0338770916683822
927.2,38.094,bent005pem,0.03388376275098399
928.4,38.0955,bent005pem,0.033885096967504344
929.6,38.10549999999999,bent005pem,0.03389399174430672
930.7,38.119,bent005pem,0.033905999692989935
931.9,38.116,bent005pem,0.033903331259949224
933.0,38.1245,bent005pem,0.03391089182023124
934.2,38.11750000000001,bent005pem,0.033904665476469587
935.3,38.109,bent005pem,0.033897104916187554
936.5,38.1075,bent005pem,0.0338957706996672
937.7,38.10850000000001,bent005pem,0.033896660177347444
938.8,38.1255,bent005pem,0.03391178129791148
940.0,38.11600000000001,bent005pem,0.033903331259949224
941.1,38.1145,bent005pem,0.03390199704342886
942.3,38.117,bent005pem,0.033904220737629456
943.4,38.121,bent005pem,0.033907778648350415
944.6,38.134,bent005pem,0.0339193418581935
945.7,38.13349999999999,bent005pem,0.03391889711935338
946.9,38.11749999999999,bent005pem,0.03390466547646957
948.0,38.1125,bent005pem,0.03390021808806839
949.2,38.125,bent005pem,0.033911336559071366
950.3,38.125,bent005pem,0.033911336559071366
951.5,38.1345,bent005pem,0.033919786597033624
952.6,38.12150000000001,bent005pem,0.03390822338719054
953.8,38.1125,bent005pem,0.03390021808806839
954.9,38.115,bent005pem,0.033902441782268984
956.1,38.096,bent005pem,0.03388554170634446
957.2,38.11,bent005pem,0.03389799439386779
958.3,38.1225,bent005pem,0.03390911286487077
959.5,38.1265,bent005pem,0.03391267077559172
960.6,38.141,bent005pem,0.03392556820195517
961.8,38.124,bent005pem,0.033910447081391126
962.9,38.1325,bent005pem,0.033918007641673145
964.1,38.130500000000005,bent005pem,0.03391622868631267
965.2,38.1435,bent005pem,0.033927791896155766
966.3,38.147000000000006,bent005pem,0.0339309050680366
967.5,38.142,bent005pem,0.03392645767963541
968.6,38.153000000000006,bent005pem,0.03393624193411803
969.8,38.181,bent005pem,0.033961147309164684
970.9,38.1665,bent005pem,0.033948249882801235
972.1,38.198,bent005pem,0.033976268429728736
973.2,38.2255,bent005pem,0.03400072906593527
974.3,38.199000000000005,bent005pem,0.033977157907408975
975.5,38.2055,bent005pem,0.033982939512330515
976.6,38.215,bent005pem,0.03399138955029278
977.8,38.19349999999999,bent005pem,0.033972265780167654
978.9,38.254,bent005pem,0.034026079179822054
980.0,38.2655,bent005pem,0.0340363081731448
981.2,38.247,bent005pem,0.03401985283606039
982.3,38.2445,bent005pem,0.034017629141859795
983.5,38.2285,bent005pem,0.03400339749897598
984.6,38.255,bent005pem,0.03402696865750229
985.7,38.221,bent005pem,0.033996726416374204
986.9,38.25900000000001,bent005pem,0.03403052656822325
988.0,38.244,bent005pem,0.03401718440301968
989.1,38.25599999999999,bent005pem,0.034027858135182526
992.0,38.246,bent005pem,0.03401896335838016
995.9,38.257,bent005pem,0.034028747612862766
999.7,38.241,bent005pem,0.03401451596997896
1003.6,38.271,bent005pem,0.034041200300386106
1007.4,38.294,bent005pem,0.034061658287031574
1011.3,38.3255,bent005pem,0.03408967683395907
1015.1,38.346500000000006,bent005pem,0.03410835586524407
1019.0,38.343,bent005pem,0.034105242693363236
1022.8,38.355,bent005pem,0.03411591642552608
1026.7,38.378,bent005pem,0.03413637441217156
1030.5,38.399,bent005pem,0.03415505344345656
1034.4,38.383,bent005pem,0.034140821800572756
1038.2,38.4155,bent005pem,0.03416972982518048
1042.1,38.449000000000005,bent005pem,0.034199527327468456
1045.9,38.4505,bent005pem,0.03420086154398881
1049.7,38.477,bent005pem,0.034224432702515115
1053.6,38.435,bent005pem,0.03418707463994512
1057.4,38.503,bent005pem,0.0342475591222013
1061.2,38.506,bent005pem,0.03425022755524202
1065.1,38.49849999999999,bent005pem,0.03424355647264023
1068.9,38.53699999999999,bent005pem,0.034277801363329384
1072.7,38.55749999999999,bent005pem,0.034296035655774264
1076.6,38.5365,bent005pem,0.03427735662448927
1080.4,38.543000000000006,bent005pem,0.03428313822941083
1084.2,38.566,bent005pem,0.0343035962160563
1088.0,38.611,bent005pem,0.034343622711667
1091.8,38.598,bent005pem,0.03433205950182391
1095.7,38.6245,bent005pem,0.03435563066035021
1099.5,38.633500000000005,bent005pem,0.03436363595947236
1103.3,38.645500000000006,bent005pem,0.03437430969163521
1107.1,38.6535,bent005pem,0.034381425513077116
1110.9,38.634,bent005pem,0.034364080698312476
1114.8,38.6635,bent005pem,0.03439032028987949
1118.6,38.663,bent005pem,0.03438987555103937
1122.4,38.6985,bent005pem,0.03442145200868782
1126.2,38.7195,bent005pem,0.034440131039972816
1130.0,38.702,bent005pem,0.03442456518056865
1133.8,38.6615,bent005pem,0.03438854133451901
1137.6,38.657,bent005pem,0.034384538684957944
1141.4,38.665000000000006,bent005pem,0.03439165450639985
1145.2,38.649,bent005pem,0.03437742286351604
1149.0,38.65650000000001,bent005pem,0.034384093946117834
1152.8,38.684,bent005pem,0.03440855458232437
1156.6,38.7345,bent005pem,0.03445347320517638
1160.4,38.7575,bent005pem,0.034473931191821856
1164.2,38.8055,bent005pem,0.03451662612047328
1168.0,38.808,bent005pem,0.034518849814673874
1171.8,38.8425,bent005pem,0.03454953679464209
1175.6,38.8635,bent005pem,0.03456821582592708
1179.4,38.878,bent005pem,0.03458111325229053
1183.2,38.871500000000005,bent005pem,0.034575331647368986
1187.0,38.889,bent005pem,0.03459089750677315
1190.7,38.917,bent005pem,0.03461580288181981
1194.5,38.9305,bent005pem,0.03462781083050302
1198.3,38.986,bent005pem,0.034677176841756224
1202.1,38.99300000000001,bent005pem,0.0346834031855179
1205.9,38.988,bent005pem,0.0346789557971167
1209.7,39.0225,bent005pem,0.03470964277708491
1213.4,39.025,bent005pem,0.034711866471285505
1217.2,39.031000000000006,bent005pem,0.03471720333736694
1221.0,39.0475,bent005pem,0.034731879719090857
1224.8,39.0555,bent005pem,0.034738995540532766
1228.5,39.078,bent005pem,0.03475900878833812
1232.3,39.1035,bent005pem,0.03478169046918418
1236.1,39.109,bent005pem,0.034786582596425496
1239.8,39.082,bent005pem,0.03476256669905907
1243.6,39.13100000000001,bent005pem,0.03480615110539073
1247.4,39.151,bent005pem,0.03482394065899549
1251.1,39.126,bent005pem,0.034801703716989534
1254.9,39.176,bent005pem,0.034846177601001435
1258.7,39.203,bent005pem,0.03487019349836786
1262.4,39.206,bent005pem,0.03487286193140857
1266.2,39.1935,bent005pem,0.034861743460405596
1269.9,39.197,bent005pem,0.03486485663228643
1273.7,39.216,bent005pem,0.034881756708210955
1277.4,39.23500000000001,bent005pem,0.03489865678413548
1281.2,39.2635,bent005pem,0.034924006898022254
1284.9,39.224,bent005pem,0.03488887252965285
1288.7,39.2595,bent005pem,0.0349204489873013
1292.4,39.218500000000006,bent005pem,0.03488398040241155
1296.2,39.2505,bent005pem,0.03491244368817916
1299.9,39.236,bent005pem,0.03489954626181571
1303.7,39.25500000000001,bent005pem,0.03491644633774024
1307.4,39.2475,bent005pem,0.03490977525513845
1311.2,39.246500000000005,bent005pem,0.034908885777458216
1314.9,39.227500000000006,bent005pem,0.03489198570153369
1318.7,39.2345,bent005pem,0.03489821204529535
1322.4,39.206,bent005pem,0.03487286193140857
1326.1,39.202,bent005pem,0.03486930402068762
1329.9,39.19500000000001,bent005pem,0.03486307767692596
1333.6,39.17249999999999,bent005pem,0.03484306442912059
1337.3,39.17299999999999,bent005pem,0.03484350916796071
1341.1,39.15899999999999,bent005pem,0.03483105648043738
1344.8,39.132,bent005pem,0.034807040583070964
1348.5,39.0965,bent005pem,0.03477546412542252
1352.2,39.075500000000005,bent005pem,0.03475678509413753
1356.0,39.0345,bent005pem,0.03472031650924777
1359.7,38.9815,bent005pem,0.03467317419219515
1363.4,38.874,bent005pem,0.03457755534156958
1367.1,38.83099999999999,bent005pem,0.034539307801319336
1370.8,38.7205,bent005pem,0.034441020517653055
1374.6,38.572500000000005,bent005pem,0.03430937782097784
1378.3,38.337,bent005pem,0.034099905827281805
1382.0,38.06949999999999,bent005pem,0.03386197054781815
1385.7,37.70649999999999,bent005pem,0.03353909014989178
1389.4,37.2705,bent005pem,0.03315127788130804
1393.1,36.746500000000005,bent005pem,0.03268519157686337
1396.8,36.162000000000006,bent005pem,0.0321652918727643
1400.5,35.58,bent005pem,0.03164761586286581
1404.2,35.1125,bent005pem,0.031231785047354573
1407.9,34.785999999999994,bent005pem,0.030941370584756885
1411.7,34.718,bent005pem,0.030880886102500713
1415.4,34.8815,bent005pem,0.031026315703219613
1419.1,35.2385,bent005pem,0.03134385923506456
1422.8,35.64450000000001,bent005pem,0.03170498717324117
1426.4,36.0975,bent005pem,0.03210792056238894
1430.2,36.468,bent005pem,0.0324374720429171
1433.8,36.785,bent005pem,0.03271943646755252
1437.5,37.0285,bent005pem,0.03293602428269046
1441.2,37.1925,bent005pem,0.033081898622249487
1444.9,37.33550000000001,bent005pem,0.03320909393052352
1448.6,37.42999999999999,bent005pem,0.03329314957130599
1452.3,37.51,bent005pem,0.03336430778572503
1456.0,37.547,bent005pem,0.03339721845989383
1459.7,37.6145,bent005pem,0.03345725820330989
1463.3,37.621,bent005pem,0.03346303980823145
1467.0,37.7645,bent005pem,0.033590679855345584
1470.7,37.842,bent005pem,0.03365961437556402
1474.4,37.953,bent005pem,0.03375834639807044
1478.1,38.028000000000006,bent005pem,0.03382505722408829
1481.7,38.1765,bent005pem,0.033957144659603616
1485.4,38.2575,bent005pem,0.03402919235170289
1489.1,38.319,bent005pem,0.03408389522903753
1492.8,38.38550000000001,bent005pem,0.03414304549477335
1496.4,38.46099999999999,bent005pem,0.0342102010596313
1500.1,38.534000000000006,bent005pem,0.034275132930288686
1503.8,38.5975,bent005pem,0.034331614762983784
1507.4,38.654,bent005pem,0.03438187025191723
1511.1,38.7125,bent005pem,0.03443390469621115
1514.7,38.773,bent005pem,0.03448771809586555
1518.4,38.81349999999999,bent005pem,0.034523741941915174
1522.1,38.84499999999999,bent005pem,0.03455176048884267
1525.7,38.8905,bent005pem,0.03459223172329351
1529.4,38.92249999999999,bent005pem,0.03462069500906111
1533.0,38.95,bent005pem,0.03464515564526766
1536.7,38.98850000000001,bent005pem,0.03467940053595683
1540.3,39.0175,bent005pem,0.03470519538868372
1544.0,39.056,bent005pem,0.03473944027937288
1547.6,39.0785,bent005pem,0.034759453527178234
1551.3,39.12,bent005pem,0.03479636685090811
1554.9,39.159,bent005pem,0.03483105648043739
1558.6,39.1715,bent005pem,0.03484217495144037
1562.2,39.21300000000001,bent005pem,0.03487908827517024
1565.8,39.235,bent005pem,0.03489865678413547
1569.5,39.253,bent005pem,0.034914667382379756
1573.1,39.283,bent005pem,0.034941351712786894
1576.8,39.29149999999999,bent005pem,0.034948912273068906
1580.4,39.313,bent005pem,0.03496803604319403
1584.0,39.319500000000005,bent005pem,0.034973817648115586
1587.7,39.3535,bent005pem,0.03500405988924367
1591.3,39.36800000000001,bent005pem,0.035016957315607125
1594.9,39.37949999999999,bent005pem,0.03502718630892985
1598.5,39.392,bent005pem,0.03503830477993283
1602.2,39.41549999999999,bent005pem,0.03505920750541841
1605.8,39.4065,bent005pem,0.03505120220629628
1609.4,39.44450000000001,bent005pem,0.03508500235814533
1613.0,39.455000000000005,bent005pem,0.03509434187378782
1616.7,39.4765,bent005pem,0.03511346564391293
1620.3,39.4865,bent005pem,0.035122360420715315
1623.9,39.486,bent005pem,0.03512191568187519
1627.5,39.5015,bent005pem,0.03513570258591888
1631.1,39.507,bent005pem,0.03514059471316019
1634.7,39.5155,bent005pem,0.035148155273442214
1638.3,39.545,bent005pem,0.035174394865009236
1641.9,39.55550000000001,bent005pem,0.03518373438065174
1645.6,39.55400000000001,bent005pem,0.035182400164131385
1649.2,39.5775,bent005pem,0.03520330288961697
1652.8,39.5985,bent005pem,0.035221981920901965
1656.4,39.5855,bent005pem,0.03521041871105887
1660.0,39.6035,bent005pem,0.03522642930930315
1663.6,39.6155,bent005pem,0.035237103041466
1667.2,39.6015,bent005pem,0.03522465035394268
1670.8,39.627,bent005pem,0.03524733203478875
1674.4,39.6265,bent005pem,0.035246887295948624
1678.0,39.628,bent005pem,0.03524822151246898
1681.6,39.615,bent005pem,0.035236658302625894
1685.1,39.63099999999999,bent005pem,0.03525088994550969
1688.7,39.64149999999999,bent005pem,0.03526022946115219
1692.3,39.64049999999999,bent005pem,0.03525933998347194
1695.9,39.62149999999999,bent005pem,0.035242439907547427
1699.5,39.62049999999999,bent005pem,0.035241550429867194
1703.1,39.614,bent005pem,0.03523576882494565
1706.7,39.624,bent005pem,0.035244663601748036
1710.2,39.613,bent005pem,0.035234879347265415
1713.8,39.594,bent005pem,0.03521797927134089
1717.4,39.589,bent005pem,0.0352135318829397
1721.0,39.541,bent005pem,0.03517083695428828
1724.5,39.511,bent005pem,0.035144152623881146
1728.1,39.458000000000006,bent005pem,0.03509701030682854
1731.7,39.456500000000005,bent005pem,0.035095676090308184
1735.2,39.4145,bent005pem,0.03505831802773818
1738.8,39.366,bent005pem,0.03501517836024664
1742.4,39.3325,bent005pem,0.03498538085795867
1745.9,39.30200000000001,bent005pem,0.03495825178871142
1749.5,39.288500000000006,bent005pem,0.03494624384002821
1753.1,39.24799999999999,bent005pem,0.03491021999397856
1756.6,39.214,bent005pem,0.034879977752850476
1760.2,39.1585,bent005pem,0.03483061174159727
1763.8,39.16799999999999,bent005pem,0.034839061779559526
1767.3,39.1315,bent005pem,0.03480659584423085
1770.9,39.096500000000006,bent005pem,0.034775464125422526
1774.4,39.085,bent005pem,0.03476523513209978
1778.0,39.0515,bent005pem,0.03473543762981181
1781.5,39.055,bent005pem,0.03473855080169264
1785.1,39.0315,bent005pem,0.03471764807620705
1788.6,39.021,bent005pem,0.03470830856056455
1792.1,39.029,bent005pem,0.03471542438200646
1795.7,39.01800000000001,bent005pem,0.03470564012752385
1799.2,39.00949999999999,bent005pem,0.03469807956724181
1802.8,38.958,bent005pem,0.034652271466709565
1806.3,38.975,bent005pem,0.03466739258727361
1809.8,38.982,bent005pem,0.03467361893103527
1813.4,38.9455,bent005pem,0.034641152995706595
1816.9,38.958,bent005pem,0.034652271466709565
1820.4,38.882000000000005,bent005pem,0.034584671163011484
1824.0,38.915000000000006,bent005pem,0.03461402392645934
1827.5,38.9,bent005pem,0.03460068176125576
1831.0,38.9025,bent005pem,0.03460290545545636
1834.6,38.882,bent005pem,0.03458467116301148
1838.1,38.8595,bent005pem,0.034564657915206125
1841.6,38.818,bent005pem,0.03452774459147625
1845.1,38.77600000000001,bent005pem,0.03449038652890627
1848.6,38.7165,bent005pem,0.034437462606932104
1852.2,38.65650000000001,bent005pem,0.034384093946117834
1855.7,38.54350000000001,bent005pem,0.034283582968250945
1859.2,38.444,bent005pem,0.034195079939067265
1862.7,38.273,bent005pem,0.03404297925574658
1866.2,38.0005,bent005pem,0.03380059658788174
1869.7,37.632000000000005,bent005pem,0.03347282406271406
1873.2,37.151,bent005pem,0.03304498529851962
1876.7,36.576,bent005pem,0.0325335356323828
1880.2,35.842,bent005pem,0.03188065901508815
1883.7,34.911500000000004,bent005pem,0.031053000033626755
1887.2,33.7325,bent005pem,0.030004305848626223
1890.7,32.4145,bent005pem,0.02883197426607262
1894.2,31.1115,bent005pem,0.02767298484872259
1897.7,29.964500000000005,bent005pem,0.02665275394948968
1902.7,28.889,bent005pem,0.025696120704393772
1905.5,28.644,bent005pem,0.025478198672735475
1908.2,28.5895,bent005pem,0.025429722139162513
1911.0,28.747000000000003,bent005pem,0.02556981487379999
1913.7,29.056999999999995,bent005pem,0.025845552954673744
1916.5,29.434000000000005,bent005pem,0.026180886040123454
1919.2,29.825,bent005pem,0.026528671813096483
1921.9,30.196,bent005pem,0.02685866803246476
1924.7,30.5245,bent005pem,0.02715086145042292
1927.4,30.785499999999995,bent005pem,0.027383015124965018
1930.1,30.9975,bent005pem,0.027571584393175464
1932.9,31.193,bent005pem,0.027745477279661982
1935.6,31.3305,bent005pem,0.027867780460694696
1938.3,31.446500000000004,bent005pem,0.0279709598716023
1941.0,31.585500000000003,bent005pem,0.028094597269155374
1943.7,31.708500000000004,bent005pem,0.028204003023824642
1946.4,31.8125,bent005pem,0.028296508702569383
1949.2,31.918,bent005pem,0.028390348597834486
1951.9,32.0415,bent005pem,0.02850019909134387
1954.6,32.18749999999999,bent005pem,0.028630062832658603
1957.3,32.3275,bent005pem,0.028754589707891923
1960.0,32.4695,bent005pem,0.028880895538485704
1962.7,32.6235,bent005pem,0.02901787510124235
1965.4,32.768,bent005pem,0.029146404626036734
1968.1,32.9005,bent005pem,0.02926426041866826
1970.7,33.032999999999994,bent005pem,0.02938211621129978
1973.4,33.185,bent005pem,0.029517316818695953
1976.1,33.333,bent005pem,0.029648959515371165
1978.8,33.489,bent005pem,0.029787718033488283
1981.5,33.659000000000006,bent005pem,0.02993892923912874
1984.1,33.82000000000001,bent005pem,0.03008213514564705
1986.8,33.99849999999999,bent005pem,0.03024090691156951
1989.5,34.1955,bent005pem,0.03041613401457639
1992.1,34.4025,bent005pem,0.030600255894385645
1994.8,34.608000000000004,bent005pem,0.03078304355767454
1997.5,34.784499999999994,bent005pem,0.03094003636823653
2000.1,34.97350000000001,bent005pem,0.03110814764980151
2002.8,35.1755,bent005pem,0.031287822141209565
2005.4,35.3595,bent005pem,0.031451486034373345
2008.1,35.5435,bent005pem,0.031615149927537126
2010.7,35.735,bent005pem,0.03178548490330269
2013.4,35.909499999999994,bent005pem,0.03194069875850421
2016.0,36.0625,bent005pem,0.03207678884358062
2018.6,36.2105,bent005pem,0.032208431540255836
2021.3,36.36450000000001,bent005pem,0.03234541110301248
2023.9,36.5015,bent005pem,0.03246726954520507
2026.5,36.643,bent005pem,0.03259313063695874
2029.2,36.781,bent005pem,0.03271587855683157
2031.8,36.8995,bent005pem,0.032821281661939775
2034.4,37.007000000000005,bent005pem,0.03291690051256535
2037.0,37.114,bent005pem,0.0330120746243508
2039.7,37.21350000000001,bent005pem,0.03310057765353449
2042.3,37.3035,bent005pem,0.0331806306447559
2044.9,37.3765,bent005pem,0.03324556251541327
2047.5,37.446000000000005,bent005pem,0.03330738121418981
2050.1,37.5155,bent005pem,0.033369199912966344
2052.7,37.57899999999999,bent005pem,0.03342568174566144
2055.3,37.639,bent005pem,0.033479050406475724
2057.9,37.691500000000005,bent005pem,0.03352574798468822
2060.5,37.7415,bent005pem,0.033570221868700116
2063.1,37.7795,bent005pem,0.03360402202054916
2065.7,37.813,bent005pem,0.03363381952283713
2068.3,37.837500000000006,bent005pem,0.03365561172600296
2070.9,37.861,bent005pem,0.033676514451488546
2073.4,37.888,bent005pem,0.03370053034885497
2076.0,37.915000000000006,bent005pem,0.0337245462462214
2078.6,37.9385,bent005pem,0.03374544897170698
2081.2,37.962,bent005pem,0.03376635169719258
2083.7,37.9815,bent005pem,0.033783696511957215
2086.3,37.996,bent005pem,0.03379659393832067
2088.9,38.016,bent005pem,0.03381438349192543
2091.4,38.0425,bent005pem,0.03383795465045173
2094.0,38.049,bent005pem,0.03384373625537328
2096.6,38.071000000000005,bent005pem,0.03386330476433852
2099.1,38.117,bent005pem,0.033904220737629456
2101.6,38.163,bent005pem,0.0339451367109204
2104.2,38.206,bent005pem,0.03398338425117064
2106.8,38.2445,bent005pem,0.034017629141859795
2109.3,38.2865,bent005pem,0.03405498720442979
2111.8,38.331500000000005,bent005pem,0.0340950137000405
2114.4,38.3975,bent005pem,0.0341537192269362
2116.9,38.46749999999999,bent005pem,0.03421598266455284
2119.4,38.5235,bent005pem,0.03426579341464618
2122.0,38.5435,bent005pem,0.03428358296825094
2124.5,38.55200000000001,bent005pem,0.03429114352853297
2127.0,38.574,bent005pem,0.03431071203749819
2129.6,38.597,bent005pem,0.03433117002414367
2132.1,38.581,bent005pem,0.03431693838125986
2134.6,38.565,bent005pem,0.03430270673837605
2137.1,38.548,bent005pem,0.03428758561781201
2139.6,38.49449999999999,bent005pem,0.03423999856191927
2142.1,38.426,bent005pem,0.03417906934082298
2144.6,38.359,bent005pem,0.03411947433624704
2147.1,38.2805,bent005pem,0.034049650338348364
2149.6,38.1745,bent005pem,0.033955365704243144
2152.1,38.038,bent005pem,0.033833952000890656
2154.6,37.87850000000001,bent005pem,0.03369208031089272
2157.1,37.6865,bent005pem,0.03352130059628703
2159.6,37.4505,bent005pem,0.03331138386375087
2162.1,37.17699999999999,bent005pem,0.03306811171820579
2164.6,36.8625,bent005pem,0.032788370987770966
2167.1,36.5255,bent005pem,0.03248861700953078
2169.6,36.17,bent005pem,0.0321724076942062
2172.0,35.8135,bent005pem,0.03185530890120137
2174.5,35.438,bent005pem,0.03152131003227203
2177.0,35.051500000000004,bent005pem,0.031177526908860064
2179.4,34.678999999999995,bent005pem,0.030846196472971425
2181.9,34.305499999999995,bent005pem,0.030513976559402557
2184.4,33.931999999999995,bent005pem,0.030181756645833686
2186.8,33.5685,bent005pem,0.0298584315090672
2189.3,33.217,bent005pem,0.029545780104463563
2191.7,32.8685,bent005pem,0.029235797132900643
2194.2,32.542,bent005pem,0.02894538267030296
2196.6,32.253499999999995,bent005pem,0.02868876835955431
2199.1,32.0065,bent005pem,0.028469067372535545
2201.5,31.811,bent005pem,0.028295174486049027
2204.0,31.71400000000001,bent005pem,0.028208895151065953
2206.4,31.719,bent005pem,0.028213342539467137
2208.9,31.7775,bent005pem,0.028265376983761054
2211.3,31.9125,bent005pem,0.02838545647059318
2213.7,32.1075,bent005pem,0.028558904618239577
2216.1,32.2915,bent005pem,0.028722568511403354
2218.6,32.50450000000001,bent005pem,0.028912027257294044
2221.0,32.7535,bent005pem,0.029133507199673284
2223.4,32.965,bent005pem,0.029321631729043608
2225.8,33.150000000000006,bent005pem,0.029486185099887628
2228.2,33.327,bent005pem,0.029643622649289738
2230.6,33.5015,bent005pem,0.02979883650449126
2233.1,33.684999999999995,bent005pem,0.029962055658814917
2235.5,33.86450000000001,bent005pem,0.030121716902417637
2237.9,34.048500000000004,bent005pem,0.030285380795581414
2240.3,34.2495,bent005pem,0.030464165809309236
2242.7,34.42399999999999,bent005pem,0.03061937966451075
2245.1,34.5775,bent005pem,0.03075591448842728
2247.5,34.7515,bent005pem,0.030910683604788682
2249.9,34.919,bent005pem,0.031059671116228534
2252.2,35.03750000000001,bent005pem,0.031165074221336738
2254.6,35.150499999999994,bent005pem,0.03126558519920361
2257.0,35.263,bent005pem,0.031365651438230384
2259.4,35.342,bent005pem,0.031435920174969184
2261.8,35.398,bent005pem,0.03148573092506251
2264.1,35.431,bent005pem,0.03151508368851036
2266.5,35.45899999999999,bent005pem,0.03153998906355701
2268.9,35.491,bent005pem,0.031568452349324636
2271.2,35.492,bent005pem,0.03156934182700487
2273.6,35.483,bent005pem,0.031561336527882726
2276.0,35.46,bent005pem,0.03154087854123726
2278.3,35.438,bent005pem,0.03152131003227203
2280.7,35.38999999999999,bent005pem,0.0314786151036206
2283.0,35.337,bent005pem,0.03143147278656799
2285.4,35.28849999999999,bent005pem,0.03138833311907645
2287.7,35.231500000000004,bent005pem,0.0313376328913029
2290.1,35.161500000000004,bent005pem,0.03127536945368624
2292.4,35.095000000000006,bent005pem,0.03121621918795042
2294.8,35.033,bent005pem,0.03116107157177566
2297.1,34.954,bent005pem,0.031090802835036863
2299.4,34.872,bent005pem,0.03101786566525735
2301.8,34.799,bent005pem,0.03095293379459998
2304.1,34.715,bent005pem,0.03087821766946
2306.4,34.64150000000001,bent005pem,0.030812841059962515
2308.7,34.580499999999994,bent005pem,0.03075858292146799
2311.1,34.51049999999999,bent005pem,0.03069631948385133
2313.4,34.443,bent005pem,0.030636279740435274
2315.7,34.38499999999999,bent005pem,0.03058469003498147
2318.0,34.3205,bent005pem,0.030527318724606133
2320.3,34.2625,bent005pem,0.030475729019152333
2322.6,34.187,bent005pem,0.030408573454294364
2324.9,34.113499999999995,bent005pem,0.03034319684479687
2327.2,34.0405,bent005pem,0.030278264974139508
2329.5,33.9715,bent005pem,0.03021689101420309
2331.8,33.868500000000004,bent005pem,0.030125274813138585
2334.1,33.7715,bent005pem,0.030038995478155504
2336.4,33.672000000000004,bent005pem,0.02995049244897183
2338.7,33.568,bent005pem,0.02985798677022708
2341.0,33.46450000000001,bent005pem,0.029765925830322462
2343.2,33.37550000000001,bent005pem,0.029686762316781287
2345.5,33.2655,bent005pem,0.02958891977195511
2347.8,33.1605,bent005pem,0.029495524615530122
2350.1,33.054,bent005pem,0.029400795242584783
2352.4,32.974000000000004,bent005pem,0.02932963702816575
2354.6,32.878499999999995,bent005pem,0.02924469190970302
2356.9,32.781499999999994,bent005pem,0.02915841257471994
2359.1,32.69799999999999,bent005pem,0.029084141188420072
2361.4,32.6125,bent005pem,0.02900809084675973
2363.7,32.5215,bent005pem,0.028927148377858085
2365.9,32.4545,bent005pem,0.028867553373282142
2368.2,32.395,bent005pem,0.028814629451307985
2370.4,32.307,bent005pem,0.028736355415447046
2372.7,32.214,bent005pem,0.028653633991184913
2374.9,32.1305,bent005pem,0.028579362604885045
2377.2,32.0455,bent005pem,0.028503757002064818
2379.4,31.984,bent005pem,0.02844905412473019
2381.6,31.8835,bent005pem,0.028359661617866277
2383.9,31.782000000000004,bent005pem,0.028269379633322128
2386.1,31.710500000000003,bent005pem,0.028205781979185118
2388.3,31.617999999999995,bent005pem,0.0281235052937631
2390.6,31.513,bent005pem,0.02803011013733812
2392.8,31.407,bent005pem,0.0279358255032329
2395.0,31.289,bent005pem,0.027830867136964824
2397.2,31.188,bent005pem,0.02774102989126079
2399.4,31.06900000000001,bent005pem,0.027635182047312485
2401.6,30.9815,bent005pem,0.02755735275029166
2403.9,30.9095,bent005pem,0.027493310357314525
2406.1,30.823500000000003,bent005pem,0.027416815276814065
2408.3,30.696,bent005pem,0.027303406872583726
2410.5,30.6055,bent005pem,0.027222909142522192
2412.7,30.4985,bent005pem,0.027127735030736733
2414.9,30.3765,bent005pem,0.027019218753747704
2417.1,30.296,bent005pem,0.02694761580048855
2419.2,30.191000000000003,bent005pem,0.026854220644063568
2421.4,30.077500000000004,bent005pem,0.026753264927356565
2423.6,29.992,bent005pem,0.02667721458569622
2425.8,29.8885,bent005pem,0.02658515364579159
2428.0,29.757500000000004,bent005pem,0.026468632069680424
2430.2,29.6615,bent005pem,0.02638324221237758
2432.3,29.547999999999995,bent005pem,0.02628228649567057
2434.5,29.4085,bent005pem,0.026158204359277383
2436.7,29.291999999999994,bent005pem,0.02605458020952966
2438.8,29.216999999999995,bent005pem,0.025987869383511813
2441.0,29.12900000000001,bent005pem,0.025909595347650884
2443.2,29.024,bent005pem,0.025816200191225894
2445.3,28.9245,bent005pem,0.025727697162042217
2447.5,28.801000000000005,bent005pem,0.02561784666853284
2449.6,28.718,bent005pem,0.025544020021073085
2451.8,28.648,bent005pem,0.02548175658345643
2453.9,28.541000000000004,bent005pem,0.025386582471670974
2456.1,28.474,bent005pem,0.025326987467095028
2458.2,28.4295,bent005pem,0.02528740571032444
2460.4,28.356000000000005,bent005pem,0.025222029100826958
2462.5,28.305,bent005pem,0.025176665739134817
2464.6,28.2925,bent005pem,0.025165547268131843
2466.8,28.207,bent005pem,0.0250894969264715
2468.9,28.116000000000003,bent005pem,0.02500855445756985
2471.0,28.069,bent005pem,0.024966749006598662
2473.1,28.033500000000004,bent005pem,0.02493517254895022
2475.2,27.993,bent005pem,0.02489914870290058
2477.4,27.966,bent005pem,0.024875132805534158
2479.5,27.9335,bent005pem,0.02484622478092642
2481.6,27.892000000000003,bent005pem,0.024809311457196552
2483.7,27.841999999999995,bent005pem,0.024764837573184647
2485.8,27.794,bent005pem,0.02472214264453323
2487.9,27.739500000000003,bent005pem,0.024673666110960266
2490.0,27.7275,bent005pem,0.02466299237879741
2492.1,27.6835,bent005pem,0.024623855360866937
2494.2,27.63150000000001,bent005pem,0.024577602521494574
2496.3,27.6075,bent005pem,0.02455625505716886
2498.4,27.56300000000001,bent005pem,0.024516673300398275
2500.5,27.52050000000001,bent005pem,0.024478870498988163
2502.6,27.488,bent005pem,0.024449962474380423
2504.7,27.483500000000003,bent005pem,0.024445959824819355
2506.7,27.4595,bent005pem,0.02442461236049364
2508.8,27.4035,bent005pem,0.02437480161040032
2510.9,27.383,bent005pem,0.02435656731795544
2513.0,27.398499999999995,bent005pem,0.024370354221999124
339.3,29.6755,bent005ppfm,0.02265821227757525
340.8,29.2005,bent005ppfm,0.022295534282870927
342.3,28.4115,bent005ppfm,0.02169310704535153
343.7,27.987500000000004,bent005ppfm,0.021369369214289145
345.2,27.072000000000003,bent005ppfm,0.02067035510028533
346.7,26.3155,bent005ppfm,0.02009274267292991
348.1,26.209,bent005ppfm,0.0200114264488541
349.6,25.9565,bent005ppfm,0.01981863446219548
351.1,25.8815,bent005ppfm,0.01976136951566322
352.5,25.577,bent005ppfm,0.01952887383274224
354.0,25.413000000000004,bent005ppfm,0.019403654482991695
355.5,25.2425,bent005ppfm,0.01927347217120835
357.0,24.9865,bent005ppfm,0.019078007820378228
358.4,24.953000000000003,bent005ppfm,0.019052429477593818
359.9,25.0835,bent005ppfm,0.019152070484559955
361.4,25.12,bent005ppfm,0.019179939425205655
362.8,25.291000000000004,bent005ppfm,0.019310503503299215
364.3,25.3495,bent005ppfm,0.019355170161594375
365.8,25.3585,bent005ppfm,0.019362041955178246
367.2,25.399,bent005ppfm,0.019392965026305668
368.7,25.4335,bent005ppfm,0.01941930690171051
370.1,25.625,bent005ppfm,0.019565523398522886
371.6,25.8245,bent005ppfm,0.019717848156298703
373.1,26.017500000000005,bent005ppfm,0.01986520995204173
374.5,26.190999999999995,bent005ppfm,0.019997682861686353
376.0,26.373,bent005ppfm,0.020136645798604646
377.5,26.5305,bent005ppfm,0.020256902186322395
378.9,26.652,bent005ppfm,0.02034967139970466
380.4,26.734,bent005ppfm,0.020412281074579937
381.9,26.933000000000003,bent005ppfm,0.02056422406604554
383.3,27.1585,bent005ppfm,0.020736400671952537
384.8,27.347,bent005ppfm,0.020880326570903624
386.2,27.553000000000004,bent005ppfm,0.02103761429071224
387.7,27.65150000000001,bent005ppfm,0.021112822253824614
389.2,27.735,bent005ppfm,0.021176577227630524
390.6,27.834,bent005ppfm,0.02125216695705311
392.1,27.959000000000003,bent005ppfm,0.021347608534606884
393.6,28.142,bent005ppfm,0.0214873350041456
395.0,28.235499999999995,bent005ppfm,0.021558725304155816
396.5,28.3575,bent005ppfm,0.021651876283848303
397.9,28.435,bent005ppfm,0.021711050061931636
399.4,28.517499999999995,bent005ppfm,0.021774041503117122
400.9,28.678000000000004,bent005ppfm,0.021896588488696172
402.3,28.7715,bent005ppfm,0.021967978788706388
403.8,28.8455,bent005ppfm,0.02202448020261822
405.2,28.922,bent005ppfm,0.02208289044808113
406.7,29.0595,bent005ppfm,0.022187876183390274
408.1,29.14850000000001,bent005ppfm,0.022255830586608565
409.6,29.282,bent005ppfm,0.022357762191435985
411.1,29.3735,bent005ppfm,0.022427625426205345
412.5,29.497,bent005ppfm,0.02252192170482847
414.0,29.6075,bent005ppfm,0.022606292059386003
415.4,29.7545,bent005ppfm,0.022718531354589237
416.9,29.892000000000003,bent005ppfm,0.022823517089898385
418.3,30.0425,bent005ppfm,0.022938428749273123
419.8,30.1845,bent005ppfm,0.023046850381374207
421.2,30.335999999999995,bent005ppfm,0.023162525573369373
422.7,30.5055,bent005ppfm,0.02329194435253229
424.1,30.671,bent005ppfm,0.02341830900121348
425.6,30.827000000000005,bent005ppfm,0.023537420090000587
427.0,30.9915,bent005ppfm,0.023663021206061344
428.5,31.145,bent005ppfm,0.023780223463297376
429.9,31.2985,bent005ppfm,0.023897425720533407
431.4,31.4405,bent005ppfm,0.024005847352634488
432.8,31.588000000000005,bent005ppfm,0.024118468414147942
434.3,31.731000000000005,bent005ppfm,0.024227653578869454
435.7,31.8825,bent005ppfm,0.02434332877086462
437.2,32.044,bent005ppfm,0.024466639289064087
438.6,32.192,bent005ppfm,0.024579642116887755
440.1,32.367000000000004,bent005ppfm,0.024713260325463036
441.5,32.519,bent005ppfm,0.024829317283768415
443.0,32.66250000000001,bent005ppfm,0.02493888421480015
444.4,32.81400000000001,bent005ppfm,0.02505455940679532
445.8,32.95100000000001,bent005ppfm,0.02515916337579425
447.3,33.089000000000006,bent005ppfm,0.025264530877413614
448.7,33.21249999999999,bent005ppfm,0.02535882715603673
450.2,33.3215,bent005ppfm,0.025442052211663624
451.6,33.42700000000001,bent005ppfm,0.025522604903119007
453.0,33.527,bent005ppfm,0.02559895816516202
454.5,33.614999999999995,bent005ppfm,0.02566614903575987
455.9,33.7165,bent005ppfm,0.02574364759673354
457.4,33.803000000000004,bent005ppfm,0.025809693168400746
458.8,33.883999999999986,bent005ppfm,0.025871539310655577
460.2,33.97,bent005ppfm,0.02593720311601258
461.7,34.049,bent005ppfm,0.025997522193026566
463.1,34.1245,bent005ppfm,0.02605516890586904
464.5,34.203500000000005,bent005ppfm,0.026115487982883028
466.0,34.279,bent005ppfm,0.026173134695725506
467.4,34.371500000000005,bent005ppfm,0.026243761463115294
468.9,34.4485,bent005ppfm,0.026302553474888416
470.3,34.523999999999994,bent005ppfm,0.026360200187730887
471.7,34.6075,bent005ppfm,0.02642395516153681
473.1,34.6765,bent005ppfm,0.026476638912346487
474.6,34.7595,bent005ppfm,0.026540012119842197
476.0,34.84,bent005ppfm,0.026601476495786824
477.4,34.923500000000004,bent005ppfm,0.026665231469592744
478.9,35.0065,bent005ppfm,0.026728604677088447
480.3,35.07399999999999,bent005ppfm,0.02678014312896747
481.7,35.1435,bent005ppfm,0.02683320864608738
483.1,35.222500000000004,bent005ppfm,0.02689352772310136
484.6,35.30250000000001,bent005ppfm,0.026954610332735777
486.0,35.3895,bent005ppfm,0.027021037670713195
487.4,35.4765,bent005ppfm,0.02708746500869062
488.9,35.553999999999995,bent005ppfm,0.027146638786773952
490.3,35.626,bent005ppfm,0.027201613135444926
491.7,35.711,bent005ppfm,0.02726651340818149
493.1,35.794,bent005ppfm,0.027329886615677194
494.5,35.883,bent005ppfm,0.02739784101889548
496.0,35.96549999999999,bent005ppfm,0.02746083246008096
497.4,36.0495,bent005ppfm,0.027524969200197102
498.8,36.125,bent005ppfm,0.02758261591303958
500.2,36.20299999999999,bent005ppfm,0.027642171457433123
501.6,36.2885,bent005ppfm,0.02770745349647991
503.1,36.374,bent005ppfm,0.027772735535526692
504.5,36.458,bent005ppfm,0.027836872275642823
505.9,36.542,bent005ppfm,0.027901009015758958
507.3,36.623000000000005,bent005ppfm,0.0279628551580138
508.7,36.702000000000005,bent005ppfm,0.028023174235027787
510.1,36.775,bent005ppfm,0.028078912116319184
511.6,36.8625,bent005ppfm,0.02814572122060682
513.0,36.9495,bent005ppfm,0.028212148558584248
514.4,37.0335,bent005ppfm,0.02827628529870038
515.8,37.123,bent005ppfm,0.02834462146822888
517.2,37.2105,bent005ppfm,0.02841143057251652
518.6,37.294,bent005ppfm,0.028475185546322435
520.0,37.37599999999999,bent005ppfm,0.028537795221197704
521.5,37.458000000000006,bent005ppfm,0.02860040489607299
522.9,37.545,bent005ppfm,0.02866683223405041
524.3,37.6305,bent005ppfm,0.028732114273097187
525.7,37.70800000000001,bent005ppfm,0.028791288051180534
527.1,37.7905,bent005ppfm,0.028854279492366013
528.5,37.88199999999999,bent005ppfm,0.028924142727135366
529.9,37.965,bent005ppfm,0.02898751593463108
531.3,38.0435,bent005ppfm,0.029047453245334844
532.7,38.1155,bent005ppfm,0.029102427594005813
534.1,38.18400000000001,bent005ppfm,0.02915472957850529
535.5,38.265,bent005ppfm,0.029216575720760123
536.9,38.33,bent005ppfm,0.029266205341088085
538.3,38.395500000000006,bent005ppfm,0.029316216727726264
539.7,38.4645,bent005ppfm,0.029368900478535943
541.1,38.539,bent005ppfm,0.02942578365875799
542.5,38.6005,bent005ppfm,0.02947274091491444
544.0,38.67100000000001,bent005ppfm,0.029526569964654775
545.3,38.7255,bent005ppfm,0.02956818249246821
546.8,38.787000000000006,bent005ppfm,0.029615139748624675
548.2,38.848,bent005ppfm,0.029661715238470908
549.5,38.8965,bent005ppfm,0.029698746570561773
550.9,38.959500000000006,bent005ppfm,0.029746849125648876
552.3,39.031,bent005ppfm,0.029801441708009628
553.7,39.1005,bent005ppfm,0.02985450722512952
555.1,39.16,bent005ppfm,0.029899937416045116
556.5,39.22599999999999,bent005ppfm,0.029950330568993502
557.9,39.291,bent005ppfm,0.029999960189321467
559.3,39.3615,bent005ppfm,0.030053789239061796
560.7,39.423,bent005ppfm,0.030100746495218253
562.1,39.4775,bent005ppfm,0.030142359023031695
563.5,39.5335,bent005ppfm,0.030185116849775782
564.9,39.5845,bent005ppfm,0.03022405701341772
566.3,39.6405,bent005ppfm,0.030266814840161815
567.7,39.691,bent005ppfm,0.030305373237493535
569.1,39.744,bent005ppfm,0.030345840466376332
570.5,39.794,bent005ppfm,0.03038401709739784
571.8,39.8495,bent005ppfm,0.030426393157831716
573.2,39.8965,bent005ppfm,0.030462279190991936
574.6,39.943,bent005ppfm,0.030497783457841935
576.0,39.99,bent005ppfm,0.030533669491002155
577.4,40.037,bent005ppfm,0.03056955552416237
578.8,40.0835,bent005ppfm,0.030605059791012374
580.2,40.127,bent005ppfm,0.030638273460001086
581.5,40.172,bent005ppfm,0.03067263242792044
582.9,40.2115,bent005ppfm,0.030702791966427435
584.3,40.2515,bent005ppfm,0.03073333327124464
585.7,40.29050000000001,bent005ppfm,0.030763111043441423
587.1,40.32899999999999,bent005ppfm,0.030792507049327972
588.5,40.36750000000001,bent005ppfm,0.030821903055214542
589.8,40.4035,bent005ppfm,0.030849390229550026
591.2,40.4385,bent005ppfm,0.030876113871265078
592.6,40.46999999999999,bent005ppfm,0.030900165148808625
594.0,40.502,bent005ppfm,0.030924598192662398
595.4,40.532,bent005ppfm,0.030947504171275297
596.7,40.5675,bent005ppfm,0.030974609579300573
598.1,40.593,bent005ppfm,0.030994079661121544
599.5,40.6225,bent005ppfm,0.031016603873424232
600.9,40.6505,bent005ppfm,0.031037982786796276
602.2,40.68,bent005ppfm,0.031060506999098965
603.6,40.7065,bent005ppfm,0.031080740613540363
605.0,40.7375,bent005ppfm,0.031104410124773697
606.4,40.766000000000005,bent005ppfm,0.031126170804455962
607.7,40.795,bent005ppfm,0.031148313250448433
609.1,40.8225,bent005ppfm,0.03116931039751026
610.5,40.8545,bent005ppfm,0.031193743441364028
611.9,40.8865,bent005ppfm,0.03121817648521779
613.2,40.913,bent005ppfm,0.03123841009965919
614.6,40.9455,bent005ppfm,0.031263224909823174
616.0,40.977,bent005ppfm,0.03128727618736672
617.3,41.008,bent005ppfm,0.03131094569860006
618.7,41.041,bent005ppfm,0.03133614227507425
620.1,41.07249999999999,bent005ppfm,0.03136019355261779
621.5,41.097,bent005ppfm,0.03137890010181834
622.8,41.1285,bent005ppfm,0.031402951379361894
624.2,41.159000000000006,bent005ppfm,0.031426239124285014
625.5,41.189,bent005ppfm,0.03144914510289792
626.9,41.217,bent005ppfm,0.03147052401626996
628.3,41.2475,bent005ppfm,0.031493811761193084
629.6,41.2745,bent005ppfm,0.0315144271419447
631.0,41.302,bent005ppfm,0.031535424289006526
632.4,41.328,bent005ppfm,0.03155527613713771
633.7,41.3515,bent005ppfm,0.031573219153717816
635.1,41.37650000000001,bent005ppfm,0.03159230746922858
636.5,41.402,bent005ppfm,0.03161177755104954
637.8,41.4265,bent005ppfm,0.03163048410025008
639.2,41.4485,bent005ppfm,0.031647281817899546
640.5,41.46900000000001,bent005ppfm,0.03166293423661837
641.9,41.486,bent005ppfm,0.031675914291165674
643.2,41.509,bent005ppfm,0.03169347554143557
644.6,41.5245,bent005ppfm,0.03170531029705224
646.0,41.543,bent005ppfm,0.031719435650530196
647.3,41.557,bent005ppfm,0.03173012510721622
648.7,41.569,bent005ppfm,0.03173928749866138
650.0,41.57000000000001,bent005ppfm,0.031740051031281816
651.4,41.582,bent005ppfm,0.03174921342272697
652.7,41.5985,bent005ppfm,0.031761811710964066
654.1,41.624,bent005ppfm,0.03178128179278504
655.4,41.634,bent005ppfm,0.03178891711898934
656.8,41.6375,bent005ppfm,0.03179158948316085
658.1,41.6385,bent005ppfm,0.031792353015781274
659.5,41.651500000000006,bent005ppfm,0.03180227893984687
660.8,41.67300000000001,bent005ppfm,0.03181869489118612
662.2,41.687,bent005ppfm,0.031829384347872136
663.5,41.699000000000005,bent005ppfm,0.031838546739317304
664.9,41.7195,bent005ppfm,0.03185419915803611
666.2,41.736,bent005ppfm,0.031866797446273215
667.6,41.7585,bent005ppfm,0.03188397693023289
668.9,41.786,bent005ppfm,0.03190497407729472
670.3,41.810500000000005,bent005ppfm,0.03192368062649527
671.6,41.836,bent005ppfm,0.03194315070831623
673.0,41.8635,bent005ppfm,0.03196414785537806
674.3,41.9085,bent005ppfm,0.03199850682329741
675.6,41.9655,bent005ppfm,0.032042028182661934
677.0,42.0205,bent005ppfm,0.032084022476785594
678.3,42.05800000000001,bent005ppfm,0.03211265495005173
679.7,42.0945,bent005ppfm,0.03214052389069742
681.0,42.1345,bent005ppfm,0.03217106519551464
682.3,42.1785,bent005ppfm,0.032204660630813564
683.7,42.2225,bent005ppfm,0.03223825606611248
685.0,42.2615,bent005ppfm,0.032268033838309264
686.4,42.302,bent005ppfm,0.03229895690943668
687.7,42.337500000000006,bent005ppfm,0.03232606231746196
689.0,42.377500000000005,bent005ppfm,0.03235660362227917
690.4,42.416,bent005ppfm,0.03238599962816572
691.7,42.4535,bent005ppfm,0.032414632101431855
693.0,42.4885,bent005ppfm,0.03244135574314691
694.4,42.525,bent005ppfm,0.03246922468379261
695.7,42.561,bent005ppfm,0.0324967118581281
697.0,42.599,bent005ppfm,0.03252572609770444
698.4,42.635000000000005,bent005ppfm,0.03255321327203994
699.7,42.672,bent005ppfm,0.03258146397899584
701.0,42.71,bent005ppfm,0.03261047821857219
702.4,42.7405,bent005ppfm,0.032633765963495306
703.7,42.7755,bent005ppfm,0.03266048960521037
705.0,42.8115,bent005ppfm,0.03268797677954585
706.3,42.848,bent005ppfm,0.03271584572019155
707.7,42.882,bent005ppfm,0.03274180582928618
709.0,42.9185,bent005ppfm,0.03276967476993188
710.3,42.950500000000005,bent005ppfm,0.03279410781378565
711.6,42.983,bent005ppfm,0.03281892262394962
713.0,43.0115,bent005ppfm,0.032840683303631886
714.3,43.04600000000001,bent005ppfm,0.03286702517903673
715.6,43.07350000000001,bent005ppfm,0.03288802232609856
716.9,43.1015,bent005ppfm,0.0329094012394706
718.2,43.1305,bent005ppfm,0.032931543685463076
719.6,43.159,bent005ppfm,0.03295330436514533
720.9,43.18750000000001,bent005ppfm,0.0329750650448276
722.2,43.216,bent005ppfm,0.032996825724509855
723.5,43.2405,bent005ppfm,0.03301553227371039
724.8,43.26649999999999,bent005ppfm,0.03303538412184157
726.2,43.294,bent005ppfm,0.0330563812689034
727.5,43.32,bent005ppfm,0.033076233117034594
728.8,43.3465,bent005ppfm,0.03309646673147599
730.1,43.371,bent005ppfm,0.03311517328067653
731.4,43.39399999999999,bent005ppfm,0.033132734530946416
732.7,43.415,bent005ppfm,0.033148768715975455
734.0,43.438,bent005ppfm,0.03316632996624535
735.3,43.458000000000006,bent005ppfm,0.03318160061865396
736.7,43.4815,bent005ppfm,0.03319954363523406
738.0,43.503,bent005ppfm,0.03321595958657331
739.3,43.528,bent005ppfm,0.033235047902084064
740.6,43.54650000000001,bent005ppfm,0.03324917325556203
741.9,43.566500000000005,bent005ppfm,0.03326444390797063
743.2,43.58800000000001,bent005ppfm,0.03328085985930988
744.5,43.606,bent005ppfm,0.03329460344647762
745.8,43.6285,bent005ppfm,0.033311782930437295
747.1,43.6475,bent005ppfm,0.03332629005022547
748.4,43.667,bent005ppfm,0.03334117893632386
749.7,43.68750000000001,bent005ppfm,0.03335683135504268
751.0,43.709500000000006,bent005ppfm,0.03337362907269214
752.3,43.728,bent005ppfm,0.0333877544261701
753.6,43.7505,bent005ppfm,0.033404933910129775
754.9,43.7675,bent005ppfm,0.03341791396467709
756.2,43.78500000000001,bent005ppfm,0.03343127578553463
757.5,43.8005,bent005ppfm,0.03344311054115128
758.8,43.817,bent005ppfm,0.03345570882938838
760.1,43.8355,bent005ppfm,0.033469834182866344
761.4,43.8535,bent005ppfm,0.03348357777003408
762.7,43.8725,bent005ppfm,0.033498084889822255
764.0,43.8925,bent005ppfm,0.03351335554223086
765.3,43.9055,bent005ppfm,0.033523281466296455
766.6,43.91799999999999,bent005ppfm,0.03353282562405182
767.9,43.9345,bent005ppfm,0.03354542391228892
769.2,43.952000000000005,bent005ppfm,0.033558785733146454
770.4,43.9705,bent005ppfm,0.03357291108662441
771.7,43.9895,bent005ppfm,0.03358741820641258
773.0,43.9995,bent005ppfm,0.03359505353261688
774.3,44.01499999999999,bent005ppfm,0.03360688828823355
775.6,44.0245,bent005ppfm,0.033614141848127645
776.9,44.042,bent005ppfm,0.03362750366898517
778.2,44.053,bent005ppfm,0.033635902527809895
779.4,44.068,bent005ppfm,0.03364735551711635
780.7,44.0855,bent005ppfm,0.033660717337973885
782.0,44.099,bent005ppfm,0.033671025028349684
783.3,44.113,bent005ppfm,0.03368171448503571
784.5,44.127,bent005ppfm,0.03369240394172173
785.8,44.1395,bent005ppfm,0.03370194809947711
787.1,44.1465,bent005ppfm,0.03370729282782012
788.4,44.159000000000006,bent005ppfm,0.0337168369855755
789.7,44.1675,bent005ppfm,0.03372332701284915
790.9,44.1835,bent005ppfm,0.033735543534776036
792.2,44.194,bent005ppfm,0.03374356062729055
793.5,44.204,bent005ppfm,0.03375119595349485
794.8,44.214000000000006,bent005ppfm,0.033758831279699156
796.0,44.223,bent005ppfm,0.03376570307328303
797.3,44.2345,bent005ppfm,0.03377448369841797
798.5,44.2465,bent005ppfm,0.03378364608986313
799.8,44.2505,bent005ppfm,0.033786700220344856
801.1,44.2625,bent005ppfm,0.03379586261179002
802.3,44.27,bent005ppfm,0.03380158910644324
803.6,44.281,bent005ppfm,0.033809987965267976
804.9,44.29,bent005ppfm,0.03381685975885185
806.1,44.301,bent005ppfm,0.03382525861767658
807.4,44.307500000000005,bent005ppfm,0.03383022157970938
808.7,44.3195,bent005ppfm,0.03383938397115453
809.9,44.3245,bent005ppfm,0.033843201634256685
811.2,44.325500000000005,bent005ppfm,0.03384396516687712
812.4,44.336,bent005ppfm,0.033851982259391636
813.7,44.347,bent005ppfm,0.03386038111821637
815.0,44.35,bent005ppfm,0.03386267171607766
816.2,44.35699999999999,bent005ppfm,0.03386801644442066
817.5,44.36999999999999,bent005ppfm,0.03387794236848625
818.7,44.37150000000001,bent005ppfm,0.033879087667416916
820.0,44.377500000000005,bent005ppfm,0.03388366886313949
821.2,44.3805,bent005ppfm,0.03388595946100077
822.5,44.393,bent005ppfm,0.03389550361875615
823.7,44.394,bent005ppfm,0.033896267151376586
825.0,44.401,bent005ppfm,0.033901611879719594
826.2,44.4065,bent005ppfm,0.033905811309131964
827.5,44.415,bent005ppfm,0.03391230133640562
828.7,44.4185,bent005ppfm,0.033914973700577125
829.9,44.4235,bent005ppfm,0.03391879136367927
831.2,44.4275,bent005ppfm,0.033921845494160996
832.4,44.42550000000001,bent005ppfm,0.03392031842892014
833.7,44.437,bent005ppfm,0.03392909905405508
834.9,44.4395,bent005ppfm,0.03393100788560616
836.1,44.449,bent005ppfm,0.03393826144550024
837.4,44.4505,bent005ppfm,0.03393940674443088
838.6,44.45649999999999,bent005ppfm,0.033943987940153464
839.8,44.459,bent005ppfm,0.033945896771704544
841.1,44.456,bent005ppfm,0.03394360617384325
842.3,44.46,bent005ppfm,0.03394666030432497
843.5,44.467,bent005ppfm,0.03395200503266799
844.8,44.477,bent005ppfm,0.033959640358872285
846.0,44.4815,bent005ppfm,0.03396307625566422
847.2,44.48349999999999,bent005ppfm,0.033964603320905076
848.5,44.478,bent005ppfm,0.03396040389149272
849.7,44.4755,bent005ppfm,0.03395849505994164
850.9,44.4945,bent005ppfm,0.033973002179729817
852.2,44.49399999999999,bent005ppfm,0.03397262041341959
853.4,44.496,bent005ppfm,0.03397414747866046
854.6,44.492,bent005ppfm,0.03397109334817874
855.8,44.49250000000001,bent005ppfm,0.03397147511448896
857.0,44.493,bent005ppfm,0.03397185688079917
858.3,44.49900000000001,bent005ppfm,0.03397643807652176
859.5,44.5095,bent005ppfm,0.03398445516903627
860.7,44.511500000000005,bent005ppfm,0.03398598223427713
861.9,44.5065,bent005ppfm,0.03398216457117498
863.1,44.517,bent005ppfm,0.033990181663689494
864.3,44.509,bent005ppfm,0.03398407340272605
865.5,44.50449999999999,bent005ppfm,0.03398063750593411
866.8,44.51550000000001,bent005ppfm,0.033989036364758855
868.0,44.52,bent005ppfm,0.033992472261550784
869.2,44.52350000000001,bent005ppfm,0.0339951446257223
870.4,44.5165,bent005ppfm,0.033989799897379276
871.6,44.5235,bent005ppfm,0.03399514462572229
872.8,44.52,bent005ppfm,0.033992472261550784
874.0,44.5265,bent005ppfm,0.03399743522358358
875.2,44.532,bent005ppfm,0.034001634652995945
876.4,44.539,bent005ppfm,0.03400697938133896
877.6,44.5485,bent005ppfm,0.03401423294123304
878.8,44.5395,bent005ppfm,0.03400736114764917
880.0,44.546,bent005ppfm,0.03401232410968197
881.2,44.5465,bent005ppfm,0.034012705875992186
882.4,44.559000000000005,bent005ppfm,0.034022250033747564
883.6,44.5655,bent005ppfm,0.034027212995780355
884.8,44.562,bent005ppfm,0.03402454063160885
886.0,44.55749999999999,bent005ppfm,0.034021104734816905
887.2,44.554,bent005ppfm,0.03401843237064541
888.4,44.555,bent005ppfm,0.03401919590326584
889.6,44.5615,bent005ppfm,0.03402415886529864
890.8,44.57000000000001,bent005ppfm,0.0340306488925723
892.0,44.5715,bent005ppfm,0.034031794191502936
893.2,44.57450000000001,bent005ppfm,0.03403408478936423
894.3,44.58200000000001,bent005ppfm,0.03403981128401746
895.5,44.5805,bent005ppfm,0.034038665985086806
896.7,44.5825,bent005ppfm,0.03404019305032767
897.9,44.598,bent005ppfm,0.03405202780594434
899.1,44.5875,bent005ppfm,0.03404401071342982
900.3,44.597,bent005ppfm,0.03405126427332391
901.5,44.585,bent005ppfm,0.03404210188187874
902.6,44.6,bent005ppfm,0.0340535548711852
903.8,44.6045,bent005ppfm,0.034056990767977136
905.0,44.608,bent005ppfm,0.034059663132148636
906.2,44.6015,bent005ppfm,0.034054700170115845
907.4,44.61300000000001,bent005ppfm,0.034063480795250796
908.5,44.607000000000006,bent005ppfm,0.034058899599528215
909.7,44.6195,bent005ppfm,0.03406844375728359
910.9,44.6155,bent005ppfm,0.03406538962680186
912.1,44.6145,bent005ppfm,0.034064626094181434
913.2,44.61400000000001,bent005ppfm,0.03406424432787123
914.4,44.6295,bent005ppfm,0.034076079083487885
915.6,44.65,bent005ppfm,0.03409173150220671
916.8,44.6545,bent005ppfm,0.03409516739899864
917.9,44.6585,bent005ppfm,0.03409822152948036
919.1,44.6605,bent005ppfm,0.03409974859472122
920.2,44.648,bent005ppfm,0.034090204436965844
921.4,44.66,bent005ppfm,0.034099366828411005
922.6,44.662,bent005ppfm,0.03410089389365187
923.8,44.6895,bent005ppfm,0.0341218910407137
924.9,44.709500000000006,bent005ppfm,0.0341371616931223
926.1,44.7205,bent005ppfm,0.034145560551947035
927.2,44.705000000000005,bent005ppfm,0.034133725796330366
928.4,44.7245,bent005ppfm,0.03414861468242875
929.6,44.7345,bent005ppfm,0.03415625000863305
930.7,44.74,bent005ppfm,0.03416044943804542
931.9,44.75600000000001,bent005ppfm,0.03417266595997231
933.0,44.7475,bent005ppfm,0.03416617593269865
934.2,44.73650000000001,bent005ppfm,0.03415777707387392
935.3,44.74999999999999,bent005ppfm,0.034168084764249713
936.5,44.7655,bent005ppfm,0.03417991951986639
937.7,44.7645,bent005ppfm,0.034179155987245954
938.8,44.774,bent005ppfm,0.03418640954714004
940.0,44.7625,bent005ppfm,0.0341776289220051
941.1,44.7855,bent005ppfm,0.03419519017227499
942.3,44.79600000000001,bent005ppfm,0.034203207264789516
943.4,44.827000000000005,bent005ppfm,0.034226876776022847
944.6,44.822,bent005ppfm,0.034223059112920694
945.7,44.827000000000005,bent005ppfm,0.034226876776022847
946.9,44.8085,bent005ppfm,0.03421275142254489
948.0,44.81949999999999,bent005ppfm,0.03422115028136961
949.2,44.8205,bent005ppfm,0.03422191381399005
950.3,44.84,bent005ppfm,0.034236802700088435
951.5,44.874,bent005ppfm,0.03426276280918306
952.6,44.8565,bent005ppfm,0.03424940098832553
953.8,44.8445,bent005ppfm,0.03424023859688037
954.9,44.82699999999999,bent005ppfm,0.03422687677602284
956.1,44.845,bent005ppfm,0.03424062036319059
957.2,44.8745,bent005ppfm,0.03426314457549327
958.3,44.8965,bent005ppfm,0.03427994229314274
959.5,44.904,bent005ppfm,0.034285668787795966
960.6,44.88550000000001,bent005ppfm,0.034271543434318014
961.8,44.874500000000005,bent005ppfm,0.03426314457549328
962.9,44.85600000000001,bent005ppfm,0.03424901922201532
964.1,44.9065,bent005ppfm,0.034287577619347046
965.2,44.935,bent005ppfm,0.0343093382990293
966.3,44.928,bent005ppfm,0.03430399357068629
967.5,44.94749999999999,bent005ppfm,0.03431888245678467
968.6,44.925,bent005ppfm,0.034301702972825
969.8,44.9295,bent005ppfm,0.03430513886961693
970.9,44.9615,bent005ppfm,0.0343295719134707
972.1,45.011,bent005ppfm,0.034367366778181994
973.2,45.05499999999999,bent005ppfm,0.034400962213480914
974.3,45.033,bent005ppfm,0.03438416449583146
975.5,45.0595,bent005ppfm,0.034404398110272856
976.6,45.0905,bent005ppfm,0.034428067621506186
977.8,45.0635,bent005ppfm,0.034407452240754574
978.9,45.0755,bent005ppfm,0.034416614632199735
980.0,45.0895,bent005ppfm,0.03442730408888576
981.2,45.1305,bent005ppfm,0.034458608926323395
982.3,45.092,bent005ppfm,0.03442921292043684
983.5,45.0885,bent005ppfm,0.03442654055626533
984.6,45.071,bent005ppfm,0.0344131787354078
985.7,45.12299999999999,bent005ppfm,0.03445288243167016
986.9,45.147,bent005ppfm,0.03447120721456049
988.0,45.1185,bent005ppfm,0.034449446534878234
989.1,45.24,bent005ppfm,0.0345422157482605
992.0,45.1505,bent005ppfm,0.034473879578732
995.9,45.187,bent005ppfm,0.0345017485193777
999.7,45.184,bent005ppfm,0.03449945792151641
1003.6,45.24,bent005ppfm,0.0345422157482605
1007.4,45.271,bent005ppfm,0.034565885259493834
1011.3,45.3125,bent005ppfm,0.03459757186324169
1015.1,45.34599999999999,bent005ppfm,0.03462315020602609
1019.0,45.3595,bent005ppfm,0.034633457896401904
1022.8,45.38700000000001,bent005ppfm,0.03465445504346374
1026.7,45.4245,bent005ppfm,0.03468308751672987
1030.5,45.465500000000006,bent005ppfm,0.034714392354167505
1034.4,45.46,bent005ppfm,0.034710192924755134
1038.2,45.511,bent005ppfm,0.034749133088397076
1042.1,45.5585,bent005ppfm,0.03478540088786751
1045.9,45.573000000000015,bent005ppfm,0.03479647211086376
1049.7,45.61900000000001,bent005ppfm,0.03483159461140354
1053.6,45.584500000000006,bent005ppfm,0.034805252735998694
1057.4,45.669,bent005ppfm,0.03486977124242504
1061.2,45.683,bent005ppfm,0.03488046069911106
1065.1,45.6835,bent005ppfm,0.03488084246542128
1068.9,45.743,bent005ppfm,0.034926272656336875
1072.7,45.782,bent005ppfm,0.03495605042853364
1076.6,45.768,bent005ppfm,0.034945360971847625
1080.4,45.79099999999999,bent005ppfm,0.03496292222211751
1084.2,45.8295,bent005ppfm,0.03499231822800408
1088.0,45.8675,bent005ppfm,0.03502133246758043
1091.8,45.8785,bent005ppfm,0.03502973132640516
1095.7,45.9395,bent005ppfm,0.0350763068162514
1099.5,45.976,bent005ppfm,0.035104175756897095
1103.3,45.99249999999999,bent005ppfm,0.03511677404513419
1107.1,45.9975,bent005ppfm,0.03512059170823635
1110.9,46.00000000000001,bent005ppfm,0.03512250053978743
1114.8,46.0375,bent005ppfm,0.03515113301305355
1118.6,46.03,bent005ppfm,0.03514540651840033
1122.4,46.06150000000001,bent005ppfm,0.03516945779594388
1126.2,46.089000000000006,bent005ppfm,0.03519045494300571
1130.0,46.085,bent005ppfm,0.035187400812523986
1133.8,46.065,bent005ppfm,0.03517213016011538
1137.6,46.049,bent005ppfm,0.0351599136381885
1141.4,46.043,bent005ppfm,0.03515533244246592
1145.2,46.005,bent005ppfm,0.03512631820288958
1149.0,45.9815,bent005ppfm,0.035108375186309465
1152.8,45.978,bent005ppfm,0.03510570282213796
1156.6,45.99499999999999,bent005ppfm,0.035118682876685264
1160.4,45.999,bent005ppfm,0.035121737007166996
1164.2,46.035,bent005ppfm,0.03514922418150247
1168.0,46.021,bent005ppfm,0.035138534724816456
1171.8,46.0445,bent005ppfm,0.03515647774139657
1175.6,46.051,bent005ppfm,0.035161440703429366
1179.4,46.0535,bent005ppfm,0.03516334953498044
1183.2,46.01400000000001,bent005ppfm,0.035133189996473455
1187.0,46.0095,bent005ppfm,0.03512975409968151
1190.7,46.0345,bent005ppfm,0.03514884241519226
1194.5,46.059000000000005,bent005ppfm,0.03516754896439281
1198.3,46.1375,bent005ppfm,0.03522748627509657
1202.1,46.157500000000006,bent005ppfm,0.03524275692750518
1205.9,46.1605,bent005ppfm,0.03524504752536646
1209.7,46.2195,bent005ppfm,0.03529009594997184
1213.4,46.24849999999999,bent005ppfm,0.03531223839596431
1217.2,46.2895,bent005ppfm,0.03534354323340195
1221.0,46.361,bent005ppfm,0.03539813581576271
1224.8,46.4215,bent005ppfm,0.035444329539298734
1228.5,46.508,bent005ppfm,0.03551037511096595
1232.3,46.594,bent005ppfm,0.03557603891632294
1236.1,46.655,bent005ppfm,0.03562261440616918
1239.8,46.661,bent005ppfm,0.03562719560189176
1243.6,46.757000000000005,bent005ppfm,0.03570049473345306
1247.4,46.813,bent005ppfm,0.03574325256019715
1251.1,46.821,bent005ppfm,0.035749360821160585
1254.9,46.898,bent005ppfm,0.03580815283293371
1258.7,46.953,bent005ppfm,0.03585014712705737
1262.4,46.978,bent005ppfm,0.03586923544256812
1266.2,46.9845,bent005ppfm,0.03587419840460091
1269.9,47.002,bent005ppfm,0.03588756022545845
1273.7,47.0335,bent005ppfm,0.03591161150300199
1277.4,47.07000000000001,bent005ppfm,0.0359394804436477
1281.2,47.1165,bent005ppfm,0.0359749847104977
1284.9,47.07950000000001,bent005ppfm,0.03594673400354179
1288.7,47.1335,bent005ppfm,0.03598796476504501
1292.4,47.096,bent005ppfm,0.035959332291778875
1296.2,47.145,bent005ppfm,0.03599674539017996
1299.9,47.13699999999999,bent005ppfm,0.03599063712921651
1303.7,47.1685,bent005ppfm,0.036014688406760066
1307.4,47.169500000000006,bent005ppfm,0.0360154519393805
1311.2,47.18050000000001,bent005ppfm,0.036023850798205234
1314.9,47.1645,bent005ppfm,0.03601163427627834
1318.7,47.176,bent005ppfm,0.03602041490141329
1322.4,47.1455,bent005ppfm,0.03599712715649017
1326.1,47.142,bent005ppfm,0.03599445479231867
1329.9,47.14,bent005ppfm,0.03599292772707781
1333.6,47.1155,bent005ppfm,0.03597422117787726
1337.3,47.12149999999999,bent005ppfm,0.03597880237359984
1341.1,47.102,bent005ppfm,0.035963913487501456
1344.8,47.0635,bent005ppfm,0.0359345174816149
1348.5,47.00849999999999,bent005ppfm,0.03589252318749123
1352.2,46.95,bent005ppfm,0.03584785652919608
1356.0,46.8555,bent005ppfm,0.03577570269656542
1359.7,46.747,bent005ppfm,0.035692859407248756
1363.4,46.579,bent005ppfm,0.03556458592701649
1367.1,46.4825,bent005ppfm,0.035490905029144974
1370.8,46.303,bent005ppfm,0.03535385092377776
1374.6,46.069,bent005ppfm,0.03517518429059711
1378.3,45.7285,bent005ppfm,0.034915201433340634
1382.0,45.335,bent005ppfm,0.034614751347201364
1385.7,44.828500000000005,bent005ppfm,0.03422802207495349
1389.4,44.2295,bent005ppfm,0.033770666035315824
1393.1,43.5295,bent005ppfm,0.03323619320101471
1396.8,42.7895,bent005ppfm,0.032671179061896385
1400.5,42.087,bent005ppfm,0.032134797396044204
1404.2,41.5355,bent005ppfm,0.031713709155876964
1407.9,41.17399999999999,bent005ppfm,0.03143769211359146
1411.7,41.13100000000001,bent005ppfm,0.031404860210912974
1415.4,41.38549999999999,bent005ppfm,0.03159917926281244
1419.1,41.875,bent005ppfm,0.03197292848051301
1422.8,42.418,bent005ppfm,0.03238752669340658
1426.4,43.0005,bent005ppfm,0.03283228444480715
1430.2,43.47,bent005ppfm,0.033190763010099114
1433.8,43.8755,bent005ppfm,0.033500375487683545
1437.5,44.1935,bent005ppfm,0.033743178860980334
1441.2,44.413,bent005ppfm,0.033910774271164755
1444.9,44.61,bent005ppfm,0.0340611901973895
1448.6,44.74249999999999,bent005ppfm,0.03416235826959649
1452.3,44.8615,bent005ppfm,0.034253218651427685
1456.0,44.9285,bent005ppfm,0.034304375336996505
1459.7,45.035,bent005ppfm,0.03438569156107232
1463.3,45.07149999999999,bent005ppfm,0.03441356050171801
1467.0,45.274,bent005ppfm,0.034568175857355124
1470.7,45.398,bent005ppfm,0.03466285390228847
1474.4,45.56099999999999,bent005ppfm,0.034787309719418576
1478.1,45.6775,bent005ppfm,0.0348762612696987
1481.7,45.8735,bent005ppfm,0.03502591366330301
1485.4,45.9935,bent005ppfm,0.035117537577754626
1489.1,46.088,bent005ppfm,0.035189691410385276
1492.8,46.194,bent005ppfm,0.03527062586815088
1496.4,46.313500000000005,bent005ppfm,0.035361868016292285
1500.1,46.4265,bent005ppfm,0.03544814720240089
1503.8,46.53450000000001,bent005ppfm,0.03553060872540735
1507.4,46.62949999999999,bent005ppfm,0.035603144324348204
1511.1,46.72099999999999,bent005ppfm,0.035673007559117564
1514.7,46.816,bent005ppfm,0.03574554315805844
1518.4,46.88700000000001,bent005ppfm,0.035799753974108985
1522.1,46.945,bent005ppfm,0.03584403886609393
1525.7,47.019,bent005ppfm,0.035900540280005756
1529.4,47.0735,bent005ppfm,0.035942152807819205
1533.0,47.12800000000001,bent005ppfm,0.03598376533563265
1536.7,47.185500000000005,bent005ppfm,0.03602766846130738
1540.3,47.236,bent005ppfm,0.0360662268586391
1544.0,47.294500000000006,bent005ppfm,0.03611089351693427
1547.6,47.3335,bent005ppfm,0.036140671289131045
1551.3,47.4015,bent005ppfm,0.03619259150732029
1554.9,47.4605,bent005ppfm,0.03623763993192568
1558.6,47.485,bent005ppfm,0.03625634648112621
1562.2,47.5435,bent005ppfm,0.03630101313942138
1565.8,47.581,bent005ppfm,0.03632964561268751
1569.5,47.6095,bent005ppfm,0.03635140629236976
1573.1,47.653,bent005ppfm,0.03638461996135848
1576.8,47.67600000000001,bent005ppfm,0.03640218121162838
1580.4,47.7045,bent005ppfm,0.03642394189131064
1584.0,47.7135,bent005ppfm,0.03643081368489451
1587.7,47.7625,bent005ppfm,0.03646822678329559
1591.3,47.78750000000001,bent005ppfm,0.036487315098806344
1594.9,47.807,bent005ppfm,0.036502203984904724
1598.5,47.827,bent005ppfm,0.03651747463731333
1602.2,47.8545,bent005ppfm,0.03653847178437516
1605.8,47.84499999999999,bent005ppfm,0.03653121822448106
1609.4,47.89450000000001,bent005ppfm,0.036569013089192366
1613.0,47.910500000000006,bent005ppfm,0.03658122961111925
1616.7,47.926,bent005ppfm,0.036593064366735914
1620.3,47.929,bent005ppfm,0.036595354964597204
1623.9,47.92,bent005ppfm,0.036588483171013333
1627.5,47.93,bent005ppfm,0.03659611849721763
1631.1,47.9305,bent005ppfm,0.03659650026352785
1634.7,47.94199999999999,bent005ppfm,0.03660528088866279
1638.3,47.973,bent005ppfm,0.03662895039989613
1641.9,47.99,bent005ppfm,0.036641930454443444
1645.6,47.9955,bent005ppfm,0.03664612988385581
1649.2,48.0255,bent005ppfm,0.03666903586246872
1652.8,48.05499999999999,bent005ppfm,0.036691560074771395
1656.4,48.044,bent005ppfm,0.03668316121594667
1660.0,48.06349999999999,bent005ppfm,0.036698050102045056
1663.6,48.0695,bent005ppfm,0.03670263129776764
1667.2,48.0385,bent005ppfm,0.036678961786534306
1670.8,48.0385,bent005ppfm,0.036678961786534306
1674.4,47.98649999999999,bent005ppfm,0.03663925809027193
1678.0,47.8805,bent005ppfm,0.03655832363250634
1681.6,47.649,bent005ppfm,0.03638156583087676
1685.1,47.354,bent005ppfm,0.03615632370784986
1688.7,47.044,bent005ppfm,0.035919628595516506
1692.3,46.7715,bent005ppfm,0.035711565956449295
1695.9,46.53350000000001,bent005ppfm,0.03552984519278692
1699.5,46.33900000000001,bent005ppfm,0.03538133809811326
1703.1,46.1865,bent005ppfm,0.03526489937349765
1706.7,46.139,bent005ppfm,0.03522863157402722
1710.2,46.142500000000005,bent005ppfm,0.035231303938198726
1713.8,46.1175,bent005ppfm,0.03521221562268797
1717.4,46.0625,bent005ppfm,0.03517022132856431
1721.0,45.9485,bent005ppfm,0.03508317860983527
1724.5,45.885000000000005,bent005ppfm,0.03503469428843796
1728.1,45.8095,bent005ppfm,0.03497704757559548
1731.7,45.8225,bent005ppfm,0.03498697349966107
1735.2,45.84049999999999,bent005ppfm,0.03500071708682881
1738.8,45.9205,bent005ppfm,0.035061799696463225
1742.4,46.057,bent005ppfm,0.035166021899151946
1745.9,46.17100000000001,bent005ppfm,0.03525306461788098
1749.5,46.255,bent005ppfm,0.03531720135799712
1753.1,46.278000000000006,bent005ppfm,0.03533476260826701
1756.6,46.282500000000006,bent005ppfm,0.03533819850505895
1760.2,46.23699999999999,bent005ppfm,0.03530345777082936
1763.8,46.2655,bent005ppfm,0.03532521845051163
1767.3,46.24049999999999,bent005ppfm,0.03530613013500087
1770.9,46.243,bent005ppfm,0.035308038966551956
1774.4,46.2855,bent005ppfm,0.03534048910292023
1778.0,46.31599999999999,bent005ppfm,0.035363776847843344
1781.5,46.371,bent005ppfm,0.03540577114196702
1785.1,46.388000000000005,bent005ppfm,0.03541875119651433
1788.6,46.403000000000006,bent005ppfm,0.03543020418582078
1792.1,46.4275,bent005ppfm,0.035448910735021315
1795.7,46.4145,bent005ppfm,0.03543898481095572
1799.2,46.4085,bent005ppfm,0.03543440361523314
1802.8,46.35,bent005ppfm,0.03538973695693798
1806.3,46.3635,bent005ppfm,0.035400044647313784
1809.8,46.364,bent005ppfm,0.035400426413624
1813.4,46.312,bent005ppfm,0.03536072271736163
1816.9,46.319,bent005ppfm,0.03536606744570465
1820.4,46.234,bent005ppfm,0.03530116717296808
1824.0,46.2835,bent005ppfm,0.03533896203767937
1827.5,46.2845,bent005ppfm,0.0353397255702998
1831.0,46.316500000000005,bent005ppfm,0.035364158614153575
1834.6,46.322500000000005,bent005ppfm,0.035368739809876155
1838.1,46.342000000000006,bent005ppfm,0.03538362869597454
1841.6,46.346,bent005ppfm,0.03538668282645625
1845.1,46.3455,bent005ppfm,0.03538630106014604
1848.6,46.326,bent005ppfm,0.035371412174047656
1852.2,46.2945,bent005ppfm,0.0353473608965041
1855.7,46.186,bent005ppfm,0.035264517607187434
1859.2,46.063500000000005,bent005ppfm,0.035170984861184744
1862.7,45.8545,bent005ppfm,0.03501140654351483
1866.2,45.4985,bent005ppfm,0.0347395889306417
1869.7,44.99849999999999,bent005ppfm,0.03435782262042661
1873.2,44.36150000000001,bent005ppfm,0.03387145234121261
1876.7,43.5905,bent005ppfm,0.03328276869086095
1880.2,42.617,bent005ppfm,0.03253946968487219
1883.7,41.394,bent005ppfm,0.0316056692900861
1887.2,39.8795,bent005ppfm,0.03044929913644462
1890.7,38.215500000000006,bent005ppfm,0.029178780856048837
1894.2,36.60850000000001,bent005ppfm,0.027951783935017568
1897.7,35.226000000000006,bent005ppfm,0.026896200087272868
1902.7,33.9455,bent005ppfm,0.025918496566812044
1905.5,33.615,bent005ppfm,0.025666149035759877
1908.2,33.601000000000006,bent005ppfm,0.025655459579073857
1911.0,33.846500000000006,bent005ppfm,0.025842906837389462
1913.7,34.229,bent005ppfm,0.026134958064703992
1916.5,34.663,bent005ppfm,0.02646633122197068
1919.2,35.156,bent005ppfm,0.02684275280384275
1921.9,35.5765,bent005ppfm,0.02716381827073364
1924.7,35.95299999999999,bent005ppfm,0.027451288302325582
1927.4,36.306,bent005ppfm,0.027720815317337437
1930.1,36.5895,bent005ppfm,0.02793727681522939
1932.9,36.8085,bent005ppfm,0.028104490459103595
1935.6,36.9815,bent005ppfm,0.02823658160243801
1938.3,37.128,bent005ppfm,0.028348439131331032
1941.0,37.265,bent005ppfm,0.028453043100329964
1943.7,37.4025,bent005ppfm,0.028558028835639113
1946.4,37.55050000000001,bent005ppfm,0.02867103166346278
1949.2,37.715,bent005ppfm,0.02879663277952354
1951.9,37.884,bent005ppfm,0.02892566979237623
1954.6,38.0705,bent005ppfm,0.02906806862608646
1957.3,38.25699999999999,bent005ppfm,0.029210467459796677
1960.0,38.443000000000005,bent005ppfm,0.029352484527196698
1962.7,38.6205,bent005ppfm,0.029488011567323048
1965.4,38.80200000000001,bent005ppfm,0.029626592737931126
1968.1,38.9675,bent005ppfm,0.029752957386612315
1970.7,39.139500000000005,bent005ppfm,0.029884284997326305
1973.4,39.339,bent005ppfm,0.03003660975510212
1976.1,39.5525,bent005ppfm,0.03019962396956396
1978.8,39.7565,bent005ppfm,0.03035538462413171
1981.5,39.9675,bent005ppfm,0.030516490007042475
1984.1,40.1845,bent005ppfm,0.03068217658567582
1986.8,40.432500000000005,bent005ppfm,0.030871532675542504
1989.5,40.683,bent005ppfm,0.031062797596960255
1992.1,40.94200000000001,bent005ppfm,0.031260552545651674
1994.8,41.227,bent005ppfm,0.03147815934247426
1997.5,41.502500000000005,bent005ppfm,0.03168851257940278
2000.1,41.7655,bent005ppfm,0.03188932165857591
2002.8,42.011,bent005ppfm,0.03207676891689151
2005.4,42.265,bent005ppfm,0.03227070620248077
2008.1,42.53,bent005ppfm,0.032473042346894763
2010.7,42.78,bent005ppfm,0.032663925502002304
2013.4,43.00449999999999,bent005ppfm,0.03283533857528887
2016.0,43.211,bent005ppfm,0.0329930080614077
2018.6,43.417,bent005ppfm,0.03315029578121632
2021.3,43.619,bent005ppfm,0.03330452937054321
2023.9,43.8,bent005ppfm,0.033442728774841064
2026.5,43.992,bent005ppfm,0.033589327037963655
2029.2,44.1645,bent005ppfm,0.03372103641498786
2031.8,44.321,bent005ppfm,0.03384052927008518
2034.4,44.4815,bent005ppfm,0.03396307625566422
2037.0,44.6165,bent005ppfm,0.0340661531594223
2039.7,44.7375,bent005ppfm,0.03415854060649434
2042.3,44.85850000000001,bent005ppfm,0.0342509280535664
2044.9,44.964000000000006,bent005ppfm,0.03433148074502178
2047.5,45.06849999999999,bent005ppfm,0.03441126990385672
2050.1,45.15999999999999,bent005ppfm,0.03448113313862608
2052.7,45.24,bent005ppfm,0.0345422157482605
2055.3,45.3025,bent005ppfm,0.03458993653703739
2057.9,45.366,bent005ppfm,0.0346384208584347
2060.5,45.413,bent005ppfm,0.03467430689159492
2063.1,45.4625,bent005ppfm,0.03471210175630621
2065.7,45.51350000000001,bent005ppfm,0.034751041919948156
2068.3,45.557,bent005ppfm,0.034784255588936865
2070.9,45.58599999999999,bent005ppfm,0.03480639803492933
2073.4,45.629000000000005,bent005ppfm,0.03483922993760784
2076.0,45.66,bent005ppfm,0.03486289944884117
2078.6,45.6835,bent005ppfm,0.03488084246542128
2081.2,45.7075,bent005ppfm,0.0348991672483116
2083.7,45.741,bent005ppfm,0.03492474559109601
2086.3,45.7635,bent005ppfm,0.03494192507505569
2088.9,45.79950000000001,bent005ppfm,0.03496941224939118
2091.4,45.84250000000001,bent005ppfm,0.03500224415206968
2094.0,45.86650000000001,bent005ppfm,0.03502056893496
2096.6,45.8975,bent005ppfm,0.03504423844619333
2099.1,45.946,bent005ppfm,0.03508126977828419
2101.6,46.0,bent005ppfm,0.035122500539787424
2104.2,46.0565,bent005ppfm,0.03516564013284173
2106.8,46.1185,bent005ppfm,0.035212979155308397
2109.3,46.1955,bent005ppfm,0.03527177116708152
2111.8,46.256,bent005ppfm,0.035317964890617545
2114.4,46.3405,bent005ppfm,0.03538248339704389
2116.9,46.4065,bent005ppfm,0.03543287654999228
2119.4,46.4625,bent005ppfm,0.03547563437673637
2122.0,46.505,bent005ppfm,0.03550808451310466
2124.5,46.532,bent005ppfm,0.035528699893856264
2127.0,46.547,bent005ppfm,0.03554015288316272
2129.6,46.5595,bent005ppfm,0.0355496970409181
2132.1,46.55,bent005ppfm,0.03554244348102401
2134.6,46.520500000000006,bent005ppfm,0.03551991926872133
2137.1,46.491,bent005ppfm,0.035497395056418635
2139.6,46.4345,bent005ppfm,0.03545425546336433
2142.1,46.349,bent005ppfm,0.035388973424317544
2144.6,46.2585,bent005ppfm,0.03531987372216862
2147.1,46.1435,bent005ppfm,0.03523206747081915
2149.6,46.0005,bent005ppfm,0.03512288230609764
2152.1,45.8445,bent005ppfm,0.03500377121731053
2154.6,45.6125,bent005ppfm,0.034826631649370735
2157.1,45.346,bent005ppfm,0.0346231502060261
2159.6,45.0525,bent005ppfm,0.03439905338192985
2162.1,44.68999999999999,bent005ppfm,0.0341222728070239
2164.6,44.279,bent005ppfm,0.03380846090002712
2167.1,43.8565,bent005ppfm,0.03348586836789537
2169.6,43.39999999999999,bent005ppfm,0.033137315726668996
2172.0,42.922,bent005ppfm,0.03277234713410338
2174.5,42.4385,bent005ppfm,0.0324031791121254
2177.0,41.947500000000005,bent005ppfm,0.0320282845954942
2179.4,41.452,bent005ppfm,0.03164995418207105
2181.9,40.967,bent005ppfm,0.03127964086116242
2184.4,40.496,bent005ppfm,0.030920016996939817
2186.8,40.0305,bent005ppfm,0.030564592562129577
2189.3,39.5795,bent005ppfm,0.030220239350315575
2191.7,39.1355,bent005ppfm,0.02988123086684458
2194.2,38.7375,bent005ppfm,0.029577344883913375
2196.6,38.3975,bent005ppfm,0.029317743792967123
2199.1,38.102,bent005ppfm,0.029092119903630007
2201.5,37.8595,bent005ppfm,0.028906963243175692
2204.0,37.72149999999999,bent005ppfm,0.028801595741556326
2206.4,37.7155,bent005ppfm,0.02879701454583375
2208.9,37.823,bent005ppfm,0.028879094302529995
2211.3,38.005,bent005ppfm,0.029018057239448284
2213.7,38.2325,bent005ppfm,0.029191760910596144
2216.1,38.472,bent005ppfm,0.02937462697318917
2218.6,38.745,bent005ppfm,0.0295830713785666
2221.0,39.0225,bent005ppfm,0.02979495168073597
2223.4,39.273500000000006,bent005ppfm,0.029986598368463947
2225.8,39.502,bent005ppfm,0.030161065572232235
2228.2,39.697500000000005,bent005ppfm,0.030310336199526333
2230.6,39.901,bent005ppfm,0.03046571508778387
2233.1,40.0975,bent005ppfm,0.030615749247698394
2235.5,40.2845,bent005ppfm,0.030758529847718836
2237.9,40.471,bent005ppfm,0.030900928681429057
2240.3,40.656000000000006,bent005ppfm,0.031042182216208646
2242.7,40.802,bent005ppfm,0.031153657978791445
2245.1,40.934,bent005ppfm,0.031254444284688224
2247.5,41.0185,bent005ppfm,0.031318962791114575
2249.9,41.051,bent005ppfm,0.03134377760127856
2252.2,41.04299999999999,bent005ppfm,0.03133766934031511
2254.6,40.99150000000001,bent005ppfm,0.03129834741036297
2257.0,40.9095,bent005ppfm,0.031235737735487688
2259.4,40.766,bent005ppfm,0.03112617080445596
2261.8,40.6055,bent005ppfm,0.031003623818876915
2264.1,40.4305,bent005ppfm,0.03087000561030164
2266.5,40.252500000000005,bent005ppfm,0.030734096803865074
2268.9,40.0825,bent005ppfm,0.030604296258391946
2271.2,39.9315,bent005ppfm,0.030489002832706988
2273.6,39.80349999999999,bent005ppfm,0.030391270657291924
2276.0,39.719,bent005ppfm,0.03032675215086558
2278.3,39.6655,bent005ppfm,0.030285903155672568
2280.7,39.64099999999999,bent005ppfm,0.030267196606472018
2283.0,39.6255,bent005ppfm,0.03025536185085536
2285.4,39.588,bent005ppfm,0.030226729377589228
2287.7,39.546,bent005ppfm,0.03019466100753116
2290.1,39.467,bent005ppfm,0.03013434193051718
2292.4,39.35850000000001,bent005ppfm,0.030051498641200512
2294.8,39.1945,bent005ppfm,0.029926279291449958
2297.1,38.96999999999999,bent005ppfm,0.02975486621816338
2299.4,38.72099999999999,bent005ppfm,0.02956474659567627
2301.8,38.4165,bent005ppfm,0.029332250912755292
2304.1,38.12350000000001,bent005ppfm,0.029108535854969263
2306.4,37.86800000000001,bent005ppfm,0.028913453270449356
2308.7,37.6595,bent005ppfm,0.02875425671908966
2311.1,37.5025,bent005ppfm,0.028634382097682126
2313.4,37.399,bent005ppfm,0.028555356471467605
2315.7,37.319,bent005ppfm,0.028494273861833196
2318.0,37.2805,bent005ppfm,0.028464877855946633
2320.3,37.287000000000006,bent005ppfm,0.02846984081797943
2322.6,37.2905,bent005ppfm,0.028472513182150935
2324.9,37.2875,bent005ppfm,0.028470222584289644
2327.2,37.3095,bent005ppfm,0.028487020301939104
2329.5,37.2725,bent005ppfm,0.02845876959498319
2331.8,37.2045,bent005ppfm,0.02840684937679394
2334.1,37.1265,bent005ppfm,0.028347293832400387
2336.4,37.041,bent005ppfm,0.028282011793353604
2338.7,36.9205,bent005ppfm,0.02819000611259177
2341.0,36.76649999999999,bent005ppfm,0.028072422089045524
2343.2,36.606,bent005ppfm,0.027949875103466488
2345.5,36.42,bent005ppfm,0.027807858036066477
2347.8,36.1985,bent005ppfm,0.027638735560641198
2350.1,36.03099999999999,bent005ppfm,0.02751084384671914
2352.4,35.8935,bent005ppfm,0.02740585811141
2354.6,35.7625,bent005ppfm,0.027305835338133647
2356.9,35.65200000000001,bent005ppfm,0.02722146498357612
2359.1,35.59349999999999,bent005ppfm,0.027176798325280943
2361.4,35.559,bent005ppfm,0.027150456449876105
2363.7,35.5475,bent005ppfm,0.02714167582474116
2365.9,35.50749999999999,bent005ppfm,0.02711113451992395
2368.2,35.4505,bent005ppfm,0.027067613160559435
2370.4,35.389,bent005ppfm,0.027020655904402984
2372.7,35.3485,bent005ppfm,0.02698973283327556
2374.9,35.310500000000005,bent005ppfm,0.026960718593699216
2377.2,35.2775,bent005ppfm,0.02693552201722502
2379.4,35.214,bent005ppfm,0.0268870376958277
2381.6,35.148,bent005ppfm,0.026836644542879314
2383.9,35.086,bent005ppfm,0.02678930552041264
2386.1,35.008500000000005,bent005ppfm,0.026730131742329306
2388.3,34.907,bent005ppfm,0.02665263318135564
2390.6,34.7655,bent005ppfm,0.026544593315564777
2392.8,34.653499999999994,bent005ppfm,0.026459077662076592
2395.0,34.55950000000001,bent005ppfm,0.026387305595756166
2397.2,34.465,bent005ppfm,0.026315151763125513
2399.4,34.368,bent005ppfm,0.026241089098943786
2401.6,34.260000000000005,bent005ppfm,0.026158627575937333
2403.9,34.191,bent005ppfm,0.02610594382512765
2406.1,34.128,bent005ppfm,0.026057841270040547
2408.3,34.041500000000006,bent005ppfm,0.025991795698373343
2410.5,33.968,bent005ppfm,0.025935676050771725
2412.7,33.8925,bent005ppfm,0.025878029337929244
2414.9,33.7855,bent005ppfm,0.025796331347543215
2417.1,33.680499999999995,bent005ppfm,0.025716160422398045
2419.2,33.54350000000001,bent005ppfm,0.025611556453399124
2421.4,33.40249999999999,bent005ppfm,0.025503898353918458
2423.6,33.2735,bent005ppfm,0.025405402645882973
2425.8,33.151,bent005ppfm,0.025311869899880282
2428.0,33.034,bent005ppfm,0.02522253658328995
2430.2,32.9455,bent005ppfm,0.02515496394638188
2432.3,32.84349999999999,bent005ppfm,0.025077083619098
2434.5,32.7435,bent005ppfm,0.025000730357054985
2436.7,32.64999999999999,bent005ppfm,0.024929340057044762
2438.8,32.5465,bent005ppfm,0.02485031443083025
2441.0,32.453500000000005,bent005ppfm,0.024779305897130247
2443.2,32.33549999999999,bent005ppfm,0.024689209047919474
2445.3,32.196000000000005,bent005ppfm,0.02458269624736948
2447.5,32.031,bent005ppfm,0.024456713364998498
2449.6,31.8905,bent005ppfm,0.02434943703182806
2451.8,31.7365,bent005ppfm,0.024231853008281817
2453.9,31.579999999999995,bent005ppfm,0.024112360153184492
2456.1,31.426,bent005ppfm,0.02399477612963825
2458.2,31.3075,bent005ppfm,0.023904297514117278
2460.4,31.2245,bent005ppfm,0.02384092430662157
2462.5,31.14550000000001,bent005ppfm,0.023780605229607597
2464.6,31.0995,bent005ppfm,0.0237454827290678
2466.8,31.0815,bent005ppfm,0.02373173914190006
2468.9,31.097,bent005ppfm,0.023743573897516728
2471.0,31.128,bent005ppfm,0.023767243408750062
2473.1,31.157000000000004,bent005ppfm,0.02378938585474254
2475.2,31.186,bent005ppfm,0.023811528300735012
2477.4,31.217,bent005ppfm,0.023835197811968346
2479.5,31.271500000000003,bent005ppfm,0.023876810339781795
2481.6,31.257500000000004,bent005ppfm,0.02386612088309577
2483.7,31.239,bent005ppfm,0.023851995529617812
2485.8,31.25,bent005ppfm,0.023860394388442542
2487.9,31.245,bent005ppfm,0.023856576725340393
2490.0,31.240500000000004,bent005ppfm,0.02385314082854846
2492.1,31.20800000000001,bent005ppfm,0.023828326018384482
2494.2,31.149,bent005ppfm,0.023783277593779097
2496.3,31.1555,bent005ppfm,0.02378824055581189
2498.4,31.1125,bent005ppfm,0.023755408653133397
2500.5,31.049,bent005ppfm,0.02370692433173608
2502.6,31.003000000000004,bent005ppfm,0.023671801831196295
2504.7,30.9765,bent005ppfm,0.023651568216754893
2506.7,30.971,bent005ppfm,0.023647368787342526
2508.8,31.001,bent005ppfm,0.023670274765955433
2510.9,31.0165,bent005ppfm,0.0236821095215721
2513.0,31.0315,bent005ppfm,0.023693562510878553
339.3,25.380500000000005,bent005ppfr,0.022835748465481583
340.8,24.9715,bent005ppfr,0.022467756458926073
342.3,24.498,bent005ppfr,0.0220417314831216
343.7,24.238,bent005ppfr,0.02180780013421101
345.2,23.84,bent005ppfr,0.021449705223186337
346.7,23.208,bent005ppfr,0.020881072098142134
348.1,22.763,bent005ppfr,0.02048068959712209
349.6,22.3065,bent005ppfr,0.020069960132592535
351.1,22.238,bent005ppfr,0.02000832821951417
352.5,22.3285,bent005ppfr,0.0200897543236542
354.0,22.1395,bent005ppfr,0.01991970422771535
355.5,22.12,bent005ppfr,0.019902159376547057
357.0,22.146,bent005ppfr,0.019925552511438113
358.4,22.181,bent005ppfr,0.01995704326994531
359.9,22.030000000000005,bent005ppfr,0.019821183140385702
361.4,22.0685,bent005ppfr,0.01985582297474361
362.8,22.0015,bent005ppfr,0.01979554066560127
364.3,22.199,bent005ppfr,0.019973238517177583
365.8,22.209,bent005ppfr,0.019982235876751065
367.2,22.3545,bent005ppfr,0.020113147458545262
368.7,22.397,bent005ppfr,0.020151386236732564
370.1,22.503500000000003,bent005ppfr,0.020247208116190178
371.6,22.640000000000004,bent005ppfr,0.02037002207436824
373.1,22.7305,bent005ppfr,0.020451448178508264
374.5,22.954000000000004,bent005ppfr,0.020652539164975642
376.0,23.068,bent005ppfr,0.020755109064113358
377.5,23.131000000000004,bent005ppfr,0.02081179242942631
378.9,23.289,bent005ppfr,0.02095395071068736
380.4,23.4355,bent005ppfr,0.0210857620284389
381.9,23.583,bent005ppfr,0.021218473082147794
383.3,23.726000000000003,bent005ppfr,0.02134713532404862
384.8,23.924,bent005ppfr,0.021525283043603606
386.2,24.063,bent005ppfr,0.021650346341675033
387.7,24.226000000000003,bent005ppfr,0.021797003302722832
389.2,24.2735,bent005ppfr,0.021839740760696877
390.6,24.352,bent005ppfr,0.02191037003334873
392.1,24.433000000000003,bent005ppfr,0.021983248645893953
393.6,24.5125,bent005ppfr,0.02205477765450315
395.0,24.640500000000003,bent005ppfr,0.02216994385704375
396.5,24.764000000000003,bent005ppfr,0.02228106124777628
397.9,24.8415,bent005ppfr,0.02235079078447078
399.4,24.9085,bent005ppfr,0.022411073093613124
400.9,24.977,bent005ppfr,0.02247270500669149
402.3,25.0405,bent005ppfr,0.022529838239983117
403.8,25.1265,bent005ppfr,0.02260721553231508
405.2,25.23,bent005ppfr,0.022700338203900643
406.7,25.331,bent005ppfr,0.022791211535592833
408.1,25.411,bent005ppfr,0.022863190412180708
409.6,25.518,bent005ppfr,0.022959462159616986
411.1,25.57,bent005ppfr,0.023006248429399107
412.5,25.671,bent005ppfr,0.023097121761091296
414.0,25.7775,bent005ppfr,0.023192943640548903
415.4,25.8715,bent005ppfr,0.023277518820539654
416.9,26.0,bent005ppfr,0.023393134891058924
418.3,26.1235,bent005ppfr,0.023504252281791455
419.8,26.254999999999995,bent005ppfr,0.02362256756018277
421.2,26.37,bent005ppfr,0.02372603719527784
422.7,26.515000000000004,bent005ppfr,0.023856498909093367
424.1,26.6365,bent005ppfr,0.023965816827911195
425.6,26.7745,bent005ppfr,0.024089980390025276
427.0,26.89,bent005ppfr,0.02419389989309902
428.5,27.0295,bent005ppfr,0.024319413059149125
429.9,27.143,bent005ppfr,0.02442153309030817
431.4,27.2715,bent005ppfr,0.024537149160827443
432.8,27.4,bent005ppfr,0.024652765231346713
434.3,27.5205,bent005ppfr,0.024761183414207195
435.7,27.641,bent005ppfr,0.02486960159706768
437.2,27.768,bent005ppfr,0.024983868063650935
438.6,27.896000000000004,bent005ppfr,0.025099034266191533
440.1,28.0245,bent005ppfr,0.025214650336710803
441.5,28.1555,bent005ppfr,0.025332515747123446
443.0,28.279,bent005ppfr,0.025443633137855973
444.4,28.404000000000003,bent005ppfr,0.02555610013252453
445.8,28.518,bent005ppfr,0.025658670031662247
447.3,28.6205,bent005ppfr,0.02575089296729046
448.7,28.7125,bent005ppfr,0.025833668675366513
450.2,28.802,bent005ppfr,0.0259141950435492
451.6,28.8925,bent005ppfr,0.02599562114768923
453.0,28.9785,bent005ppfr,0.026072998440021197
454.5,29.06150000000001,bent005ppfr,0.026147676524481123
455.9,29.130000000000003,bent005ppfr,0.026209308437559482
457.4,29.201,bent005ppfr,0.026273189690531218
458.8,29.265,bent005ppfr,0.02633077279180152
460.2,29.331499999999995,bent005ppfr,0.026390605232965183
461.7,29.3945,bent005ppfr,0.026447288598278138
463.1,29.4715,bent005ppfr,0.026516568266993966
464.5,29.5325,bent005ppfr,0.02657145216039222
466.0,29.597,bent005ppfr,0.026629485129641195
467.4,29.663,bent005ppfr,0.026688867702826188
468.9,29.731,bent005ppfr,0.026750049747925882
470.3,29.7995,bent005ppfr,0.02681168166100425
471.7,29.86,bent005ppfr,0.026866115686423827
473.1,29.9235,bent005ppfr,0.026923248919715453
474.6,29.9895,bent005ppfr,0.026982631492900446
476.0,30.058,bent005ppfr,0.027044263405978815
477.4,30.1315,bent005ppfr,0.027110393998843924
478.9,30.195500000000003,bent005ppfr,0.027167977100114225
480.3,30.255499999999994,bent005ppfr,0.027221961257555122
481.7,30.322000000000003,bent005ppfr,0.0272817936987188
483.1,30.3845,bent005ppfr,0.027338027196053074
484.6,30.448999999999995,bent005ppfr,0.027396060165302043
486.0,30.521500000000003,bent005ppfr,0.02746129102220981
487.4,30.5925,bent005ppfr,0.027525172275181545
488.9,30.656,bent005ppfr,0.027582305508473168
490.3,30.72,bent005ppfr,0.02763988860974347
491.7,30.7805,bent005ppfr,0.027694322635163048
493.1,30.8405,bent005ppfr,0.02774830679260395
494.5,30.914000000000005,bent005ppfr,0.027814437385469067
496.0,30.98,bent005ppfr,0.02787381995865406
497.4,31.05,bent005ppfr,0.02793680147566845
498.8,31.118500000000004,bent005ppfr,0.02799843338874682
500.2,31.181500000000007,bent005ppfr,0.02805511675405977
501.6,31.2435,bent005ppfr,0.028110900383415367
503.1,31.3095,bent005ppfr,0.028170282956600363
504.5,31.371,bent005ppfr,0.02822561671797729
505.9,31.439,bent005ppfr,0.028286798763076982
507.3,31.4995,bent005ppfr,0.028341232788496564
508.7,31.564,bent005ppfr,0.028399265757745536
510.1,31.630499999999994,bent005ppfr,0.0284590981989092
511.6,31.695500000000003,bent005ppfr,0.028517581036136854
513.0,31.75849999999999,bent005ppfr,0.028574264401449796
514.4,31.826,bent005ppfr,0.028634996578570823
515.8,31.89149999999999,bent005ppfr,0.028693929283777134
517.2,31.954500000000007,bent005ppfr,0.0287506126490901
518.6,32.019,bent005ppfr,0.028808645618339065
520.0,32.0835,bent005ppfr,0.02886667858758804
521.5,32.1555,bent005ppfr,0.02893145957651713
522.9,32.21900000000001,bent005ppfr,0.02898859280980876
524.3,32.2805,bent005ppfr,0.029043926571185683
525.7,32.337,bent005ppfr,0.02909476165277587
527.1,32.3935,bent005ppfr,0.029145596734366053
528.5,32.44749999999999,bent005ppfr,0.029194182476062855
529.9,32.50950000000001,bent005ppfr,0.029249966105418475
531.3,32.562,bent005ppfr,0.029297202243179256
532.7,32.6125,bent005ppfr,0.029342638909025352
534.1,32.6885,bent005ppfr,0.02941101884178383
535.5,32.750499999999995,bent005ppfr,0.029466802471139433
536.9,32.809,bent005ppfr,0.029519437024644317
538.3,32.891000000000005,bent005ppfr,0.029593215373146894
539.7,32.93899999999999,bent005ppfr,0.029636402699099607
541.1,32.9905,bent005ppfr,0.029682739100903053
542.5,33.051,bent005ppfr,0.02973717312632264
544.0,33.09,bent005ppfr,0.02977226282865923
545.3,33.153,bent005ppfr,0.029828946193972174
546.8,33.221500000000006,bent005ppfr,0.029890578107050546
548.2,33.283500000000004,bent005ppfr,0.02994636173640615
549.5,33.3415,bent005ppfr,0.029998546421932355
550.9,33.394,bent005ppfr,0.030045782559693143
552.3,33.441500000000005,bent005ppfr,0.030088520017667198
553.7,33.472,bent005ppfr,0.030115961964366323
555.1,33.4925,bent005ppfr,0.030134406551491962
556.5,33.5255,bent005ppfr,0.030164097838084464
557.9,33.57,bent005ppfr,0.030204136088186468
559.3,33.623,bent005ppfr,0.03025182209392593
560.7,33.665000000000006,bent005ppfr,0.030289611004134572
562.1,33.70700000000001,bent005ppfr,0.030327399914343207
563.5,33.749,bent005ppfr,0.030365188824551834
564.9,33.78999999999999,bent005ppfr,0.030402077998803113
566.3,33.8325,bent005ppfr,0.03044031677699043
567.7,33.872499999999995,bent005ppfr,0.030476306215284358
569.1,33.913,bent005ppfr,0.030512745521556972
570.5,33.950500000000005,bent005ppfr,0.030546485619957545
571.8,33.986000000000004,bent005ppfr,0.030578426246443413
573.2,34.021,bent005ppfr,0.030609917004950606
574.6,34.056999999999995,bent005ppfr,0.030642307499415142
576.0,34.096500000000006,bent005ppfr,0.030677847069730414
577.4,34.129000000000005,bent005ppfr,0.030707088488344237
578.8,34.159000000000006,bent005ppfr,0.03073408056706469
580.2,34.189,bent005ppfr,0.030761072645785138
581.5,34.221,bent005ppfr,0.030789864196420286
582.9,34.2505,bent005ppfr,0.03081640640716207
584.3,34.279,bent005ppfr,0.0308420488819465
585.7,34.3065,bent005ppfr,0.03086679162077358
587.1,34.3325,bent005ppfr,0.03089018475566464
588.5,34.3575,bent005ppfr,0.03091267815459835
589.8,34.3815,bent005ppfr,0.030934271817574712
591.2,34.4025,bent005ppfr,0.03095316627267903
592.6,34.42550000000001,bent005ppfr,0.030973860199698045
594.0,34.4485,bent005ppfr,0.030994554126717058
595.4,34.46849999999999,bent005ppfr,0.031012548845864015
596.7,34.489,bent005ppfr,0.03103099343298966
598.1,34.504000000000005,bent005ppfr,0.031044489472349897
599.5,34.523,bent005ppfr,0.031061584455539516
600.9,34.5415,bent005ppfr,0.031078229570750456
602.2,34.560500000000005,bent005ppfr,0.031095324553940082
603.6,34.5785,bent005ppfr,0.031111519801172348
605.0,34.596999999999994,bent005ppfr,0.03112816491638329
606.4,34.617,bent005ppfr,0.03114615963553026
607.7,34.635,bent005ppfr,0.031162354882762533
609.1,34.6565,bent005ppfr,0.031181699205845525
610.5,34.676,bent005ppfr,0.03119924405701382
611.9,34.696,bent005ppfr,0.031217238776160786
613.2,34.7205,bent005ppfr,0.031239282307115826
614.6,34.7435,bent005ppfr,0.03125997623413484
616.0,34.7655,bent005ppfr,0.03127977042519651
617.3,34.787499999999994,bent005ppfr,0.031299564616258164
618.7,34.8085,bent005ppfr,0.031318459071362485
620.1,34.83,bent005ppfr,0.031337803394445474
621.5,34.852500000000006,bent005ppfr,0.03135804745348582
622.8,34.875,bent005ppfr,0.031378291512526156
624.2,34.895,bent005ppfr,0.03139628623167313
625.5,34.916000000000004,bent005ppfr,0.03141518068677744
626.9,34.9365,bent005ppfr,0.03143362527390309
628.3,34.954,bent005ppfr,0.03144937065315668
629.6,34.972500000000004,bent005ppfr,0.031466015768367626
631.0,34.99399999999999,bent005ppfr,0.03148536009145061
632.4,35.014,bent005ppfr,0.031503354810597586
633.7,35.032,bent005ppfr,0.03151955005782985
635.1,35.0535,bent005ppfr,0.03153889438091285
636.5,35.069,bent005ppfr,0.03155284028825175
637.8,35.0825,bent005ppfr,0.031564986723675956
639.2,35.096999999999994,bent005ppfr,0.0315780328950575
640.5,35.1065,bent005ppfr,0.03158658038665231
641.9,35.1195,bent005ppfr,0.031598276954097844
643.2,35.1315,bent005ppfr,0.03160907378558603
644.6,35.14,bent005ppfr,0.03161672154122349
646.0,35.14750000000001,bent005ppfr,0.03162346956090361
647.3,35.158,bent005ppfr,0.031632916788455756
648.7,35.166000000000004,bent005ppfr,0.03164011467611455
650.0,35.168,bent005ppfr,0.03164191414802924
651.4,35.174,bent005ppfr,0.03164731256377333
652.7,35.18299999999999,bent005ppfr,0.03165541018738946
654.1,35.1825,bent005ppfr,0.03165496031941079
655.4,35.189499999999995,bent005ppfr,0.03166125847111223
656.8,35.179500000000004,bent005ppfr,0.03165226111153875
658.1,35.181,bent005ppfr,0.03165361071547477
659.5,35.203500000000005,bent005ppfr,0.03167385477451511
660.8,35.211,bent005ppfr,0.031680602794195226
662.2,35.227500000000006,bent005ppfr,0.03169544843749148
663.5,35.2615,bent005ppfr,0.031726039460041315
664.9,35.266000000000005,bent005ppfr,0.031730088271849394
666.2,35.28450000000001,bent005ppfr,0.03174673338706034
667.6,35.286500000000004,bent005ppfr,0.03174853285897503
668.9,35.305,bent005ppfr,0.031765177974185974
670.3,35.3605,bent005ppfr,0.031815113319818816
671.6,35.4135,bent005ppfr,0.03186279932555828
673.0,35.457,bent005ppfr,0.03190193783970294
674.3,35.51,bent005ppfr,0.0319496238454424
675.6,35.5575,bent005ppfr,0.03199236130341645
677.0,35.5735,bent005ppfr,0.03200675707873403
678.3,35.575,bent005ppfr,0.032008106682670054
679.7,35.5905,bent005ppfr,0.03202205259000895
681.0,35.626,bent005ppfr,0.03205399321649482
682.3,35.660000000000004,bent005ppfr,0.032084584239044665
683.7,35.6935,bent005ppfr,0.03211472539361584
685.0,35.720499999999994,bent005ppfr,0.03213901826446424
686.4,35.751000000000005,bent005ppfr,0.03216646021116337
687.7,35.782500000000006,bent005ppfr,0.032194801893819854
689.0,35.814499999999995,bent005ppfr,0.03222359344445499
690.4,35.842,bent005ppfr,0.03224833618328208
691.7,35.872,bent005ppfr,0.03227532826200253
693.0,35.901,bent005ppfr,0.03230142060476564
694.4,35.9285,bent005ppfr,0.032326163343592715
695.7,35.956500000000005,bent005ppfr,0.032351355950398474
697.0,35.985499999999995,bent005ppfr,0.03237744829316157
698.4,36.014,bent005ppfr,0.03240309076794601
699.7,36.044,bent005ppfr,0.03243008284666646
701.0,36.074,bent005ppfr,0.03245707492538691
702.4,36.1015,bent005ppfr,0.03248181766421399
703.7,36.127,bent005ppfr,0.03250476093112638
705.0,36.154,bent005ppfr,0.03252905380197479
706.3,36.18150000000001,bent005ppfr,0.03255379654080187
707.7,36.206,bent005ppfr,0.03257584007175691
709.0,36.233,bent005ppfr,0.03260013294260531
710.3,36.256,bent005ppfr,0.03262082686962432
711.6,36.282,bent005ppfr,0.032644220004515376
713.0,36.301,bent005ppfr,0.032661314987705005
714.3,36.3235,bent005ppfr,0.03268155904674534
715.6,36.3485,bent005ppfr,0.032704052445679054
716.9,36.367,bent005ppfr,0.032720697560889994
718.2,36.389500000000005,bent005ppfr,0.03274094161993034
719.6,36.4115,bent005ppfr,0.032760735810992
720.9,36.4325,bent005ppfr,0.032779630266096316
722.2,36.450500000000005,bent005ppfr,0.032795825513328596
723.5,36.4705,bent005ppfr,0.03281382023247556
724.8,36.4875,bent005ppfr,0.03282911574375048
726.2,36.508500000000005,bent005ppfr,0.032848010198854805
727.5,36.526500000000006,bent005ppfr,0.03286420544608708
728.8,36.545,bent005ppfr,0.03288085056129802
730.1,36.5635,bent005ppfr,0.03289749567650896
731.4,36.5795,bent005ppfr,0.03291189145182654
732.7,36.597,bent005ppfr,0.03292763683108014
734.0,36.61300000000001,bent005ppfr,0.03294203260639771
735.3,36.62499999999999,bent005ppfr,0.03295282943788588
736.7,36.6465,bent005ppfr,0.032972173760968886
738.0,36.661,bent005ppfr,0.032985219932350436
739.3,36.679,bent005ppfr,0.03300141517958271
740.6,36.69349999999999,bent005ppfr,0.03301446135096425
741.9,36.707,bent005ppfr,0.03302660778638846
743.2,36.725,bent005ppfr,0.033042803033620734
744.5,36.7405,bent005ppfr,0.033056748940959634
745.8,36.75950000000001,bent005ppfr,0.03307384392414926
747.1,36.7735,bent005ppfr,0.03308644022755213
748.4,36.78699999999999,bent005ppfr,0.033098586662976326
749.7,36.803,bent005ppfr,0.03311298243829391
751.0,36.8165,bent005ppfr,0.03312512887371811
752.3,36.8335,bent005ppfr,0.03314042438499304
753.6,36.847,bent005ppfr,0.03315257082041724
754.9,36.862,bent005ppfr,0.033166066859777465
756.2,36.875,bent005ppfr,0.03317776342722299
757.5,36.89,bent005ppfr,0.033191259466583224
758.8,36.9035,bent005ppfr,0.033203405902007425
760.1,36.914,bent005ppfr,0.033212853129559586
761.4,36.9275,bent005ppfr,0.03322499956498379
762.7,36.9395,bent005ppfr,0.03323579639647197
764.0,36.9525,bent005ppfr,0.0332474929639175
765.3,36.967000000000006,bent005ppfr,0.033260539135299055
766.6,36.9805,bent005ppfr,0.03327268557072325
767.9,36.99,bent005ppfr,0.03328123306231807
769.2,37.001,bent005ppfr,0.033291130157848896
770.4,37.00950000000001,bent005ppfr,0.033298777913486365
771.7,37.02,bent005ppfr,0.03330822514103852
773.0,37.0315,bent005ppfr,0.03331857210454802
774.3,37.04700000000001,bent005ppfr,0.033332518011886934
775.6,37.057,bent005ppfr,0.033341515371460406
776.9,37.064,bent005ppfr,0.033347813523161844
778.2,37.0715,bent005ppfr,0.03335456154284196
779.4,37.0775,bent005ppfr,0.03335995995858605
780.7,37.088,bent005ppfr,0.03336940718613821
782.0,37.09949999999999,bent005ppfr,0.03337975414964771
783.3,37.112,bent005ppfr,0.033391000849114574
784.5,37.11749999999999,bent005ppfr,0.03339594939687998
785.8,37.127,bent005ppfr,0.0334044968884748
787.1,37.1315,bent005ppfr,0.033408545700282864
788.4,37.145,bent005ppfr,0.03342069213570707
789.7,37.1515,bent005ppfr,0.03342654041942983
790.9,37.1615,bent005ppfr,0.033435537779003315
792.2,37.1685,bent005ppfr,0.03344183593070476
793.5,37.1745,bent005ppfr,0.03344723434644885
794.8,37.1835,bent005ppfr,0.033455331970064985
796.0,37.1905,bent005ppfr,0.03346163012176642
797.3,37.2,bent005ppfr,0.033470177613361234
798.5,37.21,bent005ppfr,0.03347917497293472
799.8,37.217,bent005ppfr,0.03348547312463616
801.1,37.224,bent005ppfr,0.03349177127633759
802.3,37.231,bent005ppfr,0.03349806942803903
803.6,37.243,bent005ppfr,0.03350886625952722
804.9,37.25150000000001,bent005ppfr,0.03351651401516468
806.1,37.2595,bent005ppfr,0.033523711902823466
807.4,37.264,bent005ppfr,0.03352776071463153
808.7,37.26650000000001,bent005ppfr,0.03353001005452491
809.9,37.273,bent005ppfr,0.03353585833824767
811.2,37.2865,bent005ppfr,0.03354800477367187
812.4,37.29600000000001,bent005ppfr,0.03355655226526669
813.7,37.3005,bent005ppfr,0.033560601077074745
815.0,37.30200000000001,bent005ppfr,0.033561950681010776
816.2,37.306,bent005ppfr,0.03356554962484016
817.5,37.3145,bent005ppfr,0.03357319738047763
818.7,37.3215,bent005ppfr,0.033579495532179066
820.0,37.3275,bent005ppfr,0.033584893947923154
821.2,37.33149999999999,bent005ppfr,0.033588492891752544
822.5,37.334,bent005ppfr,0.033590742231645924
823.7,37.334500000000006,bent005ppfr,0.0335911920996246
825.0,37.33800000000001,bent005ppfr,0.03359434117547532
826.2,37.3495,bent005ppfr,0.03360468813898482
827.5,37.35549999999999,bent005ppfr,0.033610086554728906
828.7,37.359,bent005ppfr,0.033613235630579635
829.9,37.3625,bent005ppfr,0.03361638470643035
831.2,37.36150000000001,bent005ppfr,0.03361548497047301
832.4,37.3565,bent005ppfr,0.033610986290686255
833.7,37.35949999999999,bent005ppfr,0.033613685498558296
834.9,37.368,bent005ppfr,0.033621333254195765
836.1,37.371,bent005ppfr,0.03362403246206781
837.4,37.37499999999999,bent005ppfr,0.033627631405897196
838.6,37.36999999999999,bent005ppfr,0.033623132726110457
839.8,37.368,bent005ppfr,0.033621333254195765
841.1,37.3685,bent005ppfr,0.03362178312217444
842.3,37.3785,bent005ppfr,0.033630780481747925
843.5,37.388,bent005ppfr,0.033639327973342736
844.8,37.38949999999999,bent005ppfr,0.033640677577278746
846.0,37.3925,bent005ppfr,0.0336433767851508
847.2,37.3865,bent005ppfr,0.03363797836940671
848.5,37.378,bent005ppfr,0.03363033061376925
849.7,37.3825,bent005ppfr,0.033634379425577315
850.9,37.384,bent005ppfr,0.03363572902951334
852.2,37.38699999999999,bent005ppfr,0.03363842823738538
853.4,37.3965,bent005ppfr,0.0336469757289802
854.6,37.395,bent005ppfr,0.033645626125044174
855.8,37.3925,bent005ppfr,0.0336433767851508
857.0,37.3935,bent005ppfr,0.03364427652110816
858.3,37.384,bent005ppfr,0.03363572902951334
859.5,37.3945,bent005ppfr,0.0336451762570655
860.7,37.398,bent005ppfr,0.03364832533291622
861.9,37.3985,bent005ppfr,0.03364877520089489
863.1,37.3945,bent005ppfr,0.0336451762570655
864.3,37.409000000000006,bent005ppfr,0.03365822242844706
865.5,37.4005,bent005ppfr,0.03365057467280959
866.8,37.3965,bent005ppfr,0.0336469757289802
868.0,37.3935,bent005ppfr,0.03364427652110816
869.2,37.38949999999999,bent005ppfr,0.033640677577278746
870.4,37.396,bent005ppfr,0.033646525861001524
871.6,37.409,bent005ppfr,0.03365822242844705
872.8,37.4,bent005ppfr,0.033650124804830914
874.0,37.402,bent005ppfr,0.03365192427674561
875.2,37.404,bent005ppfr,0.03365372374866031
876.4,37.401,bent005ppfr,0.03365102454078827
877.6,37.4105,bent005ppfr,0.033659572032383074
878.8,37.414,bent005ppfr,0.0336627211082338
880.0,37.4165,bent005ppfr,0.03366497044812716
881.2,37.39999999999999,bent005ppfr,0.03365012480483091
882.4,37.413,bent005ppfr,0.03366182137227644
883.6,37.4095,bent005ppfr,0.033658672296425725
884.8,37.4155,bent005ppfr,0.03366407071216982
886.0,37.414,bent005ppfr,0.0336627211082338
887.2,37.4165,bent005ppfr,0.03366497044812716
888.4,37.4085,bent005ppfr,0.033657772560468376
889.6,37.4115,bent005ppfr,0.033660471768340416
890.8,37.4155,bent005ppfr,0.03366407071216982
892.0,37.427,bent005ppfr,0.03367441767567932
893.2,37.42399999999999,bent005ppfr,0.03367171846780727
894.3,37.43299999999999,bent005ppfr,0.033679816091423405
895.5,37.417,bent005ppfr,0.03366542031610584
896.7,37.422,bent005ppfr,0.03366991899589258
897.9,37.422,bent005ppfr,0.03366991899589258
899.1,37.428,bent005ppfr,0.03367531741163667
900.3,37.43249999999999,bent005ppfr,0.03367936622344473
901.5,37.4405,bent005ppfr,0.033686564111103524
902.6,37.441,bent005ppfr,0.033687013979082206
903.8,37.43300000000001,bent005ppfr,0.03367981609142342
905.0,37.431,bent005ppfr,0.03367801661950871
906.2,37.434000000000005,bent005ppfr,0.03368071582738077
907.4,37.44849999999999,bent005ppfr,0.033693761998762305
908.5,37.45,bent005ppfr,0.03369511160269834
909.7,37.4585,bent005ppfr,0.0337027593583358
910.9,37.44949999999999,bent005ppfr,0.033694661734719654
912.1,37.447,bent005ppfr,0.033692412394826295
913.2,37.464,bent005ppfr,0.03370770790610121
914.4,37.467000000000006,bent005ppfr,0.033710407113973266
915.6,37.4605,bent005ppfr,0.033704558830250496
916.8,37.469,bent005ppfr,0.03371220658588796
917.9,37.456,bent005ppfr,0.03370051001844243
919.1,37.472,bent005ppfr,0.033714905793760006
920.2,37.47449999999999,bent005ppfr,0.033717155133653365
921.4,37.489,bent005ppfr,0.03373020130503492
922.6,37.501000000000005,bent005ppfr,0.033740998136523113
923.8,37.5045,bent005ppfr,0.03374414721237383
924.9,37.4885,bent005ppfr,0.033729751437056255
926.1,37.491,bent005ppfr,0.03373200077694962
927.2,37.49400000000001,bent005ppfr,0.033734699984821676
928.4,37.50150000000001,bent005ppfr,0.03374144800450179
929.6,37.50750000000001,bent005ppfr,0.03374684642024588
930.7,37.5265,bent005ppfr,0.03376394140343549
931.9,37.52550000000001,bent005ppfr,0.03376304166747815
933.0,37.529,bent005ppfr,0.033766190743328865
934.2,37.51400000000001,bent005ppfr,0.03375269470396865
935.3,37.53150000000001,bent005ppfr,0.03376844008322224
936.5,37.5225,bent005ppfr,0.033760342459606095
937.7,37.5585,bent005ppfr,0.03379273295407064
938.8,37.5555,bent005ppfr,0.0337900337461986
940.0,37.568000000000005,bent005ppfr,0.03380128044566545
941.1,37.5525,bent005ppfr,0.03378733453832655
942.3,37.549,bent005ppfr,0.03378418546247583
943.4,37.54600000000001,bent005ppfr,0.03378148625460379
944.6,37.5505,bent005ppfr,0.033785535066411854
945.7,37.57299999999999,bent005ppfr,0.033805779125452184
946.9,37.594,bent005ppfr,0.03382467358055651
948.0,37.596,bent005ppfr,0.033826473052471204
949.2,37.583000000000006,bent005ppfr,0.033814776485025684
950.3,37.569500000000005,bent005ppfr,0.033802630049601476
951.5,37.56500000000001,bent005ppfr,0.03379858123779342
952.6,37.557500000000005,bent005ppfr,0.0337918332181133
953.8,37.6005,bent005ppfr,0.03383052186427927
954.9,37.58900000000001,bent005ppfr,0.03382017490076978
956.1,37.59,bent005ppfr,0.03382107463672712
957.2,37.58,bent005ppfr,0.03381207727715363
958.3,37.5695,bent005ppfr,0.03380263004960147
959.5,37.572,bent005ppfr,0.03380487938949485
960.6,37.589000000000006,bent005ppfr,0.03382017490076977
961.8,37.6015,bent005ppfr,0.033831421600236625
962.9,37.6205,bent005ppfr,0.03384851658342624
964.1,37.61,bent005ppfr,0.03383906935587409
965.2,37.6005,bent005ppfr,0.03383052186427927
966.3,37.618,bent005ppfr,0.033846267243532874
967.5,37.6185,bent005ppfr,0.03384671711151154
968.6,37.6545,bent005ppfr,0.03387910760597609
969.8,37.688,bent005ppfr,0.03390924876054726
970.9,37.7045,bent005ppfr,0.03392409440384351
972.1,37.68899999999999,bent005ppfr,0.0339101484965046
973.2,37.652,bent005ppfr,0.03387685826608272
974.3,37.658,bent005ppfr,0.03388225668182681
975.5,37.686,bent005ppfr,0.03390744928863256
976.6,37.74700000000001,bent005ppfr,0.033962333182030825
977.8,37.7655,bent005ppfr,0.033978978297241766
978.9,37.7395,bent005ppfr,0.033955585162350706
980.0,37.712,bent005ppfr,0.03393084242352363
981.2,37.73100000000001,bent005ppfr,0.03394793740671325
982.3,37.66550000000001,bent005ppfr,0.03388900470150693
983.5,37.725,bent005ppfr,0.033942538990969155
984.6,37.7615,bent005ppfr,0.03397537935341237
985.7,37.760000000000005,bent005ppfr,0.03397402974947635
986.9,37.742,bent005ppfr,0.03395783450224407
988.0,37.73899999999999,bent005ppfr,0.033955135294372024
989.1,37.76149999999999,bent005ppfr,0.03397537935341236
992.0,37.923,bent005ppfr,0.034120686710524144
995.9,37.93000000000001,bent005ppfr,0.03412698486222558
999.7,37.9285,bent005ppfr,0.03412563525828956
1003.6,37.956,bent005ppfr,0.03415037799711664
1007.4,37.978,bent005ppfr,0.034170172188178305
1011.3,38.013,bent005ppfr,0.034201662946685495
1015.1,38.040000000000006,bent005ppfr,0.03422595581753391
1019.0,38.0495,bent005ppfr,0.034234503309128715
1022.8,38.073,bent005ppfr,0.0342556471041264
1026.7,38.096500000000006,bent005ppfr,0.034276790899124096
1030.5,38.126,bent005ppfr,0.034303333109865865
1034.4,38.11300000000001,bent005ppfr,0.034291636542420345
1038.2,38.1445,bent005ppfr,0.03431997822507681
1042.1,38.1775,bent005ppfr,0.03434966951166932
1045.9,38.181500000000014,bent005ppfr,0.03435326845549872
1049.7,38.2105,bent005ppfr,0.034379360798261815
1053.6,38.18650000000001,bent005ppfr,0.034357767135285454
1057.4,38.2395,bent005ppfr,0.034405453141024916
1061.2,38.244,bent005ppfr,0.03440950195283298
1065.1,38.243,bent005ppfr,0.03440860221687564
1068.9,38.289,bent005ppfr,0.034449990070913664
1072.7,38.3125,bent005ppfr,0.03447113386591135
1076.6,38.2855,bent005ppfr,0.03444684099506294
1080.4,38.30199999999999,bent005ppfr,0.03446168663835918
1084.2,38.32,bent005ppfr,0.03447788188559146
1088.0,38.356,bent005ppfr,0.03451027238005601
1091.8,38.35,bent005ppfr,0.03450487396431191
1095.7,38.3785,bent005ppfr,0.03453051643909635
1099.5,38.41349999999999,bent005ppfr,0.03456200719760353
1103.3,38.432,bent005ppfr,0.034578652312814484
1107.1,38.4425,bent005ppfr,0.034588099540366644
1110.9,38.4295,bent005ppfr,0.03457640297292111
1114.8,38.465,bent005ppfr,0.03460834359940699
1118.6,38.44950000000001,bent005ppfr,0.03459439769206809
1122.4,38.4925,bent005ppfr,0.034633086338234066
1126.2,38.5355,bent005ppfr,0.03467177498440004
1130.0,38.567,bent005ppfr,0.034700116667056524
1133.8,38.566,bent005ppfr,0.034699216931099175
1137.6,38.58149999999999,bent005ppfr,0.03471316283843807
1141.4,38.6195,bent005ppfr,0.03474735280481732
1145.2,38.61899999999999,bent005ppfr,0.03474690293683863
1149.0,38.6315,bent005ppfr,0.034758149636305496
1152.8,38.6585,bent005ppfr,0.0347824425071539
1156.6,38.709500000000006,bent005ppfr,0.03482832904097868
1160.4,38.73700000000001,bent005ppfr,0.03485307177980576
1164.2,38.8115,bent005ppfr,0.03492010210862821
1168.0,38.8305,bent005ppfr,0.034937197091817834
1171.8,38.872,bent005ppfr,0.03497453613404779
1175.6,38.8765,bent005ppfr,0.03497858494585586
1179.4,38.8595,bent005ppfr,0.034963289434580935
1183.2,38.80800000000001,bent005ppfr,0.0349169530327775
1187.0,38.781,bent005ppfr,0.03489266016192908
1190.7,38.7685,bent005ppfr,0.03488141346246223
1194.5,38.7505,bent005ppfr,0.03486521821522996
1198.3,38.787,bent005ppfr,0.034898058577673176
1202.1,38.77850000000001,bent005ppfr,0.03489041082203572
1205.9,38.77,bent005ppfr,0.03488276306639825
1209.7,38.817,bent005ppfr,0.034925050656393626
1213.4,38.8355,bent005ppfr,0.034941695771604574
1217.2,38.84850000000001,bent005ppfr,0.03495339233905011
1221.0,38.877,bent005ppfr,0.034979034813834534
1224.8,38.9025,bent005ppfr,0.03500197808074692
1228.5,38.9375,bent005ppfr,0.03503346883925411
1232.3,38.974,bent005ppfr,0.03506630920169733
1236.1,38.99300000000001,bent005ppfr,0.03508340418488696
1239.8,38.972,bent005ppfr,0.03506450972978263
1243.6,39.03099999999999,bent005ppfr,0.03511759415126618
1247.4,39.0585,bent005ppfr,0.03514233689009327
1251.1,39.04,bent005ppfr,0.035125691774882326
1254.9,39.0985,bent005ppfr,0.03517832632838721
1258.7,39.1315,bent005ppfr,0.03520801761497971
1262.4,39.14149999999999,bent005ppfr,0.035217014974553186
1266.2,39.1375,bent005ppfr,0.035213416030723796
1269.9,39.14149999999999,bent005ppfr,0.035217014974553186
1273.7,39.1585,bent005ppfr,0.03523231048582811
1277.4,39.18900000000001,bent005ppfr,0.03525975243252725
1281.2,39.2235,bent005ppfr,0.035290793323055764
1284.9,39.1835,bent005ppfr,0.03525480388476183
1288.7,39.2265,bent005ppfr,0.035293492530927804
1292.4,39.1915,bent005ppfr,0.03526200177242061
1296.2,39.223,bent005ppfr,0.03529034345507708
1299.9,39.2135,bent005ppfr,0.03528179596348228
1303.7,39.2355,bent005ppfr,0.03530159015454394
1307.4,39.229,bent005ppfr,0.03529574187082118
1311.2,39.233,bent005ppfr,0.03529934081465057
1314.9,39.215500000000006,bent005ppfr,0.035283595435396976
1318.7,39.224,bent005ppfr,0.03529124319103443
1322.4,39.201,bent005ppfr,0.03527054926401542
1326.1,39.1985,bent005ppfr,0.03526829992412205
1329.9,39.1945,bent005ppfr,0.035264700980292656
1333.6,39.1755,bent005ppfr,0.03524760599710303
1337.3,39.176,bent005ppfr,0.035248055865081715
1341.1,39.1585,bent005ppfr,0.03523231048582811
1344.8,39.1315,bent005ppfr,0.03520801761497971
1348.5,39.0955,bent005ppfr,0.03517562712051516
1352.2,39.071,bent005ppfr,0.035153583589560125
1356.0,39.0275,bent005ppfr,0.035114445075415474
1359.7,38.9755,bent005ppfr,0.035067658805633346
1363.4,38.871500000000005,bent005ppfr,0.03497408626606912
1367.1,38.826,bent005ppfr,0.03493314828000976
1370.8,38.70100000000001,bent005ppfr,0.034820681285341215
1374.6,38.53,bent005ppfr,0.03466682643663463
1378.3,38.2725,bent005ppfr,0.034435144427617415
1382.0,37.9785,bent005ppfr,0.03417062205615697
1385.7,37.582,bent005ppfr,0.03381387674906833
1389.4,37.1055,bent005ppfr,0.033385152565391804
1393.1,36.5475,bent005ppfr,0.032883099901191384
1396.8,35.961,bent005ppfr,0.03235540476220654
1400.5,35.393,bent005ppfr,0.03184435473843264
1404.2,34.9635,bent005ppfr,0.03145791814475149
1407.9,34.685500000000005,bent005ppfr,0.031207791548608633
1411.7,34.678000000000004,bent005ppfr,0.03120104352892852
1415.4,34.896,bent005ppfr,0.03139718596763047
1419.1,35.2905,bent005ppfr,0.03175213180280442
1422.8,35.7015,bent005ppfr,0.032121923281274625
1426.4,36.13850000000001,bent005ppfr,0.03251510789463589
1430.2,36.491,bent005ppfr,0.0328322648196012
1433.8,36.796,bent005ppfr,0.03310668428659247
1437.5,37.02550000000001,bent005ppfr,0.03331317368880394
1441.2,37.1795,bent005ppfr,0.03345173302623559
1444.9,37.3175,bent005ppfr,0.033575896588349675
1448.6,37.409000000000006,bent005ppfr,0.03365822242844706
1452.3,37.4905,bent005ppfr,0.033731550908970946
1456.0,37.533,bent005ppfr,0.033769789687158255
1459.7,37.612,bent005ppfr,0.033840868827788785
1463.3,37.625,bent005ppfr,0.03385256539523431
1467.0,37.7825,bent005ppfr,0.03399427380851668
1470.7,37.8715,bent005ppfr,0.03407435030872069
1474.4,37.995000000000005,bent005ppfr,0.03418546769945323
1478.1,38.0785,bent005ppfr,0.034260595651891816
1481.7,38.229,bent005ppfr,0.034396005913472756
1485.4,38.313500000000005,bent005ppfr,0.0344720336018687
1489.1,38.38349999999999,bent005ppfr,0.03453501511888308
1492.8,38.4555,bent005ppfr,0.03459979610781217
1496.4,38.542,bent005ppfr,0.03467762326812281
1500.1,38.622,bent005ppfr,0.034749602144710685
1503.8,38.69250000000001,bent005ppfr,0.03481303352970376
1507.4,38.75749999999999,bent005ppfr,0.03487151636693139
1511.1,38.8185,bent005ppfr,0.03492640026032965
1514.7,38.8885,bent005ppfr,0.03498938177734404
1518.4,38.93449999999999,bent005ppfr,0.03503076963138206
1522.1,38.972,bent005ppfr,0.03506450972978263
1525.7,39.02,bent005ppfr,0.03510769705573536
1529.4,39.05499999999999,bent005ppfr,0.035139187814242544
1533.0,39.08800000000001,bent005ppfr,0.035168879100835056
1536.7,39.132,bent005ppfr,0.035208467482958375
1540.3,39.167,bent005ppfr,0.03523995824146558
1544.0,39.2155,bent005ppfr,0.03528359543539697
1547.6,39.245000000000005,bent005ppfr,0.03531013764613875
1551.3,39.291,bent005ppfr,0.03535152550017678
1554.9,39.339,bent005ppfr,0.0353947128261295
1558.6,39.358,bent005ppfr,0.03541180780931912
1562.2,39.404,bent005ppfr,0.035453195663357154
1565.8,39.436,bent005ppfr,0.0354819872139923
1569.5,39.45949999999999,bent005ppfr,0.03550313100898998
1573.1,39.49399999999999,bent005ppfr,0.035534171899518505
1576.8,39.509,bent005ppfr,0.03554766793887874
1580.4,39.5335,bent005ppfr,0.035569711469833766
1584.0,39.54200000000001,bent005ppfr,0.03557735922547124
1587.7,39.582,bent005ppfr,0.03561334866376517
1591.3,39.601,bent005ppfr,0.035630443646954786
1594.9,39.6155,bent005ppfr,0.03564348981833634
1598.5,39.636,bent005ppfr,0.03566193440546198
1602.2,39.659000000000006,bent005ppfr,0.035682628332481
1605.8,39.65249999999999,bent005ppfr,0.035676780048758225
1609.4,39.6945,bent005ppfr,0.035714568958966866
1613.0,39.7135,bent005ppfr,0.03573166394215649
1616.7,39.734,bent005ppfr,0.03575010852928213
1620.3,39.7495,bent005ppfr,0.03576405443662103
1623.9,39.751000000000005,bent005ppfr,0.03576540404055706
1627.5,39.7695,bent005ppfr,0.035782049155768
1631.1,39.7795,bent005ppfr,0.03579104651534148
1634.7,39.795,bent005ppfr,0.035804992422680385
1638.3,39.831,bent005ppfr,0.03583738291714493
1641.9,39.843,bent005ppfr,0.03584817974863311
1645.6,39.8445,bent005ppfr,0.035849529352569125
1649.2,39.8695,bent005ppfr,0.03587202275150284
1652.8,39.8875,bent005ppfr,0.035888217998735115
1656.4,39.8795,bent005ppfr,0.03588102011107632
1660.0,39.897000000000006,bent005ppfr,0.03589676549032993
1663.6,39.9075,bent005ppfr,0.03590621271788208
1667.2,39.8925,bent005ppfr,0.035892716678521855
1670.8,39.9155,bent005ppfr,0.03591341060554087
1674.4,39.9155,bent005ppfr,0.03591341060554087
1678.0,39.915,bent005ppfr,0.03591296073756219
1681.6,39.896,bent005ppfr,0.03589586575437257
1685.1,39.89,bent005ppfr,0.03589046733862848
1688.7,39.888000000000005,bent005ppfr,0.03588866786671379
1692.3,39.87,bent005ppfr,0.03587247261948151
1695.9,39.837,bent005ppfr,0.03584278133288902
1699.5,39.80800000000001,bent005ppfr,0.03581668899012592
1703.1,39.77,bent005ppfr,0.035782499023746674
1706.7,39.73950000000001,bent005ppfr,0.03575505707704755
1710.2,39.6995,bent005ppfr,0.035719067638753606
1713.8,39.635000000000005,bent005ppfr,0.03566103466950464
1717.4,39.583,bent005ppfr,0.03561424839972251
1721.0,39.48,bent005ppfr,0.03552157559611563
1724.5,39.39899999999999,bent005ppfr,0.035448696983570394
1728.1,39.31850000000001,bent005ppfr,0.03537626823900387
1731.7,39.352500000000006,bent005ppfr,0.035406859261553715
1735.2,39.3635,bent005ppfr,0.03541675635708454
1738.8,39.36599999999999,bent005ppfr,0.0354190056969779
1742.4,39.379000000000005,bent005ppfr,0.03543070226442344
1745.9,39.368,bent005ppfr,0.03542080516889261
1749.5,39.3685,bent005ppfr,0.035421255036871276
1753.1,39.3235,bent005ppfr,0.03538076691879061
1756.6,39.2685,bent005ppfr,0.03533128144113644
1760.2,39.19349999999999,bent005ppfr,0.0352638012443353
1763.8,39.208,bent005ppfr,0.03527684741571686
1767.3,39.185,bent005ppfr,0.03525615348869785
1770.9,39.184000000000005,bent005ppfr,0.0352552537527405
1774.4,39.1955,bent005ppfr,0.035265600716250005
1778.0,39.18249999999999,bent005ppfr,0.035253904148804464
1781.5,39.198,bent005ppfr,0.03526785005614338
1785.1,39.1875,bent005ppfr,0.03525840282859122
1788.6,39.1835,bent005ppfr,0.03525480388476183
1792.1,39.191,bent005ppfr,0.03526155190444194
1795.7,39.173,bent005ppfr,0.03524535665720967
1799.2,39.16649999999999,bent005ppfr,0.03523950837348689
1802.8,39.11800000000001,bent005ppfr,0.03519587117955551
1806.3,39.132000000000005,bent005ppfr,0.03520846748295838
1809.8,39.135,bent005ppfr,0.03521116669083042
1813.4,39.1,bent005ppfr,0.03517967593232323
1816.9,39.11,bent005ppfr,0.03518867329189671
1820.4,39.029,bent005ppfr,0.0351157946793515
1824.0,39.0665,bent005ppfr,0.03514953477775205
1827.5,39.05800000000001,bent005ppfr,0.035141887022114605
1831.0,39.0595,bent005ppfr,0.03514323662605062
1834.6,39.041,bent005ppfr,0.03512659151083967
1838.1,39.025,bent005ppfr,0.0351121957355221
1841.6,38.9955,bent005ppfr,0.03508565352478032
1845.1,38.9575,bent005ppfr,0.03505146355840108
1848.6,38.903,bent005ppfr,0.03500242794872559
1852.2,38.847,bent005ppfr,0.03495204273511408
1855.7,38.725,bent005ppfr,0.03484227494831758
1859.2,38.605500000000006,bent005ppfr,0.03473475650141444
1862.7,38.411,bent005ppfr,0.03455975785771017
1866.2,38.098,bent005ppfr,0.03427814050306011
1869.7,37.6985,bent005ppfr,0.03391869598809942
1873.2,37.194,bent005ppfr,0.033464779197617145
1876.7,36.563,bent005ppfr,0.03289704580853029
1880.2,35.766000000000005,bent005ppfr,0.032179956250523604
1883.7,34.7555,bent005ppfr,0.031270773065623016
1887.2,33.511,bent005ppfr,0.030151051666702913
1890.7,32.157,bent005ppfr,0.028932809180453146
1894.2,30.855,bent005ppfr,0.027761352963985506
1897.7,29.7555,bent005ppfr,0.02677209327888092
1902.7,29.035500000000003,bent005ppfr,0.026124283389590056
1905.5,28.800999999999995,bent005ppfr,0.025913295307591847
1908.2,28.817500000000003,bent005ppfr,0.025928140950888103
1911.0,29.006,bent005ppfr,0.026097741178848277
1913.7,29.3345,bent005ppfr,0.02639330444083723
1916.5,29.729000000000003,bent005ppfr,0.026748250276011187
1919.2,30.087,bent005ppfr,0.02707035574874192
1921.9,30.42,bent005ppfr,0.027369967822538945
1924.7,30.72450000000001,bent005ppfr,0.027643937421551544
1927.4,31.0025,bent005ppfr,0.027894064017694398
1930.1,31.228500000000004,bent005ppfr,0.028097404344055145
1932.9,31.4005,bent005ppfr,0.02825215892871907
1935.6,31.535000000000004,bent005ppfr,0.028373173414982435
1938.3,31.6645,bent005ppfr,0.02848968922145905
1941.0,31.784,bent005ppfr,0.028597207668362188
1943.7,31.8945,bent005ppfr,0.02869662849164919
1946.4,32.00549999999999,bent005ppfr,0.028796499182914853
1949.2,32.1135,bent005ppfr,0.028893670666308494
1951.9,32.24249999999999,bent005ppfr,0.029009736604806432
1954.6,32.407,bent005ppfr,0.02915774316979025
1957.3,32.563500000000005,bent005ppfr,0.029298551847115287
1960.0,32.718,bent005ppfr,0.029437561052525617
1962.7,32.86,bent005ppfr,0.029565323558469088
1965.4,33.002,bent005ppfr,0.029693086064412566
1968.1,33.14799999999999,bent005ppfr,0.029824447514185424
1970.7,33.295500000000004,bent005ppfr,0.02995715856789433
1973.4,33.446,bent005ppfr,0.03009256882947526
1976.1,33.605000000000004,bent005ppfr,0.030235626846693665
1978.8,33.77899999999999,bent005ppfr,0.030392180903272278
1981.5,33.953,bent005ppfr,0.030548734959850915
1984.1,34.1245,bent005ppfr,0.030703039676536162
1986.8,34.3,bent005ppfr,0.03086094333705081
1989.5,34.495,bent005ppfr,0.031036391848733753
1992.1,34.715999999999994,bent005ppfr,0.03123523349530775
1994.8,34.936499999999995,bent005ppfr,0.03143362527390308
1997.5,35.14300000000001,bent005ppfr,0.03161942074909554
2000.1,35.346999999999994,bent005ppfr,0.0318029668843946
2002.8,35.546499999999995,bent005ppfr,0.031982464207885614
2005.4,35.7315,bent005ppfr,0.032148915359995076
2008.1,35.925999999999995,bent005ppfr,0.03232391400369934
2010.7,36.120000000000005,bent005ppfr,0.03249846277942494
2013.4,36.316500000000005,bent005ppfr,0.032675260895043905
2016.0,36.49399999999999,bent005ppfr,0.03283496402747324
2018.6,36.6595,bent005ppfr,0.03298387032841441
2021.3,36.8125,bent005ppfr,0.03312152992988872
2023.9,36.9665,bent005ppfr,0.03326008926732038
2026.5,37.1225,bent005ppfr,0.033400448076666735
2029.2,37.2575,bent005ppfr,0.03352191243090877
2031.8,37.38,bent005ppfr,0.03363213008568395
2034.4,37.499,bent005ppfr,0.033739198664608415
2037.0,37.616,bent005ppfr,0.033844467771618175
2039.7,37.715,bent005ppfr,0.03393354163139567
2042.3,37.807,bent005ppfr,0.034016317339471726
2044.9,37.89200000000001,bent005ppfr,0.03409279489584635
2047.5,37.975,bent005ppfr,0.03416747298030626
2050.1,38.055,bent005ppfr,0.03423945185689413
2052.7,38.11650000000001,bent005ppfr,0.03429478561827107
2055.3,38.16949999999999,bent005ppfr,0.034342471624010516
2057.9,38.227500000000006,bent005ppfr,0.03439465630953674
2060.5,38.272000000000006,bent005ppfr,0.03443469455963874
2063.1,38.31,bent005ppfr,0.03446888452601798
2065.7,38.35199999999999,bent005ppfr,0.034506673436226605
2068.3,38.39350000000001,bent005ppfr,0.03454401247845658
2070.9,38.4235,bent005ppfr,0.03457100455717702
2073.4,38.4645,bent005ppfr,0.03460789373142831
2076.0,38.491,bent005ppfr,0.03463173673429804
2078.6,38.5175,bent005ppfr,0.03465557973716778
2081.2,38.5455,bent005ppfr,0.03468077234397353
2083.7,38.5715,bent005ppfr,0.03470416547886459
2086.3,38.572,bent005ppfr,0.034704615346843264
2088.9,38.60199999999999,bent005ppfr,0.03473160742556371
2091.4,38.634,bent005ppfr,0.03476039897619887
2094.0,38.674,bent005ppfr,0.034796388414492806
2096.6,38.704,bent005ppfr,0.034823380493213256
2099.1,38.7395,bent005ppfr,0.03485532111969913
2101.6,38.77949999999999,bent005ppfr,0.034891310557993056
2104.2,38.83500000000001,bent005ppfr,0.034941245903625906
2106.8,38.88,bent005ppfr,0.03498173402170658
2109.3,38.93599999999999,bent005ppfr,0.035032119235318085
2111.8,38.98199999999999,bent005ppfr,0.03507350708935611
2114.4,39.04650000000001,bent005ppfr,0.035131540058605096
2116.9,39.1165,bent005ppfr,0.03519452157561948
2119.4,39.16049999999999,bent005ppfr,0.0352341099577428
2122.0,39.20150000000001,bent005ppfr,0.0352709991319941
2124.5,39.2285,bent005ppfr,0.035295292002842496
2127.0,39.225,bent005ppfr,0.03529214292699179
2129.6,39.2355,bent005ppfr,0.03530159015454394
2132.1,39.2475,bent005ppfr,0.035312386986032125
2134.6,39.218500000000006,bent005ppfr,0.035286294643269024
2137.1,39.19199999999999,bent005ppfr,0.035262451640399275
2139.6,39.161,bent005ppfr,0.03523455982572148
2142.1,39.0905,bent005ppfr,0.03517112844072842
2144.6,39.0025,bent005ppfr,0.035091951676481756
2147.1,38.9165,bent005ppfr,0.035014574384149795
2149.6,38.824,bent005ppfr,0.034931348808095064
2152.1,38.6865,bent005ppfr,0.03480763511395966
2154.6,38.50650000000001,bent005ppfr,0.03464568264163695
2157.1,38.2845,bent005ppfr,0.03444594125910559
2159.6,38.0395,bent005ppfr,0.03422550594955523
2162.1,37.75600000000001,bent005ppfr,0.03397043080564696
2164.6,37.42399999999999,bent005ppfr,0.03367171846780727
2167.1,37.09400000000001,bent005ppfr,0.03337480560188231
2169.6,36.7415,bent005ppfr,0.03305764867691698
2172.0,36.3605,bent005ppfr,0.03271484927716724
2174.5,35.958,bent005ppfr,0.03235270555433449
2177.0,35.57,bent005ppfr,0.03200360800288331
2179.4,35.1925,bent005ppfr,0.03166395767898428
2181.9,34.8175,bent005ppfr,0.03132655669497862
2184.4,34.434,bent005ppfr,0.0309815079553355
2186.8,34.0615,bent005ppfr,0.030646356311223217
2189.3,33.70399999999999,bent005ppfr,0.03032470070647115
2191.7,33.3595,bent005ppfr,0.03001474166916462
2194.2,33.03349999999999,bent005ppfr,0.02972142774706903
2196.6,32.7445,bent005ppfr,0.029461404055395348
2199.1,32.494,bent005ppfr,0.029236020198079565
2201.5,32.321,bent005ppfr,0.029080365877458287
2204.0,32.233999999999995,bent005ppfr,0.029002088849168974
2206.4,32.229,bent005ppfr,0.028997590169382234
2208.9,32.3085,bent005ppfr,0.029069119177991435
2211.3,32.451,bent005ppfr,0.029197331551913584
2213.7,32.6525,bent005ppfr,0.029378628347319295
2216.1,32.86799999999999,bent005ppfr,0.029572521446127865
2218.6,33.0745,bent005ppfr,0.029758316921320326
2221.0,33.303999999999995,bent005ppfr,0.02996480632353178
2223.4,33.515,bent005ppfr,0.030154650610532303
2225.8,33.7085,bent005ppfr,0.030328749518279224
2228.2,33.9,bent005ppfr,0.030501048954111445
2230.6,34.0645,bent005ppfr,0.03064905551909526
2233.1,34.2445,bent005ppfr,0.030811007991417977
2235.5,34.428,bent005ppfr,0.030976109539591408
2237.9,34.608999999999995,bent005ppfr,0.03113896174787147
2240.3,34.77749999999999,bent005ppfr,0.03129056725668467
2242.7,34.9525,bent005ppfr,0.031448021049220655
2245.1,35.13549999999999,bent005ppfr,0.03161267272941541
2247.5,35.288,bent005ppfr,0.03174988246291105
2249.9,35.41199999999999,bent005ppfr,0.03186144972162225
2252.2,35.539,bent005ppfr,0.03197571618820551
2254.6,35.633,bent005ppfr,0.03206029136819626
2257.0,35.7025,bent005ppfr,0.032122823017231975
2259.4,35.754000000000005,bent005ppfr,0.03216915941903542
2261.8,35.807,bent005ppfr,0.03221684542477488
2264.1,35.8095,bent005ppfr,0.032219094764668256
2266.5,35.8,bent005ppfr,0.03221054727307344
2268.9,35.79350000000001,bent005ppfr,0.03220469898935069
2271.2,35.7675,bent005ppfr,0.03218130585445962
2273.6,35.725500000000004,bent005ppfr,0.03214351694425099
2276.0,35.67549999999999,bent005ppfr,0.03209853014638356
2278.3,35.6245,bent005ppfr,0.032052643612558794
2280.7,35.56949999999999,bent005ppfr,0.032003158134904626
2283.0,35.488499999999995,bent005ppfr,0.031930279522359405
2285.4,35.40350000000001,bent005ppfr,0.0318538019659848
2287.7,35.328,bent005ppfr,0.03178587190120499
2290.1,35.229499999999994,bent005ppfr,0.031697247909406166
2292.4,35.12600000000001,bent005ppfr,0.03160412523782062
2294.8,35.023,bent005ppfr,0.03151145243421372
2297.1,34.90500000000001,bent005ppfr,0.03140528359124661
2299.4,34.7825,bent005ppfr,0.031295065936471425
2301.8,34.6515,bent005ppfr,0.031177200526058782
2304.1,34.525499999999994,bent005ppfr,0.031063833795432875
2306.4,34.4285,bent005ppfr,0.030976559407570086
2308.7,34.3365,bent005ppfr,0.03089378369949403
2311.1,34.276,bent005ppfr,0.030839349674074455
2313.4,34.246,bent005ppfr,0.030812357595354
2315.7,34.191,bent005ppfr,0.030762872117699836
2318.0,34.1665,bent005ppfr,0.0307408285867448
2320.3,34.1445,bent005ppfr,0.030721034395683133
2322.6,34.0955,bent005ppfr,0.03067694733377306
2324.9,34.0255,bent005ppfr,0.03061396581675867
2327.2,33.963,bent005ppfr,0.030557732319424397
2329.5,33.88099999999999,bent005ppfr,0.03048395397092182
2331.8,33.785999999999994,bent005ppfr,0.03039847905497372
2334.1,33.697,bent005ppfr,0.030318402554769718
2336.4,33.5855,bent005ppfr,0.03021808199552537
2338.7,33.4815,bent005ppfr,0.030124509455961127
2341.0,33.369,bent005ppfr,0.030023289160759435
2343.2,33.221000000000004,bent005ppfr,0.029890128239071872
2345.5,33.09349999999999,bent005ppfr,0.029775411904509937
2347.8,32.957,bent005ppfr,0.029652597946331887
2350.1,32.8385,bent005ppfr,0.0295459792353861
2352.4,32.759,bent005ppfr,0.0294744502267769
2354.6,32.675,bent005ppfr,0.02939887240635963
2356.9,32.591,bent005ppfr,0.029323294585942364
2359.1,32.498000000000005,bent005ppfr,0.029239619141908965
2361.4,32.40149999999999,bent005ppfr,0.02915279462202483
2363.7,32.330000000000005,bent005ppfr,0.02908846350107443
2365.9,32.259,bent005ppfr,0.029024582248102688
2368.2,32.2045,bent005ppfr,0.0289755466384272
2370.4,32.1325,bent005ppfr,0.028910765649498113
2372.7,32.0215,bent005ppfr,0.02881089495823244
2374.9,31.9355,bent005ppfr,0.028733517665900474
2377.2,31.86,bent005ppfr,0.028665587601120666
2379.4,31.7655,bent005ppfr,0.02858056255315124
2381.6,31.641,bent005ppfr,0.02846854542646136
2383.9,31.5555,bent005ppfr,0.02839161800210807
2386.1,31.486000000000008,bent005ppfr,0.028329086353072366
2388.3,31.383999999999983,bent005ppfr,0.028237313285422803
2390.6,31.262999999999995,bent005ppfr,0.028128445234583657
2392.8,31.1585,bent005ppfr,0.02803442282704075
2395.0,31.074,bent005ppfr,0.02795839513864481
2397.2,30.976,bent005ppfr,0.027870221014824663
2399.4,30.866,bent005ppfr,0.027771250059516337
2401.6,30.777,bent005ppfr,0.02769117355931233
2403.9,30.6815,bent005ppfr,0.027605248775385553
2406.1,30.579500000000003,bent005ppfr,0.027513475707736018
2408.3,30.477,bent005ppfr,0.0274212527721078
2410.5,30.371,bent005ppfr,0.02732588076062887
2412.7,30.268999999999995,bent005ppfr,0.027234107692979327
2414.9,30.1625,bent005ppfr,0.027138285813521727
2417.1,30.0325,bent005ppfr,0.02702132013906643
2419.2,29.912499999999994,bent005ppfr,0.026913351824184615
2421.4,29.8505,bent005ppfr,0.02685756819482902
2423.6,29.768999999999995,bent005ppfr,0.026784239714305116
2425.8,29.6305,bent005ppfr,0.026659626284212368
2428.0,29.522,bent005ppfr,0.02656200493284006
2430.2,29.4315,bent005ppfr,0.02648057882870003
2432.3,29.3315,bent005ppfr,0.026390605232965186
2434.5,29.2095,bent005ppfr,0.02628083744616868
2436.7,29.084000000000003,bent005ppfr,0.026167920583521458
2438.8,29.0,bent005ppfr,0.026092342763104185
2441.0,28.903,bent005ppfr,0.02600506837524139
2443.2,28.817500000000003,bent005ppfr,0.025928140950888103
2445.3,28.7205,bent005ppfr,0.025840866563025304
2447.5,28.602000000000004,bent005ppfr,0.02573424785207952
2449.6,28.528,bent005ppfr,0.02566766739123573
2451.8,28.492999999999995,bent005ppfr,0.025636176632728533
2453.9,28.406,bent005ppfr,0.025557899604439223
2456.1,28.327500000000004,bent005ppfr,0.025487270331787378
2458.2,28.2605,bent005ppfr,0.02542698802264503
2460.4,28.1895,bent005ppfr,0.02536310676967329
2462.5,28.1445,bent005ppfr,0.025322618651592615
2464.6,28.125000000000007,bent005ppfr,0.025305073800424325
2466.8,28.072,bent005ppfr,0.025257387794684852
2468.9,28.007,bent005ppfr,0.025198904957457205
2471.0,27.9525,bent005ppfr,0.025149869347781715
2473.1,27.899,bent005ppfr,0.025101733474063578
2475.2,27.849,bent005ppfr,0.025056746676196156
2477.4,27.7965,bent005ppfr,0.025009510538435364
2479.5,27.7675,bent005ppfr,0.024983418195672256
2481.6,27.771000000000004,bent005ppfr,0.024986567271522982
2483.7,27.752,bent005ppfr,0.024969472288333357
2485.8,27.714,bent005ppfr,0.024935282321954116
2487.9,27.687,bent005ppfr,0.02491098945110571
2490.0,27.6145,bent005ppfr,0.02484575859419795
2492.1,27.5875,bent005ppfr,0.02482146572334954
2494.2,27.597,bent005ppfr,0.024830013214944355
2496.3,27.582,bent005ppfr,0.024816517175584127
2498.4,27.5555,bent005ppfr,0.024792674172714392
2500.5,27.492,bent005ppfr,0.02473554093942277
2502.6,27.445000000000004,bent005ppfr,0.024693253349427395
2504.7,27.431,bent005ppfr,0.024680657046024516
2506.7,27.3885,bent005ppfr,0.024642418267837207
2508.8,27.3675,bent005ppfr,0.02462352381273289
2510.9,27.3865,bent005ppfr,0.02464061879592251
2513.0,27.349000000000007,bent005ppfr,0.024606878697521952
339.3,20.215000000000003,bent5ck,0.01797287574178744
340.8,19.295,bent5ck,0.01715491651930688
342.3,18.83625,bent5ck,0.016747048265705843
343.7,18.05,bent5ck,0.016048004310623955
345.2,17.681875,bent5ck,0.01572070948586781
346.7,16.873124999999998,bent5ck,0.0150016610932796
348.1,16.69375,bent5ck,0.01484218127204868
349.6,16.389375,bent5ck,0.014571565686893767
351.1,16.065625,bent5ck,0.014283724058330637
352.5,15.938125,bent5ck,0.014170365579128166
354.0,15.875,bent5ck,0.014114242018346553
355.5,15.72,bent5ck,0.013976433671080807
357.0,15.563125,bent5ck,0.013836958287356201
358.4,15.37375,bent5ck,0.013668587605011358
359.9,15.320625,bent5ck,0.013621354905343663
361.4,15.259375,bent5ck,0.013566898381020908
362.8,15.338125,bent5ck,0.013636913912293021
364.3,15.329375,bent5ck,0.013629134408818343
365.8,15.25875,bent5ck,0.013566342702201289
367.2,15.31,bent5ck,0.013611908365410125
368.7,15.33125,bent5ck,0.013630801445277204
370.1,15.414375,bent5ck,0.013704706728286654
371.6,15.463125,bent5ck,0.01374804967621701
373.1,15.608125,bent5ck,0.013876967162368836
374.5,15.665,bent5ck,0.013927533934954252
376.0,15.805625,bent5ck,0.014052561669368737
377.5,15.888749999999998,bent5ck,0.01412646695237819
378.9,15.951875,bent5ck,0.014182590513159805
380.4,16.0325,bent5ck,0.014254273080890778
381.9,16.196875,bent5ck,0.014400416610450823
383.3,16.225625,bent5ck,0.014425977836153342
384.8,16.308750000000003,bent5ck,0.014499883119162796
386.2,16.43125,bent5ck,0.0146087961678083
387.7,16.52125,bent5ck,0.014688813917833572
389.2,16.579375,bent5ck,0.014740492048058227
390.6,16.65875,bent5ck,0.014811063258149963
392.1,16.696875,bent5ck,0.014844959666146776
393.6,16.819375,bent5ck,0.014953872714792288
395.0,16.843125,bent5ck,0.014974988509937845
396.5,16.92125,bent5ck,0.015044448362390338
397.9,16.985,bent5ck,0.015101127601991572
399.4,17.049375,bent5ck,0.015158362520412427
400.9,17.103749999999998,bent5ck,0.015206706577719359
402.3,17.202499999999997,bent5ck,0.01529450383121931
403.8,17.276875,bent5ck,0.015360629610754085
405.2,17.33125,bent5ck,0.01540897366806102
406.7,17.405625,bent5ck,0.015475099447595793
408.1,17.4625,bent5ck,0.015525666220181207
409.6,17.53375,bent5ck,0.015589013605617883
411.1,17.62625,bent5ck,0.015671254070921632
412.5,17.698125,bent5ck,0.015735157135177927
414.0,17.792499999999997,bent5ck,0.015819064636940536
415.4,17.89125,bent5ck,0.01590686189044049
416.9,17.998125,bent5ck,0.0160018829685955
418.3,18.11,bent5ck,0.01610134947730747
419.8,18.21375,bent5ck,0.01619359216136438
421.2,18.361875,bent5ck,0.016325288041614306
422.7,18.485625,bent5ck,0.016435312447899055
424.1,18.633125,bent5ck,0.01656645264932936
425.6,18.765625,bent5ck,0.01668425655908879
427.0,18.90625,bent5ck,0.016809284293503278
428.5,19.05375,bent5ck,0.016940424494933583
429.9,19.21125,bent5ck,0.01708045555747781
431.4,19.37,bent5ck,0.017221597977661277
432.8,19.515625,bent5ck,0.01735107114263272
434.3,19.665625,bent5ck,0.017484434059341507
435.7,19.8,bent5ck,0.017603905005559795
437.2,19.948125,bent5ck,0.01773560088580972
438.6,20.098750000000003,bent5ck,0.01786951948133813
440.1,20.260625,bent5ck,0.018013440295619694
441.5,20.410000000000004,bent5ck,0.018146247533508863
443.0,20.56375,bent5ck,0.018282944523135364
444.4,20.71125,bent5ck,0.018414084724565672
445.8,20.846875,bent5ck,0.0185346670284232
447.3,21.00625,bent5ck,0.018676365127426285
448.7,21.149375,bent5ck,0.01880361557711925
450.2,21.299375,bent5ck,0.018936978493828038
451.6,21.444375,bent5ck,0.019065895979979864
453.0,21.580625,bent5ck,0.019187033962657012
454.5,21.711875,bent5ck,0.0193037265147772
455.9,21.843125,bent5ck,0.019420419066897388
457.4,21.98,bent5ck,0.019542112728394158
458.8,22.108125,bent5ck,0.019656026886416246
460.2,22.234375,bent5ck,0.019768274007979474
461.7,22.361875,bent5ck,0.019881632487181944
463.1,22.480625,bent5ck,0.01998721146290973
464.5,22.599375,bent5ck,0.020092790438637518
466.0,22.711875,bent5ck,0.020192812626169107
467.4,22.8275,bent5ck,0.0202956132077988
468.9,22.93125,bent5ck,0.020387855891855707
470.3,23.03375,bent5ck,0.020478987218273383
471.7,23.146875,bent5ck,0.02057956508462459
473.1,23.25,bent5ck,0.02067125208986188
474.6,23.354375,bent5ck,0.020764050452738412
476.0,23.469375,bent5ck,0.02086629535554848
477.4,23.5725,bent5ck,0.020957982360785773
478.9,23.68,bent5ck,0.0210535591177604
480.3,23.786875,bent5ck,0.02114858019591541
481.7,23.883125,bent5ck,0.02123415473413688
483.1,23.99125,bent5ck,0.021330287169931135
484.6,24.095,bent5ck,0.021422529853988043
486.0,24.206875,bent5ck,0.021521996362700014
487.4,24.31,bent5ck,0.021613683367937304
488.9,24.410625,bent5ck,0.021703147657896115
490.3,24.501875,bent5ck,0.021784276765560624
491.7,24.598750000000003,bent5ck,0.02187040698260172
493.1,24.6875,bent5ck,0.02194931337498775
494.5,24.779375,bent5ck,0.022030998161471884
496.0,24.866875,bent5ck,0.022108793196218675
497.4,24.951875,bent5ck,0.022184365515686987
498.8,25.040625,bent5ck,0.022263271908073017
500.2,25.121875,bent5ck,0.02233551015462361
501.6,25.203125,bent5ck,0.022407748401174203
503.1,25.28875,bent5ck,0.022483876399462133
504.5,25.3675,bent5ck,0.022553891930734246
505.9,25.4475,bent5ck,0.0226250188196456
507.3,25.53125,bent5ck,0.02269947978147467
508.7,25.623125,bent5ck,0.022781164567958805
510.1,25.70625,bent5ck,0.022855069850968256
511.6,25.796875,bent5ck,0.022935643279813147
513.0,25.88125,bent5ck,0.02301065992046184
514.4,25.970625,bent5ck,0.02309012199166749
515.8,26.059375000000003,bent5ck,0.023169028384053526
517.2,26.1475,bent5ck,0.02324737909761994
518.6,26.234375,bent5ck,0.023324618453547108
520.0,26.32625,bent5ck,0.02340630324003124
521.5,26.4075,bent5ck,0.023478541486581832
522.9,26.49,bent5ck,0.023551891090771663
524.3,26.57875,bent5ck,0.023630797483157696
525.7,26.656875,bent5ck,0.023700257335610188
527.1,26.7225,bent5ck,0.023758603611670284
528.5,26.7675,bent5ck,0.023798612486682916
529.9,26.830625,bent5ck,0.023854736047464534
531.3,26.91875,bent5ck,0.023933086761030946
532.7,27.014375,bent5ck,0.024018105620432797
534.1,27.099375,bent5ck,0.02409367793990111
535.5,27.180625,bent5ck,0.0241659161864517
536.9,27.270625,bent5ck,0.024245933936476973
538.3,27.353125,bent5ck,0.024319283540666804
539.7,27.4,bent5ck,0.0243609594521383
541.1,27.481250000000003,bent5ck,0.0244331976986889
542.5,27.551250000000003,bent5ck,0.02449543372648633
544.0,27.61,bent5ck,0.0245476675355306
545.3,27.706875,bent5ck,0.024633797752571695
546.8,27.854375,bent5ck,0.024764937954002
548.2,27.948750000000004,bent5ck,0.024848845455764615
549.5,28.003125,bent5ck,0.024897189513071547
550.9,28.0825,bent5ck,0.024967760723163278
552.3,28.170625,bent5ck,0.025046111436729693
553.7,28.205,bent5ck,0.025076673771808788
555.1,28.213125,bent5ck,0.025083897596463848
556.5,28.250625,bent5ck,0.025117238325641045
557.9,28.315,bent5ck,0.0251744732440619
559.3,28.3925,bent5ck,0.02524337741769477
560.7,28.46625,bent5ck,0.025308947518409924
562.1,28.53625,bent5ck,0.02537118354620736
563.5,28.6125,bent5ck,0.025438976362200993
564.9,28.683125,bent5ck,0.025501768068818046
566.3,28.755000000000003,bent5ck,0.02556567113307434
567.7,28.826875,bent5ck,0.025629574197330633
569.1,28.9025,bent5ck,0.025696811334504646
570.5,28.974375,bent5ck,0.025760714398760938
571.8,29.046875,bent5ck,0.02582517314183685
573.2,29.121875,bent5ck,0.025891854600191243
574.6,29.198125,bent5ck,0.02595964741618488
576.0,29.274375,bent5ck,0.02602744023217851
577.4,29.3475,bent5ck,0.026092454654074046
578.8,29.4175,bent5ck,0.026154690681871477
580.2,29.485,bent5ck,0.02621470399439043
581.5,29.555,bent5ck,0.026276940022187865
582.9,29.62,bent5ck,0.02633473061942834
584.3,29.685,bent5ck,0.026392521216668813
585.7,29.746875,bent5ck,0.026447533419811188
587.1,29.803125,bent5ck,0.026497544513576984
588.5,29.855625,bent5ck,0.02654422153442506
589.8,29.90875,bent5ck,0.026591454234092753
591.2,29.953125,bent5ck,0.026630907430285768
592.6,30.003125,bent5ck,0.026675361735855364
594.0,30.041875,bent5ck,0.0267098138226718
595.4,30.083125,bent5ck,0.026746488624766716
596.7,30.116875,bent5ck,0.026776495281026193
598.1,30.141875,bent5ck,0.02679872243381099
599.5,30.173125,bent5ck,0.02682650637479199
600.9,30.201875,bent5ck,0.02685206760049451
602.2,30.22875,bent5ck,0.026875961789738164
603.6,30.255625,bent5ck,0.02689985597898182
605.0,30.28625,bent5ck,0.0269270842411432
606.4,30.3175,bent5ck,0.026954868182124194
607.7,30.354375,bent5ck,0.026987653232481774
609.1,30.39625,bent5ck,0.027024883713396307
610.5,30.4375,bent5ck,0.027061558515491226
611.9,30.485,bent5ck,0.02710379010578234
613.2,30.53125,bent5ck,0.027144910338434216
614.6,30.588125,bent5ck,0.027195477111019634
616.0,30.641875,bent5ck,0.027243265489506945
617.3,30.69625,bent5ck,0.02729160954681388
618.7,30.755000000000003,bent5ck,0.02734384335585816
620.1,30.816875000000003,bent5ck,0.027398855559000533
621.5,30.8725,bent5ck,0.027448310973946705
622.8,30.93125,bent5ck,0.02750054478299098
624.2,30.98375,bent5ck,0.027547221803839055
625.5,31.03375,bent5ck,0.02759167610940865
626.9,31.088125,bent5ck,0.027640020166715587
628.3,31.13625,bent5ck,0.027682807435826323
629.6,31.18375,bent5ck,0.027725039026117438
631.0,31.229375,bent5ck,0.027765603579949692
632.4,31.266875,bent5ck,0.02779894430912689
633.7,31.300625,bent5ck,0.027828950965386366
635.1,31.3275,bent5ck,0.027852845154630025
636.5,31.3525,bent5ck,0.02787507230741482
637.8,31.374375,bent5ck,0.02789452106610152
639.2,31.385625,bent5ck,0.02790452328485468
640.5,31.388125,bent5ck,0.027906746000133157
641.9,31.385,bent5ck,0.02790396760603506
643.2,31.366875,bent5ck,0.02788785292026608
644.6,31.34375,bent5ck,0.027867292803940142
646.0,31.31875,bent5ck,0.027845065651155347
647.3,31.29375,bent5ck,0.027822838498370545
648.7,31.262500000000003,bent5ck,0.02779505455738955
650.0,31.231250000000003,bent5ck,0.027767270616408556
651.4,31.196875,bent5ck,0.027736708281329455
652.7,31.1425,bent5ck,0.02768836422402252
654.1,31.045,bent5ck,0.02760167832816181
655.4,30.9675,bent5ck,0.027532774154528938
656.8,30.92,bent5ck,0.027490542564237823
658.1,30.86875,bent5ck,0.027444976901028983
659.5,30.82375,bent5ck,0.02740496802601635
660.8,30.7625,bent5ck,0.027350511501693594
662.2,30.744375,bent5ck,0.02733439681592462
663.5,30.709375,bent5ck,0.0273032788020259
664.9,30.655,bent5ck,0.027254934744718965
666.2,30.631875,bent5ck,0.027234374628393027
667.6,30.6,bent5ck,0.02720603500859241
668.9,30.6225,bent5ck,0.027226039446098728
670.3,30.766875,bent5ck,0.027354401253430933
671.6,30.90875,bent5ck,0.027480540345484663
673.0,30.9875,bent5ck,0.027550555876756776
674.3,31.111875,bent5ck,0.027661135961861146
675.6,31.25625,bent5ck,0.02778949776919335
677.0,31.33875,bent5ck,0.027862847373383185
678.3,31.384375,bent5ck,0.027903411927215436
679.7,31.468125,bent5ck,0.027977872889044512
681.0,31.590625,bent5ck,0.02808678593769002
682.3,31.723750000000003,bent5ck,0.02820514552626907
683.7,31.849375,bent5ck,0.028316836969012674
685.0,31.978125,bent5ck,0.028431306805854383
686.4,32.109375,bent5ck,0.02854799935797457
687.7,32.229375,bent5ck,0.0286546896913416
689.0,32.34875,bent5ck,0.028760824345889013
690.4,32.46625,bent5ck,0.028865291963977562
691.7,32.58,bent5ck,0.028966425509148387
693.0,32.694375,bent5ck,0.02906811473313884
694.4,32.806875000000005,bent5ck,0.029168136920670433
695.7,32.9225,bent5ck,0.02927093750230012
697.0,33.038124999999994,bent5ck,0.029373738083929804
698.4,33.151875000000004,bent5ck,0.02947487162910064
699.7,33.268125,bent5ck,0.029578227889549946
701.0,33.379375,bent5ck,0.0296771387194423
702.4,33.489999999999995,bent5ck,0.02977549387051502
703.7,33.606875,bent5ck,0.029879405809783956
705.0,33.714375000000004,bent5ck,0.02997498256675859
706.3,33.826875,bent5ck,0.030075004754290178
707.7,33.930625000000006,bent5ck,0.030167247438347092
709.0,34.034375,bent5ck,0.030259490122403993
710.3,34.129999999999995,bent5ck,0.030344508981805844
711.6,34.226875,bent5ck,0.030430639198846938
713.0,34.322500000000005,bent5ck,0.030515658058248796
714.3,34.418125,bent5ck,0.030600676917650647
715.6,34.50375,bent5ck,0.03067680491593857
716.9,34.5925,bent5ck,0.030755711308324607
718.2,34.678125,bent5ck,0.03083183930661254
719.6,34.76375,bent5ck,0.03090796730490047
720.9,34.851875,bent5ck,0.030986318018466883
722.2,34.935,bent5ck,0.03106022330147634
723.5,35.015625,bent5ck,0.031131905869207308
724.8,35.098125,bent5ck,0.031205255473397142
726.2,35.17625,bent5ck,0.031274715325849634
727.5,35.255625,bent5ck,0.03134528653594137
728.8,35.331875000000004,bent5ck,0.031413079351935005
730.1,35.409375,bent5ck,0.03148198352556787
731.4,35.48625,bent5ck,0.03155033202038112
732.7,35.55375,bent5ck,0.03161034533290008
734.0,35.62875,bent5ck,0.03167702679125447
735.3,35.695,bent5ck,0.031735928746134186
736.7,35.759375000000006,bent5ck,0.03179316366455504
738.0,35.823750000000004,bent5ck,0.0318503985829759
739.3,35.8875,bent5ck,0.03190707782257713
740.6,35.954375,bent5ck,0.03196653545627646
741.9,36.011875,bent5ck,0.0320176579076815
743.2,36.07125,bent5ck,0.03207044739554539
744.5,36.128125,bent5ck,0.032121014168130804
745.8,36.185,bent5ck,0.032171580940716225
747.1,36.24,bent5ck,0.03222048067684278
748.4,36.285625,bent5ck,0.03226104523067504
749.7,36.33624999999999,bent5ck,0.03230605521506424
751.0,36.3875,bent5ck,0.032351620878273084
752.3,36.436875,bent5ck,0.032395519505023056
753.6,36.4875,bent5ck,0.03244052948941227
754.9,36.53,bent5ck,0.03247831564914643
756.2,36.576875,bent5ck,0.032519991560617925
757.5,36.613125,bent5ck,0.03255222093215588
758.8,36.6575,bent5ck,0.032591674128348895
760.1,36.695625,bent5ck,0.03262557053634572
761.4,36.740625,bent5ck,0.03266557941135835
762.7,36.785,bent5ck,0.032705032607551365
764.0,36.822500000000005,bent5ck,0.03273837333672857
765.3,36.864375,bent5ck,0.0327756038176431
766.6,36.905625,bent5ck,0.03281227861973802
767.9,36.938125,bent5ck,0.03284117391835825
769.2,36.9775,bent5ck,0.03287618168399431
770.4,37.014375,bent5ck,0.03290896673435189
771.7,37.05125,bent5ck,0.03294175178470946
773.0,37.093125,bent5ck,0.032978982265624
774.3,37.129375,bent5ck,0.03301121163716196
775.6,37.170625,bent5ck,0.03304788643925687
776.9,37.208125,bent5ck,0.03308122716843407
778.2,37.245000000000005,bent5ck,0.03311401221879165
779.4,37.273125,bent5ck,0.033139017765674544
780.7,37.3125,bent5ck,0.033174025531310596
782.0,37.345,bent5ck,0.033202920829930836
783.3,37.3875,bent5ck,0.03324070698966499
784.5,37.421875,bent5ck,0.033271269324744085
785.8,37.45625,bent5ck,0.03330183165982318
787.1,37.485625,bent5ck,0.033327948564345324
788.4,37.5225,bent5ck,0.0333607336147029
789.7,37.5575,bent5ck,0.033391851628601615
790.9,37.586875,bent5ck,0.03341796853312375
792.2,37.615625,bent5ck,0.03344352975882627
793.5,37.654375,bent5ck,0.033477981845642706
794.8,37.680625000000006,bent5ck,0.033501320356066754
796.0,37.7075,bent5ck,0.033525214545310406
797.3,37.741875,bent5ck,0.0335557768803895
798.5,37.765,bent5ck,0.03357633699671544
799.8,37.8025,bent5ck,0.033609677725892635
801.1,37.830625,bent5ck,0.03363468327277553
802.3,37.855,bent5ck,0.0336563547467407
803.6,37.889375,bent5ck,0.033686917081819805
804.9,37.9125,bent5ck,0.03370747719814574
806.1,37.93625,bent5ck,0.033728592993291305
807.4,37.96125,bent5ck,0.033750820146076096
808.7,37.99125,bent5ck,0.03377749272941786
809.9,38.016875,bent5ck,0.033800275561022275
811.2,38.036875,bent5ck,0.033818057283250116
812.4,38.06375,bent5ck,0.03384195147249377
813.7,38.085,bent5ck,0.033860844552360846
815.0,38.114375,bent5ck,0.03388696145688299
816.2,38.139375,bent5ck,0.03390918860966778
817.5,38.1625,bent5ck,0.03392974872599372
818.7,38.176875,bent5ck,0.03394252933884498
820.0,38.196875,bent5ck,0.03396031106107281
821.2,38.219375,bent5ck,0.03398031549857913
822.5,38.243125,bent5ck,0.034001431293724696
823.7,38.255625,bent5ck,0.034012544870117095
825.0,38.2775,bent5ck,0.03403199362880379
826.2,38.298125,bent5ck,0.03405033102985125
827.5,38.3225,bent5ck,0.03407200250381642
828.7,38.3475,bent5ck,0.03409422965660122
829.9,38.37375,bent5ck,0.03411756816702526
831.2,38.3775,bent5ck,0.03412090223994298
832.4,38.391875,bent5ck,0.034133682852794237
833.7,38.413125,bent5ck,0.03415257593266132
834.9,38.430625,bent5ck,0.03416813493961068
836.1,38.440625,bent5ck,0.03417702580072459
837.4,38.45875,bent5ck,0.03419314048649358
838.6,38.476875,bent5ck,0.03420925517226255
839.8,38.4925,bent5ck,0.03422314714275305
841.1,38.516875,bent5ck,0.03424481861671823
842.3,38.53,bent5ck,0.034256487871930245
843.5,38.5525,bent5ck,0.034276492309436565
844.8,38.551875,bent5ck,0.03427593663061695
846.0,38.564375,bent5ck,0.03428705020700934
847.2,38.57625,bent5ck,0.03429760810458213
848.5,38.600625,bent5ck,0.0343192795785473
849.7,38.6175,bent5ck,0.03433428290667704
850.9,38.628125,bent5ck,0.03434372944661058
852.2,38.6425,bent5ck,0.03435651005946184
853.4,38.651875,bent5ck,0.034364845241756134
854.6,38.655,bent5ck,0.03436762363585424
855.8,38.67625,bent5ck,0.034386516715721314
857.0,38.7,bent5ck,0.03440763251086688
858.3,38.709375,bent5ck,0.03441596769316117
859.5,38.725,bent5ck,0.03442985966365167
860.7,38.72624999999999,bent5ck,0.034430971021290904
861.9,38.74125,bent5ck,0.03444430731296179
863.1,38.75375,bent5ck,0.03445542088935418
864.3,38.7725,bent5ck,0.03447209125394279
865.5,38.7875,bent5ck,0.034485427545613664
866.8,38.8,bent5ck,0.03449654112200606
868.0,38.80875,bent5ck,0.03450432062548074
869.2,38.816875,bent5ck,0.0345115444501358
870.4,38.82125,bent5ck,0.03451543420187314
871.6,38.84,bent5ck,0.03453210456646174
872.8,38.85375,bent5ck,0.034544329500493375
874.0,38.865,bent5ck,0.03455433171924654
875.2,38.87875,bent5ck,0.03456655665327817
876.4,38.896875,bent5ck,0.034582671339047154
877.6,38.901875,bent5ck,0.03458711676960411
878.8,38.911875,bent5ck,0.03459600763071803
880.0,38.921875,bent5ck,0.03460489849183195
881.2,38.93,bent5ck,0.03461212231648701
882.4,38.944375,bent5ck,0.03462490292933827
883.6,38.964375,bent5ck,0.03464268465156611
884.8,38.970625000000005,bent5ck,0.03464824143976231
886.0,38.97687500000001,bent5ck,0.03465379822795851
887.2,38.985625,bent5ck,0.034661577731433184
888.4,38.998125,bent5ck,0.03467269130782558
889.6,38.9975,bent5ck,0.034672135629005965
890.8,39.0175,bent5ck,0.0346899173512338
892.0,39.029375,bent5ck,0.03470047524880658
893.2,39.04625,bent5ck,0.03471547857693632
894.3,39.05125,bent5ck,0.03471992400749328
895.5,39.071875,bent5ck,0.034738261408540735
896.7,39.089375,bent5ck,0.03475382041549009
897.9,39.08625,bent5ck,0.034751042021391995
899.1,39.095625,bent5ck,0.03475937720368629
900.3,39.115,bent5ck,0.034776603247094515
901.5,39.10875,bent5ck,0.034771046458898315
902.6,39.139375,bent5ck,0.034798274721059695
903.8,39.1425,bent5ck,0.03480105311515779
905.0,39.151875,bent5ck,0.03480938829745209
906.2,39.155625,bent5ck,0.03481272237036981
907.4,39.176875,bent5ck,0.03483161545023689
908.5,39.174375,bent5ck,0.03482939273495841
909.7,39.20375,bent5ck,0.034855509639480545
910.9,39.193125,bent5ck,0.034846063099547006
912.1,39.206875,bent5ck,0.03485828803357864
913.2,39.218125,bent5ck,0.034868290252331804
914.4,39.244375,bent5ck,0.03489162876275584
915.6,39.266875,bent5ck,0.03491163320026216
916.8,39.269375,bent5ck,0.03491385591554064
917.9,39.275625000000005,bent5ck,0.034919412703736843
919.1,39.285625,bent5ck,0.034928303564850764
920.2,39.280625,bent5ck,0.0349238581342938
921.4,39.30125,bent5ck,0.03494219553534126
922.6,39.316875,bent5ck,0.034956087505831755
923.8,39.323125000000005,bent5ck,0.03496164429402796
924.9,39.34625,bent5ck,0.03498220441035389
926.1,39.356875,bent5ck,0.03499165095028743
927.2,39.353125000000006,bent5ck,0.03498831687736972
928.4,39.37375,bent5ck,0.03500665427841717
929.6,39.380625,bent5ck,0.035012766745432994
930.7,39.386875,bent5ck,0.03501832353362919
931.9,39.400625000000005,bent5ck,0.035030548467660835
933.0,39.415625000000006,bent5ck,0.03504388475933171
934.2,39.444375,bent5ck,0.035069445985034225
935.3,39.441875,bent5ck,0.03506722326975575
936.5,39.455,bent5ck,0.035078892524967764
937.7,39.45375,bent5ck,0.03507778116732852
938.8,39.4775,bent5ck,0.03509889696247408
940.0,39.455,bent5ck,0.035078892524967764
941.1,39.49125,bent5ck,0.03511112189650572
942.3,39.490625,bent5ck,0.0351105662176861
943.4,39.500625,bent5ck,0.035119457078800015
944.6,39.501875,bent5ck,0.03512056843643926
945.7,39.5025,bent5ck,0.035121124115258875
946.9,39.540625000000006,bent5ck,0.0351550205232557
948.0,39.5275,bent5ck,0.03514335126804368
949.2,39.556875,bent5ck,0.03516946817256581
950.3,39.54625,bent5ck,0.03516002163263227
951.5,39.55375,bent5ck,0.035166689778467715
952.6,39.551875,bent5ck,0.035165022742008854
953.8,39.5675,bent5ck,0.03517891471249936
954.9,39.56875,bent5ck,0.03518002607013859
956.1,39.591875,bent5ck,0.03520058618646453
957.2,39.603125,bent5ck,0.03521058840521769
958.3,39.6075,bent5ck,0.03521447815695503
959.5,39.58375,bent5ck,0.03519336236180947
960.6,39.584375,bent5ck,0.035193918040629095
961.8,39.591875,bent5ck,0.03520058618646453
962.9,39.616875,bent5ck,0.03522281333924933
964.1,39.62,bent5ck,0.035225591733347425
965.2,39.675,bent5ck,0.03527449146947398
966.3,39.664375,bent5ck,0.03526504492954045
967.5,39.66374999999999,bent5ck,0.035264489250720815
968.6,39.663125,bent5ck,0.035263933571901204
969.8,39.69375,bent5ck,0.035291161834062584
970.9,39.721875,bent5ck,0.03531616738094548
972.1,39.723125,bent5ck,0.03531727873858472
973.2,39.7325,bent5ck,0.03532561392087902
974.3,39.76125,bent5ck,0.03535117514658153
975.5,39.765625,bent5ck,0.035355064898318876
976.6,39.7325,bent5ck,0.03532561392087902
977.8,39.740625,bent5ck,0.03533283774553408
978.9,39.795,bent5ck,0.035381181802841014
980.0,39.789375,bent5ck,0.03537618069346443
981.2,39.776250000000005,bent5ck,0.035364511438252415
982.3,39.76375,bent5ck,0.035353397861860016
983.5,39.7825,bent5ck,0.035370068226448614
984.6,39.766875,bent5ck,0.03535617625595811
985.7,39.649375000000006,bent5ck,0.03525170863786957
986.9,39.775000000000006,bent5ck,0.03536340008061318
988.0,39.785625,bent5ck,0.03537284662054672
989.1,39.8725,bent5ck,0.03545008597647389
992.0,40.40875,bent5ck,0.035926858403707795
995.9,40.40125,bent5ck,0.03592019025787235
999.7,40.40625,bent5ck,0.03592463568842932
1003.6,40.42937500000001,bent5ck,0.03594519580475526
1007.4,40.46625,bent5ck,0.035977980855112834
1011.3,40.499375,bent5ck,0.036007431832552686
1015.1,40.54,bent5ck,0.03604355095582798
1019.0,40.5525,bent5ck,0.036054664532220386
1022.8,40.58375,bent5ck,0.036082448473201384
1026.7,40.605625,bent5ck,0.03610189723188808
1030.5,40.63125,bent5ck,0.036124680063492495
1034.4,40.605625,bent5ck,0.03610189723188808
1038.2,40.636875,bent5ck,0.03612968117286908
1042.1,40.675625,bent5ck,0.03616413325968551
1045.9,40.684375,bent5ck,0.036171912763160195
1049.7,40.72125,bent5ck,0.03620469781351777
1053.6,40.694375,bent5ck,0.03618080362427411
1057.4,40.758125,bent5ck,0.03623748286387534
1061.2,40.76125,bent5ck,0.036240261257973444
1065.1,40.76625,bent5ck,0.0362447066885304
1068.9,40.82375,bent5ck,0.03629582913993543
1072.7,40.85125,bent5ck,0.03632027900799872
1076.6,40.810625,bent5ck,0.03628415988472342
1080.4,40.84375,bent5ck,0.036313610862163274
1084.2,40.88375,bent5ck,0.03634917430661895
1088.0,40.9075,bent5ck,0.036370290101764506
1091.8,40.914375,bent5ck,0.03637640256878033
1095.7,40.915625,bent5ck,0.036377513926419566
1099.5,40.915,bent5ck,0.03637695824759995
1103.3,40.944375,bent5ck,0.036403075152122086
1107.1,40.975,bent5ck,0.036430303414283466
1110.9,40.986875000000005,bent5ck,0.03644086131185625
1114.8,41.030625,bent5ck,0.03647975882922964
1118.6,41.021875,bent5ck,0.03647197932575496
1122.4,41.088125000000005,bent5ck,0.036530881280634676
1126.2,41.16625,bent5ck,0.03660034113308717
1130.0,41.22625,bent5ck,0.03665368629977068
1133.8,41.256875,bent5ck,0.03668091456193206
1137.6,41.285625,bent5ck,0.03670647578763458
1141.4,41.34875,bent5ck,0.03676259934841619
1145.2,41.39,bent5ck,0.03679927415051111
1149.0,41.444375,bent5ck,0.03684761820781804
1152.8,41.560625,bent5ck,0.03695097446826735
1156.6,41.735625,bent5ck,0.037106564537760935
1160.4,41.87375,bent5ck,0.037229369556896943
1164.2,42.000625,bent5ck,0.03734217235727979
1168.0,42.01875,bent5ck,0.03735828704304877
1171.8,42.035625,bent5ck,0.03737329037117851
1175.6,41.994375,bent5ck,0.03733661556908359
1179.4,41.891875,bent5ck,0.03724548424266592
1183.2,41.72125,bent5ck,0.037093783924909675
1187.0,41.57875,bent5ck,0.03696708915403633
1190.7,41.48875,bent5ck,0.03688707140401106
1194.5,41.443125,bent5ck,0.0368465068501788
1198.3,41.500625,bent5ck,0.036897629301583836
1202.1,41.52125,bent5ck,0.036915966702631295
1205.9,41.54125,bent5ck,0.03693374842485913
1209.7,41.603125,bent5ck,0.03698876062800151
1213.4,41.623125,bent5ck,0.03700654235022935
1217.2,41.63125,bent5ck,0.03701376617488441
1221.0,41.65375,bent5ck,0.03703377061239072
1224.8,41.671875,bent5ck,0.0370498852981597
1228.5,41.709375,bent5ck,0.0370832260273369
1232.3,41.745625,bent5ck,0.03711545539887485
1236.1,41.76375,bent5ck,0.037131570084643836
1239.8,41.744375000000005,bent5ck,0.03711434404123562
1243.6,41.80625,bent5ck,0.03716935624437799
1247.4,41.83875,bent5ck,0.037198251542998224
1251.1,41.8175,bent5ck,0.03717935846313115
1254.9,41.8775,bent5ck,0.03723270362981466
1258.7,41.91,bent5ck,0.0372615989284349
1262.4,41.92,bent5ck,0.03727048978954882
1266.2,41.918125,bent5ck,0.03726882275308996
1269.9,41.9275,bent5ck,0.03727715793538426
1273.7,41.958125,bent5ck,0.037304386197545635
1277.4,41.9975,bent5ck,0.03733939396318169
1281.2,42.0425,bent5ck,0.037379402838194326
1284.9,42.005625,bent5ck,0.03734661778783675
1288.7,42.055625,bent5ck,0.03739107209340634
1292.4,42.01625,bent5ck,0.03735606432777029
1296.2,42.053125,bent5ck,0.037388849378127864
1299.9,42.0425,bent5ck,0.037379402838194326
1303.7,42.06125,bent5ck,0.037396073202782924
1307.4,42.055625,bent5ck,0.03739107209340634
1311.2,42.0525,bent5ck,0.037388293699308246
1314.9,42.04,bent5ck,0.03737718012291585
1318.7,42.05875,bent5ck,0.037393850487504446
1322.4,42.03875,bent5ck,0.037376068765276604
1326.1,42.041875,bent5ck,0.03737884715937471
1329.9,42.040625,bent5ck,0.037377735801735465
1333.6,42.02125,bent5ck,0.03736050975832725
1337.3,42.0225,bent5ck,0.03736162111596649
1341.1,42.0025,bent5ck,0.03734383939373865
1344.8,41.97125,bent5ck,0.03731605545275765
1348.5,41.928125,bent5ck,0.03727771361420388
1352.2,41.900625,bent5ck,0.037253263746140595
1356.0,41.861875,bent5ck,0.03721881165932416
1359.7,41.8175,bent5ck,0.03717935846313115
1363.4,41.725,bent5ck,0.037097117997827396
1367.1,41.705625,bent5ck,0.03707989195441917
1370.8,41.60125,bent5ck,0.03698709359154265
1374.6,41.439375000000005,bent5ck,0.03684317277726109
1378.3,41.2,bent5ck,0.036630347789346644
1382.0,40.940625,bent5ck,0.036399741079204365
1385.7,40.595,bent5ck,0.03609245069195454
1389.4,40.1625,bent5ck,0.03570792094877754
1393.1,39.644375,bent5ck,0.035247263207312605
1396.8,39.08,bent5ck,0.034745485233195796
1400.5,38.5,bent5ck,0.03422981528858849
1404.2,38.014375,bent5ck,0.033798052845743796
1407.9,37.654375,bent5ck,0.033477981845642706
1411.7,37.570625,bent5ck,0.03340352088381363
1415.4,37.73875,bent5ck,0.033552998486291404
1419.1,38.095,bent5ck,0.033869735413474766
1422.8,38.466875,bent5ck,0.03420036431114863
1426.4,38.8825,bent5ck,0.034569890726195894
1430.2,39.22,bent5ck,0.034869957288790665
1433.8,39.515625,bent5ck,0.0351327933704709
1437.5,39.738125,bent5ck,0.03533061503025559
1441.2,39.88375,bent5ck,0.035460088195227044
1444.9,40.016875,bent5ck,0.03557844778380609
1448.6,40.100625,bent5ck,0.03565290874563516
1452.3,40.1775,bent5ck,0.03572125724044842
1456.0,40.20375,bent5ck,0.03574459575087245
1459.7,40.270625,bent5ck,0.03580405338457179
1463.3,40.2675,bent5ck,0.03580127499047369
1467.0,40.40875,bent5ck,0.035926858403707795
1470.7,40.48625,bent5ck,0.03599576257734067
1474.4,40.595625,bent5ck,0.03609300637077416
1478.1,40.655,bent5ck,0.03614579585863806
1481.7,40.809375,bent5ck,0.03628304852708418
1485.4,40.886875,bent5ck,0.036351952700717054
1489.1,40.946875,bent5ck,0.036405297867400564
1492.8,41.00749999999999,bent5ck,0.03645919871290369
1496.4,41.084375,bent5ck,0.036527547207716955
1500.1,41.16125,bent5ck,0.03659589570253021
1503.8,41.230625,bent5ck,0.036657576051508024
1507.4,41.291250000000005,bent5ck,0.03671147689701116
1511.1,41.3575,bent5ck,0.03677037885189087
1514.7,41.42375,bent5ck,0.03682928080677058
1518.4,41.4675,bent5ck,0.03686817832414398
1522.1,41.51,bent5ck,0.03690596448387813
1525.7,41.55375,bent5ck,0.036944862001251536
1529.4,41.59375,bent5ck,0.036980425445707205
1533.0,41.63125000000001,bent5ck,0.03701376617488441
1536.7,41.67,bent5ck,0.03704821826170084
1540.3,41.7025,bent5ck,0.037077113560321076
1544.0,41.74625,bent5ck,0.03711601107769448
1547.6,41.77,bent5ck,0.037137126872840036
1551.3,41.82625,bent5ck,0.037187137966605825
1554.9,41.870625,bent5ck,0.03722659116279884
1558.6,41.890625,bent5ck,0.03724437288502668
1562.2,41.934375,bent5ck,0.03728327040240008
1565.8,41.961875000000006,bent5ck,0.03730772027046336
1569.5,41.985625,bent5ck,0.03732883606560891
1573.1,42.021875,bent5ck,0.03736106543714687
1576.8,42.038125,bent5ck,0.037375513086456987
1580.4,42.065625,bent5ck,0.03739996295452026
1584.0,42.075625,bent5ck,0.037408853815634184
1587.7,42.118125,bent5ck,0.03744663997536834
1591.3,42.1425,bent5ck,0.03746831144933352
1594.9,42.16375,bent5ck,0.037487204529200596
1598.5,42.185,bent5ck,0.03750609760906767
1602.2,42.213125,bent5ck,0.03753110315595057
1605.8,42.211875,bent5ck,0.03752999179831133
1609.4,42.25875,bent5ck,0.037571667709782826
1613.0,42.2775,bent5ck,0.03758833807437143
1616.7,42.306875000000005,bent5ck,0.03761445497889357
1620.3,42.32375,bent5ck,0.0376294583070233
1623.9,42.33,bent5ck,0.0376350150952195
1627.5,42.353125000000006,bent5ck,0.037655575211545445
1631.1,42.36875,bent5ck,0.03766946718203593
1634.7,42.389375,bent5ck,0.0376878045830834
1638.3,42.424375,bent5ck,0.03771892259698211
1641.9,42.44375,bent5ck,0.03773614864039033
1645.6,42.44125,bent5ck,0.03773392592511185
1649.2,42.46,bent5ck,0.03775059628970045
1652.8,42.4725,bent5ck,0.03776170986609285
1656.4,42.443125,bent5ck,0.03773559296157071
1660.0,42.449375,bent5ck,0.03774114974976691
1663.6,42.45375,bent5ck,0.03774503950150425
1667.2,42.43125,bent5ck,0.03772503506399793
1670.8,42.444375,bent5ck,0.03773670431920995
1674.4,42.435,bent5ck,0.03772836913691565
1678.0,42.425,bent5ck,0.03771947827580173
1681.6,42.396875,bent5ck,0.037694472728918835
1685.1,42.39625,bent5ck,0.03769391705009922
1688.7,42.39625,bent5ck,0.03769391705009922
1692.3,42.3875,bent5ck,0.03768613754662454
1695.9,42.360625,bent5ck,0.03766224335738088
1699.5,42.345,bent5ck,0.03764835138689038
1703.1,42.3325,bent5ck,0.037637237810497985
1706.7,42.330625,bent5ck,0.03763557077403912
1710.2,42.306250000000006,bent5ck,0.03761389930007395
1713.8,42.27375,bent5ck,0.0375850040014537
1717.4,42.254375,bent5ck,0.037567777958045494
1721.0,42.185,bent5ck,0.03750609760906767
1724.5,42.15375,bent5ck,0.037478313668086675
1728.1,42.118125,bent5ck,0.03744663997536834
1731.7,42.17,bent5ck,0.037492761317396796
1735.2,42.153125,bent5ck,0.03747775798926706
1738.8,42.108125,bent5ck,0.037437749114254425
1742.4,42.063125,bent5ck,0.037397740239241785
1745.9,42.009375,bent5ck,0.03734995186075447
1749.5,41.980625,bent5ck,0.037324390635051954
1753.1,41.929375,bent5ck,0.037278824971843115
1756.6,41.895625,bent5ck,0.037248818315583646
1760.2,41.839375,bent5ck,0.03719880722181784
1763.8,41.85625,bent5ck,0.03721381054994759
1767.3,41.8225,bent5ck,0.037183803893688104
1770.9,41.7925,bent5ck,0.03715713131034635
1774.4,41.795625,bent5ck,0.03715990970444445
1778.0,41.765625,bent5ck,0.03713323712110269
1781.5,41.77125,bent5ck,0.03713823823047927
1785.1,41.758125,bent5ck,0.037126568975267255
1788.6,41.744375000000005,bent5ck,0.03711434404123562
1792.1,41.75750000000001,bent5ck,0.03712601329644764
1795.7,41.749375,bent5ck,0.037118789471792576
1799.2,41.754375,bent5ck,0.03712323490234953
1802.8,41.701875,bent5ck,0.03707655788150146
1806.3,41.72125,bent5ck,0.037093783924909675
1809.8,41.73375,bent5ck,0.037104897501302074
1813.4,41.6925,bent5ck,0.03706822269920716
1816.9,41.71125,bent5ck,0.037084893063795754
1820.4,41.6325,bent5ck,0.037014877532523645
1824.0,41.67875,bent5ck,0.03705599776517552
1827.5,41.666875000000005,bent5ck,0.037045439867602746
1831.0,41.67625,bent5ck,0.03705377504989704
1834.6,41.665625,bent5ck,0.0370443285099635
1838.1,41.660625,bent5ck,0.037039883079406546
1841.6,41.63187500000001,bent5ck,0.037014321853704034
1845.1,41.6075,bent5ck,0.036992650379738846
1848.6,41.551875,bent5ck,0.036943194964792675
1852.2,41.50125,bent5ck,0.03689818498040345
1855.7,41.398125,bent5ck,0.036806497975166164
1859.2,41.296875,bent5ck,0.036716478006387734
1862.7,41.11125,bent5ck,0.03655144139696061
1866.2,40.825625,bent5ck,0.0362974961763943
1869.7,40.47500000000001,bent5ck,0.03598576035858752
1873.2,40.034375,bent5ck,0.035594006790755445
1876.7,39.469375,bent5ck,0.035091673137819024
1880.2,38.71625,bent5ck,0.03442208016017699
1883.7,37.731875,bent5ck,0.03354688601927558
1887.2,36.489375,bent5ck,0.03244219652587114
1890.7,35.065625,bent5ck,0.0311763601747769
1894.2,33.661874999999995,bent5ck,0.029928305545910507
1897.7,32.4075,bent5ck,0.028813058154933284
1902.7,31.9825,bent5ck,0.028435196557591726
1905.5,31.605,bent5ck,0.02809956655054128
1908.2,31.5325,bent5ck,0.028035107807465365
1911.0,31.705625,bent5ck,0.02818903084050009
1913.7,31.981250000000003,bent5ck,0.028434085199952486
1916.5,32.322500000000005,bent5ck,0.02873748583546498
1919.2,32.66375,bent5ck,0.029040886470977464
1921.9,32.96875,bent5ck,0.029312057734951994
1924.7,33.259375,bent5ck,0.029570448386075268
1927.4,33.515625,bent5ck,0.029798276702119444
1930.1,33.723749999999995,bent5ck,0.02998331774905288
1932.9,33.8975,bent5ck,0.03013779646090723
1935.6,34.018125,bent5ck,0.030245042473093876
1938.3,34.11875,bent5ck,0.030334506763052688
1941.0,34.245625,bent5ck,0.030447309563435537
1943.7,34.355000000000004,bent5ck,0.030544553356869033
1946.4,34.462500000000006,bent5ck,0.03064013011384366
1949.2,34.591875,bent5ck,0.03075515562950499
1951.9,34.745625000000004,bent5ck,0.030891852619131497
1954.6,34.90375,bent5ck,0.03103243936049534
1957.3,35.07375,bent5ck,0.031183583999431958
1960.0,35.239999999999995,bent5ck,0.031331394565450865
1962.7,35.403125,bent5ck,0.03147642673737167
1965.4,35.564375,bent5ck,0.03161979187283362
1968.1,35.71375,bent5ck,0.031752599110722785
1970.7,35.869375000000005,bent5ck,0.031890963136808156
1973.4,36.030625,bent5ck,0.032034328272270096
1976.1,36.199375,bent5ck,0.032184361553567485
1978.8,36.38249999999999,bent5ck,0.03234717544771612
1981.5,36.571875,bent5ck,0.03251554613006096
1984.1,36.743125,bent5ck,0.03266780212663683
1986.8,36.93375,bent5ck,0.03283728416662091
1989.5,37.151875,bent5ck,0.03303121607466827
1992.1,37.380625,bent5ck,0.03323459452264917
1994.8,37.589375,bent5ck,0.03342019124840223
1997.5,37.790625,bent5ck,0.033599119828319854
2000.1,38.001875,bent5ck,0.03378693926935139
2002.8,38.20625,bent5ck,0.033968646243367116
2005.4,38.395,bent5ck,0.03413646124689234
2008.1,38.58562499999999,bent5ck,0.03430594328687642
2010.7,38.77375000000001,bent5ck,0.03447320261158203
2013.4,38.955625,bent5ck,0.03463490514809143
2016.0,39.103750000000005,bent5ck,0.03476660102834136
2018.6,39.24625,bent5ck,0.034893295799214706
2021.3,39.384375,bent5ck,0.03501610081835071
2023.9,39.505,bent5ck,0.03512334683053736
2026.5,39.635000000000005,bent5ck,0.03523892802501831
2029.2,39.75125,bent5ck,0.035342284285467616
2031.8,39.838125000000005,bent5ck,0.03541952364139479
2034.4,39.9025,bent5ck,0.03547675855981564
2037.0,39.9875,bent5ck,0.03555233087928395
2039.7,40.06875,bent5ck,0.035624569125834546
2042.3,40.1275,bent5ck,0.03567680293487882
2044.9,40.176875,bent5ck,0.0357207015616288
2047.5,40.211875,bent5ck,0.03575181957552751
2050.1,40.245625,bent5ck,0.03578182623178699
2052.7,40.278125,bent5ck,0.03581072153040723
2055.3,40.31375,bent5ck,0.035842395223125566
2057.9,40.340625,bent5ck,0.035866289412369225
2060.5,40.380625,bent5ck,0.0359018528568249
2063.1,40.399375000000006,bent5ck,0.0359185232214135
2065.7,40.424375000000005,bent5ck,0.0359407503741983
2068.3,40.458125,bent5ck,0.035970757030457774
2070.9,40.484375,bent5ck,0.03599409554088181
2073.4,40.503125,bent5ck,0.03601076590547041
2076.0,40.51375,bent5ck,0.036020212445403946
2078.6,40.523125,bent5ck,0.03602854762769825
2081.2,40.549375,bent5ck,0.03605188613812228
2083.7,40.57124999999999,bent5ck,0.03607133489680897
2086.3,40.572500000000005,bent5ck,0.03607244625444823
2088.9,40.566875,bent5ck,0.036067445145071646
2091.4,40.5825,bent5ck,0.03608133711556214
2094.0,40.593125,bent5ck,0.03609078365549568
2096.6,40.598125,bent5ck,0.036095229086052644
2099.1,40.633750000000006,bent5ck,0.03612690277877098
2101.6,40.661875,bent5ck,0.036151908325653875
2104.2,40.700625,bent5ck,0.03618636041247031
2106.8,40.746875,bent5ck,0.036227480645122184
2109.3,40.7825,bent5ck,0.03625915433784052
2111.8,40.819375,bent5ck,0.0362919393881981
2114.4,40.866875,bent5ck,0.03633417097848921
2116.9,40.9225,bent5ck,0.03638362639343539
2119.4,40.96,bent5ck,0.03641696712261259
2122.0,41.0,bent5ck,0.036452530567068264
2124.5,41.000625,bent5ck,0.03645308624588788
2127.0,41.01375,bent5ck,0.0364647555010999
2129.6,41.02875,bent5ck,0.036478091792770784
2132.1,41.040625000000006,bent5ck,0.036488649690343565
2134.6,41.031875,bent5ck,0.03648087018686888
2137.1,40.994375000000005,bent5ck,0.03644752945769169
2139.6,40.943125,bent5ck,0.03640196379448285
2142.1,40.892500000000005,bent5ck,0.036356953810093635
2144.6,40.822500000000005,bent5ck,0.036294717782296204
2147.1,40.7475,bent5ck,0.03622803632394181
2149.6,40.651250000000005,bent5ck,0.03614246178572034
2152.1,40.539375,bent5ck,0.03604299527700836
2154.6,40.41250000000001,bent5ck,0.03593019247662552
2157.1,40.260625000000005,bent5ck,0.03579516252345787
2159.6,40.059375,bent5ck,0.03561623394354025
2162.1,39.816875,bent5ck,0.035400630561527716
2164.6,39.5525,bent5ck,0.03516557842082848
2167.1,39.275625,bent5ck,0.03491941270373684
2169.6,38.984375,bent5ck,0.03466046637379395
2172.0,38.66875,bent5ck,0.03437984856988588
2174.5,38.326875,bent5ck,0.03407589225555377
2177.0,37.993125000000006,bent5ck,0.03377915976587672
2179.4,37.6575,bent5ck,0.03348076023974081
2181.9,37.29875,bent5ck,0.03316180059727896
2184.4,36.946875000000006,bent5ck,0.03284895342183294
2186.8,36.595,bent5ck,0.0325361062463869
2189.3,36.225625,bent5ck,0.03220770006399152
2191.7,35.86625,bent5ck,0.03188818474271005
2194.2,35.54625,bent5ck,0.03160367718706464
2196.6,35.255,bent5ck,0.03134473085712175
2199.1,34.98875,bent5ck,0.031108011679963653
2201.5,34.771249999999995,bent5ck,0.030914635450735906
2204.0,34.660625,bent5ck,0.03081628029966318
2206.4,34.6375,bent5ck,0.030795720183337243
2208.9,34.679375,bent5ck,0.03083295066425178
2211.3,34.796875,bent5ck,0.030937418282340326
2213.7,34.960625,bent5ck,0.031083006133080755
2216.1,35.143125,bent5ck,0.031245264348409775
2218.6,35.347500000000004,bent5ck,0.0314269713224255
2221.0,35.59625,bent5ck,0.031648131492634235
2223.4,35.816875,bent5ck,0.031844286115960074
2225.8,36.0,bent5ck,0.032007100010108716
2228.2,36.20125,bent5ck,0.03218602859002634
2230.6,36.390625,bent5ck,0.03235439927237118
2233.1,36.53625,bent5ck,0.03248387243734263
2235.5,36.660625,bent5ck,0.032594452522447
2237.9,36.811875,bent5ck,0.032728926796795024
2240.3,36.960625,bent5ck,0.03286117835586457
2242.7,37.079375,bent5ck,0.03296675733159236
2245.1,37.195625,bent5ck,0.03307011359204167
2247.5,37.306250000000006,bent5ck,0.0331684687431144
2249.9,37.389375,bent5ck,0.03324237402612385
2252.2,37.443125,bent5ck,0.03329016240461117
2254.6,37.50375,bent5ck,0.0333440632501143
2257.0,37.5625,bent5ck,0.03339629705915857
2259.4,37.605625,bent5ck,0.03343463889771235
2261.8,37.62125,bent5ck,0.033448530868202854
2264.1,37.61875,bent5ck,0.03344630815292437
2266.5,37.63374999999999,bent5ck,0.03345964444459524
2268.9,37.629375,bent5ck,0.033455754692857914
2271.2,37.588125000000005,bent5ck,0.033419079890762995
2273.6,37.559375,bent5ck,0.033393518665060476
2276.0,37.55,bent5ck,0.03338518348276617
2278.3,37.52,bent5ck,0.033358510899424425
2280.7,37.461875,bent5ck,0.03330683276919976
2283.0,37.421875,bent5ck,0.033271269324744085
2285.4,37.393125,bent5ck,0.033245708099041565
2287.7,37.334375,bent5ck,0.0331934742899973
2290.1,37.25,bent5ck,0.03311845764934861
2292.4,37.163125,bent5ck,0.03304121829342143
2294.8,37.0775,bent5ck,0.0329650902951335
2297.1,36.99,bent5ck,0.03288729526038671
2299.4,36.934375,bent5ck,0.03283783984544054
2301.8,36.861875,bent5ck,0.032773381102364614
2304.1,36.775,bent5ck,0.032696141746437445
2306.4,36.705,bent5ck,0.03263390571864001
2308.7,36.660625,bent5ck,0.032594452522447
2311.1,36.61375,bent5ck,0.032552776610975505
2313.4,36.569375,bent5ck,0.03251332341478249
2315.7,36.54875,bent5ck,0.032494986013735024
2318.0,36.50875,bent5ck,0.03245942256927935
2320.3,36.47624999999999,bent5ck,0.03243052727065911
2322.6,36.42875,bent5ck,0.032388295680368
2324.9,36.37625,bent5ck,0.03234161865951992
2327.2,36.29625,bent5ck,0.03227049177060857
2329.5,36.213125,bent5ck,0.03219658648759912
2331.8,36.13625,bent5ck,0.032128237992785864
2334.1,36.046875,bent5ck,0.032048775921580216
2336.4,35.970625,bent5ck,0.03198098310558658
2338.7,35.87125,bent5ck,0.03189263017326701
2341.0,35.7675,bent5ck,0.031800387489210095
2343.2,35.666875,bent5ck,0.031710923199251284
2345.5,35.586875,bent5ck,0.03163979631033993
2347.8,35.52375,bent5ck,0.03158367274955832
2350.1,35.441875,bent5ck,0.03151087882418811
2352.4,35.35625,bent5ck,0.03143475082590018
2354.6,35.268125,bent5ck,0.03135640011233376
2356.9,35.1925,bent5ck,0.031289162975159754
2359.1,35.141875,bent5ck,0.031244152990770536
2361.4,35.072500000000005,bent5ck,0.031182472641792726
2363.7,34.961875,bent5ck,0.03108411749071999
2365.9,34.895,bent5ck,0.031024659857020662
2368.2,34.85,bent5ck,0.030984650982008023
2370.4,34.798125,bent5ck,0.030938529639979565
2372.7,34.728125,bent5ck,0.030876293612182134
2374.9,34.653125,bent5ck,0.030809612153827742
2377.2,34.575,bent5ck,0.03074015230137525
2379.4,34.47125,bent5ck,0.030647909617318336
2381.6,34.36125,bent5ck,0.030550110145065226
2383.9,34.24625,bent5ck,0.03044786524225516
2386.1,34.16875,bent5ck,0.030378961068622288
2388.3,34.095625000000005,bent5ck,0.030313946646726757
2390.6,33.99,bent5ck,0.03022003692621098
2392.8,33.89812500000001,bent5ck,0.030138352139726855
2395.0,33.828125,bent5ck,0.030076116111929417
2397.2,33.700625,bent5ck,0.02996275763272695
2399.4,33.589375000000004,bent5ck,0.0298638468028346
2401.6,33.500625,bent5ck,0.029784940410448567
2403.9,33.397499999999994,bent5ck,0.02969325340521127
2406.1,33.31,bent5ck,0.029615458370464486
2408.3,33.165,bent5ck,0.029486540884312656
2410.5,33.000625,bent5ck,0.02934039735475261
2412.7,32.911875,bent5ck,0.02926149096236658
2414.9,32.808125000000004,bent5ck,0.029169248278309672
2417.1,32.715625,bent5ck,0.02908700781300592
2419.2,32.595,bent5ck,0.028979761800819268
2421.4,32.46625,bent5ck,0.028865291963977562
2423.6,32.326249999999995,bent5ck,0.02874081990838269
2425.8,32.193125,bent5ck,0.028622460319803648
2428.0,32.05,bent5ck,0.028495209870110675
2430.2,31.946875,bent5ck,0.028403522864873385
2432.3,31.8375,bent5ck,0.028306279071439896
2434.5,31.69125,bent5ck,0.02817625022764883
2436.7,31.551875,bent5ck,0.028052333850873582
2438.8,31.44,bent5ck,0.027952867342161614
2441.0,31.340625000000003,bent5ck,0.027864514409842046
2443.2,31.211875,bent5ck,0.027750044573000333
2445.3,31.06,bent5ck,0.027615014619832685
2447.5,30.945625,bent5ck,0.02751332539584224
2449.6,30.848125,bent5ck,0.027426639499981528
2451.8,30.745,bent5ck,0.027334952494744238
2453.9,30.643125,bent5ck,0.027244376847146187
2456.1,30.58375,bent5ck,0.02719158735928229
2458.2,30.480625,bent5ck,0.027099900354045
2460.4,30.373125,bent5ck,0.027004323597070373
2462.5,30.2875,bent5ck,0.02692819559878244
2464.6,30.210625,bent5ck,0.026859847103969187
2466.8,30.1675,bent5ck,0.02682150526541541
2468.9,30.13375,bent5ck,0.02679149860915593
2471.0,30.0775,bent5ck,0.026741487515390138
2473.1,29.9875,bent5ck,0.026661469765364865
2475.2,29.935,bent5ck,0.02661479274451679
2477.4,29.914375,bent5ck,0.02659645534346933
2479.5,29.865625,bent5ck,0.026553112395538977
2481.6,29.8275,bent5ck,0.02651921598754216
2483.7,29.8275,bent5ck,0.02651921598754216
2485.8,29.771875,bent5ck,0.026469760572595986
2487.9,29.694375,bent5ck,0.026400856398963113
2490.0,29.670625,bent5ck,0.026379740603817557
2492.1,29.645625,bent5ck,0.026357513451032755
2494.2,29.57625,bent5ck,0.026295833102054945
2496.3,29.523750000000003,bent5ck,0.02624915608120687
2498.4,29.526875,bent5ck,0.02625193447530497
2500.5,29.495,bent5ck,0.02622359485550435
2502.6,29.434375000000003,bent5ck,0.02616969401000122
2504.7,29.454375,bent5ck,0.026187475732229053
2506.7,29.399375,bent5ck,0.0261385759961025
2508.8,29.403125,bent5ck,0.026141910069020217
2510.9,29.425625,bent5ck,0.026161914506526537
2513.0,29.474375,bent5ck,0.02620525745445689
339.3,19.2355,bent5pem,0.018091945624544265
340.8,18.4435,bent5pem,0.017347030185141128
342.3,17.708000000000002,bent5pem,0.01665525580928127
343.7,17.107499999999998,bent5pem,0.016090455656046943
345.2,16.8245,bent5pem,0.015824280063431936
346.7,16.39,bent5pem,0.015415611176537159
348.1,15.963,bent5pem,0.015013996413121577
349.6,15.6015,bent5pem,0.014673987661424312
351.1,15.2335,bent5pem,0.014327865336045076
352.5,15.090999999999998,bent5pem,0.014193836989940343
354.0,14.93,bent5pem,0.014042408472586929
355.5,14.756500000000004,bent5pem,0.013879223082768191
357.0,14.6595,bent5pem,0.013787989752437247
358.4,14.504500000000002,bent5pem,0.01364220453386719
359.9,14.511999999999995,bent5pem,0.01364925865734638
361.4,14.553,bent5pem,0.01368782119903266
362.8,14.49,bent5pem,0.01362856656180741
364.3,14.473000000000004,bent5pem,0.013612577215254567
365.8,14.4315,bent5pem,0.013573544398669677
367.2,14.507,bent5pem,0.013644555908360253
368.7,14.552,bent5pem,0.013686880649235431
370.1,14.618000000000004,bent5pem,0.013748956935852364
371.6,14.6885,bent5pem,0.013815265696556805
373.1,14.804000000000002,bent5pem,0.013923899198136433
374.5,14.863000000000005,bent5pem,0.01397939163617278
376.0,14.957000000000004,bent5pem,0.01406780331711204
377.5,15.011500000000002,bent5pem,0.014119063281060865
378.9,15.110500000000002,bent5pem,0.014212177710986257
380.4,15.1995,bent5pem,0.014295886642939386
381.9,15.2785,bent5pem,0.014370190076920255
383.3,15.390499999999998,bent5pem,0.014475531654209586
384.8,15.489999999999998,bent5pem,0.014569116359033591
386.2,15.550999999999998,bent5pem,0.014626489896664388
387.7,15.645500000000002,bent5pem,0.014715371852502266
389.2,15.6945,bent5pem,0.014761458792566347
390.6,15.7935,bent5pem,0.01485457322249174
392.1,15.803999999999998,bent5pem,0.014864448995362612
393.6,15.928,bent5pem,0.014981077170218663
395.0,15.974999999999998,bent5pem,0.01502528301068829
396.5,16.050500000000003,bent5pem,0.015096294520378872
397.9,16.1155,bent5pem,0.015157430257198571
399.4,16.192,bent5pem,0.015229382316686375
400.9,16.2275,bent5pem,0.015262771834487902
402.3,16.327999999999996,bent5pem,0.01535729708910913
403.8,16.39,bent5pem,0.015415611176537159
405.2,16.447000000000003,bent5pem,0.015469222514979054
406.7,16.523500000000002,bent5pem,0.015541174574466856
408.1,16.577499999999997,bent5pem,0.015591964263517066
409.6,16.657000000000004,bent5pem,0.015666737972396552
411.1,16.732000000000003,bent5pem,0.015737279207188516
412.5,16.819000000000003,bent5pem,0.015819107039547194
414.0,16.901999999999997,bent5pem,0.015897172672716963
415.4,17.001,bent5pem,0.01599028710264236
416.9,17.115999999999996,bent5pem,0.016098450329323364
418.3,17.2185,bent5pem,0.016194856683539052
419.8,17.337,bent5pem,0.016306311834510354
421.2,17.450999999999997,bent5pem,0.016413534511394136
422.7,17.586,bent5pem,0.016540508734019674
424.1,17.722,bent5pem,0.016668423506442438
425.6,17.8645,bent5pem,0.016802451852547168
427.0,17.994500000000002,bent5pem,0.016924723326186573
428.5,18.143,bent5pem,0.01706439497107466
429.9,18.29,bent5pem,0.017202655791266907
431.4,18.439,bent5pem,0.01734279771105361
432.8,18.5845,bent5pem,0.017479647706550017
434.3,18.719,bent5pem,0.017606151654276942
435.7,18.857000000000003,bent5pem,0.017735947526294156
437.2,18.994,bent5pem,0.017864802848514143
438.6,19.138,bent5pem,0.018000242019314713
440.1,19.290000000000003,bent5pem,0.018143205588493094
441.5,19.4395,bent5pem,0.018283817783178405
443.0,19.5805,bent5pem,0.018416435304587298
444.4,19.7325,bent5pem,0.01855939887376568
445.8,19.869,bent5pem,0.018687783921087053
447.3,20.0135,bent5pem,0.018823693366786236
448.7,20.152999999999995,bent5pem,0.018954900063499286
450.2,20.294000000000004,bent5pem,0.019087517584908186
451.6,20.431,bent5pem,0.01921637290712817
453.0,20.573,bent5pem,0.019349930978334286
454.5,20.701500000000003,bent5pem,0.019470791627277856
455.9,20.8325,bent5pem,0.01959400365071448
457.4,20.956000000000003,bent5pem,0.019710161550671918
458.8,21.077,bent5pem,0.019823968076136286
460.2,21.206,bent5pem,0.01994529899997846
461.7,21.33,bent5pem,0.020061927174834508
463.1,21.4535,bent5pem,0.020178085074791942
464.5,21.5625,bent5pem,0.020280605002689595
466.0,21.663,bent5pem,0.020375130257310827
467.4,21.7725,bent5pem,0.020478120460107097
468.9,21.8785,bent5pem,0.020577818738613068
470.3,21.9805,bent5pem,0.02067375481793014
471.7,22.0835,bent5pem,0.020770631447044437
473.1,22.1875,bent5pem,0.020868448625955962
474.6,22.2905,bent5pem,0.02096532525507026
476.0,22.387,bent5pem,0.021056088310502586
477.4,22.4875,bent5pem,0.021150613565123818
478.9,22.588,bent5pem,0.02124513881974505
480.3,22.695500000000003,bent5pem,0.021346247922946864
481.7,22.7995,bent5pem,0.021444065101858385
483.1,22.9005,bent5pem,0.02153906063137823
484.6,23.0015,bent5pem,0.021634056160898075
486.0,23.102500000000003,bent5pem,0.021729051690417923
487.4,23.206,bent5pem,0.021826398594430828
488.9,23.3055,bent5pem,0.021919983299254833
490.3,23.401000000000003,bent5pem,0.02200980580488994
491.7,23.4925,bent5pem,0.02209586611133613
493.1,23.58,bent5pem,0.02217816421859342
494.5,23.6655,bent5pem,0.022258581226256263
496.0,23.754,bent5pem,0.02234181988331078
497.4,23.838999999999995,bent5pem,0.022421766616075
498.8,23.92,bent5pem,0.022497951149650326
500.2,24.002,bent5pem,0.02257507623302287
501.6,24.075,bent5pem,0.022643736368220382
503.1,24.1595,bent5pem,0.022723212826085998
504.5,24.2365,bent5pem,0.02279563516047241
505.9,24.319,bent5pem,0.02287323051874357
507.3,24.4015,bent5pem,0.022950825877014733
508.7,24.4855,bent5pem,0.02302983205998173
510.1,24.570500000000003,bent5pem,0.02310977879274596
511.6,24.651,bent5pem,0.023185493051422666
513.0,24.7355,bent5pem,0.023264969509288278
514.4,24.8225,bent5pem,0.023346797341646956
515.8,24.91,bent5pem,0.023429095448904248
517.2,24.999,bent5pem,0.023512804380857375
518.6,25.084,bent5pem,0.023592751113621604
520.0,25.169,bent5pem,0.02367269784638583
521.5,25.254,bent5pem,0.023752644579150058
522.9,25.3345,bent5pem,0.02382835883782676
524.3,25.4135,bent5pem,0.02390266227180763
525.7,25.497000000000007,bent5pem,0.023981198179876023
527.1,25.5775,bent5pem,0.024056912438552725
528.5,25.649,bent5pem,0.0241241617490544
529.9,25.7165,bent5pem,0.024187648860367165
531.3,25.783,bent5pem,0.024250195421882708
532.7,25.8495,bent5pem,0.024312741983398247
534.1,25.904,bent5pem,0.024364001947347075
535.5,25.9685,bent5pem,0.02442466740926816
536.9,26.0315,bent5pem,0.024483922046493415
538.3,26.098000000000003,bent5pem,0.024546468608008958
539.7,26.159,bent5pem,0.02460384214563975
541.1,26.2325,bent5pem,0.02467297255573588
542.5,26.305,bent5pem,0.024741162416034773
544.0,26.374,bent5pem,0.02480606035204338
545.3,26.44,bent5pem,0.02486813663866031
546.8,26.5085,bent5pem,0.024932564299770303
548.2,26.573500000000003,bent5pem,0.024993700036590006
549.5,26.6305,bent5pem,0.025047311375031897
550.9,26.697000000000003,bent5pem,0.02510985793654744
552.3,26.765,bent5pem,0.02517381532275882
553.7,26.8315,bent5pem,0.025236361884274357
555.1,26.9,bent5pem,0.025300789545384353
556.5,26.981,bent5pem,0.025376974078959676
557.9,27.0555,bent5pem,0.025447045038853023
559.3,27.135,bent5pem,0.02552181874773251
560.7,27.206,bent5pem,0.025588597783335564
562.1,27.2755,bent5pem,0.025653965994242786
563.5,27.346000000000004,bent5pem,0.025720274754947235
564.9,27.418,bent5pem,0.025787994340347516
566.3,27.4875,bent5pem,0.025853362551254738
567.7,27.5605,bent5pem,0.02592202268645225
569.1,27.632,bent5pem,0.025989271996953923
570.5,27.703000000000003,bent5pem,0.02605605103255698
571.8,27.779499999999995,bent5pem,0.02612800309204478
573.2,27.852,bent5pem,0.026196192952343683
574.6,27.924499999999995,bent5pem,0.026264382812642574
576.0,27.996,bent5pem,0.02633163212314425
577.4,28.067500000000003,bent5pem,0.026398881433645927
578.8,28.136499999999995,bent5pem,0.026463779369654526
580.2,28.2035,bent5pem,0.026526796206068685
581.5,28.272,bent5pem,0.026591223867178677
582.9,28.338,bent5pem,0.026653300153795606
584.3,28.397,bent5pem,0.02670879259183195
585.7,28.4565,bent5pem,0.026764755304766907
587.1,28.512,bent5pem,0.026816955818512962
588.5,28.562,bent5pem,0.02686398330837427
589.8,28.614,bent5pem,0.026912891897830034
591.2,28.661,bent5pem,0.026957097738299667
592.6,28.704500000000003,bent5pem,0.026998011654479005
594.0,28.744499999999995,bent5pem,0.027035633646368046
595.4,28.7815,bent5pem,0.02707043398886542
596.7,28.8125,bent5pem,0.02709959103257943
598.1,28.8425,bent5pem,0.02712780752649622
599.5,28.872,bent5pem,0.02715555374551439
600.9,28.8985,bent5pem,0.027180478315140883
602.2,28.926000000000005,bent5pem,0.027206343434564607
603.6,28.9515,bent5pem,0.027230327454393872
605.0,28.983,bent5pem,0.027259954773006495
606.4,29.014,bent5pem,0.027289111816720505
607.7,29.04800000000001,bent5pem,0.027321090509826205
609.1,29.087,bent5pem,0.02735777195191802
610.5,29.128499999999995,bent5pem,0.0273968047685029
611.9,29.172000000000004,bent5pem,0.027437718684682248
613.2,29.221,bent5pem,0.027483805624746328
614.6,29.2705,bent5pem,0.027530362839709024
616.0,29.3265,bent5pem,0.02758303362835369
617.3,29.380000000000003,bent5pem,0.027633353042505294
618.7,29.4355,bent5pem,0.027685553556251345
620.1,29.494,bent5pem,0.027740575719389076
621.5,29.55,bent5pem,0.027793246508033744
622.8,29.6045,bent5pem,0.02784450647198257
624.2,29.656500000000005,bent5pem,0.027893415061438335
625.5,29.710500000000003,bent5pem,0.027944204750488547
626.9,29.759500000000003,bent5pem,0.02799029169055263
628.3,29.807,bent5pem,0.02803496780592087
629.6,29.849999999999994,bent5pem,0.028075411447201593
631.0,29.891,bent5pem,0.028113973988887868
632.4,29.924,bent5pem,0.028145012132196334
633.7,29.956,bent5pem,0.02817510972570757
635.1,29.984,bent5pem,0.028201445120029908
636.5,30.01,bent5pem,0.02822589941475779
637.8,30.02650000000001,bent5pem,0.028241418486412026
639.2,30.039000000000005,bent5pem,0.02825317535887735
640.5,30.0465,bent5pem,0.028260229482356545
641.9,30.047500000000003,bent5pem,0.02826117003215377
643.2,30.038000000000004,bent5pem,0.028252234809080123
644.6,30.024,bent5pem,0.028239067111918953
646.0,30.0015,bent5pem,0.028217904741481364
647.3,29.974,bent5pem,0.028192039622057644
648.7,29.937,bent5pem,0.028157239279560275
650.0,29.904,bent5pem,0.028126201136251812
651.4,29.867999999999995,bent5pem,0.028092341343551663
652.7,29.8225,bent5pem,0.02804954632777788
654.1,29.758,bent5pem,0.027988880865856786
655.4,29.698,bent5pem,0.02793244787802322
656.8,29.643999999999995,bent5pem,0.027881658188972997
658.1,29.583500000000004,bent5pem,0.027824754926240824
659.5,29.5195,bent5pem,0.027764559739218344
660.8,29.4685,bent5pem,0.027716591699559808
662.2,29.424000000000007,bent5pem,0.027674737233583248
663.5,29.3815,bent5pem,0.02763476386720113
664.9,29.357,bent5pem,0.02761172039716909
666.2,29.350500000000004,bent5pem,0.027605606823487124
667.6,29.3605,bent5pem,0.027615012321459378
668.9,29.3795,bent5pem,0.027632882767606677
670.3,29.4215,bent5pem,0.027672385859090178
671.6,29.4795,bent5pem,0.0277269377473293
673.0,29.547,bent5pem,0.027790424858642065
674.3,29.643500000000007,bent5pem,0.027881187914074398
675.6,29.763,bent5pem,0.027993583614842922
677.0,29.879,bent5pem,0.028102687391321157
678.3,29.9925,bent5pem,0.02820943979330633
679.7,30.114,bent5pem,0.02832371659366931
681.0,30.241000000000003,bent5pem,0.028443166417917037
682.3,30.366000000000003,bent5pem,0.02856073514257031
683.7,30.494,bent5pem,0.02868112551661526
685.0,30.622,bent5pem,0.028801515890660212
686.4,30.7405,bent5pem,0.028912971041631513
687.7,30.8595,bent5pem,0.02902489646750143
689.0,30.9755,bent5pem,0.029134000243979667
690.4,31.091500000000003,bent5pem,0.02924310402045791
691.7,31.200000000000006,bent5pem,0.029345153673456952
693.0,31.3115,bent5pem,0.029450024975847665
694.4,31.419,bent5pem,0.029551134079049482
695.7,31.532,bent5pem,0.029657416206136038
697.0,31.642499999999995,bent5pem,0.029761346958729527
698.4,31.753499999999995,bent5pem,0.029865747986221634
699.7,31.866,bent5pem,0.029971559838409583
701.0,31.978,bent5pem,0.03007690141569892
702.4,32.090500000000006,bent5pem,0.03018271326788687
703.7,32.197,bent5pem,0.030282881821291453
705.0,32.305499999999995,bent5pem,0.03038493147429049
706.3,32.412,bent5pem,0.03048510002769508
707.7,32.51450000000001,bent5pem,0.030581506381910775
709.0,32.61399999999999,bent5pem,0.03067509108673476
710.3,32.71149999999999,bent5pem,0.030766794691964312
711.6,32.803999999999995,bent5pem,0.03085379554820774
713.0,32.896,bent5pem,0.030940326129552553
714.3,32.98550000000001,bent5pem,0.031024505336404305
715.6,33.075,bent5pem,0.031108684543256045
716.9,33.1605,bent5pem,0.03118910155091888
718.2,33.248000000000005,bent5pem,0.03127139965817618
719.6,33.3295,bent5pem,0.03134805446665011
720.9,33.416,bent5pem,0.03142941202411017
722.2,33.49550000000001,bent5pem,0.03150418573298966
723.5,33.57549999999999,bent5pem,0.031579429716767735
724.8,33.6555,bent5pem,0.031654673700545845
726.2,33.735,bent5pem,0.03172944740942532
727.5,33.811,bent5pem,0.03180092919401451
728.8,33.885,bent5pem,0.03187052987900925
730.1,33.9595,bent5pem,0.0319406008389026
731.4,34.0345,bent5pem,0.032011142073694564
732.7,34.105000000000004,bent5pem,0.032077450834399016
734.0,34.17700000000001,bent5pem,0.0321451704197993
735.3,34.2415,bent5pem,0.032205835881720386
736.7,34.308499999999995,bent5pem,0.03226885271813453
738.0,34.3725,bent5pem,0.03232904790515702
739.3,34.437,bent5pem,0.032389713367078105
740.6,34.4925,bent5pem,0.03244191388082416
741.9,34.55350000000001,bent5pem,0.03249928741845496
743.2,34.610499999999995,bent5pem,0.03255289875689684
744.5,34.66600000000001,bent5pem,0.03260509927064291
745.8,34.72,bent5pem,0.03265588895969311
747.1,34.769,bent5pem,0.032701975899757194
748.4,34.8185,bent5pem,0.0327485331147199
749.7,34.86900000000001,bent5pem,0.03279603087947982
751.0,34.91250000000001,bent5pem,0.03283694479565916
752.3,34.9605,bent5pem,0.03288209118592601
753.6,35.003,bent5pem,0.032922064552308124
754.9,35.0495,bent5pem,0.03296580011787914
756.2,35.091,bent5pem,0.03300483293446403
757.5,35.136,bent5pem,0.03304715767533921
758.8,35.177499999999995,bent5pem,0.033086190491924086
760.1,35.2175,bent5pem,0.033123812483813145
761.4,35.25450000000001,bent5pem,0.03315861282631052
762.7,35.29549999999999,bent5pem,0.033197175367996774
764.0,35.334500000000006,bent5pem,0.033233856810088606
765.3,35.371500000000005,bent5pem,0.03326865715258598
766.6,35.411500000000004,bent5pem,0.03330627914447502
767.9,35.45049999999999,bent5pem,0.033342960586566835
769.2,35.490500000000004,bent5pem,0.03338058257845589
770.4,35.527,bent5pem,0.033414912646054645
771.7,35.56349999999999,bent5pem,0.03344924271365339
773.0,35.60100000000001,bent5pem,0.0334845133310494
774.3,35.6395,bent5pem,0.03352072449824259
775.6,35.675,bent5pem,0.03355411401604412
776.9,35.71,bent5pem,0.03358703325894704
778.2,35.743500000000004,bent5pem,0.03361854167715412
779.4,35.7785,bent5pem,0.03365146092005703
780.7,35.81999999999999,bent5pem,0.03369049373664191
782.0,35.851000000000006,bent5pem,0.033719650780355936
783.3,35.886,bent5pem,0.03375257002325885
784.5,35.921,bent5pem,0.03378548926616176
785.8,35.9545,bent5pem,0.03381699768436884
787.1,35.987,bent5pem,0.033847565552778694
788.4,36.02,bent5pem,0.03387860369608715
789.7,36.0495,bent5pem,0.03390634991510533
790.9,36.0815,bent5pem,0.03393644750861656
792.2,36.111,bent5pem,0.033964193727634734
793.5,36.1435,bent5pem,0.03399476159604459
794.8,36.1715,bent5pem,0.03402109699036692
796.0,36.199,bent5pem,0.03404696210979064
797.3,36.2275,bent5pem,0.03407376777901159
798.5,36.25750000000001,bent5pem,0.034101984272928376
799.8,36.2845,bent5pem,0.034127379117453484
801.1,36.3125,bent5pem,0.03415371451177581
802.3,36.3375,bent5pem,0.034177228256706466
803.6,36.362,bent5pem,0.03420027172673851
804.9,36.38549999999999,bent5pem,0.034222374646973315
806.1,36.414,bent5pem,0.03424918031619427
807.4,36.4425,bent5pem,0.03427598598541522
808.7,36.4675,bent5pem,0.03429949973034587
809.9,36.4885,bent5pem,0.03431925127608762
811.2,36.511,bent5pem,0.034340413646525215
812.4,36.534,bent5pem,0.03436204629186141
813.7,36.55550000000001,bent5pem,0.034382268112501786
815.0,36.5785,bent5pem,0.034403900757837974
816.2,36.60099999999999,bent5pem,0.034425063128275556
817.5,36.618,bent5pem,0.03444105247482841
818.7,36.637,bent5pem,0.03445892292097571
820.0,36.655,bent5pem,0.034475852817325785
821.2,36.678,bent5pem,0.03449748546266198
822.5,36.700500000000005,bent5pem,0.034518647833099575
823.7,36.718,bent5pem,0.03453510745455103
825.0,36.741,bent5pem,0.03455674009988723
826.2,36.7515,bent5pem,0.03456661587275811
827.5,36.7685,bent5pem,0.034582605219310954
828.7,36.7845,bent5pem,0.03459765401606657
829.9,36.802,bent5pem,0.034614113637518026
831.2,36.8195,bent5pem,0.03463057325896948
832.4,36.836,bent5pem,0.03464609233062372
833.7,36.8505,bent5pem,0.034659730302683496
834.9,36.866,bent5pem,0.034674308824540506
836.1,36.8815,bent5pem,0.034688887346397516
837.4,36.89399999999999,bent5pem,0.03470064421886283
838.6,36.9135,bent5pem,0.03471898493990875
839.8,36.928,bent5pem,0.034732622911968526
841.1,36.937,bent5pem,0.034741087860143564
842.3,36.948,bent5pem,0.034751433907913055
843.5,36.96849999999999,bent5pem,0.034770715178756184
844.8,36.975,bent5pem,0.03477682875243816
846.0,36.9875,bent5pem,0.03478858562490349
847.2,37.004,bent5pem,0.03480410469655772
848.5,37.0175,bent5pem,0.034816802118820274
849.7,37.035,bent5pem,0.03483326174027173
850.9,37.0485,bent5pem,0.03484595916253428
852.2,37.057,bent5pem,0.034853953835810705
853.4,37.068,bent5pem,0.03486429988358019
854.6,37.0855,bent5pem,0.03488075950503165
855.8,37.097,bent5pem,0.03489157582769976
857.0,37.1065,bent5pem,0.0349005110507734
858.3,37.1135,bent5pem,0.03490709489935399
859.5,37.124,bent5pem,0.034916970672224865
860.7,37.13850000000001,bent5pem,0.03493060864428465
861.9,37.145500000000006,bent5pem,0.03493719249286523
863.1,37.15050000000001,bent5pem,0.03494189524185136
864.3,37.168,bent5pem,0.034958354863302815
865.5,37.1835,bent5pem,0.03497293338515982
866.8,37.19499999999999,bent5pem,0.034983749707827916
868.0,37.206,bent5pem,0.034994095755597414
869.2,37.21900000000001,bent5pem,0.03500632290296136
870.4,37.2235,bent5pem,0.03501055537704887
871.6,37.236,bent5pem,0.035022312249514194
872.8,37.2475,bent5pem,0.0350331285721823
874.0,37.25950000000001,bent5pem,0.035044415169749016
875.2,37.27550000000001,bent5pem,0.03505946396650463
876.4,37.2845,bent5pem,0.035067928914679664
877.6,37.2895,bent5pem,0.03507263166366579
878.8,37.294,bent5pem,0.03507686413775331
880.0,37.31649999999999,bent5pem,0.03509802650819089
881.2,37.3205,bent5pem,0.03510178870737981
882.4,37.3335,bent5pem,0.035114015854743746
883.6,37.34499999999999,bent5pem,0.03512483217741184
884.8,37.348000000000006,bent5pem,0.03512765382680353
886.0,37.35700000000001,bent5pem,0.035136118774978575
887.2,37.37100000000001,bent5pem,0.03514928647213974
888.4,37.38250000000001,bent5pem,0.035160102794807836
889.6,37.402,bent5pem,0.03517844351585374
890.8,37.412,bent5pem,0.035187849013826
892.0,37.422,bent5pem,0.03519725451179826
893.2,37.4285,bent5pem,0.03520336808548023
894.3,37.43499999999999,bent5pem,0.03520948165916219
895.5,37.43999999999999,bent5pem,0.03521418440814832
896.7,37.45099999999999,bent5pem,0.035224530455917814
897.9,37.4705,bent5pem,0.03524287117696374
899.1,37.48350000000001,bent5pem,0.03525509832432768
900.3,37.4945,bent5pem,0.035265444372097166
901.5,37.504000000000005,bent5pem,0.03527437959517082
902.6,37.4975,bent5pem,0.035268266021488845
903.8,37.514,bent5pem,0.035283785093143075
905.0,37.52,bent5pem,0.03528942839192643
906.2,37.538,bent5pem,0.035306358288276496
907.4,37.5525,bent5pem,0.03531999626033628
908.5,37.5555,bent5pem,0.03532281790972796
909.7,37.56,bent5pem,0.03532705038381548
910.9,37.5735,bent5pem,0.035339747806078035
912.1,37.578,bent5pem,0.035343980280165554
913.2,37.5875,bent5pem,0.0353529155032392
914.4,37.5965,bent5pem,0.03536138045141423
915.6,37.6155,bent5pem,0.035379250897561526
916.8,37.6345,bent5pem,0.03539712134370883
917.9,37.63850000000001,bent5pem,0.03540088354289774
919.1,37.6595,bent5pem,0.035420635088639484
920.2,37.648,bent5pem,0.035409818765971386
921.4,37.661,bent5pem,0.03542204591333532
922.6,37.67799999999999,bent5pem,0.03543803525988816
923.8,37.6865,bent5pem,0.03544602993316459
924.9,37.694,bent5pem,0.03545308405664379
926.1,37.7205,bent5pem,0.035478008626270284
927.2,37.7195,bent5pem,0.03547706807647305
928.4,37.7295,bent5pem,0.035486473574445315
929.6,37.726,bent5pem,0.03548318165015502
930.7,37.7445,bent5pem,0.03550058182140371
931.9,37.7555,bent5pem,0.035510927869173196
933.0,37.7685,bent5pem,0.03552315501653714
934.2,37.7745,bent5pem,0.0355287983153205
935.3,37.7845,bent5pem,0.03553820381329276
936.5,37.7865,bent5pem,0.0355400849128872
937.7,37.7895,bent5pem,0.03554290656227888
938.8,37.803,bent5pem,0.03555560398454144
940.0,37.821,bent5pem,0.03557253388089151
941.1,37.843,bent5pem,0.03559322597643049
942.3,37.849,bent5pem,0.03559886927521384
943.4,37.852,bent5pem,0.03560169092460552
944.6,37.8625,bent5pem,0.03561156669747639
945.7,37.85449999999999,bent5pem,0.035604042299098575
946.9,37.846,bent5pem,0.035596047625822164
948.0,37.87650000000001,bent5pem,0.03562473439463757
949.2,37.894000000000005,bent5pem,0.03564119401608903
950.3,37.8995,bent5pem,0.03564636703997377
951.5,37.8985,bent5pem,0.03564542649017654
952.6,37.8925,bent5pem,0.03563978319139318
953.8,37.885000000000005,bent5pem,0.03563272906791399
954.9,37.897,bent5pem,0.0356440156654807
956.1,37.914,bent5pem,0.03566000501203355
957.2,37.935,bent5pem,0.0356797565577753
958.3,37.943,bent5pem,0.0356872809561531
959.5,37.936,bent5pem,0.035680697107572525
960.6,37.9295,bent5pem,0.03567458353389055
961.8,37.945,bent5pem,0.035689162055747556
962.9,37.9615,bent5pem,0.03570468112740179
964.1,37.96600000000001,bent5pem,0.03570891360148932
965.2,37.96900000000001,bent5pem,0.03571173525088099
966.3,37.9845,bent5pem,0.03572631377273799
967.5,37.9855,bent5pem,0.03572725432253522
968.6,37.99100000000001,bent5pem,0.035732427346419966
969.8,37.9965,bent5pem,0.035737600370304705
970.9,38.03600000000001,bent5pem,0.03577475208729515
972.1,38.0585,bent5pem,0.03579591445773273
973.2,38.060500000000005,bent5pem,0.035797795557327185
974.3,38.057,bent5pem,0.03579450363303689
975.5,38.06949999999999,bent5pem,0.03580626050550221
976.6,38.072,bent5pem,0.03580861187999529
977.8,38.078,bent5pem,0.03581425517877864
978.9,38.084500000000006,bent5pem,0.03582036875246061
980.0,38.0945,bent5pem,0.03582977425043287
981.2,38.1165,bent5pem,0.03585046634597185
982.3,38.075500000000005,bent5pem,0.03581190380428558
983.5,38.078,bent5pem,0.03581425517877864
984.6,38.085,bent5pem,0.035820839027359226
985.7,38.062,bent5pem,0.03579920638202302
986.9,38.0765,bent5pem,0.0358128443540828
988.0,38.083000000000006,bent5pem,0.03581895792776477
989.1,38.0895,bent5pem,0.035825071501446745
992.0,38.29950000000001,bent5pem,0.03602258695886425
995.9,38.3245,bent5pem,0.036046100703794895
999.7,38.3305,bent5pem,0.036051744002578254
1003.6,38.3755,bent5pem,0.03609406874345343
1007.4,38.401,bent5pem,0.0361180527632827
1011.3,38.445,bent5pem,0.03615943695436065
1015.1,38.48,bent5pem,0.03619235619726356
1019.0,38.49,bent5pem,0.03620176169523583
1022.8,38.518,bent5pem,0.03622809708955816
1026.7,38.5465,bent5pem,0.03625490275877911
1030.5,38.583,bent5pem,0.03628923282637786
1034.4,38.57950000000001,bent5pem,0.03628594090208758
1038.2,38.623,bent5pem,0.03632685481826691
1042.1,38.664,bent5pem,0.03636541735995318
1045.9,38.672,bent5pem,0.036372941758330994
1049.7,38.709500000000006,bent5pem,0.03640821237572698
1053.6,38.676,bent5pem,0.0363767039575199
1057.4,38.749,bent5pem,0.03644536409271741
1061.2,38.7635,bent5pem,0.03645900206477719
1065.1,38.764500000000005,bent5pem,0.03645994261457442
1068.9,38.81100000000001,bent5pem,0.03650367818014544
1072.7,38.84400000000001,bent5pem,0.036534716323453904
1076.6,38.838,bent5pem,0.03652907302467054
1080.4,38.847,bent5pem,0.03653753797284558
1084.2,38.874,bent5pem,0.036562932817370684
1088.0,38.9155,bent5pem,0.03660196563395557
1091.8,38.925,bent5pem,0.03661090085702921
1095.7,38.958,bent5pem,0.03664193900033768
1099.5,38.976,bent5pem,0.036658868896687756
1103.3,39.001,bent5pem,0.036682382641618404
1107.1,39.014500000000005,bent5pem,0.03669508006388097
1110.9,39.0125,bent5pem,0.036693198964286515
1114.8,39.038,bent5pem,0.036717182984115776
1118.6,39.0365,bent5pem,0.036715772159419936
1122.4,39.0915,bent5pem,0.036767502398267385
1126.2,39.126000000000005,bent5pem,0.036799951366271684
1130.0,39.1165,bent5pem,0.03679101614319803
1133.8,39.10449999999999,bent5pem,0.03677972954563131
1137.6,39.105,bent5pem,0.03678019982052993
1141.4,39.1245,bent5pem,0.03679854054157584
1145.2,39.108,bent5pem,0.03678302146992161
1149.0,39.107000000000006,bent5pem,0.03678208092012439
1152.8,39.11399999999999,bent5pem,0.03678866476870496
1156.6,39.1375,bent5pem,0.03681076768893979
1160.4,39.1505,bent5pem,0.036822994836303725
1164.2,39.205500000000015,bent5pem,0.036874725075151174
1168.0,39.216,bent5pem,0.03688460084802204
1171.8,39.27,bent5pem,0.03693539053707225
1175.6,39.309000000000005,bent5pem,0.03697207197916408
1179.4,39.35699999999999,bent5pem,0.03701721836943092
1183.2,39.379000000000005,bent5pem,0.03703791046496991
1187.0,39.41949999999999,bent5pem,0.03707600273175756
1190.7,39.4515,bent5pem,0.03710610032526881
1194.5,39.462,bent5pem,0.037115976098139686
1198.3,39.5095,bent5pem,0.03716065221350793
1202.1,39.5155,bent5pem,0.03716629551229128
1205.9,39.50849999999999,bent5pem,0.03715971166371069
1209.7,39.5465,bent5pem,0.037195452556005294
1213.4,39.560500000000005,bent5pem,0.037208620253166465
1217.2,39.569500000000005,bent5pem,0.037217085201341496
1221.0,39.59,bent5pem,0.03723636647218463
1224.8,39.605,bent5pem,0.03725047471914302
1228.5,39.6315,bent5pem,0.03727539928876952
1232.3,39.669,bent5pem,0.037310669906165495
1236.1,39.6835,bent5pem,0.03732430787822528
1239.8,39.6595,bent5pem,0.03730173468309185
1243.6,39.71900000000001,bent5pem,0.03735769739602682
1247.4,39.74600000000001,bent5pem,0.037383092240551925
1251.1,39.7315,bent5pem,0.037369454268492135
1254.9,39.78,bent5pem,0.037415070933657604
1258.7,39.81499999999999,bent5pem,0.03744799017656052
1262.4,39.82399999999999,bent5pem,0.03745645512473555
1266.2,39.82199999999999,bent5pem,0.037454574025141095
1269.9,39.828,bent5pem,0.03746021732392447
1273.7,39.847,bent5pem,0.037478087770071764
1277.4,39.871500000000005,bent5pem,0.037501131240103805
1281.2,39.9095,bent5pem,0.0375368721323984
1284.9,39.874,bent5pem,0.03750348261459687
1288.7,39.92,bent5pem,0.037546747905269275
1292.4,39.883500000000005,bent5pem,0.03751241783767052
1296.2,39.921,bent5pem,0.037547688455066494
1299.9,39.9115,bent5pem,0.03753875323199284
1303.7,39.9365,bent5pem,0.037562266976923504
1307.4,39.9345,bent5pem,0.03756038587732905
1311.2,39.94049999999999,bent5pem,0.0375660291761124
1314.9,39.92299999999999,bent5pem,0.03754956955466094
1318.7,39.9305,bent5pem,0.037556623678140146
1322.4,39.9065,bent5pem,0.03753405048300672
1326.1,39.9015,bent5pem,0.037529347734020585
1329.9,39.897000000000006,bent5pem,0.03752511525993307
1333.6,39.877,bent5pem,0.03750630426398855
1337.3,39.878,bent5pem,0.03750724481378577
1341.1,39.8575,bent5pem,0.037487963542942634
1344.8,39.827,bent5pem,0.037459276774127234
1348.5,39.7905,bent5pem,0.03742494670652848
1352.2,39.7625,bent5pem,0.03739861131220615
1356.0,39.717,bent5pem,0.03735581629643236
1359.7,39.657500000000006,bent5pem,0.037299853583497404
1363.4,39.5545,bent5pem,0.0372029769543831
1367.1,39.51800000000001,bent5pem,0.037168646886784354
1370.8,39.4175,bent5pem,0.03707412163216311
1374.6,39.277,bent5pem,0.03694197438565284
1378.3,39.0425,bent5pem,0.036721415458203295
1382.0,38.7675,bent5pem,0.036462764263966094
1385.7,38.4045,bent5pem,0.03612134468757299
1389.4,37.9805,bent5pem,0.03572255157354909
1393.1,37.4765,bent5pem,0.03524851447574709
1396.8,36.905,bent5pem,0.034710990266632324
1400.5,36.3265,bent5pem,0.03416688220893698
1404.2,35.854,bent5pem,0.03372247242974761
1407.9,35.5155,bent5pem,0.03340409632338655
1411.7,35.4345,bent5pem,0.033327911789811225
1415.4,35.583499999999994,bent5pem,0.03346805370959792
1419.1,35.923500000000004,bent5pem,0.03378784064065483
1422.8,36.3055,bent5pem,0.03414713066319523
1426.4,36.7225,bent5pem,0.03453933992863854
1430.2,37.054,bent5pem,0.03485113218641903
1433.8,37.33149999999999,bent5pem,0.03511213475514929
1437.5,37.5395,bent5pem,0.035307769112972336
1441.2,37.6745,bent5pem,0.035434743335597874
1444.9,37.794500000000006,bent5pem,0.03554760931126502
1448.6,37.869,bent5pem,0.035617680271158365
1452.3,37.9345,bent5pem,0.035679286282876685
1456.0,37.963,bent5pem,0.03570609195209763
1459.7,38.02799999999999,bent5pem,0.035767227688917325
1463.3,38.02799999999999,bent5pem,0.035767227688917325
1467.0,38.176,bent5pem,0.03590642905890681
1470.7,38.254000000000005,bent5pem,0.03597979194309046
1474.4,38.36300000000001,bent5pem,0.03608231187098811
1478.1,38.43599999999999,bent5pem,0.03615097200618561
1481.7,38.57900000000001,bent5pem,0.03628547062718897
1485.4,38.656,bent5pem,0.03635789296157537
1489.1,38.718,bent5pem,0.036416207049003405
1492.8,38.7765,bent5pem,0.03647122921214113
1496.4,38.8565,bent5pem,0.03654647319591922
1500.1,38.92999999999999,bent5pem,0.036615603606015346
1503.8,39.0,bent5pem,0.036681442091821184
1507.4,39.060500000000005,bent5pem,0.03673834535455337
1511.1,39.123000000000005,bent5pem,0.036797129716880005
1514.7,39.188,bent5pem,0.036858265453699704
1518.4,39.2345,bent5pem,0.03690200101927072
1522.1,39.273,bent5pem,0.03693821218646393
1525.7,39.32000000000001,bent5pem,0.03698241802693357
1529.4,39.357000000000006,bent5pem,0.037017218369430935
1533.0,39.38850000000001,bent5pem,0.03704684568804356
1536.7,39.4335,bent5pem,0.03708917042891874
1540.3,39.466,bent5pem,0.037119738297328585
1544.0,39.508,bent5pem,0.03715924138881209
1547.6,39.537,bent5pem,0.03718651733293164
1551.3,39.58599999999999,bent5pem,0.03723260427299572
1554.9,39.63,bent5pem,0.03727398846407368
1558.6,39.647000000000006,bent5pem,0.037289977810626526
1562.2,39.693,bent5pem,0.03733324310129892
1565.8,39.71849999999999,bent5pem,0.03735722712112819
1569.5,39.74300000000001,bent5pem,0.037380270591160246
1573.1,39.778000000000006,bent5pem,0.03741318983406316
1576.8,39.797,bent5pem,0.03743106028021045
1580.4,39.8215,bent5pem,0.037454103750242496
1584.0,39.83149999999999,bent5pem,0.037463509248214746
1587.7,39.87349999999999,bent5pem,0.03750301233969825
1591.3,39.89700000000001,bent5pem,0.03752511525993308
1594.9,39.91700000000001,bent5pem,0.0375439262558776
1598.5,39.9395,bent5pem,0.037565088626315184
1602.2,39.969,bent5pem,0.03759283484533336
1605.8,39.972,bent5pem,0.03759565649472504
1609.4,40.01800000000001,bent5pem,0.03763892178539745
1613.0,40.034000000000006,bent5pem,0.037653970582153064
1616.7,40.0635,bent5pem,0.037681716801171224
1620.3,40.0795,bent5pem,0.037696765597926854
1623.9,40.0885,bent5pem,0.037705230546101885
1627.5,40.111,bent5pem,0.03772639291653947
1631.1,40.1215,bent5pem,0.037736268689410345
1634.7,40.133,bent5pem,0.03774708501207845
1638.3,40.16100000000001,bent5pem,0.03777342040640079
1641.9,40.17550000000001,bent5pem,0.03778705837846057
1645.6,40.172,bent5pem,0.03778376645417027
1649.2,40.1965,bent5pem,0.03780680992420231
1652.8,40.2115,bent5pem,0.037820918171160706
1656.4,40.1895,bent5pem,0.03780022607562173
1660.0,40.199,bent5pem,0.037809161298695375
1663.6,40.1985,bent5pem,0.03780869102379677
1667.2,40.173,bent5pem,0.0377847070039675
1670.8,40.1845,bent5pem,0.0377955233266356
1674.4,40.1725,bent5pem,0.03778423672906888
1678.0,40.164,bent5pem,0.03777624205579246
1681.6,40.1345,bent5pem,0.03774849583677429
1685.1,40.1365,bent5pem,0.03775037693636874
1688.7,40.138,bent5pem,0.03775178776106458
1692.3,40.1275,bent5pem,0.0377419119881937
1695.9,40.10350000000001,bent5pem,0.03771933879306029
1699.5,40.091,bent5pem,0.03770758192059495
1703.1,40.07899999999999,bent5pem,0.03769629532302823
1706.7,40.076,bent5pem,0.037693473673636554
1710.2,40.05650000000001,bent5pem,0.03767513295259065
1713.8,40.0215,bent5pem,0.03764221370968773
1717.4,40.0035,bent5pem,0.037625283813337664
1721.0,39.94199999999999,bent5pem,0.03756744000080824
1724.5,39.9035,bent5pem,0.03753122883361504
1728.1,39.844,bent5pem,0.037475266120680084
1731.7,39.852,bent5pem,0.03748279051905789
1735.2,39.819500000000005,bent5pem,0.03745222265064804
1738.8,39.78349999999999,bent5pem,0.03741836285794789
1742.4,39.76199999999999,bent5pem,0.03739814103730753
1745.9,39.7385,bent5pem,0.03737603811707272
1749.5,39.726,bent5pem,0.03736428124460739
1753.1,39.6855,bent5pem,0.03732618897781973
1756.6,39.6525,bent5pem,0.03729515083451127
1760.2,39.595,bent5pem,0.037241069221170764
1763.8,39.612,bent5pem,0.03725705856772361
1767.3,39.578500000000005,bent5pem,0.037225550149516534
1770.9,39.547,bent5pem,0.0371959228309039
1774.4,39.546,bent5pem,0.03719498228110668
1778.0,39.520500000000006,bent5pem,0.03717099826127741
1781.5,39.525,bent5pem,0.037175230735364925
1785.1,39.506,bent5pem,0.03715736028921763
1788.6,39.5005,bent5pem,0.03715218726533289
1792.1,39.51199999999999,bent5pem,0.03716300358800098
1795.7,39.499,bent5pem,0.03715077644063705
1799.2,39.4985,bent5pem,0.03715030616573844
1802.8,39.452000000000005,bent5pem,0.03710657060016742
1806.3,39.471500000000006,bent5pem,0.03712491132121334
1809.8,39.4815,bent5pem,0.03713431681918559
1813.4,39.44850000000001,bent5pem,0.037103278675877135
1816.9,39.462,bent5pem,0.037115976098139686
1820.4,39.3995,bent5pem,0.037057191735813046
1824.0,39.43750000000001,bent5pem,0.037092932628107644
1827.5,39.426,bent5pem,0.03708211630543954
1831.0,39.43300000000001,bent5pem,0.037088700154020125
1834.6,39.4155,bent5pem,0.03707224053256866
1838.1,39.403,bent5pem,0.03706048366010333
1841.6,39.3695,bent5pem,0.03702897524189626
1845.1,39.34,bent5pem,0.037001229022878085
1848.6,39.28499999999999,bent5pem,0.036949498784030636
1852.2,39.2295,bent5pem,0.036897298270284595
1855.7,39.117,bent5pem,0.036791486418096646
1859.2,39.006,bent5pem,0.03668708539060454
1862.7,38.831500000000005,bent5pem,0.036522959450988574
1866.2,38.541,bent5pem,0.03624972973489436
1869.7,38.161,bent5pem,0.03589232081194842
1873.2,37.6785,bent5pem,0.03543850553478678
1876.7,37.0795,bent5pem,0.0348751162062483
1880.2,36.301,bent5pem,0.034142898189107714
1883.7,35.3,bent5pem,0.0332014078420843
1887.2,34.0355,bent5pem,0.03201208262349179
1890.7,32.6235,bent5pem,0.030684026309808418
1894.2,31.237,bent5pem,0.029379954015954314
1897.7,30.036,bent5pem,0.02825035370948567
1902.7,28.924499999999995,bent5pem,0.027204932609868757
1905.5,28.6135,bent5pem,0.02691242162293142
1908.2,28.591500000000003,bent5pem,0.02689172952739245
1911.0,28.746,bent5pem,0.02703704447106389
1913.7,29.025,bent5pem,0.027299457864489993
1916.5,29.367999999999995,bent5pem,0.027622066444938573
1919.2,29.71999999999999,bent5pem,0.027953139973562184
1921.9,30.0265,bent5pem,0.02824141848641202
1924.7,30.329500000000003,bent5pem,0.028526405074971554
1927.4,30.577000000000005,bent5pem,0.02875919114978504
1930.1,30.753500000000003,bent5pem,0.028925198188995457
1932.9,30.901000000000003,bent5pem,0.02906392928408632
1935.6,31.028,bent5pem,0.029183379108334042
1938.3,31.141,bent5pem,0.029289661235420598
1941.0,31.246500000000005,bent5pem,0.02938888923902797
1943.7,31.3695,bent5pem,0.029504576864086782
1946.4,31.484,bent5pem,0.029612269815869185
1949.2,31.607000000000006,bent5pem,0.02972795744092801
1951.9,31.758500000000005,bent5pem,0.029870450735207773
1954.6,31.922,bent5pem,0.03002423062705425
1957.3,32.093,bent5pem,0.03018506464237993
1960.0,32.26100000000001,bent5pem,0.030343077008313936
1962.7,32.41700000000001,bent5pem,0.03048980277668122
1965.4,32.567499999999995,bent5pem,0.03063135552116375
1968.1,32.72,bent5pem,0.030774789365240744
1970.7,32.876999999999995,bent5pem,0.030922455683405254
1973.4,33.04600000000001,bent5pem,0.03108140859913649
1976.1,33.2185,bent5pem,0.031243653439157998
1978.8,33.397,bent5pem,0.03141154157796287
1981.5,33.5855,bent5pem,0.03158883521474001
1984.1,33.7685,bent5pem,0.0317609558276324
1986.8,33.959,bent5pem,0.03194013056400399
1989.5,34.163,bent5pem,0.03213200272263813
1992.1,34.385000000000005,bent5pem,0.03234080477762235
1994.8,34.6045,bent5pem,0.03254725545811349
1997.5,34.794,bent5pem,0.03272548964468785
2000.1,34.998999999999995,bent5pem,0.03291830235311922
2002.8,35.201,bent5pem,0.03310829341215891
2005.4,35.395,bent5pem,0.033290760072820794
2008.1,35.583000000000006,bent5pem,0.03346758343469931
2010.7,35.76350000000001,bent5pem,0.03363735267309864
2013.4,35.9265,bent5pem,0.0337906622900465
2016.0,36.071000000000005,bent5pem,0.033926571735745696
2018.6,36.20800000000001,bent5pem,0.03405542705796569
2021.3,36.3375,bent5pem,0.034177228256706466
2023.9,36.46399999999999,bent5pem,0.03429620780605557
2026.5,36.59150000000001,bent5pem,0.034416127905201925
2029.2,36.703,bent5pem,0.03452099920759264
2031.8,36.786,bent5pem,0.03459906484076241
2034.4,36.877,bent5pem,0.03468465487231
2037.0,36.9535,bent5pem,0.034756606931797794
2039.7,37.01100000000001,bent5pem,0.03481068854513831
2042.3,37.06499999999999,bent5pem,0.03486147823418851
2044.9,37.124,bent5pem,0.034916970672224865
2047.5,37.17549999999999,bent5pem,0.034965408986782
2050.1,37.2135,bent5pem,0.035001149879076605
2052.7,37.243,bent5pem,0.03502889609809478
2055.3,37.277,bent5pem,0.035060874791200465
2057.9,37.319,bent5pem,0.03510037788268397
2060.5,37.3475,bent5pem,0.03512718355190491
2063.1,37.3685,bent5pem,0.03514693509764666
2065.7,37.39450000000001,bent5pem,0.035171389392374554
2068.3,37.429,bent5pem,0.035203838360378846
2070.9,37.4525,bent5pem,0.03522594128061366
2073.4,37.465,bent5pem,0.03523769815307899
2076.0,37.488,bent5pem,0.035259330798415194
2078.6,37.513000000000005,bent5pem,0.03528284454334585
2081.2,37.51800000000001,bent5pem,0.03528754729233199
2083.7,37.532500000000006,bent5pem,0.035301185264391764
2086.3,37.547,bent5pem,0.035314823236451534
2088.9,37.56,bent5pem,0.03532705038381548
2091.4,37.5695,bent5pem,0.03533598560688912
2094.0,37.57449999999999,bent5pem,0.03534068835587525
2096.6,37.591,bent5pem,0.03535620742752949
2099.1,37.6155,bent5pem,0.035379250897561526
2101.6,37.64450000000001,bent5pem,0.0354065268416811
2104.2,37.6705,bent5pem,0.03543098113640897
2106.8,37.7025,bent5pem,0.03546107872992021
2109.3,37.7505,bent5pem,0.035506225120187064
2111.8,37.7975,bent5pem,0.035550430960656694
2114.4,37.837,bent5pem,0.03558758267764713
2116.9,37.8875,bent5pem,0.035635080442407055
2119.4,37.9335,bent5pem,0.03567834573307946
2122.0,37.961,bent5pem,0.03570421085250317
2124.5,37.9745,bent5pem,0.03571690827476573
2127.0,37.991,bent5pem,0.03573242734641996
2129.6,38.0155,bent5pem,0.03575547081645201
2132.1,38.010000000000005,bent5pem,0.03575029779256726
2134.6,37.995,bent5pem,0.035736189545608865
2137.1,37.9745,bent5pem,0.03571690827476573
2139.6,37.924,bent5pem,0.03566941051000581
2142.1,37.86900000000001,bent5pem,0.03561768027115837
2144.6,37.8145,bent5pem,0.035566420307209544
2147.1,37.756,bent5pem,0.03551139814407181
2149.6,37.68600000000001,bent5pem,0.035445559658265985
2152.1,37.5795,bent5pem,0.03534539110486139
2154.6,37.4515,bent5pem,0.03522500073081644
2157.1,37.29750000000001,bent5pem,0.03508015606204361
2159.6,37.1165,bent5pem,0.034909916548745666
2162.1,36.918,bent5pem,0.03472321741399627
2164.6,36.67999999999999,bent5pem,0.034499366562256426
2167.1,36.4275,bent5pem,0.03426187773845683
2169.6,36.1605,bent5pem,0.03401075094259743
2172.0,35.876999999999995,bent5pem,0.033744105075083804
2174.5,35.574,bent5pem,0.033459118486524275
2177.0,35.2625,bent5pem,0.03316613722468832
2179.4,34.9545,bent5pem,0.032876447887142654
2181.9,34.6465,bent5pem,0.03258675854959699
2184.4,34.3015,bent5pem,0.03226226886955395
2186.8,33.9665,bent5pem,0.031947184687483185
2189.3,33.638,bent5pem,0.03163821407909438
2191.7,33.3085,bent5pem,0.03132830292090836
2194.2,32.991,bent5pem,0.03102967836028904
2196.6,32.698,bent5pem,0.03075409726970177
2199.1,32.444,bent5pem,0.03051519762120632
2201.5,32.26950000000001,bent5pem,0.030351071681590357
2204.0,32.16,bent5pem,0.03024808147879408
2206.4,32.1325,bent5pem,0.030222216359370363
2208.9,32.1845,bent5pem,0.030271124948826125
2211.3,32.302,bent5pem,0.0303816395500002
2213.7,32.475,bent5pem,0.030544354664920333
2216.1,32.6495,bent5pem,0.030708480604536303
2218.6,32.847,bent5pem,0.030894239189488474
2221.0,33.05599999999999,bent5pem,0.031090814097108736
2223.4,33.2645,bent5pem,0.0312869187298304
2225.8,33.447500000000005,bent5pem,0.0314590393427228
2228.2,33.6135,bent5pem,0.03161517060906234
2230.6,33.764,bent5pem,0.03175672335354488
2233.1,33.8905,bent5pem,0.031875702902893994
2235.5,34.011,bent5pem,0.03198903915345975
2237.9,34.160000000000004,bent5pem,0.03212918107324646
2240.3,34.306,bent5pem,0.03226650134364147
2242.7,34.422999999999995,bent5pem,0.032376545669916934
2245.1,34.5225,bent5pem,0.032470130374740946
2247.5,34.618,bent5pem,0.032559952880376046
2249.9,34.687,bent5pem,0.03262485081638465
2252.2,34.753499999999995,bent5pem,0.03268739737790019
2254.6,34.818,bent5pem,0.032748062839821276
2257.0,34.84949999999999,bent5pem,0.032777690158433896
2259.4,34.8635,bent5pem,0.032790857855595074
2261.8,34.88850000000001,bent5pem,0.032814371600525735
2264.1,34.902,bent5pem,0.03282706902278828
2266.5,34.8915,bent5pem,0.03281719324991741
2268.9,34.8985,bent5pem,0.032823777098497986
2271.2,34.8955,bent5pem,0.03282095544910631
2273.6,34.8525,bent5pem,0.03278051180782558
2276.0,34.831500000000005,bent5pem,0.03276076026208384
2278.3,34.809999999999995,bent5pem,0.032740538441443465
2280.7,34.7615,bent5pem,0.032694921776278
2283.0,34.7135,bent5pem,0.032649775386011146
2285.4,34.671499999999995,bent5pem,0.03261027229452764
2287.7,34.60850000000001,bent5pem,0.0325510176573024
2290.1,34.5415,bent5pem,0.03248800082088824
2292.4,34.4885,bent5pem,0.032438151681635254
2294.8,34.405,bent5pem,0.032359615773566865
2297.1,34.3325,bent5pem,0.032291425913267974
2299.4,34.25750000000001,bent5pem,0.03222088467847601
2301.8,34.185500000000005,bent5pem,0.032153165093075725
2304.1,34.12399999999999,bent5pem,0.0320953212805463
2306.4,34.061499999999995,bent5pem,0.032036536918219664
2308.7,34.004000000000005,bent5pem,0.03198245530487917
2311.1,33.955,bent5pem,0.03193636836481508
2313.4,33.932,bent5pem,0.031914735719478886
2315.7,33.896,bent5pem,0.03188087592677874
2318.0,33.854499999999994,bent5pem,0.03184184311019385
2320.3,33.8085,bent5pem,0.03179857781952145
2322.6,33.766,bent5pem,0.031758604453139334
2324.9,33.717,bent5pem,0.03171251751307525
2327.2,33.654,bent5pem,0.031653262875850005
2329.5,33.58399999999999,bent5pem,0.03158742439004416
2331.8,33.522000000000006,bent5pem,0.03152911030261615
2334.1,33.453500000000005,bent5pem,0.031464682641506155
2336.4,33.346000000000004,bent5pem,0.03136357353830434
2338.7,33.2445,bent5pem,0.03126810773388588
2341.0,33.17550000000001,bent5pem,0.031203209797877277
2343.2,33.094,bent5pem,0.03112655498940334
2345.5,32.99699999999999,bent5pem,0.03103532165907239
2347.8,32.916000000000004,bent5pem,0.030959137125497083
2350.1,32.82100000000001,bent5pem,0.030869784894760603
2352.4,32.755,bent5pem,0.030807708608143664
2354.6,32.6945,bent5pem,0.030750805345411476
2356.9,32.611000000000004,bent5pem,0.030672269437343094
2359.1,32.526500000000006,bent5pem,0.030592792979477486
2361.4,32.478,bent5pem,0.03054717631431201
2363.7,32.410999999999994,bent5pem,0.03048415947789785
2365.9,32.3425,bent5pem,0.03041973181678786
2368.2,32.292,bent5pem,0.03037223405202794
2370.4,32.224,bent5pem,0.030308276665816557
2372.7,32.1445,bent5pem,0.030233502956937077
2374.9,32.0555,bent5pem,0.03014979402498395
2377.2,31.9725,bent5pem,0.030071728391814174
2379.4,31.8875,bent5pem,0.029991781659049945
2381.6,31.805,bent5pem,0.029914186300778786
2383.9,31.728,bent5pem,0.029841763966392373
2386.1,31.623,bent5pem,0.02974300623768362
2388.3,31.515500000000003,bent5pem,0.02964189713448181
2390.6,31.426,bent5pem,0.02955771792763006
2392.8,31.322,bent5pem,0.02945990074871854
2395.0,31.221,bent5pem,0.029364905219198698
2397.2,31.13150000000001,bent5pem,0.02928072601234696
2399.4,31.03,bent5pem,0.029185260207928495
2401.6,30.9125,bent5pem,0.02907474560675442
2403.9,30.805499999999995,bent5pem,0.028974106778451213
2406.1,30.7075,bent5pem,0.02888193289832305
2408.3,30.6295,bent5pem,0.028808570014139407
2410.5,30.5085,bent5pem,0.02869476348867504
2412.7,30.3795,bent5pem,0.02857343256483286
2414.9,30.246500000000005,bent5pem,0.028448339441801782
2417.1,30.1335,bent5pem,0.028342057314715223
2419.2,30.041500000000003,bent5pem,0.028255526733370413
2421.4,29.9195,bent5pem,0.028140779658108815
2423.6,29.793499999999995,bent5pem,0.028022270383658312
2425.8,29.677,bent5pem,0.027912696332281467
2428.0,29.5755,bent5pem,0.027817230527863012
2430.2,29.455,bent5pem,0.027703894277297254
2432.3,29.3145,bent5pem,0.027571747030786974
2434.5,29.186499999999995,bent5pem,0.027451356656742018
2436.7,29.0785,bent5pem,0.027349777278641595
2438.8,28.973000000000003,bent5pem,0.027250549275034237
2441.0,28.853500000000004,bent5pem,0.02713815357426571
2443.2,28.7315,bent5pem,0.027023406499004112
2445.3,28.628000000000004,bent5pem,0.026926059594991204
2447.5,28.51,bent5pem,0.026815074718918513
2449.6,28.401,bent5pem,0.026712554791020856
2451.8,28.287,bent5pem,0.02660533211413707
2453.9,28.1885,bent5pem,0.026512687959110295
2456.1,28.119,bent5pem,0.026447319748203073
2458.2,28.0575,bent5pem,0.026389475935673663
2460.4,27.985000000000003,bent5pem,0.026321286075374768
2462.5,27.892000000000003,bent5pem,0.02623381494423273
2464.6,27.8025,bent5pem,0.026149635737380984
2466.8,27.7425,bent5pem,0.026093202749547413
2468.9,27.690000000000005,bent5pem,0.026043823885193045
2471.0,27.6345,bent5pem,0.025991623371446986
2473.1,27.599999999999994,bent5pem,0.025959174403442677
2475.2,27.5425,bent5pem,0.02590509279010218
2477.4,27.4865,bent5pem,0.02585242200145751
2479.5,27.4395,bent5pem,0.025808216160987878
2481.6,27.391,bent5pem,0.025762599495822408
2483.7,27.339500000000005,bent5pem,0.025714161181265266
2485.8,27.303,bent5pem,0.025679831113666507
2487.9,27.263,bent5pem,0.02564220912177746
2490.0,27.223000000000003,bent5pem,0.025604587129888414
2492.1,27.182500000000005,bent5pem,0.025566494863100756
2494.2,27.1515,bent5pem,0.02553733781938674
2496.3,27.102,bent5pem,0.025490780604424043
2498.4,27.082,bent5pem,0.02547196960847952
2500.5,27.0535,bent5pem,0.025445163939258574
2502.6,27.0255,bent5pem,0.02541882854493624
2504.7,27.007,bent5pem,0.025401428373687557
2506.7,27.0,bent5pem,0.02539484452510697
2508.8,26.972500000000004,bent5pem,0.025368979405683254
2510.9,26.9745,bent5pem,0.025370860505277704
2513.0,27.065,bent5pem,0.025455980261926674
339.3,23.2055,bent5ppfm,0.01830452023436018
340.8,21.905,bent5ppfm,0.017278684610702623
342.3,21.019,bent5ppfm,0.016579806977053566
343.7,20.005000000000003,bent5ppfm,0.015779962822967633
345.2,19.878,bent5ppfm,0.01567978510347166
346.7,19.271500000000003,bent5ppfm,0.015201377332807835
348.1,18.825,bent5ppfm,0.01484917771269011
349.6,18.395499999999995,bent5ppfm,0.014510387708567907
351.1,18.089,bent5ppfm,0.014268620220178028
352.5,17.659,bent5ppfm,0.013929435815585372
354.0,17.6055,bent5ppfm,0.013887234965246518
355.5,17.502000000000002,bent5ppfm,0.01380559406786201
357.0,17.445500000000003,bent5ppfm,0.013761026814700417
358.4,17.228,bent5ppfm,0.013589462610051806
359.9,17.056500000000003,bent5ppfm,0.0134541832486852
361.4,16.9735,bent5ppfm,0.013388712770589407
362.8,16.866500000000002,bent5ppfm,0.0133043110699117
364.3,17.041,bent5ppfm,0.013441956834101045
365.8,17.094,bent5ppfm,0.013483763283969443
367.2,17.1455,bent5ppfm,0.013524386532426469
368.7,17.124999999999996,bent5ppfm,0.013508216113137747
370.1,17.2065,bent5ppfm,0.01357250338982217
371.6,17.2685,bent5ppfm,0.013621409048158787
373.1,17.357,bent5ppfm,0.0136912179314296
374.5,17.441499999999998,bent5ppfm,0.013757871610936761
376.0,17.494,bent5ppfm,0.013799283660334703
377.5,17.625,bent5ppfm,0.013902616583594325
378.9,17.762,bent5ppfm,0.014010682312499429
380.4,17.8795,bent5ppfm,0.014103366423056724
381.9,18.0015,bent5ppfm,0.014199600137848128
383.3,18.0925,bent5ppfm,0.014271381023471226
384.8,18.185,bent5ppfm,0.014344345110505691
386.2,18.3035,bent5ppfm,0.0144378180220039
387.7,18.4265,bent5ppfm,0.014534840537736219
389.2,18.481,bent5ppfm,0.014577830189015987
390.6,18.595,bent5ppfm,0.014667753496280083
392.1,18.639,bent5ppfm,0.014702460737680263
393.6,18.6655,bent5ppfm,0.014723363962614464
395.0,18.757,bent5ppfm,0.014795539248708016
396.5,18.8195,bent5ppfm,0.014844839307515088
397.9,18.915,bent5ppfm,0.014920169797372294
399.4,19.0205,bent5ppfm,0.01500338829663863
400.9,19.113,bent5ppfm,0.015076352383673098
402.3,19.171,bent5ppfm,0.015122102838246061
403.8,19.2235,bent5ppfm,0.015163514887644003
405.2,19.3095,bent5ppfm,0.015231351768562532
406.7,19.377,bent5ppfm,0.01528459583207417
408.1,19.466999999999995,bent5ppfm,0.01535558791675635
409.6,19.575,bent5ppfm,0.015440778418374974
411.1,19.67,bent5ppfm,0.015515714507761725
412.5,19.774,bent5ppfm,0.015597749805616692
414.0,19.868,bent5ppfm,0.01567189709406253
415.4,19.986,bent5ppfm,0.01576497560509028
416.9,20.09,bent5ppfm,0.015847010902945248
418.3,20.2185,bent5ppfm,0.01594837182385259
419.8,20.365,bent5ppfm,0.016063931161696365
421.2,20.502,bent5ppfm,0.01617199689060147
422.7,20.656,bent5ppfm,0.016293472235502093
424.1,20.8125,bent5ppfm,0.016416919582755003
425.6,20.983,bent5ppfm,0.016551410143180696
427.0,21.1355,bent5ppfm,0.01667170228666995
428.5,21.313,bent5ppfm,0.016811714453682035
429.9,21.484,bent5ppfm,0.016946599414578187
431.4,21.66,bent5ppfm,0.0170854283801789
432.8,21.8255,bent5ppfm,0.017215974935900026
434.3,21.9965,bent5ppfm,0.017350859896796175
435.7,22.1545,bent5ppfm,0.017475490445460453
437.2,22.325,bent5ppfm,0.017609981005886146
438.6,22.4865,bent5ppfm,0.01773737235784362
440.1,22.660499999999995,bent5ppfm,0.017874623721562507
441.5,22.832500000000003,bent5ppfm,0.018010297483399575
443.0,23.0075,bent5ppfm,0.018148337648059374
444.4,23.178,bent5ppfm,0.018282828208485067
445.8,23.344500000000004,bent5ppfm,0.01841416356514711
447.3,23.515,bent5ppfm,0.0185486541255728
448.7,23.6835,bent5ppfm,0.018681567084116665
450.2,23.842,bent5ppfm,0.0188065920332514
451.6,24.003499999999995,bent5ppfm,0.01893398338520887
453.0,24.1605,bent5ppfm,0.01905782513293224
454.5,24.323,bent5ppfm,0.019186005285830626
455.9,24.475,bent5ppfm,0.019305903028849426
457.4,24.631,bent5ppfm,0.01942895597563188
458.8,24.7765,bent5ppfm,0.01954372651253474
460.2,24.9125,bent5ppfm,0.019651003440498933
461.7,25.050500000000003,bent5ppfm,0.01975985797034495
463.1,25.178,bent5ppfm,0.019860430090311375
464.5,25.324,bent5ppfm,0.019975595027684694
466.0,25.451,bent5ppfm,0.020075772747180663
467.4,25.5805,bent5ppfm,0.020177922469028917
468.9,25.6975,bent5ppfm,0.020270212179115756
470.3,25.815000000000005,bent5ppfm,0.020362896289673055
471.7,25.934000000000005,bent5ppfm,0.02045676360164172
473.1,26.0535,bent5ppfm,0.02055102531408084
474.6,26.163000000000004,bent5ppfm,0.02063739901711083
476.0,26.2845,bent5ppfm,0.02073323833143178
477.4,26.409,bent5ppfm,0.020831444048575464
478.9,26.528,bent5ppfm,0.020925311360544128
480.3,26.6525,bent5ppfm,0.021023517077687816
481.7,26.7705,bent5ppfm,0.021116595588715568
483.1,26.89550000000001,bent5ppfm,0.02121519570632972
484.6,27.0085,bent5ppfm,0.021304330212652902
486.0,27.125,bent5ppfm,0.02139622552226928
487.4,27.239000000000004,bent5ppfm,0.021486148829533383
488.9,27.359500000000004,bent5ppfm,0.02158119934291342
490.3,27.472500000000004,bent5ppfm,0.021670333849236605
491.7,27.579999999999995,bent5ppfm,0.021755129950384762
493.1,27.6895,bent5ppfm,0.021841503653414755
494.5,27.7865,bent5ppfm,0.021918017344683332
496.0,27.8815,bent5ppfm,0.02199295343407008
497.4,27.982,bent5ppfm,0.022072227928631855
498.8,28.0815,bent5ppfm,0.02215071362225271
500.2,28.177,bent5ppfm,0.02222604411210992
501.6,28.273000000000003,bent5ppfm,0.022301769002437584
503.1,28.3615,bent5ppfm,0.022371577885708396
504.5,28.4535,bent5ppfm,0.022444147572272404
505.9,28.5475,bent5ppfm,0.02251829486071824
507.3,28.647,bent5ppfm,0.0225967805543391
508.7,28.74450000000001,bent5ppfm,0.02267368864607814
510.1,28.84249999999999,bent5ppfm,0.022750991138287616
511.6,28.945,bent5ppfm,0.02283184323473122
513.0,29.0465,bent5ppfm,0.022911906530233908
514.4,29.147,bent5ppfm,0.022991181024795675
515.8,29.246500000000005,bent5ppfm,0.02306966671841654
517.2,29.3495,bent5ppfm,0.02315091321533059
518.6,29.4485,bent5ppfm,0.023229004508480994
520.0,29.5525,bent5ppfm,0.02331103980633596
521.5,29.654000000000003,bent5ppfm,0.02339110310183865
522.9,29.748,bent5ppfm,0.023465250390284485
524.3,29.843,bent5ppfm,0.02354018647967123
525.7,29.9315,bent5ppfm,0.023609995362942046
527.1,30.022,bent5ppfm,0.023681381848094686
528.5,30.12,bent5ppfm,0.023758684340304176
529.9,30.21,bent5ppfm,0.02382967642498636
531.3,30.291500000000003,bent5ppfm,0.023893963701670785
532.7,30.3695,bent5ppfm,0.023955490175062006
534.1,30.440500000000004,bent5ppfm,0.024011495041866844
535.5,30.519,bent5ppfm,0.02407341591572852
536.9,30.604499999999994,bent5ppfm,0.024140858396176593
538.3,30.684999999999995,bent5ppfm,0.024204356871920102
539.7,30.7695,bent5ppfm,0.02427101055142727
541.1,30.8555,bent5ppfm,0.0243388474323458
542.5,30.939000000000004,bent5ppfm,0.02440471231091205
544.0,31.017000000000003,bent5ppfm,0.024466238784303276
545.3,31.097500000000004,bent5ppfm,0.024529737260046786
546.8,31.179,bent5ppfm,0.024594024536731204
548.2,31.25599999999999,bent5ppfm,0.02465476220918151
549.5,31.339,bent5ppfm,0.02472023268727731
550.9,31.418000000000006,bent5ppfm,0.024782547961609454
552.3,31.497499999999995,bent5ppfm,0.02484525763641204
553.7,31.569,bent5ppfm,0.024901656903687334
555.1,31.6425,bent5ppfm,0.02495963377284445
556.5,31.729,bent5ppfm,0.02502786505423344
557.9,31.817999999999994,bent5ppfm,0.025098068337974705
559.3,31.908,bent5ppfm,0.025169060422656896
560.7,31.990500000000004,bent5ppfm,0.025234136500282233
562.1,32.0715,bent5ppfm,0.025298029376496195
563.5,32.1535,bent5ppfm,0.025362711053651073
564.9,32.233999999999995,bent5ppfm,0.02542620952939458
566.3,32.31999999999999,bent5ppfm,0.02549404641031311
567.7,32.4045,bent5ppfm,0.025560700089820275
569.1,32.489000000000004,bent5ppfm,0.02562735376932744
570.5,32.57399999999999,bent5ppfm,0.025694401849305045
571.8,32.6575,bent5ppfm,0.025760266727871302
573.2,32.74300000000001,bent5ppfm,0.025827709208319383
574.6,32.82549999999999,bent5ppfm,0.025892785285944703
576.0,32.9125,bent5ppfm,0.025961410967804157
577.4,32.999,bent5ppfm,0.026029642249193147
578.8,33.0795,bent5ppfm,0.026093140724936657
580.2,33.160000000000004,bent5ppfm,0.026156639200680166
581.5,33.2365,bent5ppfm,0.02621698247266002
582.9,33.3155,bent5ppfm,0.026279297746992156
584.3,33.389,bent5ppfm,0.026337274616149275
585.7,33.4565,bent5ppfm,0.02639051867966091
587.1,33.5245,bent5ppfm,0.02644415714364301
588.5,33.588,bent5ppfm,0.02649424600339099
589.8,33.6495,bent5ppfm,0.02654275726125715
591.2,33.703,bent5ppfm,0.026584958111596006
592.6,33.753,bent5ppfm,0.026624398158641663
594.0,33.802499999999995,bent5ppfm,0.026663443805216857
595.4,33.8435,bent5ppfm,0.0266957846437943
596.7,33.8825,bent5ppfm,0.026726547880489913
598.1,33.919500000000006,bent5ppfm,0.026755733515303706
599.5,33.9535,bent5ppfm,0.026782552747294748
600.9,33.986,bent5ppfm,0.026808188777874425
602.2,34.0185,bent5ppfm,0.026833824808454105
603.6,34.048,bent5ppfm,0.026857094436211044
605.0,34.081999999999994,bent5ppfm,0.026883913668202083
606.4,34.119,bent5ppfm,0.026913099303015876
607.7,34.161,bent5ppfm,0.02694622894253423
609.1,34.205499999999994,bent5ppfm,0.02698133058440486
610.5,34.25350000000001,bent5ppfm,0.027019193029568702
611.9,34.3045,bent5ppfm,0.027059421877555265
613.2,34.361000000000004,bent5ppfm,0.027103989130716863
614.6,34.4245,bent5ppfm,0.027154077990464844
616.0,34.4825,bent5ppfm,0.027199828445037808
617.3,34.54899999999999,bent5ppfm,0.027252283707608526
618.7,34.6165,bent5ppfm,0.02730552777112017
620.1,34.68449999999999,bent5ppfm,0.027359166235102258
621.5,34.75350000000001,bent5ppfm,0.027413593500025278
622.8,34.813,bent5ppfm,0.027460527156009606
624.2,34.875,bent5ppfm,0.02750943281434622
625.5,34.9365,bent5ppfm,0.02755794407221238
626.9,34.9985,bent5ppfm,0.027606849730548996
628.3,35.05650000000001,bent5ppfm,0.027652600185121962
629.6,35.107,bent5ppfm,0.02769243463263807
631.0,35.157000000000004,bent5ppfm,0.027731874679683733
632.4,35.199,bent5ppfm,0.02776500431920208
633.7,35.237,bent5ppfm,0.027794978754956783
635.1,35.27100000000001,bent5ppfm,0.027821797986947835
636.5,35.298,bent5ppfm,0.027843095612352486
637.8,35.32299999999999,bent5ppfm,0.027862815635875306
639.2,35.339000000000006,bent5ppfm,0.02787543645092993
640.5,35.348,bent5ppfm,0.02788253565939814
641.9,35.346,bent5ppfm,0.027880958057516312
643.2,35.335,bent5ppfm,0.027872281247166272
644.6,35.3165,bent5ppfm,0.027857688429759376
646.0,35.2915,bent5ppfm,0.027837968406236546
647.3,35.2655,bent5ppfm,0.02781745958177281
648.7,35.227999999999994,bent5ppfm,0.027787879546488557
650.0,35.178999999999995,bent5ppfm,0.027749228300383816
651.4,35.128,bent5ppfm,0.027708999452397246
652.7,35.07449999999999,bent5ppfm,0.02766679860205839
654.1,35.0215,bent5ppfm,0.027624992152189998
655.4,34.952,bent5ppfm,0.02757017048679653
656.8,34.8875,bent5ppfm,0.027519292826107634
658.1,34.815,bent5ppfm,0.027462104757891428
659.5,34.7425,bent5ppfm,0.027404916689675228
660.8,34.683499999999995,bent5ppfm,0.027358377434161345
662.2,34.6295,bent5ppfm,0.027315782183352042
663.5,34.58999999999999,bent5ppfm,0.02728462454618596
664.9,34.56099999999999,bent5ppfm,0.027261749318899485
666.2,34.554,bent5ppfm,0.0272562277123131
667.6,34.556,bent5ppfm,0.027257805314194923
668.9,34.58050000000001,bent5ppfm,0.0272771309372473
670.3,34.63000000000001,bent5ppfm,0.027316176583822505
671.6,34.6975,bent5ppfm,0.027369420647334133
673.0,34.787499999999994,bent5ppfm,0.027440412732016313
674.3,34.9055,bent5ppfm,0.027533491243044075
675.6,35.040000000000006,bent5ppfm,0.027639584969596894
677.0,35.17299999999999,bent5ppfm,0.02774449549473833
678.3,35.302,bent5ppfm,0.027846250816116136
679.7,35.439499999999995,bent5ppfm,0.027954710945491693
681.0,35.58800000000001,bent5ppfm,0.028071847885217303
682.3,35.7385,bent5ppfm,0.028190562426824727
683.7,35.8885,bent5ppfm,0.028308882567961702
685.0,36.036,bent5ppfm,0.02842523070674639
686.4,36.1795,bent5ppfm,0.028538423641767424
687.7,36.31750000000001,bent5ppfm,0.02864727817161345
689.0,36.459,bent5ppfm,0.028758893504752657
690.4,36.59649999999999,bent5ppfm,0.028867353634128207
691.7,36.7325,bent5ppfm,0.0289746305620924
693.0,36.86,bent5ppfm,0.029075202682058827
694.4,36.986,bent5ppfm,0.029174591600613885
695.7,37.12249999999999,bent5ppfm,0.029282262929048522
697.0,37.256,bent5ppfm,0.029387567854660436
698.4,37.38649999999999,bent5ppfm,0.029490506377449596
699.7,37.5175,bent5ppfm,0.029593839300709225
701.0,37.65,bent5ppfm,0.02969835542538022
702.4,37.781,bent5ppfm,0.029801688348639842
703.7,37.91050000000001,bent5ppfm,0.029903838070488107
705.0,38.035500000000006,bent5ppfm,0.030002438188102245
706.3,38.159000000000006,bent5ppfm,0.03009985510430502
707.7,38.27850000000001,bent5ppfm,0.030194116816744145
709.0,38.3985,bent5ppfm,0.030288772929653714
710.3,38.5145,bent5ppfm,0.03038027383879964
711.6,38.6285,bent5ppfm,0.030470197146063742
713.0,38.739,bent5ppfm,0.03055735965003464
714.3,38.841,bent5ppfm,0.030637817346007786
715.6,38.945,bent5ppfm,0.030719852643862754
716.9,39.04600000000001,bent5ppfm,0.030799521538894988
718.2,39.14649999999999,bent5ppfm,0.030878796033456744
719.6,39.2505,bent5ppfm,0.030960831331311722
720.9,39.351000000000006,bent5ppfm,0.0310401058258735
722.2,39.44499999999999,bent5ppfm,0.031114253114319323
723.5,39.5375,bent5ppfm,0.031187217201353798
724.8,39.6305,bent5ppfm,0.03126057568885872
726.2,39.7225,bent5ppfm,0.03133314537542273
727.5,39.81850000000001,bent5ppfm,0.0314088702657504
728.8,39.914,bent5ppfm,0.0314842007556076
730.1,40.002,bent5ppfm,0.03155361523840796
731.4,40.0865,bent5ppfm,0.03162026891791512
732.7,40.1685,bent5ppfm,0.03168495059507
734.0,40.25,bent5ppfm,0.03174923787175442
735.3,40.33200000000001,bent5ppfm,0.0318139195489093
736.7,40.40950000000001,bent5ppfm,0.031875051621830075
738.0,40.488,bent5ppfm,0.031936972495691746
739.3,40.560500000000005,bent5ppfm,0.031994160563907956
740.6,40.6305,bent5ppfm,0.03204937662977187
741.9,40.702000000000005,bent5ppfm,0.03210577589704717
743.2,40.77250000000001,bent5ppfm,0.03216138636338155
744.5,40.8395,bent5ppfm,0.032214236026422725
745.8,40.9045,bent5ppfm,0.03226550808758208
747.1,40.9665,bent5ppfm,0.032314413745918695
748.4,41.027,bent5ppfm,0.032362136202843936
749.7,41.084,bent5ppfm,0.03240709785647599
751.0,41.141,bent5ppfm,0.03245205951010804
752.3,41.197,bent5ppfm,0.03249623236279918
753.6,41.25450000000001,bent5ppfm,0.03254158841690168
754.9,41.3115,bent5ppfm,0.03258655007053373
756.2,41.364,bent5ppfm,0.03262796211993167
757.5,41.4135,bent5ppfm,0.03266700776650687
758.8,41.4605,bent5ppfm,0.03270408141072979
760.1,41.5095,bent5ppfm,0.032742732656834535
761.4,41.5615,bent5ppfm,0.03278375030576202
762.7,41.6095,bent5ppfm,0.03282161275092585
764.0,41.656,bent5ppfm,0.03285829199467831
765.3,41.70200000000001,bent5ppfm,0.03289457683796033
766.6,41.7505,bent5ppfm,0.032932833683594606
767.9,41.7975,bent5ppfm,0.03296990732781752
769.2,41.8445,bent5ppfm,0.03300698097204044
770.4,41.8905,bent5ppfm,0.03304326581532245
771.7,41.938500000000005,bent5ppfm,0.03308112826048628
773.0,41.982000000000006,bent5ppfm,0.033115441101416
774.3,42.029,bent5ppfm,0.03315251474563892
775.6,42.07350000000001,bent5ppfm,0.03318761638750956
776.9,42.116,bent5ppfm,0.03322114042749836
778.2,42.161,bent5ppfm,0.03325663646983946
779.4,42.2055,bent5ppfm,0.03329173811171009
780.7,42.255,bent5ppfm,0.03333078375828529
782.0,42.29750000000001,bent5ppfm,0.0333643077982741
783.3,42.3365,bent5ppfm,0.03339507103496971
784.5,42.38,bent5ppfm,0.033429383875899436
785.8,42.4205,bent5ppfm,0.033461330314006416
787.1,42.4625,bent5ppfm,0.03349445995352477
788.4,42.498,bent5ppfm,0.03352246238692719
789.7,42.540000000000006,bent5ppfm,0.03355559202644554
790.9,42.577,bent5ppfm,0.03358477766125932
792.2,42.6155,bent5ppfm,0.03361514649748448
793.5,42.66100000000001,bent5ppfm,0.03365103694029604
794.8,42.6945,bent5ppfm,0.033677461771816616
796.0,42.73,bent5ppfm,0.033705464205219034
797.3,42.760000000000005,bent5ppfm,0.03372912823344644
798.5,42.7995,bent5ppfm,0.03376028587061251
799.8,42.8335,bent5ppfm,0.03378710510260355
801.1,42.8655,bent5ppfm,0.033812346732712766
802.3,42.898,bent5ppfm,0.03383798276329245
803.6,42.93,bent5ppfm,0.03386322439340167
804.9,42.9615,bent5ppfm,0.03388807162304043
806.1,42.9915,bent5ppfm,0.03391173565126783
807.4,43.0225,bent5ppfm,0.033936188480436134
808.7,43.056,bent5ppfm,0.03396261331195673
809.9,43.084500000000006,bent5ppfm,0.03398509413877276
811.2,43.115,bent5ppfm,0.034009152567470606
812.4,43.145500000000006,bent5ppfm,0.034033210996168455
813.7,43.17,bent5ppfm,0.03405253661922083
815.0,43.1965,bent5ppfm,0.03407343984415503
816.2,43.2265,bent5ppfm,0.03409710387238242
817.5,43.249,bent5ppfm,0.03411485189355297
818.7,43.275,bent5ppfm,0.034135360718016705
820.0,43.3055,bent5ppfm,0.03415941914671456
821.2,43.3295,bent5ppfm,0.03417835036929648
822.5,43.356,bent5ppfm,0.03419925359423067
823.7,43.37849999999999,bent5ppfm,0.034217001615401206
825.0,43.398,bent5ppfm,0.034232383233749025
826.2,43.4175,bent5ppfm,0.03424776485209683
827.5,43.4465,bent5ppfm,0.03427064007938331
828.7,43.47099999999999,bent5ppfm,0.03428996570243568
829.9,43.4895,bent5ppfm,0.03430455851984258
831.2,43.5095,bent5ppfm,0.034320334538660846
832.4,43.529,bent5ppfm,0.03433571615700865
833.7,43.5455,bent5ppfm,0.03434873137253371
834.9,43.574,bent5ppfm,0.034371212199349736
836.1,43.59649999999999,bent5ppfm,0.03438896022052028
837.4,43.61150000000001,bent5ppfm,0.034400792234633985
838.6,43.64,bent5ppfm,0.03442327306145001
839.8,43.6625,bent5ppfm,0.03444102108262055
841.1,43.676,bent5ppfm,0.03445166989532288
842.3,43.69500000000001,bent5ppfm,0.03446665711320024
843.5,43.713,bent5ppfm,0.03448085553013667
844.8,43.731,bent5ppfm,0.034495053947073105
846.0,43.7515,bent5ppfm,0.03451122436636182
847.2,43.76950000000001,bent5ppfm,0.03452542278329827
848.5,43.782,bent5ppfm,0.03453528279505967
849.7,43.79900000000001,bent5ppfm,0.0345486924110552
850.9,43.81,bent5ppfm,0.034557369221405246
852.2,43.8395,bent5ppfm,0.03458063884916218
853.4,43.8525,bent5ppfm,0.03459089326139405
854.6,43.8785,bent5ppfm,0.0346114020858578
855.8,43.892,bent5ppfm,0.034622050898560124
857.0,43.909,bent5ppfm,0.03463546051455565
858.3,43.9205,bent5ppfm,0.03464453172537615
859.5,43.9305,bent5ppfm,0.03465241973478528
860.7,43.946000000000005,bent5ppfm,0.034664646149369434
861.9,43.96900000000001,bent5ppfm,0.03468278857101044
863.1,43.9895,bent5ppfm,0.03469895899029916
864.3,44.01199999999999,bent5ppfm,0.03471670701146969
865.5,44.0245,bent5ppfm,0.03472656702323112
866.8,44.0235,bent5ppfm,0.0347257782222902
868.0,44.032,bent5ppfm,0.03473248303028796
869.2,44.0575,bent5ppfm,0.03475259745428125
870.4,44.074,bent5ppfm,0.034765612669806316
871.6,44.091,bent5ppfm,0.03477902228580184
872.8,44.1105,bent5ppfm,0.034794403904149646
874.0,44.1195,bent5ppfm,0.034801503112617864
875.2,44.1275,bent5ppfm,0.03480781352014517
876.4,44.1425,bent5ppfm,0.03481964553425886
877.6,44.1495,bent5ppfm,0.03482516714084526
878.8,44.1665,bent5ppfm,0.03483857675684078
880.0,44.193,bent5ppfm,0.03485947998177498
881.2,44.2055,bent5ppfm,0.0348693399935364
882.4,44.21750000000001,bent5ppfm,0.03487880560482736
883.6,44.232,bent5ppfm,0.0348902432184706
884.8,44.247,bent5ppfm,0.03490207523258429
886.0,44.25750000000001,bent5ppfm,0.034910357642463884
887.2,44.288,bent5ppfm,0.034934416071161725
888.4,44.28699999999999,bent5ppfm,0.03493362727022081
889.6,44.3015,bent5ppfm,0.034945064883864056
890.8,44.319,bent5ppfm,0.034958868900330044
892.0,44.339,bent5ppfm,0.0349746449191483
893.2,44.354,bent5ppfm,0.034986476933262
894.3,44.364,bent5ppfm,0.03499436494267113
895.5,44.368,bent5ppfm,0.034997520146434785
896.7,44.377,bent5ppfm,0.035004619354903004
897.9,44.3865,bent5ppfm,0.03501211296384168
899.1,44.4095,bent5ppfm,0.03503025538548268
900.3,44.434,bent5ppfm,0.03504958100853505
901.5,44.45,bent5ppfm,0.03506220182358966
902.6,44.4705,bent5ppfm,0.03507837224287838
903.8,44.4635,bent5ppfm,0.035072850636291994
905.0,44.4685,bent5ppfm,0.035076794640996556
906.2,44.4845,bent5ppfm,0.03508941545605116
907.4,44.489,bent5ppfm,0.035092965060285274
908.5,44.518,bent5ppfm,0.03511584028757175
909.7,44.534,bent5ppfm,0.035128461102626365
910.9,44.5425,bent5ppfm,0.03513516591062413
912.1,44.561,bent5ppfm,0.03514975872803102
913.2,44.56,bent5ppfm,0.03514896992709011
914.4,44.578,bent5ppfm,0.035163168344026545
915.6,44.5875,bent5ppfm,0.03517066195296522
916.8,44.603,bent5ppfm,0.035182888367549375
917.9,44.635000000000005,bent5ppfm,0.0352081299976586
919.1,44.6445,bent5ppfm,0.035215623606597274
920.2,44.67250000000001,bent5ppfm,0.03523771003294284
921.4,44.6925,bent5ppfm,0.0352534860517611
922.6,44.6745,bent5ppfm,0.035239287634824666
923.8,44.71,bent5ppfm,0.03526729006822708
924.9,44.724,bent5ppfm,0.035278333281399864
926.1,44.743,bent5ppfm,0.03529332049927722
927.2,44.7415,bent5ppfm,0.035292137297865844
928.4,44.76499999999999,bent5ppfm,0.0353106741199773
929.6,44.7715,bent5ppfm,0.035315801326093244
930.7,44.78,bent5ppfm,0.035322506134091006
931.9,44.802,bent5ppfm,0.03533985975479109
933.0,44.810500000000005,bent5ppfm,0.035346564562788854
934.2,44.82300000000001,bent5ppfm,0.03535642457455027
935.3,44.8505,bent5ppfm,0.03537811660042538
936.5,44.844,bent5ppfm,0.03537298939430945
937.7,44.867,bent5ppfm,0.035391131815950445
938.8,44.873,bent5ppfm,0.03539586462159593
940.0,44.8755,bent5ppfm,0.03539783662394821
941.1,44.8945,bent5ppfm,0.03541282384182556
942.3,44.92850000000001,bent5ppfm,0.03543964307381661
943.4,44.9105,bent5ppfm,0.03542544465688017
944.6,44.9395,bent5ppfm,0.035448319884166656
945.7,44.949,bent5ppfm,0.03545581349310532
946.9,44.965500000000006,bent5ppfm,0.0354688287086304
948.0,44.966,bent5ppfm,0.03546922310910085
949.2,44.98950000000001,bent5ppfm,0.035487759931212316
950.3,45.008,bent5ppfm,0.0355023527486192
951.5,45.014,bent5ppfm,0.035507085554264683
952.6,45.005500000000005,bent5ppfm,0.03550038074626692
953.8,45.0015,bent5ppfm,0.035497225542503265
954.9,45.0215,bent5ppfm,0.03551300156132153
956.1,45.052,bent5ppfm,0.03553705999001938
957.2,45.0615,bent5ppfm,0.035544553598958056
958.3,45.09749999999999,bent5ppfm,0.03557295043283092
959.5,45.0765,bent5ppfm,0.035556385613071756
960.6,45.071,bent5ppfm,0.03555204720789673
961.8,45.0335,bent5ppfm,0.03552246717261248
962.9,45.07600000000001,bent5ppfm,0.0355559912126013
964.1,45.109,bent5ppfm,0.03558202164365143
965.2,45.126,bent5ppfm,0.035595431259646954
966.3,45.1705,bent5ppfm,0.03563053290151759
967.5,45.167,bent5ppfm,0.035627772098224396
968.6,45.182,bent5ppfm,0.03563960411233809
969.8,45.179,bent5ppfm,0.03563723770951535
970.9,45.208,bent5ppfm,0.03566011293680183
972.1,45.1895,bent5ppfm,0.03564552011939494
973.2,45.202000000000005,bent5ppfm,0.03565538013115636
974.3,45.2185,bent5ppfm,0.03566839534668142
975.5,45.21750000000001,bent5ppfm,0.03566760654574051
976.6,45.2745,bent5ppfm,0.03571256819937256
977.8,45.2745,bent5ppfm,0.03571256819937256
978.9,45.3025,bent5ppfm,0.03573465462571813
980.0,45.267,bent5ppfm,0.03570665219231571
981.2,45.26199999999999,bent5ppfm,0.035702708187611135
982.3,45.257000000000005,bent5ppfm,0.03569876418290658
983.5,45.273,bent5ppfm,0.03571138499796119
984.6,45.3445,bent5ppfm,0.035767784265236476
985.7,45.3435,bent5ppfm,0.03576699546429556
986.9,45.319,bent5ppfm,0.035747669841243196
988.0,45.307,bent5ppfm,0.03573820422995223
989.1,45.266000000000005,bent5ppfm,0.0357058633913748
992.0,45.673,bent5ppfm,0.03602690537432645
995.9,45.71150000000001,bent5ppfm,0.03605727421055161
999.7,45.7175,bent5ppfm,0.036062007016197085
1003.6,45.766,bent5ppfm,0.03610026386183137
1007.4,45.81099999999999,bent5ppfm,0.036135759904172456
1011.3,45.858,bent5ppfm,0.03617283354839538
1015.1,45.9025,bent5ppfm,0.03620793519026602
1019.0,45.92700000000001,bent5ppfm,0.036227260813318396
1022.8,45.959500000000006,bent5ppfm,0.03625289684389807
1026.7,45.9935,bent5ppfm,0.03627971607588911
1030.5,46.03699999999999,bent5ppfm,0.03631402891681883
1034.4,46.03699999999999,bent5ppfm,0.03631402891681883
1038.2,46.0915,bent5ppfm,0.03635701856809861
1042.1,46.14499999999999,bent5ppfm,0.03639921941843745
1045.9,46.157,bent5ppfm,0.03640868502972841
1049.7,46.208000000000006,bent5ppfm,0.03644891387771499
1053.6,46.17550000000001,bent5ppfm,0.03642327784713531
1057.4,46.26599999999999,bent5ppfm,0.03649466433228794
1061.2,46.2875,bent5ppfm,0.03651162355251758
1065.1,46.29350000000001,bent5ppfm,0.03651635635816307
1068.9,46.358,bent5ppfm,0.03656723401885196
1072.7,46.399,bent5ppfm,0.0365995748574294
1076.6,46.38649999999999,bent5ppfm,0.036589714845667975
1080.4,46.41499999999999,bent5ppfm,0.036612195672484
1084.2,46.452,bent5ppfm,0.03664138130729779
1088.0,46.4975,bent5ppfm,0.03667727175010935
1091.8,46.517,bent5ppfm,0.03669265336845715
1095.7,46.5715,bent5ppfm,0.03673564301973692
1099.5,46.5955,bent5ppfm,0.03675457424231883
1103.3,46.618,bent5ppfm,0.03677232226348938
1107.1,46.648,bent5ppfm,0.03679598629171678
1110.9,46.66000000000001,bent5ppfm,0.03680545190300774
1114.8,46.7,bent5ppfm,0.03683700394064426
1118.6,46.697,bent5ppfm,0.03683463753782152
1122.4,46.75099999999999,bent5ppfm,0.03687723278863082
1126.2,46.794,bent5ppfm,0.03691115122909009
1130.0,46.804,bent5ppfm,0.03691903923849923
1133.8,46.813,bent5ppfm,0.036926138446967446
1137.6,46.8255,bent5ppfm,0.03693599845872886
1141.4,46.848,bent5ppfm,0.0369537464798994
1145.2,46.828,bent5ppfm,0.036937970461081146
1149.0,46.815000000000005,bent5ppfm,0.03692771604884927
1152.8,46.8255,bent5ppfm,0.03693599845872886
1156.6,46.86300000000001,bent5ppfm,0.03696557849401311
1160.4,46.8755,bent5ppfm,0.03697543850577452
1164.2,46.9365,bent5ppfm,0.03702355536317022
1168.0,46.94149999999999,bent5ppfm,0.03702749936787478
1171.8,46.99,bent5ppfm,0.03706575621350907
1175.6,47.0115,bent5ppfm,0.0370827154337387
1179.4,47.032,bent5ppfm,0.03709888585302742
1183.2,47.00599999999999,bent5ppfm,0.037078377028563675
1187.0,47.011,bent5ppfm,0.03708232103326825
1190.7,47.03099999999999,bent5ppfm,0.037098097052086505
1194.5,47.056,bent5ppfm,0.037117817075609336
1198.3,47.1285,bent5ppfm,0.037175005143825546
1202.1,47.147000000000006,bent5ppfm,0.03718959796123244
1205.9,47.1495,bent5ppfm,0.03719156996358472
1209.7,47.20049999999999,bent5ppfm,0.037231798811571286
1213.4,47.222,bent5ppfm,0.03724875803180092
1217.2,47.251000000000005,bent5ppfm,0.03727163325908741
1221.0,47.30499999999999,bent5ppfm,0.037314228509896706
1224.8,47.3535,bent5ppfm,0.037352485355531
1228.5,47.41799999999999,bent5ppfm,0.037403363016219895
1232.3,47.4935,bent5ppfm,0.03746291748725884
1236.1,47.545,bent5ppfm,0.03750354073571587
1239.8,47.5455,bent5ppfm,0.03750393513618633
1243.6,47.636,bent5ppfm,0.03757532162133897
1247.4,47.685,bent5ppfm,0.03761397286744372
1251.1,47.684000000000005,bent5ppfm,0.037613184066502804
1254.9,47.76049999999999,bent5ppfm,0.03767352733848265
1258.7,47.81000000000001,bent5ppfm,0.03771257298505786
1262.4,47.836,bent5ppfm,0.0377330818095216
1266.2,47.8425,bent5ppfm,0.037738209015637535
1269.9,47.86,bent5ppfm,0.037752013032103515
1273.7,47.899,bent5ppfm,0.037782776268799126
1277.4,47.9435,bent5ppfm,0.03781787791066976
1281.2,47.997,bent5ppfm,0.037860078761008616
1284.9,47.96,bent5ppfm,0.03783089312619483
1288.7,48.020500000000006,bent5ppfm,0.03787861558312008
1292.4,47.9875,bent5ppfm,0.03785258515206994
1296.2,48.037,bent5ppfm,0.03789163079864514
1299.9,48.036,bent5ppfm,0.03789084199770423
1303.7,48.068,bent5ppfm,0.03791608362781345
1307.4,48.0705,bent5ppfm,0.03791805563016574
1311.2,48.081,bent5ppfm,0.037926338040045325
1314.9,48.068,bent5ppfm,0.03791608362781345
1318.7,48.088,bent5ppfm,0.03793185964663171
1322.4,48.063,bent5ppfm,0.03791213962310889
1326.1,48.066,bent5ppfm,0.037914506025931625
1329.9,48.0645,bent5ppfm,0.03791332282452026
1333.6,48.048,bent5ppfm,0.03790030760899519
1337.3,48.054,bent5ppfm,0.03790504041464067
1341.1,48.0355,bent5ppfm,0.03789044759723377
1344.8,48.0025,bent5ppfm,0.037864417166183634
1348.5,47.95249999999999,bent5ppfm,0.03782497711913797
1352.2,47.9075,bent5ppfm,0.03778948107679689
1356.0,47.838,bent5ppfm,0.03773465941140343
1359.7,47.754,bent5ppfm,0.03766840013236672
1363.4,47.6155,bent5ppfm,0.037559151202050244
1367.1,47.561,bent5ppfm,0.037516161550770484
1370.8,47.4275,bent5ppfm,0.03741085662515858
1374.6,47.24399999999999,bent5ppfm,0.03726611165250101
1378.3,46.955,bent5ppfm,0.03703814818057711
1382.0,46.624,bent5ppfm,0.03677705506913486
1385.7,46.18749999999999,bent5ppfm,0.03643274345842626
1389.4,45.675,bent5ppfm,0.036028482976208275
1393.1,45.0705,bent5ppfm,0.035551652807426275
1396.8,44.397000000000006,bent5ppfm,0.03502039537372127
1400.5,43.7155,bent5ppfm,0.03448282753248895
1404.2,43.147,bent5ppfm,0.03403439419757982
1407.9,42.7195,bent5ppfm,0.03369718179533945
1411.7,42.599,bent5ppfm,0.033602131281959415
1415.4,42.763000000000005,bent5ppfm,0.03373149463626918
1419.1,43.1695,bent5ppfm,0.034052142218750366
1422.8,43.6455,bent5ppfm,0.03442761146662503
1426.4,44.172,bent5ppfm,0.034842915162015806
1430.2,44.5995,bent5ppfm,0.035180127564256175
1433.8,44.9695,bent5ppfm,0.03547198391239404
1437.5,45.255,bent5ppfm,0.035697186581024755
1441.2,45.447,bent5ppfm,0.03584863636168008
1444.9,45.6155,bent5ppfm,0.03598154932022394
1448.6,45.7275,bent5ppfm,0.036069895025606216
1452.3,45.8265,bent5ppfm,0.03614798631875662
1456.0,45.8705,bent5ppfm,0.0361826935601568
1459.7,45.958,bent5ppfm,0.036251713642486694
1463.3,45.9715,bent5ppfm,0.036262362455189025
1467.0,46.14999999999999,bent5ppfm,0.03640316342314202
1470.7,46.252,bent5ppfm,0.03648362111911516
1474.4,46.39,bent5ppfm,0.03659247564896118
1478.1,46.4845,bent5ppfm,0.03666701733787747
1481.7,46.663,bent5ppfm,0.036807818305830464
1485.4,46.766,bent5ppfm,0.03688906480274452
1489.1,46.8455,bent5ppfm,0.03695177447754712
1492.8,46.9295,bent5ppfm,0.03701803375658382
1496.4,47.0295,bent5ppfm,0.03709691385067514
1500.1,47.13,bent5ppfm,0.037176188345236914
1503.8,47.2235,bent5ppfm,0.03724994123321229
1507.4,47.312,bent5ppfm,0.03731975011648311
1511.1,47.3955,bent5ppfm,0.03738561499504935
1514.7,47.48250000000001,bent5ppfm,0.03745424067690881
1518.4,47.5485,bent5ppfm,0.037506301539009065
1522.1,47.602500000000006,bent5ppfm,0.03754889678981838
1525.7,47.669,bent5ppfm,0.0376013520523891
1529.4,47.723,bent5ppfm,0.037643947303198415
1533.0,47.7725,bent5ppfm,0.03768299294977361
1536.7,47.828,bent5ppfm,0.0377267714019943
1540.3,47.871,bent5ppfm,0.03776068984245356
1544.0,47.9275,bent5ppfm,0.037805257095615157
1547.6,47.962,bent5ppfm,0.03783247072807666
1551.3,48.0275,bent5ppfm,0.03788413718970647
1554.9,48.0875,bent5ppfm,0.037931465246161256
1558.6,48.1095,bent5ppfm,0.03794881886686134
1562.2,48.165000000000006,bent5ppfm,0.037992597319082035
1565.8,48.20399999999999,bent5ppfm,0.03802336055577763
1569.5,48.2365,bent5ppfm,0.03804899658635732
1573.1,48.282,bent5ppfm,0.03808488702916886
1576.8,48.299,bent5ppfm,0.03809829664516439
1580.4,48.3335,bent5ppfm,0.038125510277625896
1584.0,48.3535,bent5ppfm,0.03814128629644415
1587.7,48.409000000000006,bent5ppfm,0.03818506474866484
1591.3,48.433,bent5ppfm,0.038203995971246754
1594.9,48.458,bent5ppfm,0.03822371599476958
1598.5,48.4865,bent5ppfm,0.0382461968215856
1602.2,48.526,bent5ppfm,0.038277354458751675
1605.8,48.5255,bent5ppfm,0.03827696005828122
1609.4,48.583000000000006,bent5ppfm,0.03832231611238373
1613.0,48.6075,bent5ppfm,0.0383416417354361
1616.7,48.639,bent5ppfm,0.038366488965074864
1620.3,48.6525,bent5ppfm,0.03837713777777719
1623.9,48.65499999999999,bent5ppfm,0.03837910978012946
1627.5,48.6775,bent5ppfm,0.03839685780130002
1631.1,48.688,bent5ppfm,0.038405140211179606
1634.7,48.7,bent5ppfm,0.03841460582247057
1638.3,48.7375,bent5ppfm,0.0384441858577548
1641.9,48.761,bent5ppfm,0.038462722679866265
1645.6,48.7635,bent5ppfm,0.038464694682218546
1649.2,48.787000000000006,bent5ppfm,0.038483231504330015
1652.8,48.807500000000005,bent5ppfm,0.03849940192361873
1656.4,48.7855,bent5ppfm,0.03848204830291864
1660.0,48.799,bent5ppfm,0.038492697115620964
1663.6,48.7945,bent5ppfm,0.03848914751138686
1667.2,48.7555,bent5ppfm,0.03845838427469124
1670.8,48.756,bent5ppfm,0.0384587786751617
1674.4,48.714,bent5ppfm,0.03842564903564335
1678.0,48.646,bent5ppfm,0.03837201057166125
1681.6,48.49700000000001,bent5ppfm,0.038254479231465195
1685.1,48.32600000000001,bent5ppfm,0.03811959427056905
1688.7,48.1345,bent5ppfm,0.03796853889038418
1692.3,47.96300000000001,bent5ppfm,0.037833259529017574
1695.9,47.80500000000001,bent5ppfm,0.0377086289803533
1699.5,47.67900000000001,bent5ppfm,0.03760924006179824
1703.1,47.577000000000005,bent5ppfm,0.037528782365825096
1706.7,47.539,bent5ppfm,0.03749880793007039
1710.2,47.5255,bent5ppfm,0.03748815911736807
1713.8,47.495000000000005,bent5ppfm,0.03746410068867022
1717.4,47.452,bent5ppfm,0.037430182248210944
1721.0,47.3385,bent5ppfm,0.037340653341417306
1724.5,47.274,bent5ppfm,0.03728977568072841
1728.1,47.2195,bent5ppfm,0.037246786029448635
1731.7,47.239,bent5ppfm,0.03726216764779645
1735.2,47.252,bent5ppfm,0.03727242206002832
1738.8,47.2885,bent5ppfm,0.037301213294371645
1742.4,47.366,bent5ppfm,0.03736234536729242
1745.9,47.43050000000001,bent5ppfm,0.03741322302798132
1749.5,47.483,bent5ppfm,0.037454635077379256
1753.1,47.474500000000006,bent5ppfm,0.0374479302693815
1756.6,47.4605,bent5ppfm,0.03743688705620871
1760.2,47.4095,bent5ppfm,0.03739665820822214
1763.8,47.439,bent5ppfm,0.037419927835979076
1767.3,47.415,bent5ppfm,0.03740099661339716
1770.9,47.409,bent5ppfm,0.037396263807751684
1774.4,47.4405,bent5ppfm,0.037421111037390445
1778.0,47.445,bent5ppfm,0.03742466064162456
1781.5,47.489,bent5ppfm,0.03745936788302473
1785.1,47.493,bent5ppfm,0.03746252308678839
1788.6,47.503,bent5ppfm,0.03747041109619752
1792.1,47.5235,bent5ppfm,0.037486581515486235
1795.7,47.5155,bent5ppfm,0.037480271107958936
1799.2,47.521,bent5ppfm,0.037484609513133954
1802.8,47.461,bent5ppfm,0.03743728145667916
1806.3,47.482000000000006,bent5ppfm,0.03745384627643835
1809.8,47.488,bent5ppfm,0.03745857908208382
1813.4,47.4545,bent5ppfm,0.03743215425056323
1816.9,47.471,bent5ppfm,0.03744516946608829
1820.4,47.3945,bent5ppfm,0.03738482619410844
1824.0,47.446,bent5ppfm,0.03742544944256547
1827.5,47.4505,bent5ppfm,0.037428999046799576
1831.0,47.479000000000006,bent5ppfm,0.037451479873615606
1834.6,47.48100000000001,bent5ppfm,0.03745305747549744
1838.1,47.49900000000001,bent5ppfm,0.037467255892433875
1841.6,47.498000000000005,bent5ppfm,0.037466467091492955
1845.1,47.4945,bent5ppfm,0.03746370628819976
1848.6,47.4665,bent5ppfm,0.037441619861854195
1852.2,47.43750000000001,bent5ppfm,0.037418744634567715
1855.7,47.3405,bent5ppfm,0.03734223094329913
1859.2,47.235,bent5ppfm,0.03725901244403279
1862.7,47.0505,bent5ppfm,0.03711347867043432
1866.2,46.733,bent5ppfm,0.036863034371694386
1869.7,46.30449999999999,bent5ppfm,0.0365250331685131
1873.2,45.7505,bent5ppfm,0.03608803744724722
1876.7,45.0685,bent5ppfm,0.03555007520554445
1880.2,44.169,bent5ppfm,0.03484054875919306
1883.7,43.0215,bent5ppfm,0.03393539967949522
1887.2,41.5485,bent5ppfm,0.032773495893530145
1890.7,39.88100000000001,bent5ppfm,0.03145817032455747
1894.2,38.223000000000006,bent5ppfm,0.030150338364523462
1897.7,36.756,bent5ppfm,0.02899316738420386
1902.7,35.389500000000005,bent5ppfm,0.027915270898446042
1905.5,34.9815,bent5ppfm,0.027593440114553468
1908.2,34.924,bent5ppfm,0.027548084060450964
1911.0,35.132,bent5ppfm,0.0277121546561609
1913.7,35.4785,bent5ppfm,0.027985474182187307
1916.5,35.859,bent5ppfm,0.028285612940204763
1919.2,36.26450000000001,bent5ppfm,0.028605471721745056
1921.9,36.675,bent5ppfm,0.028929274507989895
1924.7,37.041,bent5ppfm,0.029217975652364107
1927.4,37.359,bent5ppfm,0.029468814351574495
1930.1,37.6155,bent5ppfm,0.029671141792918715
1932.9,37.8055,bent5ppfm,0.029821013971692217
1935.6,37.9575,bent5ppfm,0.029940911714711017
1938.3,38.103,bent5ppfm,0.03005568225161388
1941.0,38.2505,bent5ppfm,0.03017203039039857
1943.7,38.3935,bent5ppfm,0.030284828924949152
1946.4,38.53349999999999,bent5ppfm,0.030395261056676982
1949.2,38.693,bent5ppfm,0.030521074806752636
1951.9,38.8595,bent5ppfm,0.030652410163414676
1954.6,39.0525,bent5ppfm,0.030804648745010918
1957.3,39.239,bent5ppfm,0.03095176012049122
1960.0,39.423,bent5ppfm,0.031096899493619243
1962.7,39.615,bent5ppfm,0.031248349274274567
1965.4,39.795,bent5ppfm,0.03139033344363894
1968.1,39.969,bent5ppfm,0.031527584807357824
1970.7,40.157,bent5ppfm,0.03167587938424949
1973.4,40.3505,bent5ppfm,0.03182851236631619
1976.1,40.541,bent5ppfm,0.03197877894556014
1978.8,40.747,bent5ppfm,0.032141271939388254
1981.5,40.970000000000006,bent5ppfm,0.032317174549211895
1984.1,41.196,bent5ppfm,0.03249544356185826
1986.8,41.43,bent5ppfm,0.03268002298203194
1989.5,41.686,bent5ppfm,0.03288195602290571
1992.1,41.947,bent5ppfm,0.03308783306848404
1994.8,42.208,bent5ppfm,0.03329371011406237
1997.5,42.4495,bent5ppfm,0.0334842055412929
2000.1,42.686,bent5ppfm,0.03367075696381886
2002.8,42.908,bent5ppfm,0.03384587077270158
2005.4,43.133,bent5ppfm,0.03402335098440704
2008.1,43.364,bent5ppfm,0.034205564001757977
2010.7,43.59,bent5ppfm,0.034383833014404355
2013.4,43.806,bent5ppfm,0.03455421401764159
2016.0,43.978,bent5ppfm,0.03468988777947866
2018.6,44.1405,bent5ppfm,0.034818067932377045
2021.3,44.3015,bent5ppfm,0.034945064883864056
2023.9,44.457,bent5ppfm,0.03506772343017606
2026.5,44.606,bent5ppfm,0.03518525477037211
2029.2,44.7295,bent5ppfm,0.03528267168657489
2031.8,44.831500000000005,bent5ppfm,0.035363129382548035
2034.4,44.9355,bent5ppfm,0.035445164680403
2037.0,45.02550000000001,bent5ppfm,0.03551615676508519
2039.7,45.09949999999999,bent5ppfm,0.03557452803471275
2042.3,45.175,bent5ppfm,0.035634082505751695
2044.9,45.23899999999999,bent5ppfm,0.03568456576597013
2047.5,45.288,bent5ppfm,0.035723217012074884
2050.1,45.34049999999999,bent5ppfm,0.03576462906147282
2052.7,45.377500000000005,bent5ppfm,0.03579381469628661
2055.3,45.4065,bent5ppfm,0.03581668992357309
2057.9,45.447,bent5ppfm,0.03584863636168008
2060.5,45.4825,bent5ppfm,0.035876638795082495
2063.1,45.5055,bent5ppfm,0.035894781216723494
2065.7,45.539,bent5ppfm,0.035921206048244086
2068.3,45.57,bent5ppfm,0.03594565887741239
2070.9,45.6005,bent5ppfm,0.03596971730611024
2073.4,45.63099999999999,bent5ppfm,0.03599377573480809
2076.0,45.646,bent5ppfm,0.036005607748921795
2078.6,45.6595,bent5ppfm,0.03601625656162412
2081.2,45.6815,bent5ppfm,0.03603361018232421
2083.7,45.683,bent5ppfm,0.03603479338373558
2086.3,45.67999999999999,bent5ppfm,0.036032426980912836
2088.9,45.7025,bent5ppfm,0.036050175002083386
2091.4,45.7365,bent5ppfm,0.036076994234074435
2094.0,45.7385,bent5ppfm,0.03607857183595626
2096.6,45.7645,bent5ppfm,0.03609908066042
2099.1,45.79950000000001,bent5ppfm,0.03612668869335197
2101.6,45.836,bent5ppfm,0.03615547992769529
2104.2,45.879000000000005,bent5ppfm,0.03618939836815456
2106.8,45.894,bent5ppfm,0.03620123038226825
2109.3,45.924,bent5ppfm,0.03622489441049565
2111.8,45.9905,bent5ppfm,0.036277349673066374
2114.4,46.06150000000001,bent5ppfm,0.036333354539871215
2116.9,46.13000000000001,bent5ppfm,0.03638738740432377
2119.4,46.1775,bent5ppfm,0.036424855449017135
2122.0,46.225,bent5ppfm,0.03646232349371051
2124.5,46.2565,bent5ppfm,0.036487170723349276
2127.0,46.263,bent5ppfm,0.036492297929465206
2129.6,46.264,bent5ppfm,0.036493086730406125
2132.1,46.276,bent5ppfm,0.03650255234169708
2134.6,46.251,bent5ppfm,0.03648283231817425
2137.1,46.205,bent5ppfm,0.036446547474892246
2139.6,46.174,bent5ppfm,0.036422094645723935
2142.1,46.117,bent5ppfm,0.03637713299209189
2144.6,46.042,bent5ppfm,0.0363179729215234
2147.1,45.9555,bent5ppfm,0.03624974164013441
2149.6,45.849,bent5ppfm,0.03616573433992716
2152.1,45.7265,bent5ppfm,0.036069106224665304
2154.6,45.566,bent5ppfm,0.03594250367364874
2157.1,45.3665,bent5ppfm,0.03578513788593657
2159.6,45.1335,bent5ppfm,0.0356013472667038
2162.1,44.8835,bent5ppfm,0.035404147031475514
2164.6,44.603,bent5ppfm,0.035182888367549375
2167.1,44.301,bent5ppfm,0.03494467048339361
2169.6,43.95399999999999,bent5ppfm,0.03467095655689673
2172.0,43.6055,bent5ppfm,0.034396059428988504
2174.5,43.227500000000006,bent5ppfm,0.03409789267332334
2177.0,42.821000000000005,bent5ppfm,0.03377724509084214
2179.4,42.429,bent5ppfm,0.03346803512200418
2181.9,42.01899999999999,bent5ppfm,0.03314462673622978
2184.4,41.5955,bent5ppfm,0.03281056953775307
2186.8,41.1755,bent5ppfm,0.03247927314256954
2189.3,40.76450000000001,bent5ppfm,0.03215507595585425
2191.7,40.354,bent5ppfm,0.03183127316960938
2194.2,39.96750000000001,bent5ppfm,0.03152640160594646
2196.6,39.6295,bent5ppfm,0.031259786887917806
2199.1,39.328,bent5ppfm,0.031021963404232494
2201.5,39.0895,bent5ppfm,0.030833834379824704
2204.0,38.9515,bent5ppfm,0.03072497984997869
2206.4,38.908,bent5ppfm,0.030690667009048968
2208.9,38.95299999999999,bent5ppfm,0.03072616305139005
2211.3,39.084,bent5ppfm,0.030829495974649686
2213.7,39.2595,bent5ppfm,0.03096793053977994
2216.1,39.491,bent5ppfm,0.031150537957601334
2218.6,39.746500000000005,bent5ppfm,0.03135207659800465
2221.0,39.9775,bent5ppfm,0.031534289615355586
2223.4,40.2045,bent5ppfm,0.03171334742894287
2225.8,40.4225,bent5ppfm,0.031885306034061936
2228.2,40.621,bent5ppfm,0.032041883020833196
2230.6,40.795,bent5ppfm,0.03217913438455209
2233.1,40.9665,bent5ppfm,0.032314413745918695
2235.5,41.1255,bent5ppfm,0.03243983309552389
2237.9,41.265,bent5ppfm,0.03254987082678127
2240.3,41.38699999999999,bent5ppfm,0.03264610454157267
2242.7,41.492,bent5ppfm,0.032728928640368554
2245.1,41.5895,bent5ppfm,0.03280583673210759
2247.5,41.62949999999999,bent5ppfm,0.03283738876974411
2249.9,41.6365,bent5ppfm,0.032842910376330504
2252.2,41.629000000000005,bent5ppfm,0.03283699436927366
2254.6,41.5875,bent5ppfm,0.03280425913022576
2257.0,41.5115,bent5ppfm,0.03274431025871636
2259.4,41.428,bent5ppfm,0.03267844538015011
2261.8,41.31850000000001,bent5ppfm,0.03259207167712013
2264.1,41.193000000000005,bent5ppfm,0.03249307715903552
2266.5,41.068,bent5ppfm,0.03239447704142138
2268.9,40.941,bent5ppfm,0.03229429932192541
2271.2,40.83149999999999,bent5ppfm,0.03220792561889541
2273.6,40.73,bent5ppfm,0.03212786232339273
2276.0,40.657,bent5ppfm,0.03207027985470607
2278.3,40.6215,bent5ppfm,0.03204227742130365
2280.7,40.5825,bent5ppfm,0.03201151418460804
2283.0,40.540000000000006,bent5ppfm,0.03197799014461924
2285.4,40.5185,bent5ppfm,0.0319610309243896
2287.7,40.4725,bent5ppfm,0.03192474608110759
2290.1,40.409,bent5ppfm,0.03187465722135961
2292.4,40.3205,bent5ppfm,0.0318048483380888
2294.8,40.174,bent5ppfm,0.031689289000245015
2297.1,40.0035,bent5ppfm,0.03155479843981933
2299.4,39.823,bent5ppfm,0.031412419869984505
2301.8,39.627500000000005,bent5ppfm,0.03125820928603598
2304.1,39.41199999999999,bent5ppfm,0.03108822268326919
2306.4,39.22599999999999,bent5ppfm,0.030941505708259345
2308.7,39.092,bent5ppfm,0.030835806382176985
2311.1,38.9945,bent5ppfm,0.030758898290437955
2313.4,38.919,bent5ppfm,0.030699343819399007
2315.7,38.8785,bent5ppfm,0.03066739738129203
2318.0,38.86099999999999,bent5ppfm,0.03065359336482604
2320.3,38.84799999999999,bent5ppfm,0.03064333895259417
2322.6,38.849500000000006,bent5ppfm,0.030644522154005552
2324.9,38.86,bent5ppfm,0.030652804563885135
2327.2,38.8415,bent5ppfm,0.030638211746478246
2329.5,38.8085,bent5ppfm,0.03061218131542811
2331.8,38.7555,bent5ppfm,0.030570374865559708
2334.1,38.6815,bent5ppfm,0.030512003595932136
2336.4,38.5905,bent5ppfm,0.03044022271030904
2338.7,38.4895,bent5ppfm,0.030360553815276813
2341.0,38.382,bent5ppfm,0.030275757714128645
2343.2,38.24700000000001,bent5ppfm,0.030169269587105377
2345.5,38.105,bent5ppfm,0.0300572598534957
2347.8,37.968500000000006,bent5ppfm,0.029949588525061063
2350.1,37.853,bent5ppfm,0.02985848201638559
2352.4,37.74,bent5ppfm,0.029769347510062404
2354.6,37.613,bent5ppfm,0.029669169790566434
2356.9,37.5445,bent5ppfm,0.02961513692611388
2359.1,37.4935,bent5ppfm,0.02957490807812731
2361.4,37.4615,bent5ppfm,0.02954966644801809
2363.7,37.407500000000006,bent5ppfm,0.029507071197208783
2365.9,37.3665,bent5ppfm,0.02947473035863134
2368.2,37.334,bent5ppfm,0.029449094328051664
2370.4,37.292,bent5ppfm,0.029415964688533313
2372.7,37.2255,bent5ppfm,0.029363509425962584
2374.9,37.169,bent5ppfm,0.02931894217280099
2377.2,37.1165,bent5ppfm,0.029277530123403055
2379.4,37.0755,bent5ppfm,0.029245189284825612
2381.6,37.0045,bent5ppfm,0.02918918441802078
2383.9,36.918,bent5ppfm,0.02912095313663179
2386.1,36.828,bent5ppfm,0.02904996105194961
2388.3,36.744,bent5ppfm,0.028983701772912904
2390.6,36.629000000000005,bent5ppfm,0.028892989664707894
2392.8,36.50300000000001,bent5ppfm,0.02879360074615284
2395.0,36.405,bent5ppfm,0.028716298253943343
2397.2,36.309,bent5ppfm,0.028640573363615678
2399.4,36.2095,bent5ppfm,0.02856208766999482
2401.6,36.109,bent5ppfm,0.028482813175433053
2403.9,36.0455,bent5ppfm,0.028432724315685064
2406.1,35.9425,bent5ppfm,0.028351477818771013
2408.3,35.8385,bent5ppfm,0.028269442520916045
2410.5,35.73099999999999,bent5ppfm,0.02818464641976787
2412.7,35.634,bent5ppfm,0.028108132728499303
2414.9,35.50599999999999,bent5ppfm,0.028007166208062415
2417.1,35.3715,bent5ppfm,0.0279010724815096
2419.2,35.251000000000005,bent5ppfm,0.02780602196812957
2421.4,35.128,bent5ppfm,0.027708999452397246
2423.6,34.997,bent5ppfm,0.027605666529137624
2425.8,34.8875,bent5ppfm,0.027519292826107634
2428.0,34.7465,bent5ppfm,0.027408071893438878
2430.2,34.596500000000006,bent5ppfm,0.027289751752301913
2432.3,34.490500000000004,bent5ppfm,0.027206138852565117
2434.5,34.401,bent5ppfm,0.027135541168353386
2436.7,34.302,bent5ppfm,0.027057449875202984
2438.8,34.15850000000001,bent5ppfm,0.026944256940181953
2441.0,34.032,bent5ppfm,0.02684447362115643
2443.2,33.8935,bent5ppfm,0.026735224690839964
2445.3,33.742,bent5ppfm,0.026615721348291616
2447.5,33.58200000000001,bent5ppfm,0.026489513197745517
2449.6,33.441500000000005,bent5ppfm,0.02637868666554722
2451.8,33.278,bent5ppfm,0.026249717711707914
2453.9,33.1335,bent5ppfm,0.02613573597574596
2456.1,33.0075,bent5ppfm,0.026036347057190906
2458.2,32.895,bent5ppfm,0.02594760695133818
2460.4,32.783500000000004,bent5ppfm,0.025859655646426363
2462.5,32.68750000000001,bent5ppfm,0.0257839307560987
2464.6,32.57350000000001,bent5ppfm,0.025694007448834606
2466.8,32.54,bent5ppfm,0.025667582617314007
2468.9,32.5575,bent5ppfm,0.025681386633779984
2471.0,32.553000000000004,bent5ppfm,0.02567783702954588
2473.1,32.5455,bent5ppfm,0.02567192102248903
2475.2,32.5375,bent5ppfm,0.025665610614961726
2477.4,32.515,bent5ppfm,0.02564786259379118
2479.5,32.521,bent5ppfm,0.025652595399436658
2481.6,32.523500000000006,bent5ppfm,0.025654567401788946
2483.7,32.49399999999999,bent5ppfm,0.025631297774031996
2485.8,32.484500000000004,bent5ppfm,0.02562380416509333
2487.9,32.442,bent5ppfm,0.025590280125104517
2490.0,32.402,bent5ppfm,0.025558728087467994
2492.1,32.429,bent5ppfm,0.02558002571287265
2494.2,32.410000000000004,bent5ppfm,0.0255650384949953
2496.3,32.36899999999999,bent5ppfm,0.02553269765641785
2498.4,32.3765,bent5ppfm,0.025538613663474707
2500.5,32.3315,bent5ppfm,0.025503117621133612
2502.6,32.249,bent5ppfm,0.02543804154350828
2504.7,32.1965,bent5ppfm,0.02539662949411034
2506.7,32.23499999999999,bent5ppfm,0.025426998330335487
2508.8,32.267999999999994,bent5ppfm,0.025453028761385624
2510.9,32.2835,bent5ppfm,0.02546525517596978
2513.0,32.2895,bent5ppfm,0.02546998798161526
339.3,18.834,bent5ppfr,0.01742641870402029
340.8,18.5155,bent5ppfr,0.01713172217873461
342.3,18.122000000000003,bent5ppfr,0.016767630867274914
343.7,17.3465,bent5ppfr,0.016050088778235525
345.2,16.8345,bent5ppfr,0.015576353704620873
346.7,16.676499999999997,bent5ppfr,0.0154301620217476
348.1,15.910999999999996,bent5ppfr,0.014721872570864752
349.6,15.726,bent5ppfr,0.014550698764968837
351.1,15.384,bent5ppfr,0.014234258540015298
352.5,15.26,bent5ppfr,0.014119525826874249
354.0,15.128,bent5ppfr,0.013997391003207972
355.5,14.9235,bent5ppfr,0.013808174552906807
357.0,14.8205,bent5ppfr,0.013712872379894481
358.4,14.743,bent5ppfr,0.013641164434181327
359.9,14.679999999999998,bent5ppfr,0.013582872813795147
361.4,14.641000000000002,bent5ppfr,0.01354678752498466
362.8,14.621,bent5ppfr,0.013528282248671586
364.3,14.665499999999998,bent5ppfr,0.01356945648846817
365.8,14.658,bent5ppfr,0.01356251700985077
367.2,14.670999999999998,bent5ppfr,0.013574545439454263
368.7,14.750499999999995,bent5ppfr,0.013648103912798725
370.1,14.8155,bent5ppfr,0.013708246060816215
371.6,14.918500000000003,bent5ppfr,0.01380354823382854
373.1,14.980000000000004,bent5ppfr,0.013860451958491239
374.5,15.049,bent5ppfr,0.013924295161771334
376.0,15.1475,bent5ppfr,0.014015433647613217
377.5,15.221000000000004,bent5ppfr,0.014083440538063761
378.9,15.2955,bent5ppfr,0.014152372692329952
380.4,15.360499999999998,bent5ppfr,0.014212514840347436
381.9,15.481000000000003,bent5ppfr,0.014324009130133703
383.3,15.5485,bent5ppfr,0.01438646443769032
384.8,15.626500000000002,bent5ppfr,0.014458635015311302
386.2,15.717499999999998,bent5ppfr,0.014542834022535778
387.7,15.813000000000002,bent5ppfr,0.014631196716930703
389.2,15.884,bent5ppfr,0.014696890447842108
390.6,15.937000000000005,bent5ppfr,0.014745929430071754
392.1,15.990000000000004,bent5ppfr,0.014794968412301395
393.6,16.064,bent5ppfr,0.01486343793465976
395.0,16.175500000000003,bent5ppfr,0.01496660485010514
396.5,16.247,bent5ppfr,0.015032761212924371
397.9,16.3045,bent5ppfr,0.015085963882324456
399.4,16.333499999999997,bent5ppfr,0.015112796532978407
400.9,16.389000000000003,bent5ppfr,0.01516414867474719
402.3,16.4675,bent5ppfr,0.015236781884275996
403.8,16.553999999999995,bent5ppfr,0.015316817204330029
405.2,16.637999999999998,bent5ppfr,0.015394539364844936
406.7,16.697000000000003,bent5ppfr,0.015449129929968504
408.1,16.753499999999995,bent5ppfr,0.015501407335552927
409.6,16.821999999999996,bent5ppfr,0.0155647879069252
411.1,16.911000000000005,bent5ppfr,0.015647136386518382
412.5,16.985999999999997,bent5ppfr,0.015716531172692394
414.0,17.066,bent5ppfr,0.015790552277944687
415.4,17.1655,bent5ppfr,0.015882616027602225
416.9,17.2545,bent5ppfr,0.015964964507195395
418.3,17.347,bent5ppfr,0.016050551410143356
419.8,17.4665,bent5ppfr,0.016161120436113962
421.2,17.603999999999996,bent5ppfr,0.01628834421076633
422.7,17.728,bent5ppfr,0.016403076923907387
424.1,17.859,bent5ppfr,0.01652428648375801
425.6,18.0005,bent5ppfr,0.016655211313672993
427.0,18.1445,bent5ppfr,0.016788449303127118
428.5,18.285,bent5ppfr,0.01691844886922645
429.9,18.4285,bent5ppfr,0.017051224226772743
431.4,18.5665,bent5ppfr,0.017178910633332947
432.8,18.7005,bent5ppfr,0.017302895984630532
434.3,18.847,bent5ppfr,0.017438447133623785
435.7,18.9855,bent5ppfr,0.01756659617209181
437.2,19.1335,bent5ppfr,0.01770353521680855
438.6,19.2845,bent5ppfr,0.017843250052972246
440.1,19.4285,bent5ppfr,0.017976488042426367
441.5,19.572000000000003,bent5ppfr,0.018109263399972663
443.0,19.7045,bent5ppfr,0.018231860855546764
444.4,19.85,bent5ppfr,0.01836648674072437
445.8,19.9895,bent5ppfr,0.018495561043008046
447.3,20.1365,bent5ppfr,0.01863157482390913
448.7,20.277999999999995,bent5ppfr,0.01876249965382411
450.2,20.416000000000004,bent5ppfr,0.01889018606038432
451.6,20.548500000000004,bent5ppfr,0.019012783515958424
453.0,20.6855,bent5ppfr,0.01913954465870297
454.5,20.81,bent5ppfr,0.019254740003751842
455.9,20.9395,bent5ppfr,0.019374561667878987
457.4,21.0705,bent5ppfr,0.019495771227729608
458.8,21.194,bent5ppfr,0.019610041308962833
460.2,21.3185,bent5ppfr,0.01972523665401171
461.7,21.434,bent5ppfr,0.019832104624719703
463.1,21.5495,bent5ppfr,0.019938972595427693
464.5,21.66,bent5ppfr,0.02004121424705742
466.0,21.767000000000003,bent5ppfr,0.02014021747533236
467.4,21.876,bent5ppfr,0.020241071231238604
468.9,21.983,bent5ppfr,0.02034007445951354
470.3,22.091500000000003,bent5ppfr,0.02044046558351196
471.7,22.1935,bent5ppfr,0.020534842492708625
473.1,22.288000000000004,bent5ppfr,0.020622279923287898
474.6,22.391,bent5ppfr,0.020717582096300216
476.0,22.498,bent5ppfr,0.020816585324575154
477.4,22.6015,bent5ppfr,0.020912350129495307
478.9,22.707500000000003,bent5ppfr,0.021010428093954592
480.3,22.8145,bent5ppfr,0.021109431322229522
481.7,22.9135,bent5ppfr,0.02120103243997923
483.1,23.015,bent5ppfr,0.021294946717268077
484.6,23.117,bent5ppfr,0.021389323626464746
486.0,23.22,bent5ppfr,0.021484625799477068
487.4,23.3205,bent5ppfr,0.021577614812950254
488.9,23.419500000000003,bent5ppfr,0.021669215930699967
490.3,23.513,bent5ppfr,0.02175572809746358
491.7,23.6045,bent5ppfr,0.021840389736595887
493.1,23.690000000000005,bent5ppfr,0.021919499792834272
494.5,23.777,bent5ppfr,0.021999997744796135
496.0,23.8645,bent5ppfr,0.022080958328665825
497.4,23.948,bent5ppfr,0.022158217857272903
498.8,24.029499999999995,bent5ppfr,0.02223362685824867
500.2,24.1085,bent5ppfr,0.02230672269968531
501.6,24.189,bent5ppfr,0.022381206436845425
503.1,24.2655,bent5ppfr,0.022451989118742927
504.5,24.348000000000003,bent5ppfr,0.022528323383534353
505.9,24.4285,bent5ppfr,0.022602807120694467
507.3,24.5105,bent5ppfr,0.022678678753578065
508.7,24.5935,bent5ppfr,0.022755475650277315
510.1,24.674,bent5ppfr,0.022829959387437433
511.6,24.755,bent5ppfr,0.022904905756505375
513.0,24.8405,bent5ppfr,0.022984015812743758
514.4,24.9215,bent5ppfr,0.023058962181811703
515.8,25.0035,bent5ppfr,0.023134833814695298
517.2,25.096,bent5ppfr,0.02322042071764326
518.6,25.1805,bent5ppfr,0.02329860551006599
520.0,25.271,bent5ppfr,0.023382341885382643
521.5,25.35,bent5ppfr,0.02345543772681928
522.9,25.4275,bent5ppfr,0.023527145672532435
524.3,25.503,bent5ppfr,0.023597003090614282
525.7,25.577,bent5ppfr,0.02366547261297265
527.1,25.6365,bent5ppfr,0.023720525810004042
528.5,25.6735,bent5ppfr,0.023754760571183225
529.9,25.7415,bent5ppfr,0.023817678510647672
531.3,25.822,bent5ppfr,0.023892162247807786
532.7,25.901,bent5ppfr,0.023965258089244424
534.1,25.9825,bent5ppfr,0.024040667090220198
535.5,26.065000000000005,bent5ppfr,0.024117001355011623
536.9,26.1405,bent5ppfr,0.024186858773093466
538.3,26.229000000000003,bent5ppfr,0.024268744620778816
539.7,26.2885,bent5ppfr,0.024323797817810203
541.1,26.373,bent5ppfr,0.024401982610232933
542.5,26.4385,bent5ppfr,0.024462587390158247
544.0,26.511499999999995,bent5ppfr,0.024530131648700954
545.3,26.5955,bent5ppfr,0.024607853809215863
546.8,26.715000000000003,bent5ppfr,0.024718422835186476
548.2,26.810500000000008,bent5ppfr,0.0248067855295814
549.5,26.884500000000003,bent5ppfr,0.024875255051939764
550.9,26.95800000000001,bent5ppfr,0.02494326194239031
552.3,27.0285,bent5ppfr,0.02500849304139388
553.7,27.0525,bent5ppfr,0.02503069937296957
555.1,27.05700000000001,bent5ppfr,0.02503486306014002
556.5,27.093,bent5ppfr,0.02506817255750354
557.9,27.158000000000005,bent5ppfr,0.02512831470552103
559.3,27.232,bent5ppfr,0.025196784227879392
560.7,27.2985,bent5ppfr,0.02525831427162036
562.1,27.365,bent5ppfr,0.025319844315361325
563.5,27.433,bent5ppfr,0.02538276225482577
564.9,27.503500000000003,bent5ppfr,0.025447993353829353
566.3,27.5725,bent5ppfr,0.025511836557109452
567.7,27.6405,bent5ppfr,0.025574754496573898
569.1,27.711,bent5ppfr,0.025639985595577477
570.5,27.780999999999995,bent5ppfr,0.025704754062673228
571.8,27.8515,bent5ppfr,0.025769985161676813
573.2,27.919,bent5ppfr,0.02583244046923343
574.6,27.99300000000001,bent5ppfr,0.02590090999159181
576.0,28.065,bent5ppfr,0.02596752898631886
577.4,28.137,bent5ppfr,0.02603414798104592
578.8,28.201500000000003,bent5ppfr,0.02609382749715558
580.2,28.2645,bent5ppfr,0.02615211911754176
581.5,28.331000000000007,bent5ppfr,0.02621364916128273
582.9,28.3935,bent5ppfr,0.026271478149761072
584.3,28.453,bent5ppfr,0.026326531346792463
585.7,28.507,bent5ppfr,0.02637649559283776
587.1,28.5635,bent5ppfr,0.02642877299842219
588.5,28.616000000000003,bent5ppfr,0.026477349348744007
589.8,28.6635,bent5ppfr,0.02652129937998755
591.2,28.705,bent5ppfr,0.026559697828337173
592.6,28.7465,bent5ppfr,0.026598096276686804
594.0,28.7845,bent5ppfr,0.02663325630168164
595.4,28.817500000000003,bent5ppfr,0.02666379000759821
596.7,28.848000000000003,bent5ppfr,0.026692010553975645
598.1,28.876,bent5ppfr,0.026717917940813945
599.5,28.9035,bent5ppfr,0.02674336269574442
600.9,28.9295,bent5ppfr,0.026767419554951415
602.2,28.9555,bent5ppfr,0.026791476414158407
603.6,28.9805,bent5ppfr,0.026814608009549747
605.0,29.0065,bent5ppfr,0.026838664868756742
606.4,29.0345,bent5ppfr,0.026864572255595045
607.7,29.0655,bent5ppfr,0.026893255433880308
609.1,29.106,bent5ppfr,0.02693072861841428
610.5,29.147,bent5ppfr,0.026968664434856075
611.9,29.1905,bent5ppfr,0.02700891341083701
613.2,29.237000000000005,bent5ppfr,0.027051938178264907
614.6,29.287,bent5ppfr,0.027098201369047583
616.0,29.338,bent5ppfr,0.027145389823645918
617.3,29.3905,bent5ppfr,0.027193966173967733
618.7,29.448,bent5ppfr,0.027247168843367815
620.1,29.5045,bent5ppfr,0.027299446248952246
621.5,29.5585,bent5ppfr,0.02734941049499754
622.8,29.612,bent5ppfr,0.027398912109135008
624.2,29.6635,bent5ppfr,0.02744656319564117
625.5,29.7135,bent5ppfr,0.027492826386423853
626.9,29.76,bent5ppfr,0.027535851153851747
628.3,29.8075,bent5ppfr,0.027579801185095294
629.6,29.851499999999994,bent5ppfr,0.027620512792984046
631.0,29.891,bent5ppfr,0.02765706071370237
632.4,29.929,bent5ppfr,0.027692220738697208
633.7,29.960999999999995,bent5ppfr,0.02772182918079812
635.1,29.985,bent5ppfr,0.02774403551237381
636.5,30.0075,bent5ppfr,0.027764853948226018
637.8,30.028,bent5ppfr,0.027783821856446914
639.2,30.0425,bent5ppfr,0.027797238181773893
640.5,30.045,bent5ppfr,0.02779955134131303
641.9,30.038499999999992,bent5ppfr,0.02779353712651127
643.2,30.024,bent5ppfr,0.0277801208011843
644.6,29.999,bent5ppfr,0.02775698920579296
646.0,29.972500000000004,bent5ppfr,0.027732469714678142
647.3,29.950500000000005,bent5ppfr,0.027712113910733766
648.7,29.924000000000007,bent5ppfr,0.027687594419618947
650.0,29.902500000000003,bent5ppfr,0.02766770124758239
651.4,29.8655,bent5ppfr,0.027633466486403205
652.7,29.7995,bent5ppfr,0.027572399074570063
654.1,29.7115,bent5ppfr,0.027490975858792545
655.4,29.6535,bent5ppfr,0.027437310557484638
656.8,29.602500000000003,bent5ppfr,0.027390122102886303
658.1,29.562,bent5ppfr,0.02735264891835233
659.5,29.514,bent5ppfr,0.027308236255200954
660.8,29.463,bent5ppfr,0.027261047800602622
662.2,29.4175,bent5ppfr,0.02721894829699038
663.5,29.393,bent5ppfr,0.027196279333506868
664.9,29.3705,bent5ppfr,0.02717546089765466
666.2,29.364,bent5ppfr,0.027169446682852913
667.6,29.358,bent5ppfr,0.02716389509995899
668.9,29.3925,bent5ppfr,0.02719581670159904
670.3,29.501,bent5ppfr,0.027296207825597458
671.6,29.6295,bent5ppfr,0.027415104225908947
673.0,29.729000000000003,bent5ppfr,0.027507167975566488
674.3,29.861500000000007,bent5ppfr,0.027629765431140596
675.6,29.9895,bent5ppfr,0.02774819919954425
677.0,30.0585,bent5ppfr,0.02781204240282435
678.3,30.094,bent5ppfr,0.027844889268280056
679.7,30.17,bent5ppfr,0.027915209318269733
681.0,30.291000000000004,bent5ppfr,0.028027166239963822
682.3,30.4165,bent5ppfr,0.028143286848828348
683.7,30.538,bent5ppfr,0.02825570640243026
685.0,30.658999999999992,bent5ppfr,0.028367663324124343
686.4,30.774,bent5ppfr,0.02847406866292452
687.7,30.8905,bent5ppfr,0.028581861897448164
689.0,31.004,bent5ppfr,0.02868687934052485
690.4,31.114000000000004,bent5ppfr,0.02878865836024675
691.7,31.225,bent5ppfr,0.0288913626437843
693.0,31.334,bent5ppfr,0.028992216399690546
694.4,31.4405,bent5ppfr,0.029090756996057655
695.7,31.547999999999995,bent5ppfr,0.029190222856240414
697.0,31.6565,bent5ppfr,0.029290613980238838
698.4,31.7655,bent5ppfr,0.02939146773614508
699.7,31.8745,bent5ppfr,0.02949232149205133
701.0,31.985000000000003,bent5ppfr,0.029594563143681054
702.4,32.090500000000006,bent5ppfr,0.029692178476232515
703.7,32.19500000000001,bent5ppfr,0.02978886854496832
705.0,32.300999999999995,bent5ppfr,0.02988694650942759
706.3,32.403499999999994,bent5ppfr,0.029981786050532085
707.7,32.5045,bent5ppfr,0.030075237695913106
709.0,32.6015,bent5ppfr,0.03016498828603151
710.3,32.692499999999995,bent5ppfr,0.030249187293255982
711.6,32.781,bent5ppfr,0.03033107314094133
713.0,32.871500000000005,bent5ppfr,0.03041480951625799
714.3,32.958,bent5ppfr,0.030494844836312023
715.6,33.041999999999994,bent5ppfr,0.030572566996826922
716.9,33.12750000000001,bent5ppfr,0.030651677053065325
718.2,33.206,bent5ppfr,0.030724310262594125
719.6,33.2885,bent5ppfr,0.030800644527385544
720.9,33.3675,bent5ppfr,0.03087374036882218
722.2,33.447500000000005,bent5ppfr,0.030947761474074475
723.5,33.524,bent5ppfr,0.031018544155971974
724.8,33.604,bent5ppfr,0.031092565261224264
726.2,33.6795,bent5ppfr,0.03116242267930611
727.5,33.75300000000001,bent5ppfr,0.03123042956975666
728.8,33.8245,bent5ppfr,0.031296585932575886
730.1,33.896,bent5ppfr,0.031362742295395124
731.4,33.969,bent5ppfr,0.031430286553937835
732.7,34.037,bent5ppfr,0.03149320449340228
734.0,34.105000000000004,bent5ppfr,0.03155612243286673
735.3,34.172000000000004,bent5ppfr,0.031618115108515525
736.7,34.2325,bent5ppfr,0.031674093569362564
738.0,34.3005,bent5ppfr,0.03173701150882701
739.3,34.35999999999999,bent5ppfr,0.031792064705858394
740.6,34.416000000000004,bent5ppfr,0.03184387947953501
741.9,34.474,bent5ppfr,0.03189754478084291
743.2,34.531,bent5ppfr,0.031950284818335166
744.5,34.5865,bent5ppfr,0.03200163696010395
745.8,34.641000000000005,bent5ppfr,0.032052063838057074
747.1,34.6935,bent5ppfr,0.03210064018837888
748.4,34.741,bent5ppfr,0.03214459021962243
749.7,34.789,bent5ppfr,0.03218900288277381
751.0,34.83899999999999,bent5ppfr,0.03223526607355648
752.3,34.88249999999999,bent5ppfr,0.032275515049537414
753.6,34.9265,bent5ppfr,0.03231622665742617
754.9,34.9715,bent5ppfr,0.03235786352913059
756.2,35.0135,bent5ppfr,0.03239672460938804
757.5,35.059000000000005,bent5ppfr,0.03243882411300029
758.8,35.09949999999999,bent5ppfr,0.03247629729753425
760.1,35.139,bent5ppfr,0.032512845218252574
761.4,35.176,bent5ppfr,0.03254707997943176
762.7,35.221,bent5ppfr,0.032588716851136165
764.0,35.258500000000005,bent5ppfr,0.03262341424422318
765.3,35.298500000000004,bent5ppfr,0.03266042479684933
766.6,35.3355,bent5ppfr,0.03269465955802851
767.9,35.3715,bent5ppfr,0.032727969055392034
769.2,35.411,bent5ppfr,0.03276451697611036
770.4,35.4465,bent5ppfr,0.032797363841566056
771.7,35.486000000000004,bent5ppfr,0.03283391176228438
773.0,35.520999999999994,bent5ppfr,0.03286629599583225
774.3,35.56150000000001,bent5ppfr,0.032903769180366235
775.6,35.598,bent5ppfr,0.03293754130963758
776.9,35.62949999999999,bent5ppfr,0.03296668711983067
778.2,35.6665,bent5ppfr,0.03300092188100986
779.4,35.7,bent5ppfr,0.03303191821883426
780.7,35.739000000000004,bent5ppfr,0.033068003507644744
782.0,35.7765,bent5ppfr,0.03310270090073175
783.3,35.80949999999999,bent5ppfr,0.03313323460664832
784.5,35.8435,bent5ppfr,0.03316469357638054
785.8,35.879000000000005,bent5ppfr,0.03319754044183625
787.1,35.911500000000004,bent5ppfr,0.033227611515844996
788.4,35.9455,bent5ppfr,0.03325907048557722
789.7,35.9775,bent5ppfr,0.03328867892767813
790.9,36.0065,bent5ppfr,0.03331551157833209
792.2,36.0375,bent5ppfr,0.03334419475661735
793.5,36.0725,bent5ppfr,0.033376578990165225
794.8,36.1025,bent5ppfr,0.03340433690463483
796.0,36.135,bent5ppfr,0.033434407978643575
797.3,36.162,bent5ppfr,0.03345939010166622
798.5,36.1915,bent5ppfr,0.033486685384228006
799.8,36.2175,bent5ppfr,0.033510742243435004
801.1,36.2435,bent5ppfr,0.03353479910264199
802.3,36.273,bent5ppfr,0.03356209438520378
803.6,36.3005,bent5ppfr,0.03358753914013425
804.9,36.3295,bent5ppfr,0.03361437179078821
806.1,36.3545,bent5ppfr,0.033637503386179546
807.4,36.376000000000005,bent5ppfr,0.033657396558216104
808.7,36.404,bent5ppfr,0.0336833039450544
809.9,36.4305,bent5ppfr,0.033707823436169224
811.2,36.456500000000005,bent5ppfr,0.03373188029537622
812.4,36.482,bent5ppfr,0.03375547452267538
813.7,36.5005,bent5ppfr,0.033772591903264974
815.0,36.524,bent5ppfr,0.03379433560293284
816.2,36.548,bent5ppfr,0.033816541934508525
817.5,36.5765,bent5ppfr,0.03384291195325465
818.7,36.59250000000001,bent5ppfr,0.033857716174305115
820.0,36.6145,bent5ppfr,0.033878071978249484
821.2,36.62949999999999,bent5ppfr,0.033891950935484284
822.5,36.6445,bent5ppfr,0.0339058298927191
823.7,36.6555,bent5ppfr,0.03391600779469129
825.0,36.682,bent5ppfr,0.033940527285806106
826.2,36.70649999999999,bent5ppfr,0.03396319624928961
827.5,36.7285,bent5ppfr,0.033983552053233994
828.7,36.763,bent5ppfr,0.03401547365487405
829.9,36.78,bent5ppfr,0.03403120313974016
831.2,36.7815,bent5ppfr,0.03403259103546364
832.4,36.792,bent5ppfr,0.03404230630552801
833.7,36.81,bent5ppfr,0.034058961054209774
834.9,36.825,bent5ppfr,0.034072840011444575
836.1,36.846,bent5ppfr,0.034092270551573295
837.4,36.859,bent5ppfr,0.0341042989811768
838.6,36.875,bent5ppfr,0.034119103202227254
839.8,36.879,bent5ppfr,0.03412280425748987
841.1,36.898,bent5ppfr,0.03414038426998729
842.3,36.9205,bent5ppfr,0.03416120270583949
843.5,36.93900000000001,bent5ppfr,0.03417832008642909
844.8,36.949000000000005,bent5ppfr,0.03418757272458563
846.0,36.9605,bent5ppfr,0.03419821325846564
847.2,36.9735,bent5ppfr,0.03421024168806914
848.5,36.984,bent5ppfr,0.0342199569581335
849.7,36.9945,bent5ppfr,0.034229672228197866
850.9,37.011,bent5ppfr,0.03424493908115615
852.2,37.031,bent5ppfr,0.03426344435746922
853.4,37.041,bent5ppfr,0.034272696995625754
854.6,37.0495,bent5ppfr,0.034280561738058817
855.8,37.0585,bent5ppfr,0.0342888891123997
857.0,37.0695,bent5ppfr,0.03429906701437188
858.3,37.089000000000006,bent5ppfr,0.034317109658777135
859.5,37.1,bent5ppfr,0.03432728756074932
860.7,37.1185,bent5ppfr,0.03434440494133891
861.9,37.124,bent5ppfr,0.03434949389232501
863.1,37.1345,bent5ppfr,0.034359209162389374
864.3,37.145,bent5ppfr,0.034368924432453735
865.5,37.154,bent5ppfr,0.03437725180679462
866.8,37.17199999999999,bent5ppfr,0.03439390655547637
868.0,37.185,bent5ppfr,0.03440593498507988
869.2,37.195,bent5ppfr,0.034415187623236414
870.4,37.201,bent5ppfr,0.034420739206130334
871.6,37.212500000000006,bent5ppfr,0.03443137974001036
872.8,37.221500000000006,bent5ppfr,0.034439707114351244
874.0,37.238,bent5ppfr,0.03445497396730952
875.2,37.243,bent5ppfr,0.03445960028638779
876.4,37.249500000000005,bent5ppfr,0.03446561450118954
877.6,37.2645,bent5ppfr,0.03447949345842434
878.8,37.276,bent5ppfr,0.03449013399230436
880.0,37.28599999999999,bent5ppfr,0.034499386630460885
881.2,37.29549999999999,bent5ppfr,0.034508176636709596
882.4,37.31700000000001,bent5ppfr,0.03452806980874616
883.6,37.32449999999999,bent5ppfr,0.034535009287363555
884.8,37.3335,bent5ppfr,0.03454333666170444
886.0,37.3355,bent5ppfr,0.03454518718933575
887.2,37.347,bent5ppfr,0.03455582772321576
888.4,37.3575,bent5ppfr,0.03456554299328013
889.6,37.3695,bent5ppfr,0.03457664615906797
890.8,37.383500000000005,bent5ppfr,0.03458959985248713
892.0,37.3895,bent5ppfr,0.03459515143538104
893.2,37.3985,bent5ppfr,0.03460347880972192
894.3,37.41199999999999,bent5ppfr,0.03461596987123324
895.5,37.421,bent5ppfr,0.03462429724557413
896.7,37.438,bent5ppfr,0.03464002673044025
897.9,37.45399999999999,bent5ppfr,0.034654830951490696
899.1,37.450500000000005,bent5ppfr,0.03465159252813592
900.3,37.4665,bent5ppfr,0.034666396749186375
901.5,37.4805,bent5ppfr,0.03467935044260552
902.6,37.4955,bent5ppfr,0.03469322939984033
903.8,37.498000000000005,bent5ppfr,0.03469554255937946
905.0,37.50500000000001,bent5ppfr,0.034702019406089045
906.2,37.524,bent5ppfr,0.034719599418586454
907.4,37.52150000000001,bent5ppfr,0.03471728625904733
908.5,37.51950000000001,bent5ppfr,0.03471543573141602
909.7,37.5395,bent5ppfr,0.034733941007729086
910.9,37.553,bent5ppfr,0.034746432069240406
912.1,37.563500000000005,bent5ppfr,0.03475614733930478
913.2,37.5805,bent5ppfr,0.034771876824170884
914.4,37.599,bent5ppfr,0.034788994204760476
915.6,37.6015,bent5ppfr,0.03479130736429961
916.8,37.6175,bent5ppfr,0.03480611158535007
917.9,37.6185,bent5ppfr,0.03480703684916572
919.1,37.63549999999999,bent5ppfr,0.03482276633403183
920.2,37.63699999999999,bent5ppfr,0.03482415422975531
921.4,37.654,bent5ppfr,0.03483988371462143
922.6,37.6525,bent5ppfr,0.03483849581889795
923.8,37.669,bent5ppfr,0.03485376267185623
924.9,37.68300000000001,bent5ppfr,0.034866716365275385
926.1,37.6895,bent5ppfr,0.03487273058007713
927.2,37.694,bent5ppfr,0.03487689426724757
928.4,37.706,bent5ppfr,0.03488799743303542
929.6,37.73350000000001,bent5ppfr,0.034913442187965896
930.7,37.74750000000001,bent5ppfr,0.03492639588138505
931.9,37.7575,bent5ppfr,0.034935648519541576
933.0,37.74400000000001,bent5ppfr,0.034923157458030256
934.2,37.751,bent5ppfr,0.034929634304739825
935.3,37.75699999999999,bent5ppfr,0.03493518588763374
936.5,37.760000000000005,bent5ppfr,0.03493796167908071
937.7,37.7865,bent5ppfr,0.03496248117019553
938.8,37.8145,bent5ppfr,0.03498838855703383
940.0,37.83050000000001,bent5ppfr,0.035003192778084294
941.1,37.836,bent5ppfr,0.03500828172907038
942.3,37.8375,bent5ppfr,0.03500966962479386
943.4,37.84,bent5ppfr,0.035011982784333005
944.6,37.852500000000006,bent5ppfr,0.03502354858202868
945.7,37.8505,bent5ppfr,0.03502169805439736
946.9,37.86049999999999,bent5ppfr,0.03503095069255389
948.0,37.88,bent5ppfr,0.03504899333695915
949.2,37.88949999999999,bent5ppfr,0.035057783343207846
950.3,37.8935,bent5ppfr,0.03506148439847047
951.5,37.9125,bent5ppfr,0.035079064410967885
952.6,37.91250000000001,bent5ppfr,0.03507906441096789
953.8,37.892500000000005,bent5ppfr,0.03506055913465482
954.9,37.9065,bent5ppfr,0.035073512828073965
956.1,37.925,bent5ppfr,0.035090630208663556
957.2,37.92999999999999,bent5ppfr,0.03509525652774182
958.3,37.92799999999999,bent5ppfr,0.03509340600011051
959.5,37.94799999999999,bent5ppfr,0.03511191127642358
960.6,37.9425,bent5ppfr,0.0351068223254375
961.8,37.9425,bent5ppfr,0.0351068223254375
962.9,37.95700000000001,bent5ppfr,0.03512023865076448
964.1,37.961,bent5ppfr,0.035123939706027084
965.2,37.9615,bent5ppfr,0.035124402337934915
966.3,37.956,bent5ppfr,0.03511931338694882
967.5,37.9975,bent5ppfr,0.03515771183529845
968.6,38.021,bent5ppfr,0.035179455534966306
969.8,38.028,bent5ppfr,0.03518593238167588
970.9,38.057,bent5ppfr,0.03521276503232984
972.1,38.079,bent5ppfr,0.035233120836274216
973.2,38.072500000000005,bent5ppfr,0.03522710662147247
974.3,38.071000000000005,bent5ppfr,0.03522571872574899
975.5,38.0895,bent5ppfr,0.035242836106338576
976.6,38.084500000000006,bent5ppfr,0.03523820978726031
977.8,38.114,bent5ppfr,0.03526550506982209
978.9,38.13,bent5ppfr,0.03528030929087255
980.0,38.141000000000005,bent5ppfr,0.03529048719284474
981.2,38.125,bent5ppfr,0.03527568297179428
982.3,38.1085,bent5ppfr,0.035260416118836
983.5,38.1185,bent5ppfr,0.03526966875699253
984.6,38.11300000000001,bent5ppfr,0.035264579806006446
985.7,38.118,bent5ppfr,0.03526920612508471
986.9,38.073,bent5ppfr,0.035227569253380296
988.0,38.117,bent5ppfr,0.03526828086126905
989.1,38.128,bent5ppfr,0.03527845876324124
992.0,38.7135,bent5ppfr,0.03582020072730644
995.9,38.714,bent5ppfr,0.035820663359214265
999.7,38.704,bent5ppfr,0.03581141072105773
1003.6,38.735,bent5ppfr,0.03584009389934299
1007.4,38.767,bent5ppfr,0.03586970234144391
1011.3,38.8065,bent5ppfr,0.03590625026216222
1015.1,38.83200000000001,bent5ppfr,0.0359298444894614
1019.0,38.8565,bent5ppfr,0.0359525134529449
1022.8,38.8865,bent5ppfr,0.03598027136741451
1026.7,38.897,bent5ppfr,0.03598998663747888
1030.5,38.923,bent5ppfr,0.036014043496685876
1034.4,38.8985,bent5ppfr,0.03599137453320236
1038.2,38.9295,bent5ppfr,0.03602005771148761
1042.1,38.9645,bent5ppfr,0.0360524419450355
1045.9,38.974500000000006,bent5ppfr,0.036061694583192035
1049.7,39.008500000000005,bent5ppfr,0.03609315355292426
1053.6,38.985,bent5ppfr,0.036071409853256395
1057.4,39.0405,bent5ppfr,0.03612276199502517
1061.2,39.0525,bent5ppfr,0.03613386516081302
1065.1,39.0535,bent5ppfr,0.036134790424628666
1068.9,39.10199999999999,bent5ppfr,0.03617966571968786
1072.7,39.13,bent5ppfr,0.036205573106526175
1076.6,39.0775,bent5ppfr,0.03615699675620435
1080.4,39.099,bent5ppfr,0.036176889928240905
1084.2,39.1395,bent5ppfr,0.03621436311277488
1088.0,39.173,bent5ppfr,0.03624535945059928
1091.8,39.1855,bent5ppfr,0.03625692524829494
1095.7,39.1785,bent5ppfr,0.03625044840158537
1099.5,39.194,bent5ppfr,0.036264789990728005
1103.3,39.2495,bent5ppfr,0.03631614213249677
1107.1,39.279,bent5ppfr,0.03634343741505856
1110.9,39.3055,bent5ppfr,0.03636795690617338
1114.8,39.3335,bent5ppfr,0.03639386429301168
1118.6,39.3245,bent5ppfr,0.0363855369186708
1122.4,39.40150000000001,bent5ppfr,0.03645678223247614
1126.2,39.467,bent5ppfr,0.03651738701240144
1130.0,39.53699999999999,bent5ppfr,0.03658215547949718
1133.8,39.6015,bent5ppfr,0.03664183499560685
1137.6,39.667,bent5ppfr,0.03670243977553216
1141.4,39.7545,bent5ppfr,0.036783400359401856
1145.2,39.810500000000005,bent5ppfr,0.03683521513307846
1149.0,39.896,bent5ppfr,0.036914325189316845
1152.8,40.028,bent5ppfr,0.03703646001298312
1156.6,40.1755,bent5ppfr,0.03717293642579203
1160.4,40.279,bent5ppfr,0.03726870123071218
1164.2,40.38400000000001,bent5ppfr,0.037365853931355816
1168.0,40.3895,bent5ppfr,0.037370942882341905
1171.8,40.385000000000005,bent5ppfr,0.037366779195171465
1175.6,40.32,bent5ppfr,0.03730663704715398
1179.4,40.200500000000005,bent5ppfr,0.03719606802118337
1183.2,40.02,bent5ppfr,0.0370290579024579
1187.0,39.87050000000001,bent5ppfr,0.036890730962017684
1190.7,39.76649999999999,bent5ppfr,0.036794503525189697
1194.5,39.7035,bent5ppfr,0.03673621190480352
1198.3,39.729,bent5ppfr,0.03675980613210269
1202.1,39.729,bent5ppfr,0.03675980613210269
1205.9,39.745,bent5ppfr,0.036774610353153145
1209.7,39.8205,bent5ppfr,0.036844467771235
1213.4,39.853,bent5ppfr,0.03687453884524374
1217.2,39.869,bent5ppfr,0.0368893430662942
1221.0,39.908,bent5ppfr,0.036925428355104685
1224.8,39.935,bent5ppfr,0.03695041047812734
1228.5,39.977500000000006,bent5ppfr,0.03698973419029262
1232.3,40.03249999999999,bent5ppfr,0.037040623700153555
1236.1,40.054,bent5ppfr,0.03706051687219012
1239.8,40.042,bent5ppfr,0.03704941370640227
1243.6,40.1045,bent5ppfr,0.037107242694880624
1247.4,40.133500000000005,bent5ppfr,0.03713407534553458
1251.1,40.127,bent5ppfr,0.03712806113073283
1254.9,40.1855,bent5ppfr,0.037182189063948566
1258.7,40.219,bent5ppfr,0.037213185401772965
1262.4,40.22599999999999,bent5ppfr,0.037219662248482534
1266.2,40.2255,bent5ppfr,0.03721919961657471
1269.9,40.2355,bent5ppfr,0.03722845225473125
1273.7,40.267,bent5ppfr,0.03725759806492434
1277.4,40.3155,bent5ppfr,0.03730247335998354
1281.2,40.35900000000001,bent5ppfr,0.03734272233596448
1284.9,40.322500000000005,bent5ppfr,0.037308950206693114
1288.7,40.36800000000001,bent5ppfr,0.03735104971030536
1292.4,40.3315,bent5ppfr,0.037317277581033995
1296.2,40.3695,bent5ppfr,0.037352437606028834
1299.9,40.358,bent5ppfr,0.03734179707214881
1303.7,40.37649999999999,bent5ppfr,0.0373589144527384
1307.4,40.3695,bent5ppfr,0.037352437606028834
1311.2,40.372,bent5ppfr,0.03735475076556797
1314.9,40.361,bent5ppfr,0.03734457286359577
1318.7,40.3825,bent5ppfr,0.03736446603563233
1322.4,40.3685,bent5ppfr,0.03735151234221318
1326.1,40.371500000000005,bent5ppfr,0.037354288133660145
1329.9,40.371,bent5ppfr,0.037353825501752314
1333.6,40.353,bent5ppfr,0.037337170753070546
1337.3,40.353,bent5ppfr,0.037337170753070546
1341.1,40.331,bent5ppfr,0.03731681494912617
1344.8,40.301,bent5ppfr,0.03728905703465656
1348.5,40.2565,bent5ppfr,0.03724788279485997
1352.2,40.2285,bent5ppfr,0.03722197540802167
1356.0,40.19500000000001,bent5ppfr,0.037190979070197284
1359.7,40.157,bent5ppfr,0.03715581904520243
1363.4,40.075,bent5ppfr,0.03707994741231884
1367.1,40.056,bent5ppfr,0.03706236739982142
1370.8,39.941,bent5ppfr,0.03695596206102126
1374.6,39.7775,bent5ppfr,0.036804681427161895
1378.3,39.54449999999999,bent5ppfr,0.03658909495811459
1382.0,39.2915,bent5ppfr,0.03635500321275423
1385.7,38.951,bent5ppfr,0.03603995088352417
1389.4,38.526,bent5ppfr,0.03564671376187139
1393.1,38.02749999999999,bent5ppfr,0.03518546974976804
1396.8,37.4975,bent5ppfr,0.03469507992747164
1400.5,36.9635,bent5ppfr,0.0342009890499126
1404.2,36.529,bent5ppfr,0.03379896192201111
1407.9,36.2205,bent5ppfr,0.033513518034881964
1411.7,36.182500000000005,bent5ppfr,0.033478358009887126
1415.4,36.373000000000005,bent5ppfr,0.033654620766769144
1419.1,36.7225,bent5ppfr,0.033978000470340074
1422.8,37.072,bent5ppfr,0.034301380173911024
1426.4,37.453500000000005,bent5ppfr,0.03465436831958288
1430.2,37.763,bent5ppfr,0.03494073747052767
1433.8,38.035500000000006,bent5ppfr,0.03519287186029329
1437.5,38.2345,bent5ppfr,0.03537699935960835
1441.2,38.3705,bent5ppfr,0.03550283523853724
1444.9,38.4945,bent5ppfr,0.035617567951678294
1448.6,38.574,bent5ppfr,0.03569112642502276
1452.3,38.645500000000006,bent5ppfr,0.035757282787841994
1456.0,38.6775,bent5ppfr,0.035786891229942906
1459.7,38.7405,bent5ppfr,0.03584518285032908
1463.3,38.74,bent5ppfr,0.03584472021842126
1467.0,38.8795,bent5ppfr,0.03597379452070494
1470.7,38.9525,bent5ppfr,0.03604133877924765
1474.4,39.056,bent5ppfr,0.0361371035841678
1478.1,39.121,bent5ppfr,0.03619724573218529
1481.7,39.260000000000005,bent5ppfr,0.03632585740256115
1485.4,39.33449999999999,bent5ppfr,0.036394789556827324
1489.1,39.391000000000005,bent5ppfr,0.03644706696241177
1492.8,39.447,bent5ppfr,0.03649888173608837
1496.4,39.5225,bent5ppfr,0.036568739154170214
1500.1,39.59949999999999,bent5ppfr,0.036639984467975534
1503.8,39.6655,bent5ppfr,0.03670105187980868
1507.4,39.73,bent5ppfr,0.03676073139591834
1511.1,39.7895,bent5ppfr,0.03681578459294973
1514.7,39.851,bent5ppfr,0.03687268831761243
1518.4,39.89399999999999,bent5ppfr,0.036912474661685526
1522.1,39.93,bent5ppfr,0.03694578415904907
1525.7,39.98100000000001,bent5ppfr,0.03699297261364741
1529.4,40.015,bent5ppfr,0.037024431583379626
1533.0,40.0475,bent5ppfr,0.03705450265738837
1536.7,40.086,bent5ppfr,0.03709012531429103
1540.3,40.1155,bent5ppfr,0.03711742059685281
1544.0,40.1605,bent5ppfr,0.03715905746855722
1547.6,40.187,bent5ppfr,0.037183576959672046
1551.3,40.236,bent5ppfr,0.03722891488663907
1554.9,40.282,bent5ppfr,0.03727147702215914
1558.6,40.301,bent5ppfr,0.03728905703465656
1562.2,40.3415,bent5ppfr,0.03732653021919054
1565.8,40.371500000000005,bent5ppfr,0.037354288133660145
1569.5,40.398,bent5ppfr,0.03737880762477496
1573.1,40.43149999999999,bent5ppfr,0.03740980396259935
1576.8,40.4435,bent5ppfr,0.0374209071283872
1580.4,40.47299999999999,bent5ppfr,0.037448202410948976
1584.0,40.4825,bent5ppfr,0.037456992417197695
1587.7,40.523500000000006,bent5ppfr,0.03749492823363949
1591.3,40.549,bent5ppfr,0.037518522460938654
1594.9,40.566,bent5ppfr,0.03753425194580477
1598.5,40.587,bent5ppfr,0.0375536824859335
1602.2,40.615,bent5ppfr,0.037579589872771796
1605.8,40.616,bent5ppfr,0.03758051513658745
1609.4,40.6605,bent5ppfr,0.037621689376384035
1613.0,40.68149999999999,bent5ppfr,0.037641119916512755
1616.7,40.70899999999999,bent5ppfr,0.03766656467144323
1620.3,40.722,bent5ppfr,0.03767859310104674
1623.9,40.7285,bent5ppfr,0.03768460731584848
1627.5,40.7525,bent5ppfr,0.03770681364742417
1631.1,40.767,bent5ppfr,0.03772022997275115
1634.7,40.79,bent5ppfr,0.037741511040511176
1638.3,40.827,bent5ppfr,0.03777574580169036
1641.9,40.841,bent5ppfr,0.03778869949510952
1645.6,40.83800000000001,bent5ppfr,0.03778592370366256
1649.2,40.852,bent5ppfr,0.0377988773970817
1652.8,40.8605,bent5ppfr,0.037806742139514765
1656.4,40.839,bent5ppfr,0.03778684896747821
1660.0,40.852,bent5ppfr,0.0377988773970817
1663.6,40.848,bent5ppfr,0.03779517634181909
1667.2,40.82699999999999,bent5ppfr,0.03777574580169035
1670.8,40.8365,bent5ppfr,0.03778453580793907
1674.4,40.82749999999999,bent5ppfr,0.037776208433598184
1678.0,40.81249999999999,bent5ppfr,0.03776232947636338
1681.6,40.783,bent5ppfr,0.03773503419380161
1685.1,40.7695,bent5ppfr,0.03772254313229028
1688.7,40.755,bent5ppfr,0.037709126806963304
1692.3,40.729,bent5ppfr,0.037685069947756306
1695.9,40.688,bent5ppfr,0.037647134131314514
1699.5,40.6555,bent5ppfr,0.03761706305730577
1703.1,40.615,bent5ppfr,0.037579589872771796
1706.7,40.5835,bent5ppfr,0.03755044406257871
1710.2,40.5295,bent5ppfr,0.037500479816533414
1713.8,40.4605,bent5ppfr,0.03743663661325331
1717.4,40.4045,bent5ppfr,0.037384821839576705
1721.0,40.290000000000006,bent5ppfr,0.03727887913268438
1724.5,40.218,bent5ppfr,0.03721226013795731
1728.1,40.164,bent5ppfr,0.037162295891912014
1731.7,40.2325,bent5ppfr,0.037225676463284285
1735.2,40.2645,bent5ppfr,0.037255284905385204
1738.8,40.264,bent5ppfr,0.03725482227347738
1742.4,40.263000000000005,bent5ppfr,0.037253897009661724
1745.9,40.2365,bent5ppfr,0.0372293775185469
1749.5,40.224500000000006,bent5ppfr,0.03721827435275906
1753.1,40.175,bent5ppfr,0.0371724737938842
1756.6,40.1265,bent5ppfr,0.037127598498825
1760.2,40.060500000000005,bent5ppfr,0.037066531086991865
1763.8,40.087,bent5ppfr,0.03709105057810669
1767.3,40.0735,bent5ppfr,0.03707855951659536
1770.9,40.076,bent5ppfr,0.037080872676134496
1774.4,40.097,bent5ppfr,0.037100303216263224
1778.0,40.089,bent5ppfr,0.03709290110573799
1781.5,40.11299999999999,bent5ppfr,0.03711510743731367
1785.1,40.109,bent5ppfr,0.037111406382051064
1788.6,40.102,bent5ppfr,0.03710492953534149
1792.1,40.1135,bent5ppfr,0.037115570069221504
1795.7,40.1,bent5ppfr,0.037103079007710184
1799.2,40.1,bent5ppfr,0.037103079007710184
1802.8,40.0505,bent5ppfr,0.03705727844883533
1806.3,40.068,bent5ppfr,0.037073470565609265
1809.8,40.07899999999999,bent5ppfr,0.03708364846758145
1813.4,40.04350000000001,bent5ppfr,0.03705080160212576
1816.9,40.063,bent5ppfr,0.037068844246531
1820.4,39.988,bent5ppfr,0.03699944946035698
1824.0,40.045,bent5ppfr,0.03705218949784923
1827.5,40.033,bent5ppfr,0.03704108633206139
1831.0,40.0425,bent5ppfr,0.0370498763383101
1834.6,40.0465,bent5ppfr,0.03705357739357271
1838.1,40.047,bent5ppfr,0.03705404002548054
1841.6,40.028000000000006,bent5ppfr,0.03703646001298313
1845.1,40.012,bent5ppfr,0.037021655791932666
1848.6,39.9615,bent5ppfr,0.036974929969242155
1852.2,39.9205,bent5ppfr,0.036936994152800356
1855.7,39.8325,bent5ppfr,0.03685557093702284
1859.2,39.73,bent5ppfr,0.03676073139591834
1862.7,39.5555,bent5ppfr,0.03659927286008679
1866.2,39.294,bent5ppfr,0.03635731637229336
1869.7,38.962,bent5ppfr,0.03605012878549636
1873.2,38.535,bent5ppfr,0.03565504113621226
1876.7,37.986,bent5ppfr,0.03514707130141843
1880.2,37.2595,bent5ppfr,0.034474867139346076
1883.7,36.307500000000005,bent5ppfr,0.03359401598684383
1887.2,35.10950000000001,bent5ppfr,0.0324855499356908
1890.7,33.767,bent5ppfr,0.031243383263175807
1894.2,32.449,bent5ppfr,0.030023885554144328
1897.7,31.302000000000003,bent5ppfr,0.02896260795758963
1902.7,31.02650000000001,bent5ppfr,0.028707697776377064
1905.5,30.6855,bent5ppfr,0.028392182815239173
1908.2,30.676500000000004,bent5ppfr,0.028383855440898293
1911.0,30.8555,bent5ppfr,0.028549477663900286
1913.7,31.097,bent5ppfr,0.02877292887538064
1916.5,31.402000000000005,bent5ppfr,0.029055134339154996
1919.2,31.729000000000003,bent5ppfr,0.029357695606873728
1921.9,32.053999999999995,bent5ppfr,0.029658406346961146
1924.7,32.336,bent5ppfr,0.02991933074297547
1927.4,32.56649999999999,bent5ppfr,0.030132604052483622
1930.1,32.762,bent5ppfr,0.030313493128443916
1932.9,32.916,bent5ppfr,0.03045598375605457
1935.6,33.017,bent5ppfr,0.03054943540143559
1938.3,33.1155,bent5ppfr,0.030640573887277468
1941.0,33.227,bent5ppfr,0.030743740802722845
1943.7,33.3405,bent5ppfr,0.030848758245799534
1946.4,33.4575,bent5ppfr,0.03095701411223101
1949.2,33.581,bent5ppfr,0.031071284193464232
1951.9,33.703,bent5ppfr,0.031184166378973973
1954.6,33.8665,bent5ppfr,0.03133544701283334
1957.3,34.03249999999999,bent5ppfr,0.031489040806231834
1960.0,34.196000000000005,bent5ppfr,0.03164032144009121
1962.7,34.3685,bent5ppfr,0.03179992944829145
1965.4,34.51800000000001,bent5ppfr,0.03193825638873168
1968.1,34.644499999999994,bent5ppfr,0.03205530226141185
1970.7,34.79,bent5ppfr,0.032189928146589455
1973.4,34.9575,bent5ppfr,0.03234490983571144
1976.1,35.1285,bent5ppfr,0.03250312994818821
1978.8,35.3,bent5ppfr,0.0326618126925728
1981.5,35.467499999999994,bent5ppfr,0.032816794381694776
1984.1,35.63899999999999,bent5ppfr,0.03297547712607937
1986.8,35.83200000000001,bent5ppfr,0.033154053042500534
1989.5,36.03649999999999,bent5ppfr,0.03334326949280168
1992.1,36.2495,bent5ppfr,0.033540350685535916
1994.8,36.459,bent5ppfr,0.03373419345491535
1997.5,36.64049999999999,bent5ppfr,0.03390212883745647
2000.1,36.832,bent5ppfr,0.03407931685815415
2002.8,37.039,bent5ppfr,0.03427084646799445
2005.4,37.221500000000006,bent5ppfr,0.034439707114351244
2008.1,37.38850000000001,bent5ppfr,0.0345942261715654
2010.7,37.566500000000005,bent5ppfr,0.03475892313075174
2013.4,37.728,bent5ppfr,0.03490835323697979
2016.0,37.87500000000001,bent5ppfr,0.035044367017880884
2018.6,38.02550000000001,bent5ppfr,0.03518361922213675
2021.3,38.17100000000001,bent5ppfr,0.03531824510731436
2023.9,38.288,bent5ppfr,0.03542650097374582
2026.5,38.395500000000006,bent5ppfr,0.03552596683392859
2029.2,38.4955,bent5ppfr,0.03561849321549395
2031.8,38.5855,bent5ppfr,0.03570176695890278
2034.4,38.675,bent5ppfr,0.03578457807040377
2037.0,38.751,bent5ppfr,0.03585489812039345
2039.7,38.81849999999999,bent5ppfr,0.03591735342795006
2042.3,38.87949999999999,bent5ppfr,0.035973794520704934
2044.9,38.924,bent5ppfr,0.036014968760501524
2047.5,38.974,bent5ppfr,0.0360612319512842
2050.1,39.0125,bent5ppfr,0.036096854608186874
2052.7,39.035500000000006,bent5ppfr,0.036118135675946905
2055.3,39.072,bent5ppfr,0.036151907805218264
2057.9,39.1135,bent5ppfr,0.03619030625356789
2060.5,39.132000000000005,bent5ppfr,0.03620742363415748
2063.1,39.1525,bent5ppfr,0.03622639154237838
2065.7,39.186,bent5ppfr,0.036257387880202774
2068.3,39.220000000000006,bent5ppfr,0.036288846849935004
2070.9,39.2465,bent5ppfr,0.03631336634104981
2073.4,39.259,bent5ppfr,0.036324932138745485
2076.0,39.2875,bent5ppfr,0.03635130215749162
2078.6,39.31400000000001,bent5ppfr,0.03637582164860644
2081.2,39.332,bent5ppfr,0.0363924763972882
2083.7,39.3485,bent5ppfr,0.03640774325024649
2086.3,39.359,bent5ppfr,0.03641745852031085
2088.9,39.3605,bent5ppfr,0.03641884641603433
2091.4,39.371500000000005,bent5ppfr,0.03642902431800652
2094.0,39.39149999999999,bent5ppfr,0.036447529594319586
2096.6,39.4145,bent5ppfr,0.036468810662079625
2099.1,39.44449999999999,bent5ppfr,0.036496568576549225
2101.6,39.475,bent5ppfr,0.03652478912292667
2104.2,39.507000000000005,bent5ppfr,0.03655439756502759
2106.8,39.553,bent5ppfr,0.036596959700547646
2109.3,39.60349999999999,bent5ppfr,0.03664368552323815
2111.8,39.645500000000006,bent5ppfr,0.03668254660349562
2114.4,39.7035,bent5ppfr,0.03673621190480352
2116.9,39.746,bent5ppfr,0.0367755356169688
2119.4,39.783,bent5ppfr,0.036809770378147984
2122.0,39.824,bent5ppfr,0.03684770619458978
2124.5,39.84,bent5ppfr,0.036862510415640246
2127.0,39.841,bent5ppfr,0.036863435679455894
2129.6,39.8515,bent5ppfr,0.03687315094952026
2132.1,39.85,bent5ppfr,0.036871763053796774
2134.6,39.8365,bent5ppfr,0.036859271992285454
2137.1,39.79950000000001,bent5ppfr,0.03682503723110628
2139.6,39.75249999999999,bent5ppfr,0.03678154983177054
2142.1,39.6925,bent5ppfr,0.03672603400283134
2144.6,39.642,bent5ppfr,0.03667930818014083
2147.1,39.586,bent5ppfr,0.03662749340646422
2149.6,39.48800000000001,bent5ppfr,0.036536817552530174
2152.1,39.36649999999999,bent5ppfr,0.03642439799892824
2154.6,39.238,bent5ppfr,0.03630550159861676
2157.1,39.0835,bent5ppfr,0.03616254833909828
2159.6,38.8815,bent5ppfr,0.035975645048336245
2162.1,38.65749999999999,bent5ppfr,0.03576838595362983
2164.6,38.401500000000006,bent5ppfr,0.03553151841682251
2167.1,38.1245,bent5ppfr,0.035275220339886455
2169.6,37.852,bent5ppfr,0.03502308595012084
2172.0,37.564,bent5ppfr,0.0347566099712126
2174.5,37.2345,bent5ppfr,0.03445173554395473
2177.0,36.891000000000005,bent5ppfr,0.034133907423277716
2179.4,36.5525,bent5ppfr,0.033820705621678965
2181.9,36.221,bent5ppfr,0.03351398066678978
2184.4,35.895,bent5ppfr,0.03321234466288671
2186.8,35.558499999999995,bent5ppfr,0.03290099338891926
2189.3,35.214,bent5ppfr,0.03258224000442659
2191.7,34.865,bent5ppfr,0.03225932293276348
2194.2,34.544500000000006,bent5ppfr,0.0319627758798465
2196.6,34.252,bent5ppfr,0.03169213621376781
2199.1,34.004999999999995,bent5ppfr,0.03146359605130136
2201.5,33.80349999999999,bent5ppfr,0.03127715539244715
2204.0,33.703,bent5ppfr,0.031184166378973973
2206.4,33.699,bent5ppfr,0.031180465323711354
2208.9,33.74499999999999,bent5ppfr,0.031223027459231414
2211.3,33.844,bent5ppfr,0.031314628576981134
2213.7,34.0085,bent5ppfr,0.031466834474656154
2216.1,34.2145,bent5ppfr,0.0316574388206808
2218.6,34.43899999999999,bent5ppfr,0.03186516054729503
2221.0,34.6365,bent5ppfr,0.03204790015088663
2223.4,34.816500000000005,bent5ppfr,0.032214447637704285
2225.8,35.02,bent5ppfr,0.03240273882418979
2228.2,35.19950000000001,bent5ppfr,0.03256882367909962
2230.6,35.340500000000006,bent5ppfr,0.03269928587710678
2233.1,35.47850000000001,bent5ppfr,0.03282697228366698
2235.5,35.609500000000004,bent5ppfr,0.0329481818435176
2237.9,35.7535,bent5ppfr,0.03308141983297172
2240.3,35.8635,bent5ppfr,0.03318319885269362
2242.7,35.967,bent5ppfr,0.033278963657613764
2245.1,36.082,bent5ppfr,0.033385368996413936
2247.5,36.17550000000001,bent5ppfr,0.03347188116317756
2249.9,36.2385,bent5ppfr,0.033530172783563725
2252.2,36.2825,bent5ppfr,0.033570884391452484
2254.6,36.327000000000005,bent5ppfr,0.033612058631249074
2257.0,36.372,bent5ppfr,0.03365369550295348
2259.4,36.373000000000005,bent5ppfr,0.033654620766769144
2261.8,36.348,bent5ppfr,0.033631489171377794
2264.1,36.3295,bent5ppfr,0.03361437179078821
2266.5,36.3275,bent5ppfr,0.0336125212631569
2268.9,36.31,bent5ppfr,0.03359632914638296
2271.2,36.253,bent5ppfr,0.0335435891088907
2273.6,36.196,bent5ppfr,0.033490849071398446
2276.0,36.133,bent5ppfr,0.03343255745101227
2278.3,36.07199999999999,bent5ppfr,0.033376116358257386
2280.7,36.0125,bent5ppfr,0.03332106316122601
2283.0,35.967,bent5ppfr,0.033278963657613764
2285.4,35.90599999999999,bent5ppfr,0.033222522564858886
2287.7,35.835,bent5ppfr,0.033156828833947494
2290.1,35.74650000000001,bent5ppfr,0.03307494298626216
2292.4,35.6435,bent5ppfr,0.032979640813249826
2294.8,35.516000000000005,bent5ppfr,0.03286166967675399
2297.1,35.3985,bent5ppfr,0.03275295117841468
2299.4,35.295,bent5ppfr,0.03265718637349454
2301.8,35.2,bent5ppfr,0.032569286311007445
2304.1,35.102500000000006,bent5ppfr,0.03247907308898122
2306.4,35.007,bent5ppfr,0.03239071039458629
2308.7,34.941,bent5ppfr,0.032329642982753155
2311.1,34.9035,bent5ppfr,0.03229494558966614
2313.4,34.873000000000005,bent5ppfr,0.03226672504328871
2315.7,34.8545,bent5ppfr,0.03224960766269912
2318.0,34.868,bent5ppfr,0.032262098724210445
2320.3,34.873,bent5ppfr,0.0322667250432887
2322.6,34.848,bent5ppfr,0.032243593447897366
2324.9,34.794,bent5ppfr,0.03219362920185207
2327.2,34.7455,bent5ppfr,0.03214875390679287
2329.5,34.677499999999995,bent5ppfr,0.03208583596732842
2331.8,34.5945,bent5ppfr,0.03200903907062917
2334.1,34.51199999999999,bent5ppfr,0.03193270480583774
2336.4,34.428999999999995,bent5ppfr,0.031855907909138496
2338.7,34.32749999999999,bent5ppfr,0.03176199363184965
2341.0,34.2285,bent5ppfr,0.03167039251409995
2343.2,34.105000000000004,bent5ppfr,0.03155612243286673
2345.5,34.005,bent5ppfr,0.03146359605130137
2347.8,33.9205,bent5ppfr,0.03138541125887863
2350.1,33.8165,bent5ppfr,0.031289183822050655
2352.4,33.7575,bent5ppfr,0.031234593256927096
2354.6,33.7025,bent5ppfr,0.031183703747066145
2356.9,33.63000000000001,bent5ppfr,0.031116622120431266
2359.1,33.572500000000005,bent5ppfr,0.03106341945103118
2361.4,33.496,bent5ppfr,0.030992636769133674
2363.7,33.425,bent5ppfr,0.03092694303822226
2365.9,33.3485,bent5ppfr,0.030856160356324765
2368.2,33.2825,bent5ppfr,0.030795092944491623
2370.4,33.21900000000001,bent5ppfr,0.030736338692197628
2372.7,33.1725,bent5ppfr,0.030693313924769726
2374.9,33.142,bent5ppfr,0.030665093378392294
2377.2,33.050500000000014,bent5ppfr,0.030580431739259995
2379.4,32.945,bent5ppfr,0.030482816406708527
2381.6,32.8395,bent5ppfr,0.03038520107415707
2383.9,32.748000000000005,bent5ppfr,0.030300539435024768
2386.1,32.661,bent5ppfr,0.030220041483062902
2388.3,32.567499999999995,bent5ppfr,0.03013352931629928
2390.6,32.47599999999999,bent5ppfr,0.030048867677166972
2392.8,32.401500000000006,bent5ppfr,0.02997993552290079
2395.0,32.3155,bent5ppfr,0.029900362834754574
2397.2,32.2145,bent5ppfr,0.029806911189373557
2399.4,32.105000000000004,bent5ppfr,0.02970559480155949
2401.6,32.023,bent5ppfr,0.029629723168675893
2403.9,31.954500000000003,bent5ppfr,0.02956634259730362
2406.1,31.85900000000001,bent5ppfr,0.029477979902908704
2408.3,31.733000000000004,bent5ppfr,0.029361396662136344
2410.5,31.6115,bent5ppfr,0.029248977108534423
2412.7,31.4925,bent5ppfr,0.029138870714471642
2414.9,31.3855,bent5ppfr,0.029039867486196705
2417.1,31.2755,bent5ppfr,0.028938088466474807
2419.2,31.176999999999992,bent5ppfr,0.02884694998063292
2421.4,31.0785,bent5ppfr,0.028755811494791044
2423.6,30.978,bent5ppfr,0.028662822481317858
2425.8,30.8465,bent5ppfr,0.028541150289559402
2428.0,30.716500000000003,bent5ppfr,0.028420865993524436
2430.2,30.5985,bent5ppfr,0.028311684863277307
2432.3,30.504,bent5ppfr,0.02822424743269804
2434.5,30.387000000000008,bent5ppfr,0.02811599156626657
2436.7,30.25,bent5ppfr,0.02798923042352202
2438.8,30.152,bent5ppfr,0.027898554569587966
2441.0,30.0785,bent5ppfr,0.027830547679137424
2443.2,29.9715,bent5ppfr,0.027731544450862487
2445.3,29.841999999999995,bent5ppfr,0.02761172278673534
2447.5,29.723000000000003,bent5ppfr,0.027501616392672564
2449.6,29.6355,bent5ppfr,0.02742065580880287
2451.8,29.5375,bent5ppfr,0.027329979954868817
2453.9,29.46100000000001,bent5ppfr,0.02725919727297132
2456.1,29.378000000000004,bent5ppfr,0.027182400376272065
2458.2,29.294,bent5ppfr,0.02710467821575716
2460.4,29.23950000000001,bent5ppfr,0.027054251337804047
2462.5,29.158000000000005,bent5ppfr,0.02697884233682827
2464.6,29.09250000000001,bent5ppfr,0.026918237556902962
2466.8,29.070000000000004,bent5ppfr,0.02689741912105075
2468.9,29.037499999999994,bent5ppfr,0.026867348047042
2471.0,28.939,bent5ppfr,0.026776209561200123
2473.1,28.860499999999995,bent5ppfr,0.02670357635167131
2475.2,28.820500000000003,bent5ppfr,0.026666565799045173
2477.4,28.792,bent5ppfr,0.026640195780299043
2479.5,28.7675,bent5ppfr,0.026617526816815527
2481.6,28.774,bent5ppfr,0.026623541031617275
2483.7,28.7405,bent5ppfr,0.02659254469379288
2485.8,28.655999999999995,bent5ppfr,0.026514359901370143
2487.9,28.6255,bent5ppfr,0.02648613935499271
2490.0,28.625,bent5ppfr,0.026485676723084887
2492.1,28.647,bent5ppfr,0.026506032527029266
2494.2,28.5825,bent5ppfr,0.026446353010919608
2496.3,28.5595,bent5ppfr,0.026425071943159573
2498.4,28.5465,bent5ppfr,0.02641304351355608
2500.5,28.5015,bent5ppfr,0.026371406641851666
2502.6,28.4715,bent5ppfr,0.026343648727382055
2504.7,28.486,bent5ppfr,0.026357065052709034
2506.7,28.480999999999995,bent5ppfr,0.02635243873363076
2508.8,28.474499999999995,bent5ppfr,0.02634642451882901
2510.9,28.420500000000004,bent5ppfr,0.026296460272783723
2513.0,28.4245,bent5ppfr,0.026300161328046336
339.3,52.07411764705882,kao005ck,0.023759976414589944
340.8,50.84294117647059,kao005ck,0.02319822471863919
342.3,50.37823529411765,kao005ck,0.022986192305929635
343.7,49.33,kao005ck,0.022507911597767067
345.2,48.94764705882353,kao005ck,0.022333454549335156
346.7,47.923529411764704,kao005ck,0.021866178054996757
348.1,47.3635294117647,kao005ck,0.021610665577908784
349.6,46.892941176470586,kao005ck,0.02139594921060797
351.1,46.58470588235294,kao005ck,0.02125530999002594
352.5,45.77941176470589,kao005ck,0.020887876606482423
354.0,45.82058823529412,kao005ck,0.02090666428862124
355.5,45.95411764705882,kao005ck,0.020967590057842846
357.0,45.93941176470588,kao005ck,0.020960880171364694
358.4,45.745294117647056,kao005ck,0.02087230966985311
359.9,45.55235294117647,kao005ck,0.020784275959259777
361.4,45.548235294117646,kao005ck,0.020782397191045892
362.8,45.77588235294117,kao005ck,0.02088626623372766
364.3,45.91058823529412,kao005ck,0.020947728793867523
365.8,46.05294117647058,kao005ck,0.021012680494976014
367.2,46.25411764705882,kao005ck,0.021104471741997113
368.7,46.37235294117647,kao005ck,0.021158419229281446
370.1,46.57470588235294,kao005ck,0.021250747267220794
371.6,46.74411764705882,kao005ck,0.02132804515944909
373.1,46.88764705882353,kao005ck,0.021393533651475838
374.5,47.28176470588236,kao005ck,0.021573358609090272
376.0,47.42176470588235,kao005ck,0.021637236728362264
377.5,47.66176470588236,kao005ck,0.021746742075685683
378.9,47.90176470588235,kao005ck,0.021856247423009092
380.4,48.10705882352941,kao005ck,0.021949917438244072
381.9,48.31235294117647,kao005ck,0.022043587453479056
383.3,48.59294117647059,kao005ck,0.022171612087482168
384.8,48.94117647058823,kao005ck,0.022330502199284768
386.2,49.16764705882353,kao005ck,0.02243383445104829
387.7,49.428823529411765,kao005ck,0.02255300203490024
389.2,49.557647058823534,kao005ck,0.02261178064044884
390.6,49.75411764705882,kao005ck,0.022701424723796926
392.1,49.98,kao005ck,0.02280448858010132
393.6,50.15588235294118,kao005ck,0.02288473882238
395.0,50.36588235294118,kao005ck,0.02298055600128799
396.5,50.55352941176471,kao005ck,0.023066174152749187
397.9,50.75882352941176,kao005ck,0.023159844167984164
399.4,50.961764705882345,kao005ck,0.02325244060138264
400.9,51.14529411764706,kao005ck,0.023336179984629963
402.3,51.36294117647059,kao005ck,0.023435486304506592
403.8,51.55176470588236,kao005ck,0.023521641246886046
405.2,51.68117647058824,kao005ck,0.023580688247893767
406.7,51.90529411764706,kao005ck,0.023682946917820778
408.1,52.108823529411765,kao005ck,0.023775811746678383
409.6,52.27235294117647,kao005ck,0.023850425684315415
411.1,52.48470588235294,kao005ck,0.02394731644505991
412.5,52.70941176470589,kao005ck,0.02404984351044605
414.0,52.86117647058823,kao005ck,0.024119089538900556
415.4,53.07588235294117,kao005ck,0.024217053881481553
416.9,53.30058823529412,kao005ck,0.024319580946867696
418.3,53.55411764705883,kao005ck,0.024435259389751014
419.8,53.77058823529411,kao005ck,0.024534028918709382
421.2,54.02,kao005ck,0.02464782859337882
422.7,54.23117647058823,kao005ck,0.024744182563205055
424.1,54.43352941176471,kao005ck,0.02483651060114441
425.6,54.6629411764706,kao005ck,0.024941184830203564
427.0,54.915294117647065,kao005ck,0.02505632648216862
428.5,55.17294117647059,kao005ck,0.025173883693265814
429.9,55.438235294117646,kao005ck,0.02529493004533165
431.4,55.66117647058824,kao005ck,0.02539665192434041
432.8,55.910588235294114,kao005ck,0.025510451599009838
434.3,56.146470588235296,kao005ck,0.025618078178119376
435.7,56.38941176470588,kao005ck,0.02572892550273842
437.2,56.62470588235294,kao005ck,0.02583628368638883
438.6,56.888823529411766,kao005ck,0.02595679324753641
440.1,57.11764705882353,kao005ck,0.02606119908113643
441.5,57.34529411764706,kao005ck,0.026165068123818202
443.0,57.568823529411766,kao005ck,0.026267058398286088
444.4,57.78470588235294,kao005ck,0.026365559531785335
445.8,58.01411764705883,kao005ck,0.026470233760844487
447.3,58.21176470588235,kao005ck,0.026560414635110826
448.7,58.4,kao005ck,0.02664630118203115
450.2,58.58176470588235,kao005ck,0.02672923537890109
451.6,58.76882352941177,kao005ck,0.02681458513490317
453.0,58.95647058823529,kao005ck,0.026900203286364367
454.5,59.12058823529412,kao005ck,0.026975085619460527
455.9,59.29,kao005ck,0.02705238351168882
457.4,59.43352941176471,kao005ck,0.02711787200371557
458.8,59.57411764705882,kao005ck,0.027182018518446684
460.2,59.69647058823529,kao005ck,0.0272378447739449
461.7,59.83352941176471,kao005ck,0.02730038091592126
463.1,59.9435294117647,kao005ck,0.027350570866777824
464.5,60.07764705882352,kao005ck,0.027411765031458556
466.0,60.212941176470586,kao005ck,0.027473495987057544
467.4,60.31764705882353,kao005ck,0.027521270378781975
468.9,60.40823529411764,kao005ck,0.02756260327948738
470.3,60.52235294117648,kao005ck,0.027614671998557834
471.7,60.60764705882352,kao005ck,0.027653589340131096
473.1,60.71117647058823,kao005ck,0.027700826940937277
474.6,60.84176470588235,kao005ck,0.027760410732863255
476.0,60.950588235294106,kao005ck,0.027810063892801565
477.4,61.06352941176471,kao005ck,0.02786159582095377
478.9,61.16176470588236,kao005ck,0.027906417862627816
480.3,61.268235294117645,kao005ck,0.02795499744072962
481.7,61.37294117647058,kao005ck,0.02800277183245405
483.1,61.49705882352941,kao005ck,0.02805940327432964
484.6,61.63117647058824,kao005ck,0.028120597439010374
486.0,61.75176470588235,kao005ck,0.028175618508131207
487.4,61.86529411764706,kao005ck,0.02822741883174253
488.9,61.98705882352941,kao005ck,0.028282976691781616
490.3,62.09588235294118,kao005ck,0.028332629851719932
491.7,62.22529411764705,kao005ck,0.02839167685272765
493.1,62.34764705882352,kao005ck,0.02844750310822586
494.5,62.48235294117647,kao005ck,0.028508965668365725
496.0,62.62529411764705,kao005ck,0.028574185764933344
497.4,62.75823529411765,kao005ck,0.028634843138695826
498.8,62.887647058823525,kao005ck,0.02869389013970355
500.2,63.01352941176471,kao005ck,0.02875132676795652
501.6,63.14352941176471,kao005ck,0.02881064216442337
503.1,63.28176470588235,kao005ck,0.028873715097317985
504.5,63.43,kao005ck,0.02894135075301774
505.9,63.56529411764706,kao005ck,0.029003081708616728
507.3,63.69882352941177,kao005ck,0.029064007477838334
508.7,63.817058823529415,kao005ck,0.029117954965122664
510.1,63.946470588235286,kao005ck,0.02917700196613038
511.6,64.08235294117648,kao005ck,0.0292390013171885
513.0,64.21705882352941,kao005ck,0.029300463877328355
514.4,64.36000000000001,kao005ck,0.02936568397389598
515.8,64.49705882352941,kao005ck,0.02942822011587234
517.2,64.63294117647058,kao005ck,0.029490219466930447
518.6,64.76588235294118,kao005ck,0.02955087684069293
520.0,64.89588235294119,kao005ck,0.029610192237159785
521.5,65.03176470588235,kao005ck,0.029672191588217888
522.9,65.16,kao005ck,0.02973070179830736
524.3,65.2970588235294,kao005ck,0.02979323794028372
525.7,65.43705882352941,kao005ck,0.029857116059555718
527.1,65.56,kao005ck,0.029913210710513057
528.5,65.66647058823528,kao005ck,0.02996179028861486
529.9,65.78823529411765,kao005ck,0.030017348148653953
531.3,65.92529411764704,kao005ck,0.030079884290630306
532.7,66.09058823529412,kao005ck,0.030155303414644726
534.1,66.23823529411764,kao005ck,0.030222670674885353
535.5,66.36352941176472,kao005ck,0.030279838907679203
536.9,66.47411764705882,kao005ck,0.030330297253994887
538.3,66.6094117647059,kao005ck,0.03039202820959388
539.7,66.73176470588236,kao005ck,0.030447854465092086
541.1,66.86000000000001,kao005ck,0.030506364675181565
542.5,66.97529411764707,kao005ck,0.03055897018517026
544.0,67.09764705882354,kao005ck,0.030614796440668474
545.3,67.22470588235295,kao005ck,0.03067276985983969
546.8,67.37058823529412,kao005ck,0.030739331933702943
548.2,67.49764705882352,kao005ck,0.030797305352874154
549.5,67.58941176470587,kao005ck,0.030839175044497815
550.9,67.70705882352942,kao005ck,0.03089285413632303
552.3,67.81176470588235,kao005ck,0.030940628528047454
553.7,67.89117647058823,kao005ck,0.030976861915029467
555.1,67.95470588235294,kao005ck,0.031005848624615077
556.5,68.06235294117647,kao005ck,0.03105496499363514
557.9,68.17058823529412,kao005ck,0.031104349758114328
559.3,68.29411764705883,kao005ck,0.031160712804530793
560.7,68.39470588235292,kao005ck,0.031206608428041332
562.1,68.49411764705883,kao005ck,0.03125196726063364
563.5,68.59529411764706,kao005ck,0.03129813127960331
564.9,68.69470588235293,kao005ck,0.03134349011219561
566.3,68.79058823529412,kao005ck,0.031387238572033155
567.7,68.88058823529413,kao005ck,0.03142830307727944
569.1,68.97058823529413,kao005ck,0.03146936758252572
570.5,69.05588235294118,kao005ck,0.03150828492409899
571.8,69.14,kao005ck,0.03154666547475401
573.2,69.21941176470588,kao005ck,0.03158289886173602
574.6,69.30823529411765,kao005ck,0.03162342657606405
576.0,69.38764705882352,kao005ck,0.03165965996304605
577.4,69.46352941176471,kao005ck,0.031694282977273315
578.8,69.53470588235294,kao005ck,0.031726758827827564
580.2,69.60176470588235,kao005ck,0.03175735591016793
581.5,69.66882352941177,kao005ck,0.0317879529925083
582.9,69.73411764705882,kao005ck,0.031817744888471285
584.3,69.79235294117647,kao005ck,0.031844316038924764
585.7,69.85058823529413,kao005ck,0.03187088718937824
587.1,69.90764705882353,kao005ck,0.03189692154891346
588.5,69.96176470588235,kao005ck,0.03192161393115305
589.8,70.01411764705882,kao005ck,0.03194550112701527
591.2,70.05823529411765,kao005ck,0.03196563078644972
592.6,70.10529411764708,kao005ck,0.031987102423179814
594.0,70.15470588235294,kao005ck,0.03200964764174639
595.4,70.19882352941177,kao005ck,0.03202977730118084
596.7,70.2435294117647,kao005ck,0.03205017535607441
598.1,70.28235294117647,kao005ck,0.03206788945637674
599.5,70.32117647058824,kao005ck,0.032085603556679054
600.9,70.3635294117647,kao005ck,0.03210492802973612
602.2,70.3941176470588,kao005ck,0.03211888459361067
603.6,70.4370588235294,kao005ck,0.03213847746212687
605.0,70.47117647058822,kao005ck,0.03215404439875618
606.4,70.51470588235293,kao005ck,0.032173905662731504
607.7,70.5494117647059,kao005ck,0.03218974099481995
609.1,70.58764705882353,kao005ck,0.03220718669966314
610.5,70.62529411764706,kao005ck,0.032224364009047206
611.9,70.65588235294118,kao005ck,0.03223832057292176
613.2,70.68941176470587,kao005ck,0.032253619114091935
614.6,70.73235294117647,kao005ck,0.03227321198260814
616.0,70.77117647058823,kao005ck,0.032290926082910454
617.3,70.80411764705883,kao005ck,0.032305956228621514
618.7,70.83882352941177,kao005ck,0.03232179156070995
620.1,70.86764705882354,kao005ck,0.03233494293820713
621.5,70.89588235294117,kao005ck,0.03234782592024517
622.8,70.93529411764705,kao005ck,0.03236580841600661
624.2,70.96941176470587,kao005ck,0.03238137535263592
625.5,71.00235294117647,kao005ck,0.03239640549834698
626.9,71.03058823529412,kao005ck,0.03240928848038503
628.3,71.05823529411765,kao005ck,0.03242190306696396
629.6,71.08058823529413,kao005ck,0.03243210209441075
631.0,71.11058823529413,kao005ck,0.03244579026282617
632.4,71.13647058823528,kao005ck,0.032457599663027706
633.7,71.16764705882352,kao005ck,0.03247182462236139
635.1,71.1870588235294,kao005ck,0.03248068167251254
636.5,71.20588235294116,kao005ck,0.03248927032720458
637.8,71.22411764705882,kao005ck,0.03249759058643749
639.2,71.24176470588236,kao005ck,0.03250564245021127
640.5,71.26176470588236,kao005ck,0.032514767895821556
641.9,71.2735294117647,kao005ck,0.032520135805004076
643.2,71.27588235294118,kao005ck,0.03252120938684058
644.6,71.28,kao005ck,0.03252308815505446
646.0,71.29529411764706,kao005ck,0.03253006643699174
647.3,71.30588235294118,kao005ck,0.03253489755525601
648.7,71.31705882352941,kao005ck,0.0325399970689794
650.0,71.33470588235294,kao005ck,0.032548048932753176
651.4,71.34941176470589,kao005ck,0.03255475881923134
652.7,71.34058823529412,kao005ck,0.03255073288734445
654.1,71.31882352941177,kao005ck,0.032540802255356785
655.4,71.31941176470588,kao005ck,0.0325410706508159
656.8,71.33764705882353,kao005ck,0.03254939091004881
658.1,71.38764705882352,kao005ck,0.03257220452407452
659.5,71.4270588235294,kao005ck,0.032590187019835966
660.8,71.43823529411763,kao005ck,0.03259528653355936
662.2,71.45235294117647,kao005ck,0.032601728024578384
663.5,71.47176470588236,kao005ck,0.032610585074729546
664.9,71.50058823529413,kao005ck,0.03262373645222673
666.2,71.5164705882353,kao005ck,0.03263098312962312
667.6,71.53588235294117,kao005ck,0.03263984017977428
668.9,71.57882352941176,kao005ck,0.03265943304829048
670.3,71.68235294117646,kao005ck,0.03270667064909665
671.6,71.78411764705882,kao005ck,0.03275310306352546
673.0,71.83176470588235,kao005ck,0.03277484309571466
674.3,71.89176470588235,kao005ck,0.03280221943254552
675.6,71.95235294117646,kao005ck,0.03282986416483549
677.0,71.96294117647058,kao005ck,0.03283469528309976
678.3,71.95529411764704,kao005ck,0.03283120614213113
679.7,71.97823529411765,kao005ck,0.03284167356503705
681.0,72.02235294117648,kao005ck,0.0328618032244715
682.3,72.06764705882354,kao005ck,0.03288246967482421
683.7,72.09941176470589,kao005ck,0.03289696302961701
685.0,72.1335294117647,kao005ck,0.032912529966246315
686.4,72.17411764705882,kao005ck,0.03293104925292601
687.7,72.21823529411766,kao005ck,0.03295117891236047
689.0,72.25764705882354,kao005ck,0.03296916140812191
690.4,72.29823529411765,kao005ck,0.032987680694801604
691.7,72.33235294117647,kao005ck,0.03300324763143091
693.0,72.36941176470589,kao005ck,0.03302015654535585
694.4,72.39941176470586,kao005ck,0.033033844713771264
695.7,72.43529411764706,kao005ck,0.03305021683677797
697.0,72.47176470588235,kao005ck,0.03306685735524378
698.4,72.5229411764706,kao005ck,0.03309020776018774
699.7,72.56235294117647,kao005ck,0.03310819025594918
701.0,72.59764705882353,kao005ck,0.03312429398349674
702.4,72.63529411764705,kao005ck,0.03314147129288081
703.7,72.67,kao005ck,0.03315730662496925
705.0,72.70882352941177,kao005ck,0.033175020725271565
706.3,72.74411764705883,kao005ck,0.033191124452819125
707.7,72.78411764705882,kao005ck,0.03320937534403969
709.0,72.82352941176471,kao005ck,0.03322735783980114
710.3,72.86235294117648,kao005ck,0.03324507194010346
711.6,72.89176470588234,kao005ck,0.033258491713059744
713.0,72.92882352941177,kao005ck,0.0332754006269847
714.3,72.95941176470589,kao005ck,0.03328935719085925
715.6,72.98941176470589,kao005ck,0.033303045359274676
716.9,73.02764705882353,kao005ck,0.033320491064117864
718.2,73.06117647058824,kao005ck,0.033335789605288046
719.6,73.09235294117647,kao005ck,0.03335001456462173
720.9,73.12470588235294,kao005ck,0.03336477631487366
722.2,73.15176470588236,kao005ck,0.03337712250599346
723.5,73.18058823529412,kao005ck,0.03339027388349063
724.8,73.20764705882353,kao005ck,0.03340262007461042
726.2,73.23235294117647,kao005ck,0.03341389268389372
727.5,73.26529411764706,kao005ck,0.033428922829604774
728.8,73.29823529411765,kao005ck,0.033443952975315834
730.1,73.3229411764706,kao005ck,0.03345522558459913
731.4,73.35058823529413,kao005ck,0.03346784017117805
732.7,73.37235294117649,kao005ck,0.03347777080316572
734.0,73.39411764705882,kao005ck,0.03348770143515337
735.3,73.42705882352942,kao005ck,0.033502731580864434
736.7,73.45294117647059,kao005ck,0.033514540981065974
738.0,73.48058823529412,kao005ck,0.0335271555676449
739.3,73.49941176470588,kao005ck,0.03353574422233693
740.6,73.52294117647058,kao005ck,0.033546480040701966
741.9,73.53882352941176,kao005ck,0.03355372671809837
743.2,73.55764705882353,kao005ck,0.03356231537279041
744.5,73.58,kao005ck,0.033572514400237195
745.8,73.61235294117648,kao005ck,0.033587276150489134
747.1,73.64176470588235,kao005ck,0.03360069592344543
748.4,73.67117647058824,kao005ck,0.03361411569640173
749.7,73.68941176470588,kao005ck,0.03362243595563463
751.0,73.71176470588235,kao005ck,0.03363263498308142
752.3,73.74058823529411,kao005ck,0.0336457863605786
753.6,73.76705882352941,kao005ck,0.03365786415623927
754.9,73.79705882352941,kao005ck,0.0336715523246547
756.2,73.82000000000001,kao005ck,0.03368201974756062
757.5,73.84176470588237,kao005ck,0.03369195037954828
758.8,73.85352941176473,kao005ck,0.03369731828873081
760.1,73.87529411764706,kao005ck,0.033707248920718455
761.4,73.90176470588234,kao005ck,0.033719326716379124
762.7,73.93117647058823,kao005ck,0.03373274648933543
764.0,73.94882352941177,kao005ck,0.03374079835310921
765.3,73.96352941176471,kao005ck,0.03374750823958736
766.6,73.97999999999999,kao005ck,0.033755023312442886
767.9,73.99941176470588,kao005ck,0.03376388036259405
769.2,74.02058823529411,kao005ck,0.03377354259912258
770.4,74.04823529411765,kao005ck,0.03378615718570151
771.7,74.07235294117648,kao005ck,0.033797161399525676
773.0,74.08176470588235,kao005ck,0.03380145572687169
774.3,74.09411764705884,kao005ck,0.033807092031513344
775.6,74.11588235294118,kao005ck,0.033817022663501006
776.9,74.1429411764706,kao005ck,0.0338293688546208
778.2,74.1670588235294,kao005ck,0.03384037306844496
779.4,74.17882352941176,kao005ck,0.03384574097762748
780.7,74.1970588235294,kao005ck,0.03385406123686038
782.0,74.20470588235294,kao005ck,0.033857550377829025
783.3,74.23,kao005ck,0.03386909138257145
784.5,74.24823529411763,kao005ck,0.03387741164180435
785.8,74.26764705882354,kao005ck,0.03388626869195552
787.1,74.28882352941176,kao005ck,0.033895930928484044
788.4,74.29823529411765,kao005ck,0.033900225255830065
789.7,74.31470588235294,kao005ck,0.03390774032868559
790.9,74.31941176470588,kao005ck,0.0339098874923586
792.2,74.3429411764706,kao005ck,0.03392062331072365
793.5,74.36235294117648,kao005ck,0.03392948036087481
794.8,74.38058823529411,kao005ck,0.033937800620107705
796.0,74.40235294117646,kao005ck,0.03394773125209537
797.3,74.41058823529411,kao005ck,0.03395148878852313
798.5,74.42294117647059,kao005ck,0.03395712509316478
799.8,74.44176470588236,kao005ck,0.03396571374785682
801.1,74.45882352941176,kao005ck,0.03397349721617147
802.3,74.48176470588234,kao005ck,0.03398396463907738
803.6,74.49705882352941,kao005ck,0.033990942921014664
804.9,74.49941176470588,kao005ck,0.03399201650285116
806.1,74.5170588235294,kao005ck,0.03400006836662494
807.4,74.5270588235294,kao005ck,0.03400463108943008
808.7,74.55,kao005ck,0.034015098512336
809.9,74.55705882352943,kao005ck,0.03401831925784552
811.2,74.57352941176472,kao005ck,0.03402583433070105
812.4,74.58588235294118,kao005ck,0.03403147063534269
813.7,74.58823529411765,kao005ck,0.034032544217179196
815.0,74.61117647058825,kao005ck,0.034043011640085115
816.2,74.62294117647059,kao005ck,0.03404837954926763
817.5,74.64411764705882,kao005ck,0.03405804178579616
818.7,74.64470588235294,kao005ck,0.03405831018125529
820.0,74.66294117647058,kao005ck,0.034066630440488195
821.2,74.66882352941177,kao005ck,0.03406931439507946
822.5,74.66764705882352,kao005ck,0.0340687776041612
823.7,74.68882352941176,kao005ck,0.03407843984068974
825.0,74.70117647058824,kao005ck,0.03408407614533139
826.2,74.7164705882353,kao005ck,0.03409105442726867
827.5,74.71764705882353,kao005ck,0.03409159121818692
828.7,74.73588235294118,kao005ck,0.03409991147741982
829.9,74.7464705882353,kao005ck,0.03410474259568409
831.2,74.74647058823528,kao005ck,0.034104742595684086
832.4,74.75941176470587,kao005ck,0.03411064729578486
833.7,74.77470588235293,kao005ck,0.03411762557772214
834.9,74.77294117647058,kao005ck,0.03411682039134476
836.1,74.77117647058823,kao005ck,0.03411601520496738
837.4,74.78294117647057,kao005ck,0.034121383114149896
838.6,74.80058823529411,kao005ck,0.03412943497792369
839.8,74.80117647058825,kao005ck,0.034129703373382815
841.1,74.82411764705883,kao005ck,0.03414017079628873
842.3,74.83352941176472,kao005ck,0.03414446512363475
843.5,74.8464705882353,kao005ck,0.03415036982373552
844.8,74.84117647058825,kao005ck,0.03414795426460339
846.0,74.84470588235295,kao005ck,0.034149564637358146
847.2,74.83529411764707,kao005ck,0.034145270310012125
848.5,74.85176470588237,kao005ck,0.03415278538286766
849.7,74.87411764705882,kao005ck,0.034162984410314436
850.9,74.88058823529411,kao005ck,0.03416593676036482
852.2,74.88588235294117,kao005ck,0.034168352319496956
853.4,74.8829411764706,kao005ck,0.034167010342201334
854.6,74.87882352941176,kao005ck,0.03416513157398744
855.8,74.89764705882352,kao005ck,0.034173720228679476
857.0,74.90764705882353,kao005ck,0.03417828295148462
858.3,74.91882352941177,kao005ck,0.034183382465208016
859.5,74.92999999999999,kao005ck,0.03418848197893141
860.7,74.92999999999999,kao005ck,0.03418848197893141
861.9,74.93352941176471,kao005ck,0.034190092351686165
863.1,74.92823529411764,kao005ck,0.03418767679255403
864.3,74.91999999999999,kao005ck,0.03418391925612626
865.5,74.94529411764705,kao005ck,0.034195460260868685
866.8,74.95117647058822,kao005ck,0.03419814421545994
868.0,74.96294117647058,kao005ck,0.03420351212464246
869.2,74.96235294117646,kao005ck,0.03420324372918334
870.4,74.96823529411765,kao005ck,0.0342059276837746
871.6,74.9805882352941,kao005ck,0.034211563988416245
872.8,74.99,kao005ck,0.03421585831576226
874.0,74.99588235294118,kao005ck,0.03421854227035352
875.2,75.00705882352939,kao005ck,0.03422364178407691
876.4,75.00764705882351,kao005ck,0.034223910179536035
877.6,75.02764705882352,kao005ck,0.034233035625146326
878.8,75.02352941176471,kao005ck,0.03423115685693245
880.0,75.0070588235294,kao005ck,0.034223641784076914
881.2,75.02,kao005ck,0.03422954648417769
882.4,75.0264705882353,kao005ck,0.034232498834228076
883.6,75.06117647058825,kao005ck,0.03424833416631652
884.8,75.04529411764706,kao005ck,0.03424108748892011
886.0,75.05647058823531,kao005ck,0.034246187002643515
887.2,75.05529411764708,kao005ck,0.03424565021172526
888.4,75.06352941176472,kao005ck,0.03424940774815302
889.6,75.08058823529412,kao005ck,0.03425719121646767
890.8,75.08,kao005ck,0.03425692282100854
892.0,75.07823529411766,kao005ck,0.03425611763463117
893.2,75.09823529411766,kao005ck,0.03426524308024145
894.3,75.08411764705883,kao005ck,0.03425880158922243
895.5,75.08764705882353,kao005ck,0.03426041196197718
896.7,75.11235294117647,kao005ck,0.03427168457126047
897.9,75.13470588235293,kao005ck,0.03428188359870726
899.1,75.10823529411765,kao005ck,0.034269805803046595
900.3,75.1164705882353,kao005ck,0.03427356333947436
901.5,75.11470588235295,kao005ck,0.03427275815309699
902.6,75.1370588235294,kao005ck,0.03428295718054376
903.8,75.14058823529412,kao005ck,0.03428456755329853
905.0,75.15411764705883,kao005ck,0.034290740648858425
906.2,75.14882352941176,kao005ck,0.03428832508972628
907.4,75.12470588235294,kao005ck,0.03427732087590212
908.5,75.11411764705883,kao005ck,0.03427248975763786
909.7,75.13470588235293,kao005ck,0.03428188359870726
910.9,75.14411764705882,kao005ck,0.03428617792605328
912.1,75.1435294117647,kao005ck,0.034285909530594155
913.2,75.13,kao005ck,0.03427973643503426
914.4,75.12294117647059,kao005ck,0.03427651568952474
915.6,75.14470588235292,kao005ck,0.0342864463215124
916.8,75.15411764705883,kao005ck,0.034290740648858425
917.9,75.16058823529411,kao005ck,0.03429369299890881
919.1,75.17176470588234,kao005ck,0.034298792512632195
920.2,75.16235294117645,kao005ck,0.034294498185286175
921.4,75.18117647058823,kao005ck,0.034303086839978215
922.6,75.19588235294117,kao005ck,0.034309796726456364
923.8,75.20176470588234,kao005ck,0.03431248068104763
924.9,75.21294117647058,kao005ck,0.03431758019477102
926.1,75.23705882352941,kao005ck,0.03432858440859519
927.2,75.23470588235296,kao005ck,0.034327510826758695
928.4,75.2170588235294,kao005ck,0.034319458962984904
929.6,75.2105882352941,kao005ck,0.03431650661293451
930.7,75.2535294117647,kao005ck,0.03433609948145072
931.9,75.22411764705883,kao005ck,0.034322679708494425
933.0,75.26470588235296,kao005ck,0.03434119899517412
934.2,75.24235294117646,kao005ck,0.03433099996772732
935.3,75.22823529411765,kao005ck,0.0343245584767083
936.5,75.2270588235294,kao005ck,0.034324021685790046
937.7,75.2764705882353,kao005ck,0.03434656690435663
938.8,75.25764705882354,kao005ck,0.03433797824966461
940.0,75.25882352941177,kao005ck,0.034338515040582857
941.1,75.25705882352942,kao005ck,0.03433770985420548
942.3,75.25,kao005ck,0.034334489108695965
943.4,75.23823529411764,kao005ck,0.034329121199513445
944.6,75.22352941176472,kao005ck,0.034322411313035296
945.7,75.2235294117647,kao005ck,0.03432241131303529
946.9,75.21470588235294,kao005ck,0.034318385381148404
948.0,75.17176470588235,kao005ck,0.0342987925126322
949.2,75.16,kao005ck,0.03429342460344968
950.3,75.15176470588234,kao005ck,0.03428966706702191
951.5,75.12823529411764,kao005ck,0.03427893124865688
952.6,75.11058823529413,kao005ck,0.0342708793848831
953.8,75.13294117647058,kao005ck,0.034281078412329885
954.9,75.13882352941177,kao005ck,0.03428376236692115
956.1,75.12235294117647,kao005ck,0.03427624729406562
957.2,75.16235294117647,kao005ck,0.03429449818528618
958.3,75.21058823529411,kao005ck,0.03431650661293452
959.5,75.23294117647059,kao005ck,0.03432670564038131
960.6,75.23,kao005ck,0.03432536366308568
961.8,75.1870588235294,kao005ck,0.03430577079456947
962.9,75.14588235294117,kao005ck,0.034286983112430655
964.1,75.0558823529412,kao005ck,0.034245918607184386
965.2,74.89882352941177,kao005ck,0.03417425701959773
966.3,74.78,kao005ck,0.034120041136854275
967.5,74.83823529411765,kao005ck,0.034146612287307754
968.6,74.93999999999998,kao005ck,0.03419304470173654
969.8,75.22411764705882,kao005ck,0.03432267970849442
970.9,75.32823529411766,kao005ck,0.03437018570475973
972.1,75.40999999999998,kao005ck,0.03440749267357823
973.2,75.45764705882353,kao005ck,0.03442923270576745
974.3,75.49882352941177,kao005ck,0.03444802038790627
975.5,75.5270588235294,kao005ck,0.03446090336994431
976.6,75.60529411764706,kao005ck,0.03449659996600808
977.8,75.57529411764706,kao005ck,0.03448291179759266
978.9,75.60882352941177,kao005ck,0.03449821033876284
980.0,75.60411764705883,kao005ck,0.03449606317508983
981.2,75.59705882352941,kao005ck,0.03449284242958031
982.3,75.53411764705882,kao005ck,0.03446412411545383
983.5,75.54529411764706,kao005ck,0.034469223629177224
984.6,75.57470588235296,kao005ck,0.034482643402133535
985.7,75.60705882352943,kao005ck,0.03449740515238547
986.9,75.57000000000001,kao005ck,0.03448049623846052
988.0,75.5335294117647,kao005ck,0.034463855719994704
989.1,75.60235294117648,kao005ck,0.034495257988712454
992.0,75.71647058823528,kao005ck,0.03454732670778289
995.9,75.75058823529412,kao005ck,0.03456289364441221
999.7,75.75411764705882,kao005ck,0.03456450401716696
1003.6,75.77941176470588,kao005ck,0.034576045021909384
1007.4,75.82411764705883,kao005ck,0.03459644307680296
1011.3,75.85823529411765,kao005ck,0.03461201001343227
1015.1,75.9035294117647,kao005ck,0.03463267646378496
1019.0,75.91411764705883,kao005ck,0.03463750758204924
1022.8,75.9270588235294,kao005ck,0.03464341228215001
1026.7,75.9364705882353,kao005ck,0.03464770660949603
1030.5,75.95294117647059,kao005ck,0.03465522168235156
1034.4,75.94882352941175,kao005ck,0.03465334291413767
1038.2,75.98470588235294,kao005ck,0.03466971503714436
1042.1,76.02705882352942,kao005ck,0.034689039510201435
1045.9,76.03411764705884,kao005ck,0.034692260255710955
1049.7,76.06764705882354,kao005ck,0.03470755879688114
1053.6,76.05176470588235,kao005ck,0.034700312119484725
1057.4,76.10058823529413,kao005ck,0.03472258894259219
1061.2,76.11235294117648,kao005ck,0.03472795685177471
1065.1,76.1094117647059,kao005ck,0.03472661487447908
1068.9,76.15294117647059,kao005ck,0.034746476138454406
1072.7,76.18294117647059,kao005ck,0.03476016430686983
1076.6,76.16294117647058,kao005ck,0.03475103886125954
1080.4,76.17529411764706,kao005ck,0.03475667516590119
1084.2,76.19999999999999,kao005ck,0.03476794777518448
1088.0,76.21764705882352,kao005ck,0.034775999638958256
1091.8,76.20941176470589,kao005ck,0.03477224210253051
1095.7,76.23235294117646,kao005ck,0.03478270952543641
1099.5,76.24823529411765,kao005ck,0.03478995620283282
1103.3,76.26294117647058,kao005ck,0.034796666089310965
1107.1,76.28588235294119,kao005ck,0.03480713351221689
1110.9,76.30588235294118,kao005ck,0.03481625895782717
1114.8,76.34117647058825,kao005ck,0.034832362685374735
1118.6,76.33882352941177,kao005ck,0.03483128910353823
1122.4,76.37058823529412,kao005ck,0.03484578245833103
1126.2,76.41882352941177,kao005ck,0.03486779088597936
1130.0,76.44117647058825,kao005ck,0.03487798991342616
1133.8,76.44176470588236,kao005ck,0.03487825830888528
1137.6,76.47117647058825,kao005ck,0.034891678081841584
1141.4,76.50882352941177,kao005ck,0.034908855391225645
1145.2,76.53058823529412,kao005ck,0.03491878602321331
1149.0,76.57235294117648,kao005ck,0.03493784210081126
1152.8,76.63941176470588,kao005ck,0.03496843918315162
1156.6,76.73117647058822,kao005ck,0.03501030887477528
1160.4,76.78588235294119,kao005ck,0.035035269652474006
1164.2,76.85882352941178,kao005ck,0.035068550689405634
1168.0,76.84470588235295,kao005ck,0.03506210919838661
1171.8,76.86882352941177,kao005ck,0.03507311341221077
1175.6,76.83764705882352,kao005ck,0.035058888452877086
1179.4,76.78882352941177,kao005ck,0.035036611629769635
1183.2,76.70764705882353,kao005ck,0.03499957305641024
1187.0,76.66176470588235,kao005ck,0.034978638210598406
1190.7,76.63529411764705,kao005ck,0.03496656041493773
1194.5,76.59823529411766,kao005ck,0.034949651501012806
1198.3,76.62588235294118,kao005ck,0.034962266087591724
1202.1,76.61470588235295,kao005ck,0.03495716657386833
1205.9,76.59705882352942,kao005ck,0.03494911471009455
1209.7,76.62117647058824,kao005ck,0.03496011892391872
1213.4,76.59941176470589,kao005ck,0.034950188291931056
1217.2,76.56058823529413,kao005ck,0.03493247419162874
1221.0,76.52294117647058,kao005ck,0.034915296882244665
1224.8,76.44941176470587,kao005ck,0.03488174744985391
1228.5,76.37941176470588,kao005ck,0.034849808390217916
1232.3,76.33058823529412,kao005ck,0.03482753156711046
1236.1,76.29,kao005ck,0.03480901228043077
1239.8,76.24882352941177,kao005ck,0.034790224598291945
1243.6,76.31764705882354,kao005ck,0.034821626867009695
1247.4,76.37470588235294,kao005ck,0.03484766122654491
1251.1,76.38176470588235,kao005ck,0.03485088197205442
1254.9,76.45117647058824,kao005ck,0.034882552636231294
1258.7,76.49882352941177,kao005ck,0.0349042926684205
1262.4,76.51058823529412,kao005ck,0.03490966057760302
1266.2,76.49352941176471,kao005ck,0.03490187710928837
1269.9,76.47470588235294,kao005ck,0.034893288454596334
1273.7,76.45470588235294,kao005ck,0.03488416300898605
1277.4,76.4170588235294,kao005ck,0.034866985699601984
1281.2,76.34058823529412,kao005ck,0.034832094289915606
1284.9,76.15470588235293,kao005ck,0.03474728132483178
1288.7,76.04058823529412,kao005ck,0.03469521260576133
1292.4,75.86235294117647,kao005ck,0.034613888781646146
1296.2,75.75882352941177,kao005ck,0.03456665118083997
1299.9,75.60764705882355,kao005ck,0.03449767354784459
1303.7,75.4964705882353,kao005ck,0.034446946806069766
1307.4,75.39647058823529,kao005ck,0.03440131957801834
1311.2,75.33000000000001,kao005ck,0.034370990891137106
1314.9,75.23588235294119,kao005ck,0.034328047617676945
1318.7,75.15411764705881,kao005ck,0.03429074064885842
1322.4,75.03588235294119,kao005ck,0.034236793161574096
1326.1,74.94058823529411,kao005ck,0.03419331309719568
1329.9,74.87529411764706,kao005ck,0.03416352120123269
1333.6,74.81941176470588,kao005ck,0.03413802363261571
1337.3,74.79823529411766,kao005ck,0.03412836139608719
1341.1,74.71588235294118,kao005ck,0.03409078603180954
1344.8,74.45705882352941,kao005ck,0.03397269202979409
1348.5,74.04941176470588,kao005ck,0.03378669397661976
1352.2,73.60882352941178,kao005ck,0.03358566577773438
1356.0,73.27588235294118,kao005ck,0.033433753947869044
1359.7,73.14588235294117,kao005ck,0.033374438551402194
1363.4,73.06411764705882,kao005ck,0.033337131582583675
1367.1,73.02823529411765,kao005ck,0.03332075945957699
1370.8,72.75117647058822,kao005ck,0.03319434519832863
1374.6,72.24941176470587,kao005ck,0.03296540387169414
1378.3,71.47823529411764,kao005ck,0.032613537424779925
1382.0,70.38882352941177,kao005ck,0.03211646903447855
1385.7,68.83,kao005ck,0.03140522106779459
1389.4,67.18411764705883,kao005ck,0.030654250573159996
1393.1,66.04411764705883,kao005ck,0.03013410017337377
1396.8,65.62058823529412,kao005ck,0.029940855442803036
1400.5,65.86882352941177,kao005ck,0.03005411832655422
1404.2,65.91235294117647,kao005ck,0.03007397959052954
1407.9,64.87117647058824,kao005ck,0.029598919627876488
1411.7,64.86882352941177,kao005ck,0.029597846046039985
1415.4,66.00705882352942,kao005ck,0.030117191259448832
1419.1,68.86764705882354,kao005ck,0.03142239837717866
1422.8,71.35117647058824,kao005ck,0.03255556400560872
1426.4,72.82470588235294,kao005ck,0.03322789463071939
1430.2,73.74764705882353,kao005ck,0.03364900710608811
1433.8,74.34764705882353,kao005ck,0.03392277047439665
1437.5,74.72588235294118,kao005ck,0.03409534875461469
1441.2,74.95176470588235,kao005ck,0.03419841261091907
1444.9,75.11235294117647,kao005ck,0.03427168457126047
1448.6,75.22,kao005ck,0.03432080094028054
1452.3,75.33176470588235,kao005ck,0.03437179607751448
1456.0,75.40529411764705,kao005ck,0.034405345509905226
1459.7,75.48764705882353,kao005ck,0.034442920874182874
1463.3,75.47823529411765,kao005ck,0.03443862654683686
1467.0,75.58000000000001,kao005ck,0.03448505896126566
1470.7,75.61764705882352,kao005ck,0.034502236270649723
1474.4,75.6764705882353,kao005ck,0.03452907581656233
1478.1,75.7,kao005ck,0.03453981163492737
1481.7,75.80176470588236,kao005ck,0.034586244049356174
1485.4,75.84411764705882,kao005ck,0.03460556852241324
1489.1,75.87647058823529,kao005ck,0.03462033027266517
1492.8,75.90294117647058,kao005ck,0.03463240806832584
1496.4,75.94705882352942,kao005ck,0.0346525377277603
1500.1,75.99705882352941,kao005ck,0.03467535134178601
1503.8,76.04176470588236,kao005ck,0.03469574939667959
1507.4,76.07882352941176,kao005ck,0.03471265831060452
1511.1,76.11529411764707,kao005ck,0.03472929882907034
1514.7,76.1564705882353,kao005ck,0.034748086511209156
1518.4,76.18,kao005ck,0.0347588223295742
1522.1,76.19294117647058,kao005ck,0.03476472702967497
1525.7,76.22117647058823,kao005ck,0.03477761001171302
1529.4,76.24176470588236,kao005ck,0.03478700385278243
1533.0,76.25411764705882,kao005ck,0.03479264015742407
1536.7,76.27,kao005ck,0.03479988683482048
1540.3,76.2835294117647,kao005ck,0.03480605993038038
1544.0,76.30764705882353,kao005ck,0.034817064144204546
1547.6,76.31823529411764,kao005ck,0.03482189526246881
1551.3,76.33529411764707,kao005ck,0.03482967873078347
1554.9,76.35352941176473,kao005ck,0.03483799899001638
1558.6,76.35058823529413,kao005ck,0.03483665701272075
1562.2,76.37176470588236,kao005ck,0.03484631924924928
1565.8,76.37941176470588,kao005ck,0.034849808390217916
1569.5,76.3864705882353,kao005ck,0.03485302913572744
1573.1,76.40235294117646,kao005ck,0.03486027581312383
1576.8,76.40411764705883,kao005ck,0.034861080999501214
1580.4,76.41705882352942,kao005ck,0.03486698569960199
1584.0,76.41,kao005ck,0.03486376495409247
1587.7,76.44058823529411,kao005ck,0.034877721517967024
1591.3,76.44941176470589,kao005ck,0.034881747449853916
1594.9,76.44882352941177,kao005ck,0.034881479054394794
1598.5,76.44764705882352,kao005ck,0.03488094226347654
1602.2,76.46058823529411,kao005ck,0.03488684696357731
1605.8,76.44764705882353,kao005ck,0.03488094226347654
1609.4,76.47294117647058,kao005ck,0.034892483268218956
1613.0,76.47470588235294,kao005ck,0.034893288454596334
1616.7,76.48411764705882,kao005ck,0.034897582781942355
1620.3,76.48470588235294,kao005ck,0.034897851177401476
1623.9,76.47647058823529,kao005ck,0.03489409364097371
1627.5,76.48,kao005ck,0.03489570401372847
1631.1,76.48117647058824,kao005ck,0.03489624080464672
1634.7,76.48294117647059,kao005ck,0.0348970459910241
1638.3,76.50411764705882,kao005ck,0.03490670822755263
1641.9,76.51176470588236,kao005ck,0.03491019736852127
1645.6,76.50647058823529,kao005ck,0.03490778180938914
1649.2,76.5235294117647,kao005ck,0.03491556527770379
1652.8,76.54176470588236,kao005ck,0.034923885536936705
1656.4,76.51941176470588,kao005ck,0.03491368650948991
1660.0,76.53176470588235,kao005ck,0.034919322814131556
1663.6,76.53705882352942,kao005ck,0.0349217383732637
1667.2,76.5164705882353,kao005ck,0.03491234453219428
1670.8,76.53294117647059,kao005ck,0.03491985960504981
1674.4,76.52470588235295,kao005ck,0.03491610206862205
1678.0,76.52647058823528,kao005ck,0.03491690725499942
1681.6,76.50823529411765,kao005ck,0.03490858699576652
1685.1,76.51176470588234,kao005ck,0.034910197368521266
1688.7,76.51882352941176,kao005ck,0.034913418114030786
1692.3,76.51588235294118,kao005ck,0.03491207613673516
1695.9,76.49823529411763,kao005ck,0.03490402427296137
1699.5,76.49,kao005ck,0.03490026673653361
1703.1,76.48235294117647,kao005ck,0.034896777595564976
1706.7,76.48294117647059,kao005ck,0.0348970459910241
1710.2,76.46411764705883,kao005ck,0.03488845733633207
1713.8,76.44294117647058,kao005ck,0.03487879509980353
1717.4,76.4235294117647,kao005ck,0.03486993804965237
1721.0,76.36941176470589,kao005ck,0.03484524566741278
1724.5,76.33000000000001,kao005ck,0.03482726317165134
1728.1,76.25764705882352,kao005ck,0.03479425053017883
1731.7,76.27058823529411,kao005ck,0.03480015523027961
1735.2,76.23,kao005ck,0.03478163594359991
1738.8,76.17411764705882,kao005ck,0.03475613837498294
1742.4,76.13117647058823,kao005ck,0.03473654550646674
1745.9,76.07823529411765,kao005ck,0.0347123899151454
1749.5,76.03588235294117,kao005ck,0.034693065442088326
1753.1,75.97176470588234,kao005ck,0.034663810337043584
1756.6,75.91588235294118,kao005ck,0.03463831276842662
1760.2,75.82823529411766,kao005ck,0.03459832184501685
1763.8,75.8164705882353,kao005ck,0.03459295393583432
1767.3,75.75117647058823,kao005ck,0.03456316203987133
1770.9,75.68764705882352,kao005ck,0.034534175330285716
1774.4,75.63117647058823,kao005ck,0.03450840936620962
1778.0,75.56235294117647,kao005ck,0.03447700709749188
1781.5,75.50529411764707,kao005ck,0.03445097273795666
1785.1,75.43117647058823,kao005ck,0.03441715491010677
1788.6,75.37235294117647,kao005ck,0.03439031536419418
1792.1,75.33470588235295,kao005ck,0.03437313805481011
1795.7,75.29176470588234,kao005ck,0.03435354518629391
1799.2,75.26764705882353,kao005ck,0.03434254097246974
1802.8,75.1970588235294,kao005ck,0.03431033351737462
1806.3,75.16529411764706,kao005ck,0.03429584016258182
1809.8,75.11941176470589,kao005ck,0.03427490531676999
1813.4,75.02882352941177,kao005ck,0.03423357241606458
1816.9,75.0235294117647,kao005ck,0.03423115685693244
1820.4,74.97588235294117,kao005ck,0.03420941682474324
1824.0,75.06529411764706,kao005ck,0.03425021293453039
1827.5,75.11352941176472,kao005ck,0.03427222136217873
1831.0,75.14058823529413,kao005ck,0.034284567553298534
1834.6,75.1094117647059,kao005ck,0.03427034259396485
1838.1,75.05882352941177,kao005ck,0.03424726058448001
1841.6,75.05058823529411,kao005ck,0.034243503048052244
1845.1,75.1335294117647,kao005ck,0.03428134680778901
1848.6,75.24941176470588,kao005ck,0.034334220713236836
1852.2,75.38411764705883,kao005ck,0.0343956832733767
1855.7,75.42411764705882,kao005ck,0.03441393416459727
1859.2,75.46941176470588,kao005ck,0.03443460061494997
1862.7,75.41,kao005ck,0.03440749267357824
1866.2,75.26235294117647,kao005ck,0.03434012541333761
1869.7,75.08058823529412,kao005ck,0.03425719121646767
1873.2,74.8935294117647,kao005ck,0.0341718414604656
1876.7,74.71352941176471,kao005ck,0.03408971244997304
1880.2,74.51176470588236,kao005ck,0.03399765280749281
1883.7,74.24529411764705,kao005ck,0.03387606966450872
1887.2,73.91882352941177,kao005ck,0.033727110184693786
1890.7,73.52411764705882,kao005ck,0.03354701683162022
1894.2,73.08705882352942,kao005ck,0.033347599005489593
1897.7,72.62470588235294,kao005ck,0.03313664017461654
1902.7,72.03529411764707,kao005ck,0.032867707924572276
1905.5,71.7035294117647,kao005ck,0.0327163328856252
1908.2,71.49117647058824,kao005ck,0.03261944212488071
1911.0,71.32882352941176,kao005ck,0.03254536497816192
1913.7,71.24294117647058,kao005ck,0.03250617924112952
1916.5,71.19294117647057,kao005ck,0.0324833656271038
1919.2,71.10470588235295,kao005ck,0.03244310630823491
1921.9,71.06117647058825,kao005ck,0.03242324504425959
1924.7,71.07117647058824,kao005ck,0.03242780776706473
1927.4,71.05588235294118,kao005ck,0.03242082948512745
1930.1,71.01352941176471,kao005ck,0.03240150501207038
1932.9,70.99235294117646,kao005ck,0.032391842775541836
1935.6,70.97176470588235,kao005ck,0.032382448934472424
1938.3,70.97117647058825,kao005ck,0.03238218053901331
1941.0,70.99823529411765,kao005ck,0.0323945267301331
1943.7,71.02235294117648,kao005ck,0.03240553094395727
1946.4,71.08529411764707,kao005ck,0.032434249258083754
1949.2,71.12823529411764,kao005ck,0.03245384212659995
1951.9,71.20941176470588,kao005ck,0.03249088069995934
1954.6,71.31294117647059,kao005ck,0.03253811830076552
1957.3,71.40058823529411,kao005ck,0.03257810922417529
1960.0,71.52470588235293,kao005ck,0.032634740666050883
1962.7,71.64176470588234,kao005ck,0.032688151362416956
1965.4,71.71529411764705,kao005ck,0.03272170079480771
1968.1,71.79470588235294,kao005ck,0.03275793418178973
1970.7,71.91647058823528,kao005ck,0.03281349204182881
1973.4,72.02705882352942,kao005ck,0.032863950388144506
1976.1,72.12529411764706,kao005ck,0.03290877242981855
1978.8,72.22411764705882,kao005ck,0.03295386286695172
1981.5,72.33411764705883,kao005ck,0.03300405281780829
1984.1,72.44235294117648,kao005ck,0.03305343758228748
1986.8,72.55411764705883,kao005ck,0.033104432719521425
1989.5,72.66470588235293,kao005ck,0.033154891065837105
1992.1,72.77470588235293,kao005ck,0.03320508101669367
1994.8,72.89,kao005ck,0.03325768652668237
1997.5,72.98764705882353,kao005ck,0.03330224017289729
2000.1,73.08058823529413,kao005ck,0.03334464665543921
2002.8,73.19882352941175,kao005ck,0.03339859414272353
2005.4,73.30882352941178,kao005ck,0.03344878409358011
2008.1,73.40882352941176,kao005ck,0.03349441132163152
2010.7,73.51705882352941,kao005ck,0.03354379608611071
2013.4,73.61882352941177,kao005ck,0.03359022850053952
2016.0,73.67999999999999,kao005ck,0.03361814162828861
2018.6,73.76764705882353,kao005ck,0.033658132551698396
2021.3,73.8594117647059,kao005ck,0.033700002243322064
2023.9,73.91705882352942,kao005ck,0.03372630499831641
2026.5,73.98,kao005ck,0.03375502331244289
2029.2,74.04705882352943,kao005ck,0.033785620394783264
2031.8,74.09411764705882,kao005ck,0.03380709203151334
2034.4,74.16882352941177,kao005ck,0.03384117825482234
2037.0,74.22647058823529,kao005ck,0.03386748100981669
2039.7,74.25176470588235,kao005ck,0.033879022014559106
2042.3,74.26117647058823,kao005ck,0.03388331634190512
2044.9,74.27411764705883,kao005ck,0.0338892210420059
2047.5,74.2870588235294,kao005ck,0.033895125742106666
2050.1,74.29176470588236,kao005ck,0.03389727290577968
2052.7,74.29058823529412,kao005ck,0.03389673611486143
2055.3,74.30117647058825,kao005ck,0.0339015672331257
2057.9,74.30117647058823,kao005ck,0.03390156723312569
2060.5,74.26823529411764,kao005ck,0.03388653708741464
2063.1,74.2170588235294,kao005ck,0.03386318668247067
2065.7,74.15882352941176,kao005ck,0.033836615532017195
2068.3,74.07705882352943,kao005ck,0.03379930856319869
2070.9,73.99058823529413,kao005ck,0.03375985443070716
2073.4,73.90764705882353,kao005ck,0.03372201067097039
2076.0,73.84764705882354,kao005ck,0.03369463433413954
2078.6,73.76764705882354,kao005ck,0.0336581325516984
2081.2,73.65588235294118,kao005ck,0.03360713741446445
2083.7,73.53529411764707,kao005ck,0.03355211634534362
2086.3,73.4335294117647,kao005ck,0.03350568393091481
2088.9,73.35764705882353,kao005ck,0.03347106091668756
2091.4,73.28823529411765,kao005ck,0.03343939025251069
2094.0,73.23588235294119,kao005ck,0.033415503056648484
2096.6,73.21294117647058,kao005ck,0.03340503563374256
2099.1,73.15294117647058,kao005ck,0.0333776592969117
2101.6,73.06352941176472,kao005ck,0.03333686318712456
2104.2,72.88823529411764,kao005ck,0.033256881340304995
2106.8,72.65999999999998,kao005ck,0.03315274390216409
2109.3,72.44882352941175,kao005ck,0.03305638993233786
2111.8,72.30705882352943,kao005ck,0.0329917066266885
2114.4,72.21705882352941,kao005ck,0.03295064212144221
2116.9,72.1635294117647,kao005ck,0.03292621813466174
2119.4,72.12470588235294,kao005ck,0.03290850403435942
2122.0,72.05117647058825,kao005ck,0.03287495460196868
2124.5,71.93235294117646,kao005ck,0.032820738719225216
2127.0,71.74176470588235,kao005ck,0.03273377859046839
2129.6,71.45470588235294,kao005ck,0.03260280160641489
2132.1,71.07823529411765,kao005ck,0.03243102851257424
2134.6,70.60705882352941,kao005ck,0.0322160437498143
2137.1,69.94882352941175,kao005ck,0.031915709231052275
2139.6,69.11000000000001,kao005ck,0.03153297730633858
2142.1,68.09294117647059,kao005ck,0.031068921557509694
2144.6,66.91764705882352,kao005ck,0.0305326674301759
2147.1,65.68705882352941,kao005ck,0.029971184129684275
2149.6,64.45176470588235,kao005ck,0.029407553665519635
2152.1,63.31058823529412,kao005ck,0.02888686647481516
2154.6,62.35764705882354,kao005ck,0.028452065831031013
2157.1,61.56764705882353,kao005ck,0.028091610729424767
2159.6,60.95529411764706,kao005ck,0.02781221105647458
2162.1,60.54470588235294,kao005ck,0.027624871026004617
2164.6,60.32941176470589,kao005ck,0.0275266382879645
2167.1,60.21411764705882,kao005ck,0.027474032777975794
2169.6,60.18117647058824,kao005ck,0.02745900263226474
2172.0,60.1964705882353,kao005ck,0.027465980914202017
2174.5,60.18352941176471,kao005ck,0.027460076214101244
2177.0,60.14588235294117,kao005ck,0.027442898904717176
2179.4,60.02411764705883,kao005ck,0.027387341044678094
2181.9,59.76882352941177,kao005ck,0.0272708574154174
2184.4,59.41882352941177,kao005ck,0.02711116211723742
2186.8,58.9835294117647,kao005ck,0.02691254947748416
2189.3,58.54176470588236,kao005ck,0.026710984487680525
2191.7,58.077058823529406,kao005ck,0.026498952074970966
2194.2,57.51058823529412,kao005ck,0.026240487247832615
2196.6,56.716470588235296,kao005ck,0.025878153378012487
2199.1,55.56647058823529,kao005ck,0.02535344025542112
2201.5,54.19235294117647,kao005ck,0.024726468462902742
2204.0,53.08470588235294,kao005ck,0.02422107981336845
2206.4,52.82411764705883,kao005ck,0.02410218062497562
2208.9,53.614705882352936,kao005ck,0.02446290412204099
2211.3,55.16176470588236,kao005ck,0.025168784179542422
2213.7,56.98235294117647,kao005ck,0.02599946812553745
2216.1,58.71823529411765,kao005ck,0.02679150312541833
2218.6,60.27176470588235,kao005ck,0.02750033553297014
2221.0,61.58176470588236,kao005ck,0.02809805222044379
2223.4,62.631764705882354,kao005ck,0.028577138114983733
2225.8,63.42411764705883,kao005ck,0.028938666798426483
2228.2,64.0064705882353,kao005ck,0.029204378302961242
2230.6,64.4435294117647,kao005ck,0.02940379612909187
2233.1,64.74058823529411,kao005ck,0.029539335835950507
2235.5,64.95764705882354,kao005ck,0.029638373760368018
2237.9,65.13176470588235,kao005ck,0.02971781881626931
2240.3,65.27058823529411,kao005ck,0.02978116014462305
2242.7,65.38411764705882,kao005ck,0.02983296046823437
2245.1,65.47411764705882,kao005ck,0.029874024973480653
2247.5,65.51764705882354,kao005ck,0.029893886237455987
2249.9,65.53764705882352,kao005ck,0.029903011683066263
2252.2,65.50764705882354,kao005ck,0.02988932351465084
2254.6,65.48823529411766,kao005ck,0.029880466464499687
2257.0,65.43823529411765,kao005ck,0.029857652850473967
2259.4,65.34705882352942,kao005ck,0.029816051554309442
2261.8,65.2464705882353,kao005ck,0.02977015593079889
2264.1,65.12941176470588,kao005ck,0.029716745234432806
2266.5,64.99058823529413,kao005ck,0.02965340390607907
2268.9,64.82705882352941,kao005ck,0.029578789968442036
2271.2,64.64529411764705,kao005ck,0.029495855771572092
2273.6,64.44176470588235,kao005ck,0.02940299094271449
2276.0,64.2335294117647,kao005ck,0.02930797895018388
2278.3,64.03117647058824,kao005ck,0.029215650912244533
2280.7,63.84235294117647,kao005ck,0.02912949596986508
2283.0,63.69235294117647,kao005ck,0.029061055127787946
2285.4,63.51529411764706,kao005ck,0.028980268094591012
2287.7,63.33882352941176,kao005ck,0.028899749456853207
2290.1,63.178823529411765,kao005ck,0.028826745891970932
2292.4,63.01529411764706,kao005ck,0.028752131954333897
2294.8,62.8464705882353,kao005ck,0.028675102457564734
2297.1,62.64882352941176,kao005ck,0.028584921583298385
2299.4,62.42058823529411,kao005ck,0.02848078414515749
2301.8,62.17235294117646,kao005ck,0.02836752126140631
2304.1,61.92941176470588,kao005ck,0.028256673936787265
2306.4,61.67470588235295,kao005ck,0.028140458702985705
2308.7,61.41235294117647,kao005ck,0.028020754328215495
2311.1,61.20176470588234,kao005ck,0.027924668753848376
2313.4,61.05705882352942,kao005ck,0.02785864347090338
2315.7,60.94235294117647,kao005ck,0.02780630635637381
2318.0,60.83764705882353,kao005ck,0.027758531964649374
2320.3,60.78058823529412,kao005ck,0.02773249760511415
2322.6,60.777058823529416,kao005ck,0.0277308872323594
2324.9,60.82999999999999,kao005ck,0.027755042823680732
2327.2,60.91058823529412,kao005ck,0.027791813001581005
2329.5,61.03588235294119,kao005ck,0.027848981234374848
2331.8,61.13117647058824,kao005ck,0.02789246129875326
2334.1,61.16294117647059,kao005ck,0.027906954653546066
2336.4,61.14176470588236,kao005ck,0.02789729241701753
2338.7,61.08941176470588,kao005ck,0.02787340522115531
2341.0,60.99,kao005ck,0.027828046388563014
2343.2,60.78882352941176,kao005ck,0.02773625514154191
2345.5,60.53470588235294,kao005ck,0.027620308303199476
2347.8,60.318823529411766,kao005ck,0.02752180716970023
2350.1,60.07647058823529,kao005ck,0.027411228240540306
2352.4,59.90705882352942,kao005ck,0.027333930348312017
2354.6,59.77294117647059,kao005ck,0.027272736183631283
2356.9,59.69764705882352,kao005ck,0.02723838156486315
2359.1,59.68,kao005ck,0.02723032970108937
2361.4,59.69176470588235,kao005ck,0.027235697610271888
2363.7,59.6264705882353,kao005ck,0.027205905714308906
2365.9,59.48941176470588,kao005ck,0.02714336957233254
2368.2,59.30117647058824,kao005ck,0.027057483025412214
2370.4,59.05882352941177,kao005ck,0.026946904096252295
2372.7,58.77411764705882,kao005ck,0.026817000694035302
2374.9,58.49,kao005ck,0.026687365687277434
2377.2,58.27529411764706,kao005ck,0.026589401344696437
2379.4,58.09,kao005ck,0.026504856775071743
2381.6,57.998823529411766,kao005ck,0.02646325547890721
2383.9,58.03470588235295,kao005ck,0.0264796276019139
2386.1,58.13588235294117,kao005ck,0.026525791620883567
2388.3,58.294117647058826,kao005ck,0.02659798999938847
2390.6,58.51882352941177,kao005ck,0.02670051706477461
2392.8,58.767647058823535,kao005ck,0.026814048343984917
2395.0,59.014117647058825,kao005ck,0.026926506041358718
2397.2,59.21529411764706,kao005ck,0.027018297288379817
2399.4,59.358823529411765,kao005ck,0.027083785780406565
2401.6,59.51058823529412,kao005ck,0.02715303180886108
2403.9,59.56647058823529,kao005ck,0.02717852937747805
2406.1,59.54882352941177,kao005ck,0.027170477513704272
2408.3,59.51058823529412,kao005ck,0.02715303180886108
2410.5,59.44,kao005ck,0.027120824353765952
2412.7,59.322941176470586,kao005ck,0.027067413657399876
2414.9,59.1835294117647,kao005ck,0.02700380393358701
2417.1,59.03352941176471,kao005ck,0.026935363091509876
2419.2,58.87941176470588,kao005ck,0.026865043481218858
2421.4,58.66882352941177,kao005ck,0.026768957906851746
2423.6,58.42117647058824,kao005ck,0.026655963418559695
2425.8,58.15117647058824,kao005ck,0.02653276990282085
2428.0,57.81294117647059,kao005ck,0.026378442513823385
2430.2,57.45882352941176,kao005ck,0.02621686844742952
2432.3,57.09176470588236,kao005ck,0.02604938968093489
2434.5,56.71999999999999,kao005ck,0.02587976375076724
2436.7,56.37235294117647,kao005ck,0.02572114203442377
2438.8,55.99411764705883,kao005ck,0.02554856375420574
2441.0,55.654117647058825,kao005ck,0.0253934311788309
2443.2,55.45352941176471,kao005ck,0.02530190832726893
2445.3,55.2335294117647,kao005ck,0.02520152842555579
2447.5,55.01294117647059,kao005ck,0.02510088012838354
2449.6,54.81411764705882,kao005ck,0.02501016246319894
2451.8,54.6764705882353,kao005ck,0.024947357925763455
2453.9,54.54882352941177,kao005ck,0.02488911611113311
2456.1,54.43588235294118,kao005ck,0.02483758418298091
2458.2,54.30235294117647,kao005ck,0.024776658413759308
2460.4,54.22176470588235,kao005ck,0.02473988823585904
2462.5,54.1564705882353,kao005ck,0.024710096339896057
2464.6,54.08058823529411,kao005ck,0.024675473325668794
2466.8,53.97235294117648,kao005ck,0.024626088561189613
2468.9,53.81823529411765,kao005ck,0.024555768950898595
2471.0,53.6935294117647,kao005ck,0.024498869113563873
2473.1,53.561764705882354,kao005ck,0.02443874853071965
2475.2,53.419411764705885,kao005ck,0.024373796829611154
2477.4,53.20705882352941,kao005ck,0.024276906068866656
2479.5,52.9735294117647,kao005ck,0.02417035307159363
2481.6,52.79470588235295,kao005ck,0.024088760852019324
2483.7,52.538235294117655,kao005ck,0.023971740431840378
2485.8,52.28529411764706,kao005ck,0.02385633038441619
2487.9,52.12235294117647,kao005ck,0.02378198484223828
2490.0,52.0135294117647,kao005ck,0.023732331682299965
2492.1,51.92470588235295,kao005ck,0.023691803967971943
2494.2,51.82705882352941,kao005ck,0.02364725032175702
2496.3,51.809411764705885,kao005ck,0.02363919845798324
2498.4,51.80294117647059,kao005ck,0.023636246107932853
2500.5,51.78941176470588,kao005ck,0.02363007301237295
2502.6,51.76058823529412,kao005ck,0.02361692163487578
2504.7,51.74529411764706,kao005ck,0.023609943352938503
2506.7,51.73941176470588,kao005ck,0.02360725939834724
2508.8,51.71411764705882,kao005ck,0.02359571839360482
2510.9,51.712941176470586,kao005ck,0.02359518160268657
2513.0,51.72,kao005ck,0.023598402348196084
339.3,52.683888888888895,kao005pem,0.024652417457417086
340.8,51.67499999999999,kao005pem,0.024180327211583235
342.3,50.99166666666667,kao005pem,0.02386057445697111
343.7,49.545,kao005pem,0.02318363447891421
345.2,48.695,kao005pem,0.02278589324756741
346.7,48.058888888888895,kao005pem,0.022488237228030103
348.1,47.33888888888889,kao005pem,0.02215132700853634
349.6,47.10833333333333,kao005pem,0.022043442949053384
351.1,46.54555555555556,kao005pem,0.02178010185927933
352.5,46.28166666666667,kao005pem,0.021656620104449447
354.0,46.36666666666667,kao005pem,0.021696394227584122
355.5,45.95055555555556,kao005pem,0.021501682997336576
357.0,46.13166666666667,kao005pem,0.021586430475388243
358.4,45.88944444444444,kao005pem,0.02147308722253386
359.9,45.75388888888889,kao005pem,0.021409656594789665
361.4,45.74555555555556,kao005pem,0.021405757170952937
362.8,45.80777777777777,kao005pem,0.021434872868933873
364.3,46.06166666666667,kao005pem,0.021553675315159684
365.8,46.17444444444445,kao005pem,0.021606447517750142
367.2,46.36055555555556,kao005pem,0.021693534650103853
368.7,46.45277777777778,kao005pem,0.021736688273897038
370.1,46.515,kao005pem,0.021765803971877974
371.6,46.70722222222222,kao005pem,0.021855750681711958
373.1,47.001666666666665,kao005pem,0.0219935303239432
374.5,47.275,kao005pem,0.02212143142578805
376.0,47.66944444444445,kao005pem,0.0223060041540601
377.5,47.74944444444445,kao005pem,0.022343438622892738
378.9,47.833333333333336,kao005pem,0.022382692822849187
380.4,48.07555555555555,kao005pem,0.022496036075703565
381.9,48.26055555555556,kao005pem,0.02258260328487905
383.3,48.64166666666667,kao005pem,0.02276093693501232
384.8,48.91388888888888,kao005pem,0.022888318113678932
386.2,49.07444444444445,kao005pem,0.022963447012933336
387.7,49.31722222222223,kao005pem,0.02307705022737683
389.2,49.50222222222223,kao005pem,0.023163617436552313
390.6,49.82,kao005pem,0.023312315465526406
392.1,49.92666666666666,kao005pem,0.02336222809063659
393.6,50.07500000000001,kao005pem,0.02343163783493045
395.0,50.29611111111112,kao005pem,0.023535102547398438
396.5,50.568333333333335,kao005pem,0.023662483726065057
397.9,50.715,kao005pem,0.023731113585591563
399.4,50.92888888888889,kao005pem,0.023831198797401053
400.9,51.086666666666666,kao005pem,0.02390502788870987
402.3,51.205000000000005,kao005pem,0.023960399707191483
403.8,51.36277777777778,kao005pem,0.0240342287985003
405.2,51.61499999999999,kao005pem,0.024152251359958753
406.7,51.82666666666666,kao005pem,0.02425129672541178
408.1,52.00222222222223,kao005pem,0.024333444587572303
409.6,52.15444444444445,kao005pem,0.024404674062989965
411.1,52.31944444444444,kao005pem,0.024481882654957283
412.5,52.51499999999999,kao005pem,0.024573389134325954
414.0,52.74222222222222,kao005pem,0.024679713424274215
415.4,52.958888888888886,kao005pem,0.024781098444029283
416.9,53.20222222222222,kao005pem,0.024894961620061894
418.3,53.40444444444445,kao005pem,0.024989587638499962
419.8,53.61055555555556,kao005pem,0.02508603338806183
421.2,53.82888888888888,kao005pem,0.02518819829258424
422.7,54.03333333333333,kao005pem,0.025283864157378766
424.1,54.245000000000005,kao005pem,0.025382909522831794
425.6,54.47,kao005pem,0.02548819396642359
427.0,54.68277777777777,kao005pem,0.025587759255054847
428.5,54.937777777777775,kao005pem,0.025707081624458887
429.9,55.14888888888889,kao005pem,0.0258058670283228
431.4,55.42166666666667,kao005pem,0.025933508168578534
432.8,55.62611111111111,kao005pem,0.026029174033373056
434.3,55.86722222222222,kao005pem,0.026141997363049205
435.7,56.09777777777778,kao005pem,0.026249881422532165
437.2,56.312777777777775,kao005pem,0.02635048655751988
438.6,56.54222222222223,kao005pem,0.02645785069382461
440.1,56.77000000000001,kao005pem,0.026564434945361988
441.5,56.99,kao005pem,0.026667379734651744
443.0,57.18833333333334,kao005pem,0.026760186021966
444.4,57.40166666666667,kao005pem,0.02686001127218637
445.8,57.603888888888896,kao005pem,0.026954637290624434
447.3,57.79722222222222,kao005pem,0.02704510392363664
448.7,57.99333333333334,kao005pem,0.027136870364594435
450.2,58.18,kao005pem,0.02722421745853726
451.6,58.35611111111112,kao005pem,0.027306625282286893
453.0,58.49666666666667,kao005pem,0.027372395564333126
454.5,58.681666666666665,kao005pem,0.027458962773508604
455.9,58.82333333333333,kao005pem,0.02752525297873307
457.4,58.94944444444445,kao005pem,0.027584264259462307
458.8,59.08444444444444,kao005pem,0.02764743492561738
460.2,59.2,kao005pem,0.027701506936153416
461.7,59.335,kao005pem,0.027764677602308496
463.1,59.44277777777776,kao005pem,0.027815110150596907
464.5,59.57111111111111,kao005pem,0.027875161277682605
466.0,59.66944444444445,kao005pem,0.027921174478956062
467.4,59.77722222222222,kao005pem,0.027971607027244477
468.9,59.87944444444444,kao005pem,0.028019439959641734
470.3,59.95944444444444,kao005pem,0.028056874428474377
471.7,60.07222222222222,kao005pem,0.028109646631064834
473.1,60.17,kao005pem,0.028155399870749175
474.6,60.28388888888888,kao005pem,0.02820869199651786
476.0,60.38000000000001,kao005pem,0.028253665351434858
477.4,60.47444444444445,kao005pem,0.0282978588215845
478.9,60.58055555555555,kao005pem,0.028347511485105566
480.3,60.67722222222221,kao005pem,0.02839274480161167
481.7,60.774444444444434,kao005pem,0.02843823807970689
483.1,60.87833333333333,kao005pem,0.028486850896871502
484.6,61.0,kao005pem,0.02854378248488781
486.0,61.09722222222222,kao005pem,0.02858927576298303
487.4,61.22333333333333,kao005pem,0.02864828704371226
488.9,61.328333333333326,kao005pem,0.0286974197840551
490.3,61.43333333333333,kao005pem,0.02874655252439794
491.7,61.56722222222223,kao005pem,0.028809203267374794
493.1,61.676666666666655,kao005pem,0.02886041570043055
494.5,61.79944444444445,kao005pem,0.028917867211625092
496.0,61.93,kao005pem,0.02897895818506725
497.4,62.04722222222223,kao005pem,0.029033810080370634
498.8,62.16166666666667,kao005pem,0.029087362167728434
500.2,62.29388888888889,kao005pem,0.029149233025937936
501.6,62.41111111111112,kao005pem,0.02920408492124132
503.1,62.53111111111111,kao005pem,0.029260236624490277
504.5,62.66222222222221,kao005pem,0.029321587559521543
505.9,62.77722222222222,kao005pem,0.029375399608468467
507.3,62.900000000000006,kao005pem,0.029432851119663008
508.7,63.02388888888889,kao005pem,0.029490822554035775
510.1,63.155,kao005pem,0.029552173489067045
511.6,63.28222222222222,kao005pem,0.029611704692974503
513.0,63.406666666666666,kao005pem,0.02966993608893639
514.4,63.513333333333335,kao005pem,0.029719848714046575
515.8,63.63555555555556,kao005pem,0.029777040263652
517.2,63.76611111111111,kao005pem,0.02983813123709415
518.6,63.89333333333335,kao005pem,0.029897662441001623
520.0,64.01222222222222,kao005pem,0.029953294221072343
521.5,64.14,kao005pem,0.03001308538656892
522.9,64.26277777777779,kao005pem,0.030070536897763463
524.3,64.38666666666667,kao005pem,0.03012850833213623
525.7,64.5038888888889,kao005pem,0.03018336022743961
527.1,64.63111111111111,kao005pem,0.03024289143134707
528.5,64.76833333333335,kao005pem,0.03030710194385862
529.9,64.895,kao005pem,0.030366373186176958
531.3,65.00555555555556,kao005pem,0.030418105542410957
532.7,65.12388888888889,kao005pem,0.030473477360892565
534.1,65.23277777777778,kao005pem,0.03052442983235922
535.5,65.325,kao005pem,0.0305675834561524
536.9,65.43222222222222,kao005pem,0.0306177560428517
538.3,65.52888888888889,kao005pem,0.030662989359357806
539.7,65.64166666666667,kao005pem,0.030715761561948263
541.1,65.75999999999999,kao005pem,0.03077113338042987
542.5,65.8461111111111,kao005pem,0.030811427426742782
544.0,65.9727777777778,kao005pem,0.030870698669061142
545.3,66.06555555555555,kao005pem,0.030914112254443425
546.8,66.15055555555557,kao005pem,0.030953886377578118
548.2,66.23833333333332,kao005pem,0.030994960308658358
549.5,66.31,kao005pem,0.031028495353654276
550.9,66.40611111111112,kao005pem,0.031073468708571268
552.3,66.50722222222223,kao005pem,0.031120781717790296
553.7,66.60222222222222,kao005pem,0.031165235149529055
555.1,66.71777777777778,kao005pem,0.031219307160065095
556.5,66.83277777777776,kao005pem,0.031273119209012004
557.9,66.935,kao005pem,0.03132095214140927
559.3,67.03888888888889,kao005pem,0.03136956495857388
560.7,67.12722222222223,kao005pem,0.031410898851243256
562.1,67.21722222222222,kao005pem,0.03145301262867997
563.5,67.30333333333334,kao005pem,0.03149330667499289
564.9,67.39000000000001,kao005pem,0.03153386068289492
566.3,67.47444444444444,kao005pem,0.03157337484444048
567.7,67.55944444444444,kao005pem,0.03161314896757515
569.1,67.63555555555557,kao005pem,0.031648763705283994
570.5,67.7188888888889,kao005pem,0.03168775794365132
571.8,67.79222222222222,kao005pem,0.031722072873414574
573.2,67.86833333333334,kao005pem,0.03175768761112341
574.6,67.94,kao005pem,0.031791222656119306
576.0,68.00333333333333,kao005pem,0.03182085827727848
577.4,68.07055555555556,kao005pem,0.031852313629561466
578.8,68.12777777777777,kao005pem,0.03187908967324036
580.2,68.19166666666666,kao005pem,0.031908985255988655
581.5,68.25166666666665,kao005pem,0.03193706110761313
582.9,68.30444444444444,kao005pem,0.03196175745857911
584.3,68.35722222222222,kao005pem,0.03198645380954509
585.7,68.40833333333335,kao005pem,0.03201037027574373
587.1,68.46,kao005pem,0.032034546703531466
588.5,68.50722222222223,kao005pem,0.03205664343860629
589.8,68.55333333333334,kao005pem,0.03207822025050289
591.2,68.60111111111111,kao005pem,0.032100576947166816
592.6,68.64055555555557,kao005pem,0.03211903421999403
594.0,68.68,kao005pem,0.03213749149282123
595.4,68.72444444444444,kao005pem,0.03215828841995047
596.7,68.7588888888889,kao005pem,0.03217440603847564
598.1,68.79222222222224,kao005pem,0.032190003733822574
599.5,68.83,kao005pem,0.03220768112188242
600.9,68.87055555555554,kao005pem,0.03222665831788785
602.2,68.90277777777777,kao005pem,0.03224173609005656
603.6,68.93555555555555,kao005pem,0.03225707382381438
605.0,68.96222222222222,kao005pem,0.03226955198009193
606.4,68.99277777777777,kao005pem,0.03228384986749328
607.7,69.02444444444444,kao005pem,0.03229866767807287
609.1,69.05944444444444,kao005pem,0.032315045258187146
610.5,69.09166666666665,kao005pem,0.032330123030355845
611.9,69.1211111111111,kao005pem,0.03234390099457898
613.2,69.15388888888887,kao005pem,0.032359238728336785
614.6,69.18055555555556,kao005pem,0.03237171688461434
616.0,69.21277777777777,kao005pem,0.03238679465678304
617.3,69.23777777777778,kao005pem,0.03239849292829324
618.7,69.26444444444445,kao005pem,0.03241097108457079
620.1,69.29666666666667,kao005pem,0.03242604885673949
621.5,69.32444444444444,kao005pem,0.032439046936195266
622.8,69.35944444444445,kao005pem,0.032455424516309554
624.2,69.38555555555554,kao005pem,0.032467642710997974
625.5,69.40833333333333,kao005pem,0.032478301136151716
626.9,69.43277777777777,kao005pem,0.0324897394460728
628.3,69.45555555555556,kao005pem,0.03250039787122654
629.6,69.47777777777777,kao005pem,0.03251079633479116
631.0,69.50666666666669,kao005pem,0.032524314337425184
632.4,69.52666666666667,kao005pem,0.03253367295463333
633.7,69.5488888888889,kao005pem,0.032544071418197956
635.1,69.56611111111111,kao005pem,0.032552130227460535
636.5,69.58666666666666,kao005pem,0.032561748806257805
637.8,69.5988888888889,kao005pem,0.03256746796121836
639.2,69.61333333333333,kao005pem,0.032574226962535355
640.5,69.61999999999999,kao005pem,0.03257734650160474
641.9,69.63055555555556,kao005pem,0.03258228577179794
643.2,69.64888888888888,kao005pem,0.032590864504238745
644.6,69.66555555555556,kao005pem,0.03259866335191222
646.0,69.68166666666667,kao005pem,0.032606202237996575
647.3,69.69166666666666,kao005pem,0.03261088154660065
648.7,69.69055555555555,kao005pem,0.032610361623422415
650.0,69.695,kao005pem,0.03261244131613534
651.4,69.70111111111112,kao005pem,0.03261530089361562
652.7,69.71055555555557,kao005pem,0.03261972024063059
654.1,69.73722222222221,kao005pem,0.032632198396908126
655.4,69.73722222222223,kao005pem,0.032632198396908126
656.8,69.74611111111112,kao005pem,0.03263635778233398
658.1,69.76777777777778,kao005pem,0.03264649628430948
659.5,69.78444444444443,kao005pem,0.032654295131982945
660.8,69.79333333333334,kao005pem,0.0326584545174088
662.2,69.815,kao005pem,0.0326685930193843
663.5,69.83111111111111,kao005pem,0.032676131905468656
664.9,69.87277777777777,kao005pem,0.03269562902465232
666.2,69.8872222222222,kao005pem,0.032702388025969316
667.6,69.9038888888889,kao005pem,0.0327101868736428
668.9,69.93666666666667,kao005pem,0.03272552460740061
670.3,69.96333333333334,kao005pem,0.03273800276367816
671.6,69.98833333333333,kao005pem,0.03274970103518835
673.0,70.01333333333334,kao005pem,0.03276139930669856
674.3,70.04777777777777,kao005pem,0.03277751692522372
675.6,70.08555555555557,kao005pem,0.032795194313283586
677.0,70.13722222222222,kao005pem,0.03281937074107132
678.3,70.17666666666666,kao005pem,0.03283782801389853
679.7,70.21277777777779,kao005pem,0.03285472551719104
681.0,70.25222222222222,kao005pem,0.03287318279001824
682.3,70.28611111111111,kao005pem,0.032889040446954294
683.7,70.32166666666666,kao005pem,0.032905677988657685
685.0,70.34666666666666,kao005pem,0.032917376260167885
686.4,70.38833333333334,kao005pem,0.032936873379351556
687.7,70.42277777777777,kao005pem,0.03295299099787671
689.0,70.45333333333333,kao005pem,0.03296728888527808
690.4,70.485,kao005pem,0.03298210669585766
691.7,70.51222222222223,kao005pem,0.032994844813724326
693.0,70.54666666666667,kao005pem,0.03301096243224949
694.4,70.5761111111111,kao005pem,0.03302474039647261
695.7,70.61166666666668,kao005pem,0.03304137793817601
697.0,70.64500000000001,kao005pem,0.033056975633522945
698.4,70.6761111111111,kao005pem,0.033071533482513404
699.7,70.71166666666667,kao005pem,0.03308817102421681
701.0,70.74333333333334,kao005pem,0.0331029888347964
702.4,70.77222222222223,kao005pem,0.03311650683743041
703.7,70.80388888888889,kao005pem,0.03313132464800999
705.0,70.84222222222223,kao005pem,0.03314926199765897
706.3,70.87555555555555,kao005pem,0.033164859693005894
707.7,70.90722222222222,kao005pem,0.03317967750358548
709.0,70.93833333333333,kao005pem,0.03319423535257595
710.3,70.9661111111111,kao005pem,0.033207233432031726
711.6,70.98944444444444,kao005pem,0.033218151818774584
713.0,71.02222222222223,kao005pem,0.03323348955253241
714.3,71.05277777777778,kao005pem,0.03324778743993376
715.6,71.08055555555556,kao005pem,0.03326078551938954
716.9,71.10833333333332,kao005pem,0.03327378359884531
718.2,71.14055555555555,kao005pem,0.033288861371014014
719.6,71.15944444444443,kao005pem,0.033297700065043935
720.9,71.185,kao005pem,0.03330965829814326
722.2,71.21277777777776,kao005pem,0.03332265637759903
723.5,71.23111111111112,kao005pem,0.03333123511003985
724.8,71.26333333333335,kao005pem,0.03334631288220856
726.2,71.29000000000002,kao005pem,0.03335879103848611
727.5,71.31444444444446,kao005pem,0.03337022934840719
728.8,71.34277777777778,kao005pem,0.03338348738945208
730.1,71.36333333333333,kao005pem,0.03339310596824935
731.4,71.39111111111112,kao005pem,0.03340610404770513
732.7,71.40666666666667,kao005pem,0.03341338297220037
734.0,71.42999999999999,kao005pem,0.03342430135894321
735.3,71.45222222222222,kao005pem,0.03343469982250784
736.7,71.48111111111112,kao005pem,0.03344821782514185
738.0,71.50611111111112,kao005pem,0.033459916096652054
739.3,71.52722222222222,kao005pem,0.03346979463703844
740.6,71.54444444444445,kao005pem,0.033477853446301026
741.9,71.55833333333334,kao005pem,0.033484352486028914
743.2,71.57444444444445,kao005pem,0.03349189137211327
744.5,71.59055555555555,kao005pem,0.03349943025819761
745.8,71.61555555555556,kao005pem,0.033511128529707813
747.1,71.64833333333333,kao005pem,0.03352646626346563
748.4,71.6761111111111,kao005pem,0.033539464342921405
749.7,71.69722222222222,kao005pem,0.0335493428833078
751.0,71.71666666666667,kao005pem,0.03355844153892684
752.3,71.74166666666666,kao005pem,0.03357013981043704
753.6,71.76444444444445,kao005pem,0.033580798235590785
754.9,71.77388888888888,kao005pem,0.03358521758260574
756.2,71.7988888888889,kao005pem,0.03359691585411595
757.5,71.82333333333334,kao005pem,0.033608354164037034
758.8,71.83111111111111,kao005pem,0.03361199362628465
760.1,71.85333333333334,kao005pem,0.033622392089849275
761.4,71.8711111111111,kao005pem,0.03363071086070096
762.7,71.89888888888888,kao005pem,0.03364370894015674
764.0,71.91555555555556,kao005pem,0.033651507787830215
765.3,71.93555555555555,kao005pem,0.03366086640503837
766.6,71.95166666666665,kao005pem,0.033668405291122715
767.9,71.96944444444443,kao005pem,0.03367672406197442
769.2,71.98666666666665,kao005pem,0.033684782871236996
770.4,72.01,kao005pem,0.03369570125797986
771.7,72.02333333333334,kao005pem,0.03370194033611863
773.0,72.04666666666668,kao005pem,0.03371285872286149
774.3,72.05000000000001,kao005pem,0.03371441849239618
775.6,72.07111111111111,kao005pem,0.03372429703278257
776.9,72.09333333333333,kao005pem,0.03373469549634719
778.2,72.10777777777778,kao005pem,0.0337414544976642
779.4,72.11666666666666,kao005pem,0.03374561388309004
780.7,72.12611111111113,kao005pem,0.03375003323010502
782.0,72.13833333333334,kao005pem,0.03375575238506555
783.3,72.15166666666667,kao005pem,0.03376199146320433
784.5,72.16555555555556,kao005pem,0.033768490502932215
785.8,72.1888888888889,kao005pem,0.03377940888967507
787.1,72.21388888888889,kao005pem,0.03379110716118527
788.4,72.22333333333331,kao005pem,0.03379552650820022
789.7,72.22944444444444,kao005pem,0.0337983860856805
790.9,72.23222222222222,kao005pem,0.03379968589362608
792.2,72.24499999999999,kao005pem,0.033805665010175734
793.5,72.26722222222222,kao005pem,0.03381606347374035
794.8,72.28611111111111,kao005pem,0.03382490216777029
796.0,72.30722222222221,kao005pem,0.033834780708156674
797.3,72.32000000000001,kao005pem,0.033840759824706336
798.5,72.31833333333333,kao005pem,0.03383997993993899
799.8,72.32444444444445,kao005pem,0.03384283951741927
801.1,72.33999999999999,kao005pem,0.03385011844191449
802.3,72.36111111111111,kao005pem,0.03385999698230089
803.6,72.37888888888888,kao005pem,0.03386831575315258
804.9,72.38777777777779,kao005pem,0.03387247513857844
806.1,72.39555555555555,kao005pem,0.03387611460082605
807.4,72.40055555555556,kao005pem,0.03387845425512809
808.7,72.40888888888888,kao005pem,0.03388235367896482
809.9,72.42333333333335,kao005pem,0.03388911268028184
811.2,72.44055555555556,kao005pem,0.033897171489544416
812.4,72.45722222222221,kao005pem,0.03390497033721787
813.7,72.46111111111111,kao005pem,0.033906790068341686
815.0,72.47277777777776,kao005pem,0.03391224926171311
816.2,72.47666666666666,kao005pem,0.033914068992836915
817.5,72.48333333333333,kao005pem,0.03391718853190631
818.7,72.50000000000001,kao005pem,0.03392498737957978
820.0,72.5188888888889,kao005pem,0.03393382607360971
821.2,72.53,kao005pem,0.033939025305392015
822.5,72.52111111111111,kao005pem,0.03393486591996617
823.7,72.53055555555555,kao005pem,0.03393928526698113
825.0,72.54277777777777,kao005pem,0.03394500442194167
826.2,72.54833333333333,kao005pem,0.033947604037832826
827.5,72.57277777777779,kao005pem,0.03395904234775392
828.7,72.58611111111112,kao005pem,0.03396528142589269
829.9,72.58388888888888,kao005pem,0.03396424157953622
831.2,72.58500000000001,kao005pem,0.033964761502714456
832.4,72.59,kao005pem,0.0339671011570165
833.7,72.60222222222222,kao005pem,0.033972820311977035
834.9,72.61111111111113,kao005pem,0.0339769796974029
836.1,72.62,kao005pem,0.03398113908282874
837.4,72.61944444444445,kao005pem,0.03398087912123962
838.6,72.61888888888889,kao005pem,0.033980619159650505
839.8,72.62277777777778,kao005pem,0.03398243889077431
841.1,72.63833333333334,kao005pem,0.03398971781526955
842.3,72.65888888888888,kao005pem,0.03399933639406682
843.5,72.67611111111111,kao005pem,0.034007395203329405
844.8,72.67,kao005pem,0.03400453562584913
846.0,72.65555555555555,kao005pem,0.03399777662453213
847.2,72.66333333333333,kao005pem,0.03400141608677974
848.5,72.67833333333334,kao005pem,0.03400843504968587
849.7,72.69833333333332,kao005pem,0.034017793666894024
850.9,72.70833333333333,kao005pem,0.034022472975498104
852.2,72.70555555555555,kao005pem,0.03402117316755253
853.4,72.69999999999999,kao005pem,0.034018573551661366
854.6,72.70222222222222,kao005pem,0.03401961339801784
855.8,72.71222222222222,kao005pem,0.03402429270662192
857.0,72.72777777777776,kao005pem,0.03403157163111714
858.3,72.72499999999998,kao005pem,0.034030271823171566
859.5,72.7472222222222,kao005pem,0.034040670286736185
860.7,72.74722222222222,kao005pem,0.03404067028673619
861.9,72.74611111111112,kao005pem,0.03404015036355797
863.1,72.74944444444445,kao005pem,0.03404171013309266
864.3,72.765,kao005pem,0.034048989057587895
865.5,72.77444444444444,kao005pem,0.03405340840460286
866.8,72.7761111111111,kao005pem,0.0340541882893702
868.0,72.77777777777777,kao005pem,0.03405496817413755
869.2,72.77055555555556,kao005pem,0.03405158867347905
870.4,72.7811111111111,kao005pem,0.03405652794367224
871.6,72.78944444444444,kao005pem,0.03406042736750898
872.8,72.80611111111111,kao005pem,0.03406822621518244
874.0,72.82333333333334,kao005pem,0.03407628502444503
875.2,72.82722222222223,kao005pem,0.03407810475556884
876.4,72.81944444444444,kao005pem,0.03407446529332122
877.6,72.81944444444444,kao005pem,0.03407446529332122
878.8,72.8261111111111,kao005pem,0.0340775848323906
880.0,72.815,kao005pem,0.034072385600608296
881.2,72.83999999999999,kao005pem,0.03408408387211849
882.4,72.8511111111111,kao005pem,0.034089283103900796
883.6,72.8727777777778,kao005pem,0.03409942160587632
884.8,72.8527777777778,kao005pem,0.034090062988668166
886.0,72.85944444444445,kao005pem,0.03409318252773754
887.2,72.85555555555555,kao005pem,0.034091362796613726
888.4,72.86055555555556,kao005pem,0.034093702450915774
889.6,72.88555555555556,kao005pem,0.03410540072242597
890.8,72.89999999999999,kao005pem,0.03411215972374297
892.0,72.88833333333334,kao005pem,0.03410670053037155
893.2,72.89722222222223,kao005pem,0.0341108599157974
894.3,72.88944444444445,kao005pem,0.03410722045354978
895.5,72.8638888888889,kao005pem,0.034095262220450465
896.7,72.89055555555555,kao005pem,0.03410774037672801
897.9,72.935,kao005pem,0.03412853730385725
899.1,72.96555555555555,kao005pem,0.03414283519125861
900.3,72.94,kao005pem,0.03413087695815929
901.5,72.92888888888889,kao005pem,0.034125677726376986
902.6,72.92277777777777,kao005pem,0.03412281814889671
903.8,72.92000000000002,kao005pem,0.03412151834095114
905.0,72.93722222222222,kao005pem,0.03412957715021371
906.2,72.95944444444444,kao005pem,0.03413997561377834
907.4,72.97499999999998,kao005pem,0.034147254538273566
908.5,72.95777777777778,kao005pem,0.034139195729010995
909.7,72.90055555555556,kao005pem,0.03411241968533209
910.9,72.90222222222222,kao005pem,0.03411319957009944
912.1,72.905,kao005pem,0.03411449937804501
913.2,72.92333333333335,kao005pem,0.03412307811048583
914.4,72.96055555555556,kao005pem,0.03414049553695657
915.6,72.94388888888888,kao005pem,0.0341326966892831
916.8,72.96944444444445,kao005pem,0.03414465492238242
917.9,72.95444444444443,kao005pem,0.03413763595947629
919.1,72.97611111111111,kao005pem,0.034147774461451806
920.2,72.98611111111111,kao005pem,0.034152453770055886
921.4,73.01444444444445,kao005pem,0.03416571181110078
922.6,72.985,kao005pem,0.034151933846877654
923.8,72.98222222222222,kao005pem,0.03415063403893207
924.9,72.995,kao005pem,0.034156613155481734
926.1,72.98833333333334,kao005pem,0.03415349361641235
927.2,73.02444444444444,kao005pem,0.03417039111970486
928.4,73.02333333333335,kao005pem,0.03416987119652664
929.6,73.03166666666667,kao005pem,0.03417377062036336
930.7,73.0261111111111,kao005pem,0.0341711710044722
931.9,72.98111111111112,kao005pem,0.034150114115753846
933.0,73.005,kao005pem,0.034161292464085814
934.2,73.0411111111111,kao005pem,0.03417818996737832
935.3,73.06722222222223,kao005pem,0.034190408162066754
936.5,73.065,kao005pem,0.03418936831571029
937.7,73.04944444444446,kao005pem,0.034182089391215066
938.8,72.99777777777777,kao005pem,0.03415791296342731
940.0,73.01055555555556,kao005pem,0.03416389207997697
941.1,73.02333333333333,kao005pem,0.034169871196526626
942.3,73.02777777777777,kao005pem,0.03417195088923955
943.4,73.0022222222222,kao005pem,0.034159992656140226
944.6,72.99333333333334,kao005pem,0.03415583327071439
945.7,72.98222222222222,kao005pem,0.03415063403893207
946.9,72.95944444444444,kao005pem,0.03413997561377834
948.0,72.93555555555557,kao005pem,0.034128797265446376
949.2,72.945,kao005pem,0.03413321661246133
950.3,72.95833333333331,kao005pem,0.0341394556906001
951.5,72.95055555555555,kao005pem,0.03413581622835249
952.6,72.94777777777777,kao005pem,0.03413451642040691
953.8,72.89222222222222,kao005pem,0.034108520261495356
954.9,72.86277777777778,kao005pem,0.03409474229727223
956.1,72.90611111111112,kao005pem,0.034115019301223244
957.2,72.93444444444444,kao005pem,0.034128277342268136
958.3,72.97999999999999,kao005pem,0.03414959419257561
959.5,73.01333333333334,kao005pem,0.034165191887922546
960.6,73.01444444444445,kao005pem,0.03416571181110078
961.8,72.95944444444444,kao005pem,0.03413997561377834
962.9,72.95055555555557,kao005pem,0.034135816228352496
964.1,72.83555555555556,kao005pem,0.03408200417940557
965.2,72.73666666666665,kao005pem,0.034035731016542996
966.3,72.6561111111111,kao005pem,0.033998036586121244
967.5,72.61666666666666,kao005pem,0.03397957931329404
968.6,72.70444444444443,kao005pem,0.034020653244374296
969.8,72.87666666666667,kao005pem,0.03410124133700012
970.9,73.10944444444443,kao005pem,0.034210165242839534
972.1,73.18388888888889,kao005pem,0.03424500009578102
973.2,73.23277777777778,kao005pem,0.034267876715623195
974.3,73.16444444444444,kao005pem,0.034235901440161975
975.5,73.19277777777779,kao005pem,0.034249159481206874
976.6,73.20222222222222,kao005pem,0.03425357882822183
977.8,73.30777777777777,kao005pem,0.03430297153015379
978.9,73.2661111111111,kao005pem,0.03428347441097012
980.0,73.34722222222221,kao005pem,0.03432142880298099
981.2,73.30111111111111,kao005pem,0.0342998519910844
982.3,73.3011111111111,kao005pem,0.034299851991084394
983.5,73.29666666666667,kao005pem,0.03429777229837148
984.6,73.22777777777777,kao005pem,0.03426553706132115
985.7,73.27777777777777,kao005pem,0.03428893360434155
986.9,73.26,kao005pem,0.034280614833489854
988.0,73.28722222222223,kao005pem,0.034293352951356514
989.1,73.40833333333333,kao005pem,0.0343500245777837
992.0,73.32833333333332,kao005pem,0.03431259010895106
995.9,73.34555555555556,kao005pem,0.03432064891821365
999.7,73.36277777777778,kao005pem,0.03432870772747623
1003.6,73.39444444444445,kao005pem,0.034343525538055815
1007.4,73.43444444444445,kao005pem,0.03436224277247214
1011.3,73.46388888888889,kao005pem,0.03437602073669526
1015.1,73.48944444444444,kao005pem,0.03438797896979458
1019.0,73.49944444444445,kao005pem,0.03439265827839866
1022.8,73.51055555555554,kao005pem,0.034397857510180964
1026.7,73.54500000000002,kao005pem,0.03441397512870614
1030.5,73.56444444444443,kao005pem,0.03442307378432517
1034.4,73.56222222222222,kao005pem,0.034422033937968714
1038.2,73.59999999999998,kao005pem,0.03443971132602856
1042.1,73.62555555555555,kao005pem,0.03445166955912789
1045.9,73.63333333333334,kao005pem,0.03445530902137551
1049.7,73.67666666666668,kao005pem,0.03447558602532652
1053.6,73.64333333333333,kao005pem,0.03445998832997958
1057.4,73.70833333333333,kao005pem,0.034490403835906104
1061.2,73.71722222222222,kao005pem,0.03449456322133195
1065.1,73.71111111111111,kao005pem,0.03449170364385168
1068.9,73.75111111111113,kao005pem,0.034510420878268014
1072.7,73.78333333333333,kao005pem,0.034525498650436706
1076.6,73.76444444444445,kao005pem,0.03451665995640678
1080.4,73.77888888888889,kao005pem,0.034523418957723775
1084.2,73.79833333333335,kao005pem,0.034532517613342834
1088.0,73.82444444444445,kao005pem,0.03454473580803126
1091.8,73.83555555555556,kao005pem,0.034549935039813566
1095.7,73.87333333333332,kao005pem,0.034567612427873415
1099.5,73.88499999999999,kao005pem,0.034573071621244844
1103.3,73.88666666666667,kao005pem,0.0345738515060122
1107.1,73.89111111111112,kao005pem,0.034575931198725124
1110.9,73.90666666666667,kao005pem,0.034583210123220354
1114.8,73.93,kao005pem,0.03459412850996321
1118.6,73.90944444444445,kao005pem,0.034584509931165935
1122.4,73.9211111111111,kao005pem,0.03458996912453736
1126.2,73.93555555555555,kao005pem,0.03459672812585436
1130.0,73.93444444444444,kao005pem,0.03459620820267613
1133.8,73.94,kao005pem,0.03459880781856729
1137.6,73.94555555555556,kao005pem,0.03460140743445845
1141.4,73.9638888888889,kao005pem,0.03460998616689927
1145.2,73.94666666666666,kao005pem,0.034601927357636675
1149.0,73.9511111111111,kao005pem,0.0346040070503496
1152.8,73.95444444444443,kao005pem,0.03460556681988429
1156.6,73.95722222222223,kao005pem,0.03460686662782988
1160.4,73.9538888888889,kao005pem,0.03460530685829518
1164.2,73.96277777777777,kao005pem,0.03460946624372103
1168.0,73.9538888888889,kao005pem,0.03460530685829518
1171.8,73.97555555555556,kao005pem,0.03461544536027069
1175.6,74.005,kao005pem,0.03462922332449381
1179.4,74.04,kao005pem,0.034645600904608095
1183.2,74.06444444444443,kao005pem,0.034657039214529166
1187.0,74.11888888888888,kao005pem,0.03468251545026249
1190.7,74.15166666666667,kao005pem,0.03469785318402032
1194.5,74.155,kao005pem,0.03469941295355501
1198.3,74.18888888888888,kao005pem,0.03471527061049105
1202.1,74.17833333333333,kao005pem,0.03471033134029786
1205.9,74.1611111111111,kao005pem,0.03470227253103528
1209.7,74.175,kao005pem,0.034708771570763165
1213.4,74.15555555555555,kao005pem,0.03469967291514412
1217.2,74.13444444444445,kao005pem,0.03468979437475774
1221.0,74.10222222222222,kao005pem,0.034674716602589035
1224.8,74.04333333333334,kao005pem,0.034647160674142786
1228.5,73.98388888888888,kao005pem,0.034619344784107414
1232.3,73.93111111111111,kao005pem,0.03459464843314144
1236.1,73.88444444444444,kao005pem,0.034572811659655735
1239.8,73.845,kao005pem,0.03455435438682853
1243.6,73.90055555555554,kao005pem,0.03458035054574008
1247.4,73.94833333333334,kao005pem,0.034602707242404024
1251.1,73.95944444444444,kao005pem,0.03460790647418634
1254.9,74.015,kao005pem,0.03463390263309789
1258.7,74.05722222222221,kao005pem,0.03465365971387067
1262.4,74.07277777777777,kao005pem,0.034660938638365904
1266.2,74.05777777777776,kao005pem,0.03465391967545978
1269.9,74.04444444444444,kao005pem,0.03464768059732101
1273.7,74.02833333333334,kao005pem,0.034640141711236666
1277.4,73.99888888888889,kao005pem,0.034626363747013535
1281.2,73.93500000000002,kao005pem,0.03459646816426526
1284.9,73.76777777777778,kao005pem,0.03451821972594147
1288.7,73.67333333333333,kao005pem,0.03447402625579182
1292.4,73.51333333333334,kao005pem,0.034399157318126546
1296.2,73.42555555555555,kao005pem,0.03435808338704628
1299.9,73.29555555555555,kao005pem,0.034297252375193245
1303.7,73.19944444444444,kao005pem,0.034252279020276256
1307.4,73.10055555555556,kao005pem,0.03420600585741369
1311.2,73.04055555555556,kao005pem,0.03417793000578921
1314.9,72.96722222222223,kao005pem,0.03414361507602596
1318.7,72.895,kao005pem,0.03410982006944093
1322.4,72.78500000000001,kao005pem,0.03405834767479606
1326.1,72.70166666666665,kao005pem,0.034019353436428715
1329.9,72.64111111111112,kao005pem,0.03399101762321513
1333.6,72.58833333333331,kao005pem,0.033966321272249134
1337.3,72.57,kao005pem,0.03395774253980833
1341.1,72.50999999999999,kao005pem,0.03392966668818385
1344.8,72.32611111111112,kao005pem,0.03384361940218661
1348.5,71.99722222222222,kao005pem,0.0336897221414302
1352.2,71.60944444444445,kao005pem,0.03350826895222755
1356.0,71.28055555555555,kao005pem,0.03335437169147113
1359.7,71.12611111111111,kao005pem,0.03328210236969701
1363.4,71.03666666666666,kao005pem,0.033240248553849404
1367.1,71.01055555555554,kao005pem,0.03322803035916097
1370.8,70.80555555555556,kao005pem,0.03313210453277734
1374.6,70.42,kao005pem,0.032951691189931145
1378.3,69.78888888888889,kao005pem,0.032656374824695876
1382.0,68.88222222222223,kao005pem,0.03223211751125929
1385.7,67.54444444444444,kao005pem,0.03160613000466903
1389.4,66.035,kao005pem,0.030899814367042075
1393.1,64.88722222222223,kao005pem,0.030362733723929346
1396.8,64.35888888888888,kao005pem,0.030115510252680448
1400.5,64.47944444444445,kao005pem,0.030171921917518527
1404.2,64.665,kao005pem,0.030258749088283122
1407.9,63.771111111111104,kao005pem,0.02984047089139619
1411.7,63.50722222222222,kao005pem,0.029716989136566303
1415.4,64.29277777777777,kao005pem,0.030084574823575697
1419.1,66.62111111111112,kao005pem,0.031174073843558987
1422.8,69.11111111111113,kao005pem,0.0323392216859749
1426.4,70.58833333333334,kao005pem,0.033030459551433154
1430.2,71.49222222222221,kao005pem,0.03345341705692415
1433.8,72.07444444444445,kao005pem,0.03372585680231727
1437.5,72.44055555555555,kao005pem,0.03389717148954441
1441.2,72.64833333333334,kao005pem,0.03399439712387363
1444.9,72.80888888888889,kao005pem,0.03406952602312802
1448.6,72.9011111111111,kao005pem,0.034112679646921204
1452.3,72.99777777777777,kao005pem,0.03415791296342731
1456.0,73.06944444444443,kao005pem,0.03419144800842321
1459.7,73.15166666666667,kao005pem,0.03422992232361232
1463.3,73.1388888888889,kao005pem,0.034223943207062665
1467.0,73.24,kao005pem,0.03427125621628169
1470.7,73.26222222222222,kao005pem,0.03428165467984631
1474.4,73.30277777777778,kao005pem,0.03430063187585175
1478.1,73.32722222222222,kao005pem,0.034312070185772835
1481.7,73.42444444444445,kao005pem,0.034357563463868056
1485.4,73.45722222222223,kao005pem,0.03437290119762588
1489.1,73.47833333333332,kao005pem,0.03438277973801226
1492.8,73.49944444444444,kao005pem,0.03439265827839865
1496.4,73.53444444444445,kao005pem,0.03440903585851294
1500.1,73.57499999999999,kao005pem,0.03442801305451837
1503.8,73.61833333333334,kao005pem,0.03444829005846939
1507.4,73.65166666666667,kao005pem,0.03446388775381632
1511.1,73.68333333333334,kao005pem,0.0344787055643959
1514.7,73.72444444444444,kao005pem,0.03449794272199046
1518.4,73.74055555555555,kao005pem,0.0345054816080748
1522.1,73.75277777777778,kao005pem,0.03451120076303535
1525.7,73.77833333333334,kao005pem,0.034523158996134666
1529.4,73.78944444444444,kao005pem,0.03452835822791697
1533.0,73.79888888888888,kao005pem,0.034532777574931936
1536.7,73.81888888888889,kao005pem,0.034542136192140104
1540.3,73.83333333333333,kao005pem,0.0345488951934571
1544.0,73.84333333333332,kao005pem,0.03455357450206118
1547.6,73.85111111111111,kao005pem,0.0345572139643088
1551.3,73.87166666666667,kao005pem,0.03456683254310608
1554.9,73.89000000000001,kao005pem,0.0345754112755469
1558.6,73.88111111111112,kao005pem,0.03457125189012105
1562.2,73.90333333333334,kao005pem,0.03458165035368566
1565.8,73.91444444444444,kao005pem,0.034586849585467976
1569.5,73.91777777777777,kao005pem,0.03458840935500267
1573.1,73.93111111111111,kao005pem,0.03459464843314144
1576.8,73.92833333333334,kao005pem,0.03459334862519587
1580.4,73.93777777777777,kao005pem,0.03459776797221082
1584.0,73.94,kao005pem,0.03459880781856729
1587.7,73.9588888888889,kao005pem,0.03460764651259722
1591.3,73.96499999999999,kao005pem,0.034610506090077486
1594.9,73.96277777777777,kao005pem,0.03460946624372103
1598.5,73.96166666666666,kao005pem,0.034608946320542795
1602.2,73.97777777777779,kao005pem,0.034616485206627155
1605.8,73.96000000000001,kao005pem,0.03460816643577545
1609.4,73.99166666666667,kao005pem,0.03462298424635504
1613.0,73.99055555555556,kao005pem,0.03462246432317681
1616.7,74.00277777777778,kao005pem,0.03462818347813735
1620.3,74.00388888888888,kao005pem,0.034628703401315575
1623.9,73.99055555555555,kao005pem,0.0346224643231768
1627.5,73.99333333333334,kao005pem,0.034623764131122385
1631.1,73.99277777777779,kao005pem,0.034623504169533276
1634.7,73.9988888888889,kao005pem,0.03462636374701354
1638.3,74.02166666666668,kao005pem,0.034637022172167284
1641.9,74.01611111111112,kao005pem,0.03463442255627612
1645.6,74.00944444444445,kao005pem,0.03463130301720674
1649.2,74.02944444444444,kao005pem,0.03464066163441489
1652.8,74.0511111111111,kao005pem,0.034650800136390394
1656.4,74.03666666666666,kao005pem,0.0346440411350734
1660.0,74.05,kao005pem,0.03465028021321217
1663.6,74.05166666666666,kao005pem,0.03465106009797952
1667.2,74.03388888888888,kao005pem,0.034642741327127816
1670.8,74.04944444444445,kao005pem,0.03465002025162305
1674.4,74.04333333333334,kao005pem,0.034647160674142786
1678.0,74.04944444444443,kao005pem,0.03465002025162305
1681.6,74.03166666666667,kao005pem,0.03464170148077136
1685.1,74.02722222222222,kao005pem,0.03463962178805843
1688.7,74.03888888888889,kao005pem,0.03464508098142986
1692.3,74.02944444444444,kao005pem,0.03464066163441489
1695.9,74.015,kao005pem,0.03463390263309789
1699.5,74.00722222222221,kao005pem,0.034630263170850266
1703.1,73.99833333333333,kao005pem,0.034626103785424425
1706.7,74.00611111111112,kao005pem,0.03462974324767205
1710.2,73.99111111111111,kao005pem,0.03462272428476592
1713.8,73.97277777777778,kao005pem,0.03461414555232511
1717.4,73.9538888888889,kao005pem,0.03460530685829518
1721.0,73.9038888888889,kao005pem,0.034581910315274786
1724.5,73.86888888888889,kao005pem,0.0345655327351605
1728.1,73.79888888888888,kao005pem,0.034532777574931936
1731.7,73.7761111111111,kao005pem,0.0345221191497782
1735.2,73.72333333333333,kao005pem,0.034497422798812225
1738.8,73.67,kao005pem,0.03447246648625713
1742.4,73.6388888888889,kao005pem,0.034457908637266665
1745.9,73.60833333333333,kao005pem,0.03444361074986531
1749.5,73.58277777777776,kao005pem,0.034431652516765984
1753.1,73.53277777777777,kao005pem,0.03440825597374558
1756.6,73.48666666666666,kao005pem,0.034386679161848996
1760.2,73.42166666666668,kao005pem,0.03435626365592249
1763.8,73.41166666666668,kao005pem,0.0343515843473184
1767.3,73.35055555555556,kao005pem,0.034322988572515686
1770.9,73.29277777777777,kao005pem,0.03429595256724767
1774.4,73.25444444444445,kao005pem,0.0342780152175987
1778.0,73.19222222222223,kao005pem,0.03424889951961776
1781.5,73.15,kao005pem,0.03422914243884498
1785.1,73.07499999999999,kao005pem,0.03419404762431437
1788.6,73.01833333333333,kao005pem,0.034167531542224586
1792.1,72.99555555555555,kao005pem,0.03415687311707085
1795.7,72.96222222222224,kao005pem,0.034141275421723925
1799.2,72.93944444444446,kao005pem,0.03413061699657018
1802.8,72.87444444444446,kao005pem,0.03410020149064367
1806.3,72.85833333333333,kao005pem,0.03409266260455931
1809.8,72.82277777777777,kao005pem,0.03407602506285591
1813.4,72.75222222222223,kao005pem,0.03404300994103824
1816.9,72.74888888888889,kao005pem,0.03404145017150354
1820.4,72.71666666666665,kao005pem,0.034026372399334835
1824.0,72.7811111111111,kao005pem,0.03405652794367224
1827.5,72.83166666666665,kao005pem,0.03408018444828175
1831.0,72.86833333333334,kao005pem,0.03409734191316339
1834.6,72.84833333333333,kao005pem,0.03408798329595523
1838.1,72.81833333333333,kao005pem,0.03407394537014299
1841.6,72.78388888888888,kao005pem,0.03405782775161782
1845.1,72.84555555555555,kao005pem,0.034086683488009646
1848.6,72.94944444444445,kao005pem,0.03413529630517426
1852.2,73.06555555555555,kao005pem,0.034189628277299405
1855.7,73.12722222222223,kao005pem,0.034218484013691236
1859.2,73.17944444444444,kao005pem,0.034242920403068096
1862.7,73.1738888888889,kao005pem,0.034240320787176946
1866.2,73.08222222222223,kao005pem,0.034197427124972875
1869.7,72.94666666666666,kao005pem,0.034133996497228675
1873.2,72.78666666666666,kao005pem,0.0340591275595634
1876.7,72.6538888888889,kao005pem,0.033996996739764786
1880.2,72.4961111111111,kao005pem,0.03392316764845597
1883.7,72.30055555555555,kao005pem,0.033831661169087285
1887.2,72.02444444444444,kao005pem,0.03370246025929686
1890.7,71.69888888888887,kao005pem,0.03355012276807514
1894.2,71.35388888888889,kao005pem,0.033388686621234384
1897.7,70.97000000000001,kao005pem,0.03320905316315555
1902.7,69.9188888888889,kao005pem,0.03271720583654892
1905.5,69.69333333333333,kao005pem,0.032611661431368
1908.2,69.54555555555554,kao005pem,0.03254251164866325
1911.0,69.37111111111113,kao005pem,0.032460883709680984
1913.7,69.21055555555556,kao005pem,0.03238575481042658
1916.5,69.10388888888889,kao005pem,0.0323358421853164
1919.2,69.01611111111112,kao005pem,0.03229476825423614
1921.9,68.95555555555556,kao005pem,0.03226643244102254
1924.7,68.94944444444445,kao005pem,0.03226357286354228
1927.4,68.94222222222221,kao005pem,0.032260193362883764
1930.1,68.90055555555556,kao005pem,0.0322406962437001
1932.9,68.83333333333333,kao005pem,0.03220924089141712
1935.6,68.77555555555556,kao005pem,0.032182204886149104
1938.3,68.75555555555555,kao005pem,0.03217284626894094
1941.0,68.78444444444445,kao005pem,0.03218636427157495
1943.7,68.82611111111112,kao005pem,0.03220586139075862
1946.4,68.87666666666667,kao005pem,0.03222951789536813
1949.2,68.94833333333332,kao005pem,0.03226305294036404
1951.9,69.01444444444445,kao005pem,0.03229398836946879
1954.6,69.09777777777778,kao005pem,0.032332982607836125
1957.3,69.19333333333333,kao005pem,0.032377696001164
1960.0,69.30444444444446,kao005pem,0.03242968831898711
1962.7,69.39111111111112,kao005pem,0.03247024232688914
1965.4,69.48333333333333,kao005pem,0.03251339595068232
1968.1,69.57944444444445,kao005pem,0.03255836930559931
1970.7,69.67166666666667,kao005pem,0.03260152292939249
1973.4,69.78333333333333,kao005pem,0.03265377520880471
1976.1,69.88777777777779,kao005pem,0.032702647987558446
1978.8,69.9611111111111,kao005pem,0.032736962917321685
1981.5,70.06,kao005pem,0.03278323608018426
1984.1,70.15944444444445,kao005pem,0.03282976920463595
1986.8,70.28166666666667,kao005pem,0.03288696075424137
1989.5,70.40833333333333,kao005pem,0.032946231996559716
1992.1,70.4961111111111,kao005pem,0.032987305927639966
1994.8,70.58444444444444,kao005pem,0.03302863982030935
1997.5,70.67666666666668,kao005pem,0.033071793444102535
2000.1,70.7761111111111,kao005pem,0.03311832656855421
2002.8,70.88388888888888,kao005pem,0.033168759116842625
2005.4,70.98944444444444,kao005pem,0.033218151818774584
2008.1,71.1472222222222,kao005pem,0.03329198091008339
2010.7,71.2538888888889,kao005pem,0.03334189353519359
2013.4,71.32,kao005pem,0.033372828964298336
2016.0,71.38111111111112,kao005pem,0.03340142473910106
2018.6,71.4511111111111,kao005pem,0.033434179899329605
2021.3,71.54166666666669,kao005pem,0.03347655363835545
2023.9,71.61277777777778,kao005pem,0.03350982872176224
2026.5,71.66000000000001,kao005pem,0.033531925456837065
2029.2,71.72555555555556,kao005pem,0.0335626009243527
2031.8,71.78666666666666,kao005pem,0.033591196699155404
2034.4,71.83722222222222,kao005pem,0.03361485320376492
2037.0,71.88111111111112,kao005pem,0.03363539016930506
2039.7,71.88055555555555,kao005pem,0.03363513020771593
2042.3,71.90277777777777,kao005pem,0.03364552867128055
2044.9,71.93777777777778,kao005pem,0.033661906251394834
2047.5,71.94055555555556,kao005pem,0.033663206059340416
2050.1,71.94111111111111,kao005pem,0.033663466020929525
2052.7,71.95611111111111,kao005pem,0.033670484983835645
2055.3,71.96722222222223,kao005pem,0.033675684215617965
2057.9,71.97444444444444,kao005pem,0.033679063716276464
2060.5,71.94444444444444,kao005pem,0.03366502579046422
2063.1,71.90944444444443,kao005pem,0.033648648210349935
2065.7,71.8711111111111,kao005pem,0.03363071086070096
2068.3,71.8,kao005pem,0.033597435777294175
2070.9,71.71222222222224,kao005pem,0.033556361846213925
2073.4,71.64611111111111,kao005pem,0.03352542641710917
2076.0,71.58944444444444,kao005pem,0.03349891033501938
2078.6,71.5038888888889,kao005pem,0.03345887625029559
2081.2,71.42833333333333,kao005pem,0.03342352147417587
2083.7,71.33222222222223,kao005pem,0.03337854811925888
2086.3,71.23055555555555,kao005pem,0.03333097514845074
2088.9,71.15555555555554,kao005pem,0.03329588033392013
2091.4,71.10333333333332,kao005pem,0.03327144394454327
2094.0,71.08055555555555,kao005pem,0.03326078551938953
2096.6,71.06166666666667,kao005pem,0.033251946825359605
2099.1,71.01833333333335,kao005pem,0.0332316698214086
2101.6,70.94166666666666,kao005pem,0.03319579512211064
2104.2,70.82111111111112,kao005pem,0.033139383457272575
2106.8,70.63111111111111,kao005pem,0.03305047659379505
2109.3,70.445,kao005pem,0.03296338946144134
2111.8,70.31833333333333,kao005pem,0.032904118219122994
2114.4,70.22111111111111,kao005pem,0.03285862494102777
2116.9,70.15166666666666,kao005pem,0.03282612974238833
2119.4,70.11999999999999,kao005pem,0.03281131193180874
2122.0,70.06722222222223,kao005pem,0.03278661558084277
2124.5,69.93277777777776,kao005pem,0.032723704876276793
2127.0,69.75111111111111,kao005pem,0.03263869743663601
2129.6,69.55166666666666,kao005pem,0.03254537122614353
2132.1,69.27722222222224,kao005pem,0.032416950201120454
2134.6,68.83444444444443,kao005pem,0.032209760814595347
2137.1,68.26111111111112,kao005pem,0.0319414804546281
2139.6,67.57722222222223,kao005pem,0.031621467738426855
2142.1,66.69666666666666,kao005pem,0.031209428619678695
2144.6,65.65111111111112,kao005pem,0.03072018090896323
2147.1,64.52888888888889,kao005pem,0.03019505849894981
2149.6,63.39,kao005pem,0.029662137241262924
2152.1,62.34055555555555,kao005pem,0.02917106979942364
2154.6,61.41666666666668,kao005pem,0.02873875367672448
2157.1,60.635000000000005,kao005pem,0.028372987720838894
2159.6,60.03944444444445,kao005pem,0.02809430889730702
2162.1,59.65944444444444,kao005pem,0.027916495170351975
2164.6,59.42444444444445,kao005pem,0.027806531418156102
2167.1,59.29111111111112,kao005pem,0.02774414063676837
2169.6,59.24777777777778,kao005pem,0.027723863632817352
2172.0,59.24611111111111,kao005pem,0.027723083748050006
2174.5,59.24666666666667,kao005pem,0.027723343709639123
2177.0,59.20166666666666,kao005pem,0.02770228682092076
2179.4,59.071666666666665,kao005pem,0.02764145580906772
2181.9,58.888333333333335,kao005pem,0.027555668484659592
2184.4,58.59944444444445,kao005pem,0.027420488458319507
2186.8,58.20055555555555,kao005pem,0.027233836037334532
2189.3,57.74166666666666,kao005pem,0.027019107764725086
2191.7,57.303333333333335,kao005pem,0.026813998070912917
2194.2,56.806666666666665,kao005pem,0.02658159241024361
2196.6,56.12,kao005pem,0.026260279886096784
2199.1,55.10222222222222,kao005pem,0.02578403025483709
2201.5,53.83722222222222,kao005pem,0.025192097716420975
2204.0,52.73388888888889,kao005pem,0.024675814000437488
2206.4,52.34944444444446,kao005pem,0.024495920580769527
2208.9,52.95055555555555,kao005pem,0.02477719902019255
2211.3,54.28833333333334,kao005pem,0.02540318652678281
2213.7,55.95166666666667,kao005pem,0.026181511524594775
2216.1,57.60055555555555,kao005pem,0.026953077521089736
2218.6,59.05833333333333,kao005pem,0.02763521673092895
2221.0,60.28555555555556,kao005pem,0.02820947188128521
2223.4,61.23111111111111,kao005pem,0.028651926505959883
2225.8,61.97277777777778,kao005pem,0.028998975227429145
2228.2,62.553333333333335,kao005pem,0.0292706350880549
2230.6,62.97611111111112,kao005pem,0.029468465857371843
2233.1,63.263888888888886,kao005pem,0.029603125960533692
2235.5,63.501666666666665,kao005pem,0.02971438952067515
2237.9,63.67277777777778,kao005pem,0.029794457690122744
2240.3,63.77555555555556,kao005pem,0.02984255058410912
2242.7,63.86722222222222,kao005pem,0.029885444246313182
2245.1,63.9411111111111,kao005pem,0.029920019137665548
2247.5,63.99277777777778,kao005pem,0.029944195565453302
2249.9,64.04388888888889,kao005pem,0.02996811203165193
2252.2,64.04055555555556,kao005pem,0.029966552262117238
2254.6,63.98055555555556,kao005pem,0.02993847641049276
2257.0,63.921666666666674,kao005pem,0.02991092048204651
2259.4,63.856666666666655,kao005pem,0.029880504976119982
2261.8,63.795555555555566,kao005pem,0.02985190920131728
2264.1,63.70277777777777,kao005pem,0.029808495615934974
2266.5,63.56944444444444,kao005pem,0.029746104834547246
2268.9,63.43722222222222,kao005pem,0.029684233976337744
2271.2,63.27,kao005pem,0.029605985538013965
2273.6,63.10111111111111,kao005pem,0.029526957214922836
2276.0,62.93,kao005pem,0.029446889045475245
2278.3,62.74222222222223,kao005pem,0.029359022028354193
2280.7,62.54055555555556,kao005pem,0.02926465597150524
2283.0,62.37833333333333,kao005pem,0.0291887471874835
2285.4,62.23555555555556,kao005pem,0.029121937059080803
2287.7,62.083888888888886,kao005pem,0.029050967545252254
2290.1,61.94277777777778,kao005pem,0.028984937301616904
2292.4,61.81777777777778,kao005pem,0.028926445944065907
2294.8,61.66166666666666,kao005pem,0.028853396737524434
2297.1,61.52,kao005pem,0.02878710653229997
2299.4,61.32777777777778,kao005pem,0.02869715982246599
2301.8,61.083888888888886,kao005pem,0.028583036684844257
2304.1,60.833333333333336,kao005pem,0.028465794008153144
2306.4,60.62833333333333,kao005pem,0.028369868181769505
2308.7,60.41611111111112,kao005pem,0.028270562854727368
2311.1,60.20444444444445,kao005pem,0.02817151748927434
2313.4,60.03722222222223,kao005pem,0.02809326905095056
2315.7,59.94222222222223,kao005pem,0.028048815619211798
2318.0,59.873333333333335,kao005pem,0.02801658038216147
2320.3,59.82555555555555,kao005pem,0.02799422368549753
2322.6,59.81722222222223,kao005pem,0.027990324261660798
2324.9,59.853888888888896,kao005pem,0.028007481726542428
2327.2,59.94111111111111,kao005pem,0.028048295696033565
2329.5,60.02722222222222,kao005pem,0.028088589742346477
2331.8,60.123333333333335,kao005pem,0.02813356309726347
2334.1,60.1888888888889,kao005pem,0.028164238564779107
2336.4,60.235,kao005pem,0.028185815376675694
2338.7,60.17444444444444,kao005pem,0.028157479563462096
2341.0,60.028888888888886,kao005pem,0.028089369627113822
2343.2,59.87055555555556,kao005pem,0.028015280574215894
2345.5,59.66833333333333,kao005pem,0.027920654555777826
2347.8,59.46333333333333,kao005pem,0.027824728729394187
2350.1,59.25999999999999,kao005pem,0.02772958278777789
2352.4,59.09055555555556,kao005pem,0.027650294503097656
2354.6,58.98444444444445,kao005pem,0.027600641839576584
2356.9,58.88333333333334,kao005pem,0.027553328830357552
2359.1,58.86222222222222,kao005pem,0.02754345028997116
2361.4,58.853333333333325,kao005pem,0.027539290904545308
2363.7,58.8138888888889,kao005pem,0.02752083363171811
2365.9,58.71944444444445,kao005pem,0.027476640161568464
2368.2,58.54055555555556,kao005pem,0.027392932529873255
2370.4,58.35222222222222,kao005pem,0.02730480555116308
2372.7,58.09388888888889,kao005pem,0.02718392341222435
2374.9,57.80722222222222,kao005pem,0.027049783232240724
2377.2,57.56944444444444,kao005pem,0.026938519672099266
2379.4,57.435,kao005pem,0.026875608967533302
2381.6,57.36,kao005pem,0.0268405141530027
2383.9,57.35166666666666,kao005pem,0.026836614729165965
2386.1,57.44277777777776,kao005pem,0.026879248429780914
2388.3,57.59611111111112,kao005pem,0.026950997828376816
2390.6,57.72555555555555,kao005pem,0.027011568878640736
2392.8,57.93777777777777,kao005pem,0.027110874205682874
2395.0,58.16055555555555,kao005pem,0.02721511880291821
2397.2,58.37944444444444,kao005pem,0.02731754366902974
2399.4,58.57,kao005pem,0.02740671049409638
2401.6,58.695,kao005pem,0.02746520185164738
2403.9,58.696666666666665,kao005pem,0.027465981736414725
2406.1,58.748333333333335,kao005pem,0.02749015816420247
2408.3,58.75888888888888,kao005pem,0.027495097434395665
2410.5,58.68555555555555,kao005pem,0.027460782504632412
2412.7,58.55722222222222,kao005pem,0.02740073137754672
2414.9,58.41666666666666,kao005pem,0.02733496109550048
2417.1,58.27666666666667,kao005pem,0.027269450775043367
2419.2,58.16388888888888,kao005pem,0.027216678572452902
2421.4,58.00666666666666,kao005pem,0.027143109442733203
2423.6,57.731666666666655,kao005pem,0.027014428456121002
2425.8,57.42333333333334,kao005pem,0.026870149774161876
2428.0,57.21944444444445,kao005pem,0.02677474387095647
2430.2,56.93277777777777,kao005pem,0.02664060369097284
2432.3,56.542777777777786,kao005pem,0.026458110655413727
2434.5,56.19611111111112,kao005pem,0.026295894623805622
2436.7,55.86500000000001,kao005pem,0.02614095751669275
2438.8,55.51888888888889,kao005pem,0.025979001446673755
2441.0,55.195,kao005pem,0.02582744384021939
2443.2,54.962222222222216,kao005pem,0.025718519934379968
2445.3,54.778888888888886,kao005pem,0.02563273260997184
2447.5,54.61277777777778,kao005pem,0.02555500409482629
2449.6,54.48722222222222,kao005pem,0.025496252775686172
2451.8,54.33,kao005pem,0.02542268364596647
2453.9,54.125555555555565,kao005pem,0.02532701778117195
2456.1,54.02666666666666,kao005pem,0.025280744618309373
2458.2,53.93222222222222,kao005pem,0.025236551148159734
2460.4,53.830000000000005,kao005pem,0.025188718215762476
2462.5,53.735,kao005pem,0.025144264784023714
2464.6,53.63388888888889,kao005pem,0.02509695177480468
2466.8,53.53,kao005pem,0.025048338957640075
2468.9,53.44666666666667,kao005pem,0.025009344719272745
2471.0,53.34611111111112,kao005pem,0.02496229167164283
2473.1,53.23277777777778,kao005pem,0.02490925950746325
2475.2,53.10666666666667,kao005pem,0.024850248226734022
2477.4,52.93111111111111,kao005pem,0.024768100364573505
2479.5,52.68333333333334,kao005pem,0.02465215749582797
2481.6,52.434444444444445,kao005pem,0.024535694703904203
2483.7,52.24444444444444,kao005pem,0.02444678784042668
2485.8,52.04333333333333,kao005pem,0.02435268174516685
2487.9,51.88222222222223,kao005pem,0.024277292884323346
2490.0,51.770555555555546,kao005pem,0.02422504060491111
2492.1,51.65277777777778,kao005pem,0.024169928748018616
2494.2,51.587222222222216,kao005pem,0.024139253280502978
2496.3,51.57277777777778,kao005pem,0.024132494279185977
2498.4,51.55388888888889,kao005pem,0.02412365558515605
2500.5,51.53,kao005pem,0.02411247723682408
2502.6,51.54666666666666,kao005pem,0.024120276084497544
2504.7,51.49833333333333,kao005pem,0.02409765942624449
2506.7,51.44666666666667,kao005pem,0.024073482998456748
2508.8,51.42111111111112,kao005pem,0.024061524765357434
2510.9,51.40611111111111,kao005pem,0.02405450580245131
2513.0,51.45333333333334,kao005pem,0.024076602537526137
339.3,54.152,kao005ppfm,0.024123227729576084
340.8,52.783,kao005ppfm,0.02351337585408137
342.3,50.992,kao005ppfm,0.022715534576498442
343.7,50.3235,kao005ppfm,0.022417736199019836
345.2,49.7495,kao005ppfm,0.022162034974378512
346.7,49.2205,kao005ppfm,0.02192638001299305
348.1,48.11900000000001,kao005ppfm,0.021435692035741465
349.6,47.4225,kao005ppfm,0.021125420427792543
351.1,47.0805,kao005ppfm,0.020973068827048066
352.5,46.95,kao005ppfm,0.020914934663606093
354.0,46.676,kao005ppfm,0.02079287519400379
355.5,46.656,kao005ppfm,0.020783965743667854
357.0,46.5055,kao005ppfm,0.020716922129889948
358.4,46.254,kao005ppfm,0.02060488579191557
359.9,46.19,kao005ppfm,0.020576375550840582
361.4,46.1615,kao005ppfm,0.020563679584111875
362.8,46.43900000000001,kao005ppfm,0.02068729820752297
364.3,46.39600000000001,kao005ppfm,0.020668142889300713
365.8,46.5065,kao005ppfm,0.020717367602406746
367.2,46.623000000000005,kao005ppfm,0.020769265150613565
368.7,46.8995,kao005ppfm,0.02089243830150786
370.1,47.1315,kao005ppfm,0.0209957879254047
371.6,47.395500000000006,kao005ppfm,0.021113392669839033
373.1,47.577,kao005ppfm,0.021194245931637636
374.5,47.8065,kao005ppfm,0.021296481874242483
376.0,47.962,kao005ppfm,0.021365752850604377
377.5,48.2335,kao005ppfm,0.021486698638914684
378.9,48.5245,kao005ppfm,0.02161633114130253
380.4,48.8035,kao005ppfm,0.021740617973488818
381.9,48.93300000000001,kao005ppfm,0.021798306664413996
383.3,49.1045,kao005ppfm,0.02187470520104463
384.8,49.3375,kao005ppfm,0.021978500297458264
386.2,49.63600000000001,kao005ppfm,0.022111473843722092
387.7,49.969,kao005ppfm,0.022259816191815395
389.2,50.169500000000006,kao005ppfm,0.022349133431433143
390.6,50.343500000000006,kao005ppfm,0.02242664564935577
392.1,50.607000000000006,kao005ppfm,0.022544027657531707
393.6,50.793,kao005ppfm,0.022626885545655895
395.0,51.020500000000006,kao005ppfm,0.02272823054322715
396.5,51.2475,kao005ppfm,0.022829352804540005
397.9,51.371,kao005ppfm,0.0228843686603644
399.4,51.56699999999999,kao005ppfm,0.022971681273656553
400.9,51.73100000000001,kao005ppfm,0.023044738766411225
402.3,51.9755,kao005ppfm,0.023153656796768018
403.8,52.142,kao005ppfm,0.023227827970814675
405.2,52.36650000000001,kao005ppfm,0.02332783655083554
406.7,52.547,kao005ppfm,0.023408244340117342
408.1,52.77049999999999,kao005ppfm,0.023507807447621407
409.6,52.962,kao005ppfm,0.023593115434587985
411.1,53.1345,kao005ppfm,0.02366995944373542
412.5,53.326,kao005ppfm,0.02375526743070199
414.0,53.538,kao005ppfm,0.023849707604262894
415.4,53.760000000000005,kao005ppfm,0.02394860250299177
416.9,54.00250000000001,kao005ppfm,0.02405662958831498
418.3,54.272000000000006,kao005ppfm,0.024176684431591693
419.8,54.461,kao005ppfm,0.02426087873726627
421.2,54.686,kao005ppfm,0.02436111005354553
422.7,54.90150000000001,kao005ppfm,0.02445710938091523
424.1,55.1605,kao005ppfm,0.024572486762765577
425.6,55.408,kao005ppfm,0.024682741210672765
427.0,55.6555,kao005ppfm,0.024792995658579956
428.5,55.914,kao005ppfm,0.024908150304171907
429.9,56.1785,kao005ppfm,0.02502597778486464
431.4,56.4165,kao005ppfm,0.02513200024386226
432.8,56.6785,kao005ppfm,0.025248714043263
434.3,56.9335,kao005ppfm,0.025362309535046167
435.7,57.18549999999999,kao005ppfm,0.025474568609278936
437.2,57.42749999999999,kao005ppfm,0.02558237295834374
438.6,57.678,kao005ppfm,0.025693963823801323
440.1,57.8905,kao005ppfm,0.025788626733620628
441.5,58.12449999999999,kao005ppfm,0.025892867302551057
443.0,58.36099999999999,kao005ppfm,0.02599822155277348
444.4,58.604,kao005ppfm,0.026106471374355088
445.8,58.846500000000006,kao005ppfm,0.026214498459678298
447.3,59.0615,kao005ppfm,0.02631027505078959
448.7,59.262,kao005ppfm,0.026399592290407333
450.2,59.456,kao005ppfm,0.026486013958665896
451.6,59.633,kao005ppfm,0.026564862594138917
453.0,59.818,kao005ppfm,0.02664727500974631
454.5,60.00050000000001,kao005ppfm,0.026728573744061717
455.9,60.173,kao005ppfm,0.026805417753209146
457.4,60.334500000000006,kao005ppfm,0.02687736156467182
458.8,60.47150000000001,kao005ppfm,0.026938391299472973
460.2,60.6185,kao005ppfm,0.027003875759442086
461.7,60.738,kao005ppfm,0.027057109725199292
463.1,60.8765,kao005ppfm,0.02711880766877564
464.5,61.008500000000005,kao005ppfm,0.027177610040992808
466.0,61.13149999999998,kao005ppfm,0.027232403160558794
467.4,61.242,kao005ppfm,0.02728162787366484
468.9,61.363000000000014,kao005ppfm,0.027335530048197252
470.3,61.471500000000006,kao005ppfm,0.027383863816269692
471.7,61.58399999999999,kao005ppfm,0.027433979474409315
473.1,61.69250000000001,kao005ppfm,0.02748231324248177
474.6,61.8145,kao005ppfm,0.027536660889530967
476.0,61.92850000000001,kao005ppfm,0.027587444756445794
477.4,62.032,kao005ppfm,0.02763355116193425
478.9,62.14450000000001,kao005ppfm,0.027683666820073886
480.3,62.2475,kao005ppfm,0.027729550489303947
481.7,62.359,kao005ppfm,0.02777922067492678
483.1,62.486,kao005ppfm,0.02783579568455996
484.6,62.61750000000001,kao005ppfm,0.027894375320518736
486.0,62.73699999999999,kao005ppfm,0.027947609286275935
487.4,62.8615,kao005ppfm,0.028003070614617133
488.9,63.0015,kao005ppfm,0.028065436766968672
490.3,63.11800000000001,kao005ppfm,0.028117334315175494
491.7,63.25,kao005ppfm,0.028176136687392658
493.1,63.3845,kao005ppfm,0.02823605274090182
494.5,63.517,kao005ppfm,0.028295077849377386
496.0,63.646,kao005ppfm,0.028352543804044162
497.4,63.78650000000001,kao005ppfm,0.028415132692654103
498.8,63.93049999999998,kao005ppfm,0.02847928073507282
500.2,64.06500000000001,kao005ppfm,0.028539196788581994
501.6,64.19349999999999,kao005ppfm,0.02859644000699036
503.1,64.33500000000001,kao005ppfm,0.028659474368117107
504.5,64.4745,kao005ppfm,0.028721617784210247
505.9,64.61200000000001,kao005ppfm,0.028782870255269797
507.3,64.75350000000002,kao005ppfm,0.028845904616396537
508.7,64.88749999999999,kao005ppfm,0.028905597933647286
510.1,65.02450000000002,kao005ppfm,0.02896662766844845
511.6,65.16799999999999,kao005ppfm,0.029030552974608766
513.0,65.3075,kao005ppfm,0.029092696390701916
514.4,65.44099999999999,kao005ppfm,0.02915216697169427
515.8,65.587,kao005ppfm,0.0292172059591466
517.2,65.71699999999998,kao005ppfm,0.029275117386330166
518.6,65.852,kao005ppfm,0.02933525617609773
520.0,65.99749999999999,kao005ppfm,0.029400072427291646
521.5,66.1465,kao005ppfm,0.029466447832294365
522.9,66.2875,kao005ppfm,0.0295292594571627
524.3,66.4205,kao005ppfm,0.029588507301896667
525.7,66.5475,kao005ppfm,0.02964508231152985
527.1,66.691,kao005ppfm,0.02970900761769018
528.5,66.83250000000001,kao005ppfm,0.02977204197881692
529.9,66.99449999999999,kao005ppfm,0.029844208526537977
531.3,67.14200000000001,kao005ppfm,0.029909915722765506
532.7,67.27799999999999,kao005ppfm,0.029970499985049852
534.1,67.41000000000001,kao005ppfm,0.030029302357267026
535.5,67.541,kao005ppfm,0.03008765925696739
536.9,67.66850000000002,kao005ppfm,0.030144457002858983
538.3,67.79950000000001,kao005ppfm,0.03020281390255935
539.7,67.928,kao005ppfm,0.030260057120967722
541.1,68.08049999999999,kao005ppfm,0.030327991679779218
542.5,68.1975,kao005ppfm,0.030380111964244443
544.0,68.3215,kao005ppfm,0.030435350556327234
545.3,68.44300000000001,kao005ppfm,0.03048947546711804
546.8,68.576,kao005ppfm,0.030548723311851995
548.2,68.69099999999999,kao005ppfm,0.030599952651283617
549.5,68.7885,kao005ppfm,0.0306433862216713
550.9,68.9055,kao005ppfm,0.030695506506136522
552.3,69.0375,kao005ppfm,0.030754308878353682
553.7,69.1575,kao005ppfm,0.03080776558036929
555.1,69.2675,kao005ppfm,0.030856767557216933
556.5,69.393,kao005ppfm,0.03091267435807492
557.9,69.5055,kao005ppfm,0.03096279001621455
559.3,69.633,kao005ppfm,0.031019587762106133
560.7,69.749,kao005ppfm,0.031071262574054553
562.1,69.848,kao005ppfm,0.03111536435321743
563.5,69.9485,kao005ppfm,0.0311601343411555
564.9,70.05550000000001,kao005ppfm,0.031207799900452755
566.3,70.14800000000001,kao005ppfm,0.03124900610825645
567.7,70.2495,kao005ppfm,0.03129422156871131
569.1,70.342,kao005ppfm,0.03133542777651501
570.5,70.43,kao005ppfm,0.03137462935799312
571.8,70.523,kao005ppfm,0.03141605830205522
573.2,70.612,kao005ppfm,0.03145570535605012
574.6,70.69000000000001,kao005ppfm,0.03149045221236028
576.0,70.77499999999999,kao005ppfm,0.03152831737628799
577.4,70.8485,kao005ppfm,0.03156105960627255
578.8,70.92549999999999,kao005ppfm,0.03159536099006589
580.2,70.9995,kao005ppfm,0.03162832595630886
581.5,71.07250000000002,kao005ppfm,0.03166084545003502
582.9,71.13649999999998,kao005ppfm,0.03168935569111
584.3,71.2005,kao005ppfm,0.031717865932185
585.7,71.253,kao005ppfm,0.03174125323931683
587.1,71.3135,kao005ppfm,0.031768204326583026
588.5,71.3705,kao005ppfm,0.03179359626004044
589.8,71.42350000000002,kao005ppfm,0.03181720630343067
591.2,71.475,kao005ppfm,0.03184014813804569
592.6,71.52749999999999,kao005ppfm,0.03186353544517752
594.0,71.56949999999999,kao005ppfm,0.03188224529088298
595.4,71.61699999999999,kao005ppfm,0.03190340523543082
596.7,71.66049999999998,kao005ppfm,0.03192278328991148
598.1,71.70750000000001,kao005ppfm,0.03194372049820094
599.5,71.75249999999998,kao005ppfm,0.03196376676145678
600.9,71.78999999999999,kao005ppfm,0.03198047198083666
602.2,71.826,kao005ppfm,0.031996508991441346
603.6,71.863,kao005ppfm,0.032012991474562824
605.0,71.90299999999999,kao005ppfm,0.03203081037523469
606.4,71.9435,kao005ppfm,0.03204885201216496
607.7,71.98250000000002,kao005ppfm,0.03206622544032004
609.1,72.023,kao005ppfm,0.032084267077250296
610.5,72.05499999999999,kao005ppfm,0.03209852219778779
611.9,72.09099999999998,kao005ppfm,0.03211455920839247
613.2,72.128,kao005ppfm,0.032131041691513956
614.6,72.169,kao005ppfm,0.03214930606470262
616.0,72.2045,kao005ppfm,0.032165120339048905
617.3,72.2335,kao005ppfm,0.03217803904203601
618.7,72.26950000000001,kao005ppfm,0.03219407605264069
620.1,72.3055,kao005ppfm,0.03221011306324537
621.5,72.338,kao005ppfm,0.03222459092004126
622.8,72.373,kao005ppfm,0.03224018245812915
624.2,72.3965,kao005ppfm,0.03225065106227388
625.5,72.42599999999999,kao005ppfm,0.032263792501519374
626.9,72.4545,kao005ppfm,0.032276488468248085
628.3,72.48049999999999,kao005ppfm,0.0322880707536848
629.6,72.508,kao005ppfm,0.03230032124789671
631.0,72.5445,kao005ppfm,0.03231658099475979
632.4,72.56599999999999,kao005ppfm,0.032326158653870916
633.7,72.5925,kao005ppfm,0.03233796367556603
635.1,72.61949999999999,kao005ppfm,0.03234999143351954
636.5,72.642,kao005ppfm,0.03236001456514747
637.8,72.6645,kao005ppfm,0.0323700376967754
639.2,72.68100000000001,kao005ppfm,0.032377387993302545
640.5,72.6965,kao005ppfm,0.03238429281731289
641.9,72.715,kao005ppfm,0.032392534058873636
643.2,72.725,kao005ppfm,0.0323969887840416
644.6,72.737,kao005ppfm,0.032402334454243155
646.0,72.752,kao005ppfm,0.03240901654199511
647.3,72.7625,kao005ppfm,0.03241369400342148
648.7,72.76700000000001,kao005ppfm,0.03241569862974707
650.0,72.74999999999999,kao005ppfm,0.03240812559696151
651.4,72.74549999999999,kao005ppfm,0.03240612097063593
652.7,72.75049999999999,kao005ppfm,0.03240834833321991
654.1,72.7645,kao005ppfm,0.03241458494845507
655.4,72.79150000000001,kao005ppfm,0.032426612706408585
656.8,72.8175,kao005ppfm,0.03243819499184529
658.1,72.827,kao005ppfm,0.03244242698075486
659.5,72.8485,kao005ppfm,0.03245200463986599
660.8,72.8735,kao005ppfm,0.032463141452785914
662.2,72.887,kao005ppfm,0.032469155331762665
663.5,72.90149999999998,kao005ppfm,0.032475614683256215
664.9,72.931,kao005ppfm,0.032488756122501725
666.2,72.9735,kao005ppfm,0.03250768870446558
667.6,72.98499999999999,kao005ppfm,0.03251281163840874
668.9,73.0165,kao005ppfm,0.03252684402268784
670.3,73.07649999999998,kao005ppfm,0.03255357237369564
671.6,73.1385,kao005ppfm,0.03258119166973704
673.0,73.16550000000002,kao005ppfm,0.03259321942769056
674.3,73.22099999999999,kao005ppfm,0.03261794315237277
675.6,73.3005,kao005ppfm,0.032653358217458114
677.0,73.3585,kao005ppfm,0.03267919562343233
678.3,73.38949999999998,kao005ppfm,0.03269300527145301
679.7,73.4185,kao005ppfm,0.032705923974440124
681.0,73.4595,kao005ppfm,0.032724188347628795
682.3,73.5055,kao005ppfm,0.03274468008340144
683.7,73.55799999999999,kao005ppfm,0.03276806739053326
685.0,73.60050000000001,kao005ppfm,0.032786999972497136
686.4,73.6435,kao005ppfm,0.03280615529071939
687.7,73.6855,kao005ppfm,0.03282486513642485
689.0,73.723,kao005ppfm,0.032841570355804726
690.4,73.7685,kao005ppfm,0.03286183935531898
691.7,73.815,kao005ppfm,0.032882553827350024
693.0,73.85150000000002,kao005ppfm,0.032898813574213114
694.4,73.899,kao005ppfm,0.03291997351876095
695.7,73.94449999999999,kao005ppfm,0.032940242518275195
697.0,73.98400000000001,kao005ppfm,0.03295783868268867
698.4,74.032,kao005ppfm,0.03297922136349491
699.7,74.07300000000001,kao005ppfm,0.03299748573668358
701.0,74.119,kao005ppfm,0.03301797747245623
702.4,74.1575,kao005ppfm,0.0330351281643529
703.7,74.201,kao005ppfm,0.03305450621883356
705.0,74.24249999999999,kao005ppfm,0.03307299332828062
706.3,74.287,kao005ppfm,0.03309281685527808
707.7,74.32650000000001,kao005ppfm,0.03311041301969155
709.0,74.3635,kao005ppfm,0.03312689550281303
710.3,74.405,kao005ppfm,0.03314538261226009
711.6,74.44200000000002,kao005ppfm,0.033161865095381576
713.0,74.48150000000001,kao005ppfm,0.03317946125979505
714.3,74.5215,kao005ppfm,0.03319728016046691
715.6,74.55600000000001,kao005ppfm,0.0332126489622964
716.9,74.59,kao005ppfm,0.033227795027867484
718.2,74.628,kao005ppfm,0.03324472298350576
719.6,74.6615,kao005ppfm,0.033259646312818456
720.9,74.6985,kao005ppfm,0.03327612879593993
722.2,74.7335,kao005ppfm,0.033291720334027816
723.5,74.767,kao005ppfm,0.033306643663340504
724.8,74.79299999999999,kao005ppfm,0.033318225948777216
726.2,74.8275,kao005ppfm,0.03333359475060671
727.5,74.85549999999999,kao005ppfm,0.03334606798107701
728.8,74.88699999999999,kao005ppfm,0.0333601003653561
730.1,74.9145,kao005ppfm,0.03337235085956802
731.4,74.94350000000001,kao005ppfm,0.03338526956255513
732.7,74.9715,kao005ppfm,0.03339774279302544
734.0,74.999,kao005ppfm,0.033409993287237344
735.3,75.0235,kao005ppfm,0.03342090736389886
736.7,75.0535,kao005ppfm,0.03343427153940277
738.0,75.083,kao005ppfm,0.03344741297864827
739.3,75.10900000000001,kao005ppfm,0.03345899526408499
740.6,75.1335,kao005ppfm,0.0334699093407465
741.9,75.155,kao005ppfm,0.03347948699985763
743.2,75.17049999999999,kao005ppfm,0.03348639182386798
744.5,75.19300000000001,kao005ppfm,0.033496414955495914
745.8,75.2215,kao005ppfm,0.03350911092222462
747.1,75.25750000000001,kao005ppfm,0.0335251479328293
748.4,75.28799999999998,kao005ppfm,0.03353873484459159
749.7,75.31549999999999,kao005ppfm,0.0335509853388035
751.0,75.34549999999999,kao005ppfm,0.0335643495143074
752.3,75.37100000000001,kao005ppfm,0.033575709063485726
753.6,75.40400000000001,kao005ppfm,0.03359040965654002
754.9,75.42950000000002,kao005ppfm,0.03360176920571834
756.2,75.45550000000001,kao005ppfm,0.033613351491155054
757.5,75.482,kao005ppfm,0.03362515651285016
758.8,75.499,kao005ppfm,0.0336327295456357
760.1,75.53049999999999,kao005ppfm,0.033646761929914795
761.4,75.5495,kao005ppfm,0.03365522590773394
762.7,75.57249999999999,kao005ppfm,0.03366547177562026
764.0,75.59450000000001,kao005ppfm,0.0336752721709898
765.3,75.61600000000001,kao005ppfm,0.03368484983010093
766.6,75.6365,kao005ppfm,0.033693982016695254
767.9,75.65950000000001,kao005ppfm,0.033704227884581585
769.2,75.6765,kao005ppfm,0.03371180091736713
770.4,75.69550000000001,kao005ppfm,0.033720264895186265
771.7,75.7155,kao005ppfm,0.033729174345522195
773.0,75.7385,kao005ppfm,0.03373942021340852
774.3,75.75899999999999,kao005ppfm,0.033748552400002844
775.6,75.7725,kao005ppfm,0.0337545662789796
776.9,75.79149999999998,kao005ppfm,0.03376303025679874
778.2,75.803,kao005ppfm,0.03376815319074191
779.4,75.826,kao005ppfm,0.03377839905862823
780.7,75.852,kao005ppfm,0.03378998134406495
782.0,75.874,kao005ppfm,0.03379978173943447
783.3,75.88550000000001,kao005ppfm,0.03380490467337764
784.5,75.89950000000002,kao005ppfm,0.0338111412886128
785.8,75.916,kao005ppfm,0.033818491585139936
787.1,75.936,kao005ppfm,0.03382740103547588
788.4,75.95400000000002,kao005ppfm,0.033835419540778226
789.7,75.975,kao005ppfm,0.03384477446363094
790.9,75.99999999999999,kao005ppfm,0.033855911276550854
792.2,76.0215,kao005ppfm,0.03386548893566199
793.5,76.0335,kao005ppfm,0.033870834605863556
794.8,76.05050000000001,kao005ppfm,0.033878407638649105
796.0,76.0685,kao005ppfm,0.03388642614395144
797.3,76.0925,kao005ppfm,0.03389711748435456
798.5,76.10999999999999,kao005ppfm,0.0339049132533985
799.8,76.125,kao005ppfm,0.03391159534115045
801.1,76.14599999999999,kao005ppfm,0.03392095026400318
802.3,76.16099999999999,kao005ppfm,0.03392763235175513
803.6,76.184,kao005ppfm,0.033937878219641456
804.9,76.19250000000001,kao005ppfm,0.03394166473603424
806.1,76.22,kao005ppfm,0.03395391523024614
807.4,76.242,kao005ppfm,0.03396371562561567
808.7,76.26,kao005ppfm,0.033971734130918016
809.9,76.2865,kao005ppfm,0.033983539152613124
811.2,76.2975,kao005ppfm,0.03398843935029789
812.4,76.31,kao005ppfm,0.03399400775675785
813.7,76.32149999999999,kao005ppfm,0.033999130690701006
815.0,76.344,kao005ppfm,0.034009153822328934
816.2,76.362,kao005ppfm,0.034017172327631275
817.5,76.3855,kao005ppfm,0.034027640931775995
818.7,76.3935,kao005ppfm,0.03403120471191037
820.0,76.4115,kao005ppfm,0.034039223217212713
821.2,76.4335,kao005ppfm,0.03404902361258224
822.5,76.4505,kao005ppfm,0.03405659664536779
823.7,76.46,kao005ppfm,0.034060828634277354
825.0,76.481,kao005ppfm,0.03407018355713008
826.2,76.4955,kao005ppfm,0.03407664290862364
827.5,76.50750000000002,kao005ppfm,0.03408198857882521
828.7,76.52050000000001,kao005ppfm,0.03408777972154356
829.9,76.53350000000002,kao005ppfm,0.03409357086426192
831.2,76.5595,kao005ppfm,0.03410515314969863
832.4,76.57300000000001,kao005ppfm,0.034111167028675386
833.7,76.5765,kao005ppfm,0.03411272618248417
834.9,76.5915,kao005ppfm,0.03411940827023612
836.1,76.596,kao005ppfm,0.03412141289656171
837.4,76.61499999999998,kao005ppfm,0.034129876874380835
838.6,76.6325,kao005ppfm,0.034137672643424787
839.8,76.65249999999999,kao005ppfm,0.034146582093760716
841.1,76.6595,kao005ppfm,0.0341497004013783
842.3,76.68100000000001,kao005ppfm,0.034159278060489434
843.5,76.6805,kao005ppfm,0.03415905532423103
844.8,76.7015,kao005ppfm,0.03416841024708376
846.0,76.70949999999998,kao005ppfm,0.034171974027218124
847.2,76.72350000000002,kao005ppfm,0.0341782106424533
848.5,76.74250000000002,kao005ppfm,0.03418667462027244
849.7,76.74800000000002,kao005ppfm,0.03418912471911482
850.9,76.76400000000001,kao005ppfm,0.03419625227938356
852.2,76.77650000000001,kao005ppfm,0.03420182068584352
853.4,76.7915,kao005ppfm,0.03420850277359547
854.6,76.79549999999999,kao005ppfm,0.03421028466366265
855.8,76.8035,kao005ppfm,0.03421384844379703
857.0,76.804,kao005ppfm,0.03421407118005543
858.3,76.833,kao005ppfm,0.034226989883042534
859.5,76.8395,kao005ppfm,0.03422988545440171
860.7,76.85999999999999,kao005ppfm,0.03423901764099604
861.9,76.85299999999998,kao005ppfm,0.03423589933337846
863.1,76.871,kao005ppfm,0.034243917838680804
864.3,76.88349999999998,kao005ppfm,0.03424948624514076
865.5,76.89549999999998,kao005ppfm,0.03425483191534232
866.8,76.88149999999999,kao005ppfm,0.03424859530010717
868.0,76.917,kao005ppfm,0.03426440957445346
869.2,76.92550000000003,kao005ppfm,0.03426819609084624
870.4,76.95250000000001,kao005ppfm,0.034280223848799744
871.6,76.95400000000002,kao005ppfm,0.034280892057574945
872.8,76.96300000000001,kao005ppfm,0.03428490131022611
874.0,76.96550000000002,kao005ppfm,0.03428601499151811
875.2,76.96350000000001,kao005ppfm,0.03428512404648451
876.4,76.99,kao005ppfm,0.03429692906817962
877.6,76.994,kao005ppfm,0.034298710958246804
878.8,77.0145,kao005ppfm,0.03430784314484114
880.0,77.021,kao005ppfm,0.034310738716200315
881.2,77.035,kao005ppfm,0.03431697533143547
882.4,77.0395,kao005ppfm,0.03431897995776106
883.6,77.05449999999999,kao005ppfm,0.034325662045513
884.8,77.04899999999999,kao005ppfm,0.03432321194667062
886.0,77.06649999999999,kao005ppfm,0.03433100771571456
887.2,77.073,kao005ppfm,0.034333903287073746
888.4,77.07849999999999,kao005ppfm,0.034336353385916125
889.6,77.09649999999999,kao005ppfm,0.034344371891218466
890.8,77.112,kao005ppfm,0.034351276715228814
892.0,77.12599999999998,kao005ppfm,0.03435751333046396
893.2,77.12949999999998,kao005ppfm,0.03435907248427275
894.3,77.127,kao005ppfm,0.034357958802980766
895.5,77.133,kao005ppfm,0.03436063163808155
896.7,77.15900000000002,kao005ppfm,0.034372213923518274
897.9,77.17550000000001,kao005ppfm,0.034379564220045414
899.1,77.1885,kao005ppfm,0.03438535536276377
900.3,77.16250000000001,kao005ppfm,0.03437377307732706
901.5,77.1695,kao005ppfm,0.03437689138494463
902.6,77.19500000000002,kao005ppfm,0.034388250934122955
903.8,77.19650000000003,kao005ppfm,0.034388919142898156
905.0,77.20700000000001,kao005ppfm,0.03439359660432451
906.2,77.19,kao005ppfm,0.034386023571538964
907.4,77.16900000000001,kao005ppfm,0.034376668648686236
908.5,77.1775,kao005ppfm,0.034380455165079
909.7,77.188,kao005ppfm,0.03438513262650537
910.9,77.18299999999999,kao005ppfm,0.03438290526392138
912.1,77.22200000000001,kao005ppfm,0.03440027869207646
913.2,77.238,kao005ppfm,0.0344074062523452
914.4,77.21950000000001,kao005ppfm,0.03439916501078447
915.6,77.23200000000001,kao005ppfm,0.03440473341724443
916.8,77.26500000000001,kao005ppfm,0.034419434010298726
917.9,77.271,kao005ppfm,0.034422106845399494
919.1,77.2835,kao005ppfm,0.034427675251859455
920.2,77.2905,kao005ppfm,0.03443079355947703
921.4,77.313,kao005ppfm,0.03444081669110496
922.6,77.3205,kao005ppfm,0.03444415773498093
923.8,77.33650000000002,kao005ppfm,0.03445128529524969
924.9,77.3165,kao005ppfm,0.03444237584491375
926.1,77.348,kao005ppfm,0.034456408229192846
927.2,77.35799999999999,kao005ppfm,0.03446086295436081
928.4,77.37199999999999,kao005ppfm,0.03446709956959596
929.6,77.39250000000001,kao005ppfm,0.0344762317561903
930.7,77.3925,kao005ppfm,0.034476231756190294
931.9,77.38699999999999,kao005ppfm,0.03447378165734791
933.0,77.4075,kao005ppfm,0.034482913843942246
934.2,77.398,kao005ppfm,0.03447868185503268
935.3,77.41850000000002,kao005ppfm,0.03448781404162702
936.5,77.389,kao005ppfm,0.03447467260238151
937.7,77.399,kao005ppfm,0.03447912732754948
938.8,77.38899999999998,kao005ppfm,0.034474672602381504
940.0,77.412,kao005ppfm,0.034484918470267835
941.1,77.4035,kao005ppfm,0.03448113195387506
942.3,77.41850000000001,kao005ppfm,0.03448781404162702
943.4,77.422,kao005ppfm,0.0344893731954358
944.6,77.39750000000001,kao005ppfm,0.034478459118774285
945.7,77.37750000000001,kao005ppfm,0.034469549668438355
946.9,77.353,kao005ppfm,0.03445863559177682
948.0,77.3955,kao005ppfm,0.03447756817374069
949.2,77.37650000000001,kao005ppfm,0.03446910419592155
950.3,77.3605,kao005ppfm,0.034461976635652806
951.5,77.33850000000001,kao005ppfm,0.03445217624028328
952.6,77.3015,kao005ppfm,0.034435693757161795
953.8,77.2505,kao005ppfm,0.03441297465880516
954.9,77.31049999999999,kao005ppfm,0.034439703009812965
956.1,77.343,kao005ppfm,0.03445418086660886
957.2,77.37750000000001,kao005ppfm,0.034469549668438355
958.3,77.37950000000001,kao005ppfm,0.034470440613471945
959.5,77.3975,kao005ppfm,0.03447845911877428
960.6,77.4095,kao005ppfm,0.03448380478897584
961.8,77.3945,kao005ppfm,0.03447712270122389
962.9,77.417,kao005ppfm,0.03448714583285182
964.1,77.352,kao005ppfm,0.03445819011926003
965.2,77.138,kao005ppfm,0.03436285900066553
966.3,76.95900000000002,kao005ppfm,0.03428311942015893
967.5,76.9025,kao005ppfm,0.0342579502229599
968.6,77.13550000000001,kao005ppfm,0.03436174531937354
969.8,77.36200000000001,kao005ppfm,0.034462644844428
970.9,77.63550000000001,kao005ppfm,0.03458448157777191
972.1,77.74949999999998,kao005ppfm,0.03463526544468672
973.2,77.768,kao005ppfm,0.034643506686247466
974.3,77.775,kao005ppfm,0.03464662499386505
975.5,77.796,kao005ppfm,0.03465597991671778
976.6,77.84949999999999,kao005ppfm,0.0346798126963664
977.8,77.84649999999999,kao005ppfm,0.034678476278816005
978.9,77.87750000000001,kao005ppfm,0.034692285926836715
980.0,77.87400000000001,kao005ppfm,0.034690726773027925
981.2,77.81649999999999,kao005ppfm,0.03466511210331211
982.3,77.78649999999999,kao005ppfm,0.0346517479278082
983.5,77.796,kao005ppfm,0.03465597991671778
984.6,77.78600000000002,kao005ppfm,0.03465152519154981
985.7,77.89750000000001,kao005ppfm,0.034701195377172644
986.9,77.84400000000001,kao005ppfm,0.03467736259752402
988.0,78.042,kao005ppfm,0.03476556615584977
989.1,77.958,kao005ppfm,0.03472814646443884
992.0,78.14849999999998,kao005ppfm,0.034813008978888615
995.9,78.18800000000002,kao005ppfm,0.0348306051433021
999.7,78.215,kao005ppfm,0.0348426329012556
1003.6,78.2445,kao005ppfm,0.034855774340501106
1007.4,78.2865,kao005ppfm,0.03487448418620657
1011.3,78.327,kao005ppfm,0.03489252582313684
1015.1,78.3695,kao005ppfm,0.034911458405100695
1019.0,78.3915,kao005ppfm,0.03492125880047022
1022.8,78.4195,kao005ppfm,0.03493373203094053
1026.7,78.443,kao005ppfm,0.03494420063508525
1030.5,78.48549999999999,kao005ppfm,0.03496313321704911
1034.4,78.5105,kao005ppfm,0.03497427002996903
1038.2,78.54549999999999,kao005ppfm,0.03498986156805691
1042.1,78.58500000000001,kao005ppfm,0.035007457732470396
1045.9,78.607,kao005ppfm,0.035017258127839915
1049.7,78.643,kao005ppfm,0.0350332951384446
1053.6,78.648,kao005ppfm,0.03503552250102858
1057.4,78.705,kao005ppfm,0.035060914434485994
1061.2,78.7325,kao005ppfm,0.03507316492869791
1065.1,78.74,kao005ppfm,0.035076505972573876
1068.9,78.788,kao005ppfm,0.03509788865338012
1072.7,78.82300000000001,kao005ppfm,0.03511348019146801
1076.6,78.8305,kao005ppfm,0.03511682123534399
1080.4,78.858,kao005ppfm,0.03512907172955589
1084.2,78.87300000000002,kao005ppfm,0.03513575381730785
1088.0,78.896,kao005ppfm,0.03514599968519417
1091.8,78.91749999999999,kao005ppfm,0.03515557734430529
1095.7,78.94300000000001,kao005ppfm,0.03516693689348362
1099.5,78.979,kao005ppfm,0.0351829739040883
1103.3,79.017,kao005ppfm,0.03519990185972657
1107.1,79.0385,kao005ppfm,0.035209479518837704
1110.9,79.048,kao005ppfm,0.03521371150774727
1114.8,79.069,kao005ppfm,0.035223066430600004
1118.6,79.08800000000001,kao005ppfm,0.03523153040841914
1122.4,79.1365,kao005ppfm,0.03525313582548378
1126.2,79.1695,kao005ppfm,0.03526783641853807
1130.0,79.18800000000002,kao005ppfm,0.03527607766009882
1133.8,79.21000000000001,kao005ppfm,0.035285878055468345
1137.6,79.22149999999999,kao005ppfm,0.0352910009894115
1141.4,79.229,kao005ppfm,0.035294342033287476
1145.2,79.20400000000001,kao005ppfm,0.03528320522036756
1149.0,79.17099999999999,kao005ppfm,0.03526850462731326
1152.8,79.17800000000001,kao005ppfm,0.03527162293493085
1156.6,79.21600000000001,kao005ppfm,0.03528855089056913
1160.4,79.2295,kao005ppfm,0.03529456476954588
1164.2,79.2655,kao005ppfm,0.03531060178015056
1168.0,79.25699999999999,kao005ppfm,0.035306815263757785
1171.8,79.26050000000001,kao005ppfm,0.035308374417566575
1175.6,79.26050000000001,kao005ppfm,0.035308374417566575
1179.4,79.22399999999999,kao005ppfm,0.03529211467070349
1183.2,79.1405,kao005ppfm,0.03525491771555097
1187.0,79.08449999999999,kao005ppfm,0.035229971254610346
1190.7,79.07000000000001,kao005ppfm,0.0352235119031168
1194.5,79.08749999999999,kao005ppfm,0.03523130767216074
1198.3,79.1425,kao005ppfm,0.03525580866058456
1202.1,79.15900000000002,kao005ppfm,0.03526315895711172
1205.9,79.15599999999999,kao005ppfm,0.03526182253956131
1209.7,79.15449999999998,kao005ppfm,0.03526115433078612
1213.4,79.134,kao005ppfm,0.03525202214419179
1217.2,79.11499999999998,kao005ppfm,0.035243558166372646
1221.0,79.10049999999998,kao005ppfm,0.03523709881487909
1224.8,79.063,kao005ppfm,0.03522039359549922
1228.5,79.02000000000001,kao005ppfm,0.03520123827727697
1232.3,78.987,kao005ppfm,0.03518653768422267
1236.1,78.96950000000001,kao005ppfm,0.03517874191517873
1239.8,78.97999999999999,kao005ppfm,0.03518341937660509
1243.6,79.06250000000001,kao005ppfm,0.03522017085924083
1247.4,79.1525,kao005ppfm,0.03526026338575253
1251.1,79.21350000000002,kao005ppfm,0.03528743720927714
1254.9,79.29749999999999,kao005ppfm,0.03532485690068805
1258.7,79.366,kao005ppfm,0.03535537176808863
1262.4,79.4095,kao005ppfm,0.03537474982256928
1266.2,79.42050000000002,kao005ppfm,0.03537965002025406
1269.9,79.4265,kao005ppfm,0.03538232285535483
1273.7,79.404,kao005ppfm,0.0353722997237269
1277.4,79.36049999999999,kao005ppfm,0.035352921669246244
1281.2,79.25450000000001,kao005ppfm,0.0353057015824658
1284.9,79.0675,kao005ppfm,0.035222398221824804
1288.7,78.90549999999999,kao005ppfm,0.035150231674103735
1292.4,78.71000000000001,kao005ppfm,0.035063141797069985
1296.2,78.571,kao005ppfm,0.035001221117235234
1299.9,78.39549999999998,kao005ppfm,0.0349230406905374
1303.7,78.248,kao005ppfm,0.034857333494309896
1307.4,78.126,kao005ppfm,0.034802985847260694
1311.2,78.03900000000002,kao005ppfm,0.03476422973829939
1314.9,77.942,kao005ppfm,0.03472101890417009
1318.7,77.83950000000002,kao005ppfm,0.03467535797119844
1322.4,77.7,kao005ppfm,0.03461321455510529
1326.1,77.58749999999999,kao005ppfm,0.034563098896965655
1329.9,77.504,kao005ppfm,0.03452590194181313
1333.6,77.446,kao005ppfm,0.03450006453583892
1337.3,77.415,kao005ppfm,0.03448625488781823
1341.1,77.328,kao005ppfm,0.03444749877885691
1344.8,77.05850000000001,kao005ppfm,0.034327443935580196
1348.5,76.59150000000001,kao005ppfm,0.03411940827023613
1352.2,76.03799999999998,kao005ppfm,0.03387283923218913
1356.0,75.58850000000001,kao005ppfm,0.033672599335889015
1359.7,75.3755,kao005ppfm,0.033577713689811314
1363.4,75.2675,kao005ppfm,0.033529602657997266
1367.1,75.186,kao005ppfm,0.03349329664787833
1370.8,74.877,kao005ppfm,0.03335564564018814
1374.6,74.3235,kao005ppfm,0.03310907660214116
1378.3,73.487,kao005ppfm,0.0327364388418407
1382.0,72.2895,kao005ppfm,0.03220298550297663
1385.7,70.6135,kao005ppfm,0.03145637356482532
1389.4,68.77449999999999,kao005ppfm,0.030637149606436143
1393.1,67.42750000000002,kao005ppfm,0.030037098126310974
1396.8,66.8565,kao005ppfm,0.029782733319220035
1400.5,67.05600000000001,kao005ppfm,0.029871605086320988
1404.2,67.2475,kao005ppfm,0.029956913073287555
1407.9,66.2135,kao005ppfm,0.02949629449091974
1411.7,66.05350000000001,kao005ppfm,0.029425018888232273
1415.4,67.1515,kao005ppfm,0.029914147711675068
1419.1,70.1055,kao005ppfm,0.03123007352629259
1422.8,73.0845,kao005ppfm,0.032557136153830026
1426.4,74.872,kao005ppfm,0.03335341827760416
1430.2,76.014,kao005ppfm,0.033862147891786015
1433.8,76.76149999999998,kao005ppfm,0.03419513859809156
1437.5,77.24449999999999,kao005ppfm,0.03441030182370438
1441.2,77.538,kao005ppfm,0.03454104800738422
1444.9,77.74249999999999,kao005ppfm,0.03463214713706915
1448.6,77.898,kao005ppfm,0.03470141811343104
1452.3,78.043,kao005ppfm,0.03476601162836657
1456.0,78.1625,kao005ppfm,0.03481924559412377
1459.7,78.27199999999999,kao005ppfm,0.03486802483471301
1463.3,78.3235,kao005ppfm,0.03489096666932805
1467.0,78.4385,kao005ppfm,0.03494219600875967
1470.7,78.512,kao005ppfm,0.03497493823874423
1474.4,78.59350000000002,kao005ppfm,0.03501124424886317
1478.1,78.6505,kao005ppfm,0.03503663618232057
1481.7,78.7465,kao005ppfm,0.03507940154393306
1485.4,78.8115,kao005ppfm,0.03510835725752484
1489.1,78.86250000000001,kao005ppfm,0.03513107635588148
1492.8,78.9165,kao005ppfm,0.0351551318717885
1496.4,78.97899999999998,kao005ppfm,0.03518297390408829
1500.1,79.05100000000002,kao005ppfm,0.03521504792529767
1503.8,79.12199999999999,kao005ppfm,0.03524667647399022
1507.4,79.1865,kao005ppfm,0.03527540945132362
1511.1,79.25150000000001,kao005ppfm,0.035304365164915405
1514.7,79.31,kao005ppfm,0.035330425307148014
1518.4,79.357,kao005ppfm,0.03535136251543746
1522.1,79.398,kao005ppfm,0.035369626888626125
1525.7,79.44500000000001,kao005ppfm,0.03539056409691557
1529.4,79.4745,kao005ppfm,0.035403705536161074
1533.0,79.50800000000001,kao005ppfm,0.03541862886547377
1536.7,79.53850000000001,kao005ppfm,0.03543221577723607
1540.3,79.561,kao005ppfm,0.03544223890886399
1544.0,79.59299999999999,kao005ppfm,0.03545649402940148
1547.6,79.60999999999999,kao005ppfm,0.03546406706218702
1551.3,79.64049999999999,kao005ppfm,0.03547765397394932
1554.9,79.6655,kao005ppfm,0.03548879078686924
1558.6,79.675,kao005ppfm,0.035493022775778815
1562.2,79.69800000000001,kao005ppfm,0.035503268643665147
1565.8,79.71350000000001,kao005ppfm,0.035510173467675495
1569.5,79.7295,kao005ppfm,0.03551730102794424
1573.1,79.74600000000001,kao005ppfm,0.035524651324471385
1576.8,79.7515,kao005ppfm,0.035527101423313764
1580.4,79.768,kao005ppfm,0.03553445171984091
1584.0,79.781,kao005ppfm,0.035540242862559274
1587.7,79.8,kao005ppfm,0.035548706840378405
1591.3,79.8125,kao005ppfm,0.035554275246838365
1594.9,79.82,kao005ppfm,0.035557616290714335
1598.5,79.82699999999998,kao005ppfm,0.03556073459833191
1602.2,79.829,kao005ppfm,0.035561625543365505
1605.8,79.82749999999999,kao005ppfm,0.03556095733459031
1609.4,79.8415,kao005ppfm,0.035567193949825465
1613.0,79.84299999999999,kao005ppfm,0.03556786215860066
1616.7,79.84049999999999,kao005ppfm,0.03556674847730867
1620.3,79.8335,kao005ppfm,0.03556363016969109
1623.9,79.8145,kao005ppfm,0.035555166191871955
1627.5,79.81199999999998,kao005ppfm,0.035554052510579956
1631.1,79.8015,kao005ppfm,0.035549375049153606
1634.7,79.80149999999999,kao005ppfm,0.0355493750491536
1638.3,79.814,kao005ppfm,0.03555494345561356
1641.9,79.81649999999999,kao005ppfm,0.035556057136905544
1645.6,79.82199999999999,kao005ppfm,0.03555850723574793
1649.2,79.83749999999999,kao005ppfm,0.03556541205975828
1652.8,79.846,kao005ppfm,0.035569198576151054
1656.4,79.83500000000001,kao005ppfm,0.035564298378466294
1660.0,79.84200000000001,kao005ppfm,0.035567416686083875
1663.6,79.83149999999999,kao005ppfm,0.0355627392246575
1667.2,79.80749999999999,kao005ppfm,0.035552047884254374
1670.8,79.787,kao005ppfm,0.03554291569766005
1674.4,79.74249999999999,kao005ppfm,0.035523092170662594
1678.0,79.64250000000001,kao005ppfm,0.035478544918982925
1681.6,79.46200000000002,kao005ppfm,0.03539813712970112
1685.1,79.21900000000001,kao005ppfm,0.035289887308119515
1688.7,78.96149999999999,kao005ppfm,0.03517517813504435
1692.3,78.74600000000001,kao005ppfm,0.035079178807674666
1695.9,78.575,kao005ppfm,0.03500300300730242
1699.5,78.43,kao005ppfm,0.0349384094923669
1703.1,78.3125,kao005ppfm,0.03488606647164328
1706.7,78.26599999999999,kao005ppfm,0.03486535199961223
1710.2,78.25300000000001,kao005ppfm,0.03485956085689389
1713.8,78.23,kao005ppfm,0.034849314989007556
1717.4,78.17549999999999,kao005ppfm,0.034825036736842126
1721.0,78.07849999999999,kao005ppfm,0.034781825902712844
1724.5,78.007,kao005ppfm,0.034749974617761886
1728.1,77.9405,kao005ppfm,0.0347203506953949
1731.7,77.928,kao005ppfm,0.03471478228893494
1735.2,77.932,kao005ppfm,0.03471656417900213
1738.8,77.97200000000001,kao005ppfm,0.034734383079674004
1742.4,78.03999999999999,kao005ppfm,0.03476467521081617
1745.9,78.0925,kao005ppfm,0.034788062517948005
1749.5,78.11800000000001,kao005ppfm,0.03479942206712632
1753.1,78.10650000000001,kao005ppfm,0.03479429913318316
1756.6,78.0775,kao005ppfm,0.03478138043019605
1760.2,78.0125,kao005ppfm,0.034752424716604266
1763.8,77.9815,kao005ppfm,0.03473861506858356
1767.3,77.93050000000001,kao005ppfm,0.03471589597022694
1770.9,77.88850000000002,kao005ppfm,0.03469718612452148
1774.4,77.8665,kao005ppfm,0.03468738572915195
1778.0,77.82849999999999,kao005ppfm,0.034670457773513665
1781.5,77.7975,kao005ppfm,0.03465664812549297
1785.1,77.73649999999999,kao005ppfm,0.03462947430196837
1788.6,77.6785,kao005ppfm,0.03460363689599416
1792.1,77.64300000000001,kao005ppfm,0.03458782262164788
1795.7,77.5955,kao005ppfm,0.034566662677100034
1799.2,77.564,kao005ppfm,0.034552630292820935
1802.8,77.50300000000001,kao005ppfm,0.03452545646929634
1806.3,77.45700000000001,kao005ppfm,0.03450496473352369
1809.8,77.389,kao005ppfm,0.03447467260238151
1813.4,77.3,kao005ppfm,0.0344350255483866
1816.9,77.27099999999999,kao005ppfm,0.03442210684539949
1820.4,77.2455,kao005ppfm,0.034410747296221185
1824.0,77.3235,kao005ppfm,0.03444549415253132
1827.5,77.40200000000002,kao005ppfm,0.034480463745099874
1831.0,77.4625,kao005ppfm,0.03450741483236607
1834.6,77.4585,kao005ppfm,0.03450563294229888
1838.1,77.4345,kao005ppfm,0.034494941601895764
1841.6,77.44749999999999,kao005ppfm,0.03450073274461411
1845.1,77.572,kao005ppfm,0.034556194072955314
1848.6,77.7675,kao005ppfm,0.03464328394998907
1852.2,77.94749999999999,kao005ppfm,0.03472346900301247
1855.7,78.06949999999999,kao005ppfm,0.034777816650061674
1859.2,78.13900000000001,kao005ppfm,0.03480877698997906
1862.7,78.10249999999999,kao005ppfm,0.03479251724311597
1866.2,77.96000000000001,kao005ppfm,0.03472903740947244
1869.7,77.76150000000001,kao005ppfm,0.034640611114888295
1873.2,77.533,kao005ppfm,0.03453882064480024
1876.7,77.30250000000001,kao005ppfm,0.0344361392296786
1880.2,77.04249999999999,kao005ppfm,0.03432031637531144
1883.7,76.72900000000001,kao005ppfm,0.03418066074129568
1887.2,76.34549999999999,kao005ppfm,0.03400982203110412
1890.7,75.905,kao005ppfm,0.033813591387455176
1894.2,75.414,kao005ppfm,0.03359486438170799
1897.7,74.8995,kao005ppfm,0.03336566877181607
1902.7,73.917,kao005ppfm,0.03292799202406329
1905.5,73.6595,kao005ppfm,0.03281328285098813
1908.2,73.42750000000001,kao005ppfm,0.0327099332270913
1911.0,73.247,kao005ppfm,0.03262952543780949
1913.7,73.1425,kao005ppfm,0.03258297355980423
1916.5,73.0625,kao005ppfm,0.03254733575846049
1919.2,72.98900000000002,kao005ppfm,0.032514593528475945
1921.9,72.94300000000001,kao005ppfm,0.03249410179270329
1924.7,72.91850000000002,kao005ppfm,0.03248318771604177
1927.4,72.881,kao005ppfm,0.03246648249666189
1930.1,72.84349999999999,kao005ppfm,0.03244977727728201
1932.9,72.842,kao005ppfm,0.032449109068506815
1935.6,72.816,kao005ppfm,0.0324375267830701
1938.3,72.792,kao005ppfm,0.03242683544266698
1941.0,72.79849999999999,kao005ppfm,0.03242973101402615
1943.7,72.8555,kao005ppfm,0.032455122947483574
1946.4,72.90849999999999,kao005ppfm,0.03247873299087379
1949.2,72.98199999999999,kao005ppfm,0.03251147522085835
1951.9,73.078,kao005ppfm,0.03255424058247084
1954.6,73.198,kao005ppfm,0.032607697284486446
1957.3,73.31550000000001,kao005ppfm,0.03266004030521007
1960.0,73.425,kao005ppfm,0.0327088195457993
1962.7,73.522,kao005ppfm,0.03275203037992859
1965.4,73.62950000000002,kao005ppfm,0.03279991867548424
1968.1,73.73499999999999,kao005ppfm,0.032846916026006284
1970.7,73.8455,kao005ppfm,0.032896140739112324
1973.4,73.97099999999998,kao005ppfm,0.0329520475399703
1976.1,74.09300000000002,kao005ppfm,0.03300639518701952
1978.8,74.1955,kao005ppfm,0.03305205611999117
1981.5,74.307,kao005ppfm,0.03310172630561401
1984.1,74.43449999999999,kao005ppfm,0.033158524051505586
1986.8,74.57450000000003,kao005ppfm,0.03322089020385715
1989.5,74.72,kao005ppfm,0.03328570645505106
1992.1,74.84,kao005ppfm,0.03333916315706667
1994.8,74.957,kao005ppfm,0.03339128344153188
1997.5,75.084,kao005ppfm,0.03344785845116507
2000.1,75.22399999999999,kao005ppfm,0.0335102246035166
2002.8,75.342,kao005ppfm,0.03356279036049862
2005.4,75.45700000000001,kao005ppfm,0.03361401969993025
2008.1,75.60400000000001,kao005ppfm,0.033679504159899364
2010.7,75.73799999999999,kao005ppfm,0.03373919747715012
2013.4,75.83599999999998,kao005ppfm,0.033782853783796196
2016.0,75.9365,kao005ppfm,0.03382762377173427
2018.6,76.0205,kao005ppfm,0.03386504346314519
2021.3,76.09849999999999,kao005ppfm,0.033899790319455336
2023.9,76.162,kao005ppfm,0.033928077824271936
2026.5,76.23949999999999,kao005ppfm,0.03396260194432368
2029.2,76.3065,kao005ppfm,0.03399244860294906
2031.8,76.35499999999999,kao005ppfm,0.034014054020013694
2034.4,76.42150000000001,kao005ppfm,0.03404367794238068
2037.0,76.4765,kao005ppfm,0.0340681789308045
2039.7,76.5075,kao005ppfm,0.0340819885788252
2042.3,76.51950000000001,kao005ppfm,0.03408733424902676
2044.9,76.529,kao005ppfm,0.03409156623793633
2047.5,76.5405,kao005ppfm,0.03409668917187949
2050.1,76.544,kao005ppfm,0.03409824832568828
2052.7,76.53799999999998,kao005ppfm,0.03409557549058749
2055.3,76.53200000000001,kao005ppfm,0.03409290265548672
2057.9,76.518,kao005ppfm,0.03408666604025157
2060.5,76.48500000000001,kao005ppfm,0.03407196544719728
2063.1,76.417,kao005ppfm,0.03404167331605509
2065.7,76.34849999999999,kao005ppfm,0.034011158448654516
2068.3,76.24350000000001,kao005ppfm,0.03396438383439087
2070.9,76.1375,kao005ppfm,0.03391716374761041
2073.4,76.063,kao005ppfm,0.03388397604510906
2076.0,75.97,kao005ppfm,0.03384254710104696
2078.6,75.852,kao005ppfm,0.03378998134406495
2081.2,75.73700000000001,kao005ppfm,0.03373875200463333
2083.7,75.60749999999999,kao005ppfm,0.03368106331370815
2086.3,75.468,kao005ppfm,0.03361891989761501
2088.9,75.3725,kao005ppfm,0.03357637727226092
2091.4,75.3005,kao005ppfm,0.03354430325105156
2094.0,75.23899999999999,kao005ppfm,0.033516906691268555
2096.6,75.187,kao005ppfm,0.033493742120395124
2099.1,75.12100000000001,kao005ppfm,0.033464340934286546
2101.6,75.038,kao005ppfm,0.03342736671539241
2104.2,74.8595,kao005ppfm,0.0333478498711442
2106.8,74.6175,kao005ppfm,0.033240045522079396
2109.3,74.375,kao005ppfm,0.03313201843675619
2111.8,74.1705,kao005ppfm,0.03304091930707126
2114.4,74.0525,kao005ppfm,0.03298835355008924
2116.9,73.996,kao005ppfm,0.03296318435289023
2119.4,73.937,kao005ppfm,0.032936901474399226
2122.0,73.8365,kao005ppfm,0.032892131486461154
2124.5,73.6875,kao005ppfm,0.03282575608145844
2127.0,73.45349999999999,kao005ppfm,0.032721515512528006
2129.6,73.179,kao005ppfm,0.03259923330666731
2132.1,72.805,kao005ppfm,0.03243262658538534
2134.6,72.2595,kao005ppfm,0.032189621327472724
2137.1,71.57200000000002,kao005ppfm,0.03188335897217499
2139.6,70.71700000000001,kao005ppfm,0.03150247997031379
2142.1,69.6485,kao005ppfm,0.031026492586116484
2144.6,68.38750000000002,kao005ppfm,0.030464751742435826
2147.1,67.04650000000001,kao005ppfm,0.02986737309741142
2149.6,65.75399999999999,kao005ppfm,0.029291599869451648
2152.1,64.55250000000001,kao005ppfm,0.028756364640520393
2154.6,63.4775,kao005ppfm,0.028277481684963912
2157.1,62.582,kao005ppfm,0.027878561046172447
2159.6,61.9395,kao005ppfm,0.027592344954130557
2162.1,61.52450000000001,kao005ppfm,0.02740747385965992
2164.6,61.26700000000001,kao005ppfm,0.027292764686584765
2167.1,61.1385,kao005ppfm,0.02723552146817638
2169.6,61.072,kao005ppfm,0.0272058975458094
2172.0,61.063,kao005ppfm,0.02720188829315823
2174.5,61.0625,kao005ppfm,0.027201665556899828
2177.0,61.04050000000001,kao005ppfm,0.027191865161530306
2179.4,60.91799999999999,kao005ppfm,0.0271372947782227
2181.9,60.69200000000001,kao005ppfm,0.027036617989426647
2184.4,60.353,kao005ppfm,0.026885602806232558
2186.8,59.88750000000001,kao005ppfm,0.026678235349663685
2189.3,59.39649999999999,kao005ppfm,0.026459508343916485
2191.7,58.913,kao005ppfm,0.026244122382045276
2194.2,58.371500000000005,kao005ppfm,0.026002899014199853
2196.6,57.596500000000006,kao005ppfm,0.025657657813682393
2199.1,56.464,kao005ppfm,0.025153160188410104
2201.5,55.0535,kao005ppfm,0.024524821203468328
2204.0,53.84,kao005ppfm,0.02398424030433551
2206.4,53.46199999999999,kao005ppfm,0.02381585169298634
2208.9,54.1775,kao005ppfm,0.0241345872787544
2211.3,55.7115,kao005ppfm,0.024817942119520573
2213.7,57.5825,kao005ppfm,0.02565142119844724
2216.1,59.40999999999999,kao005ppfm,0.026465522222893244
2218.6,61.051,kao005ppfm,0.02719654262295667
2221.0,62.443,kao005ppfm,0.027816640366337703
2223.4,63.548,kao005ppfm,0.028308887497398082
2225.8,64.405,kao005ppfm,0.028690657444292875
2228.2,65.0485,kao005ppfm,0.028977319008851567
2230.6,65.49249999999999,kao005ppfm,0.029175108806309306
2233.1,65.815,kao005ppfm,0.02931877369297625
2235.5,66.0445,kao005ppfm,0.029421009635581096
2237.9,66.22149999999999,kao005ppfm,0.029499858271054114
2240.3,66.35,kao005ppfm,0.029557101489462494
2242.7,66.444,kao005ppfm,0.02959897590604139
2245.1,66.479,kao005ppfm,0.029614567444129273
2247.5,66.49350000000001,kao005ppfm,0.02962102679562283
2249.9,66.468,kao005ppfm,0.02960966724644451
2252.2,66.3775,kao005ppfm,0.029569351983674406
2254.6,66.24900000000001,kao005ppfm,0.029512108765266033
2257.0,66.08200000000001,kao005ppfm,0.029437714854960977
2259.4,65.89349999999999,kao005ppfm,0.029353743285544787
2261.8,65.712,kao005ppfm,0.02927289002374619
2264.1,65.505,kao005ppfm,0.029180677212769266
2266.5,65.27,kao005ppfm,0.029075991171322035
2268.9,65.0325,kao005ppfm,0.028970191448582816
2271.2,64.77999999999999,kao005ppfm,0.028857709638091637
2273.6,64.52349999999998,kao005ppfm,0.028743445937533276
2276.0,64.2935,kao005ppfm,0.028640987258670036
2278.3,64.09400000000001,kao005ppfm,0.028552115491569097
2280.7,63.8885,kao005ppfm,0.028460570889367365
2283.0,63.71049999999999,kao005ppfm,0.028381276781377543
2285.4,63.548,kao005ppfm,0.028308887497398082
2287.7,63.38649999999999,kao005ppfm,0.028236943685935406
2290.1,63.2375,kao005ppfm,0.028170568280932697
2292.4,63.06550000000001,kao005ppfm,0.028093947008043667
2294.8,62.86550000000001,kao005ppfm,0.028004852504684326
2297.1,62.62550000000001,kao005ppfm,0.02789793910065311
2299.4,62.3485,kao005ppfm,0.027774543213500414
2301.8,62.03399999999999,kao005ppfm,0.027634442106967843
2304.1,61.709,kao005ppfm,0.02748966353900891
2306.4,61.378999999999984,kao005ppfm,0.027342657608465985
2308.7,61.09849999999999,kao005ppfm,0.027217702567504505
2311.1,60.8575,kao005ppfm,0.027110343690956502
2313.4,60.6555,kao005ppfm,0.027020358242563564
2315.7,60.51700000000001,kao005ppfm,0.026958660298987223
2318.0,60.46600000000001,kao005ppfm,0.02693594120063059
2320.3,60.42899999999999,kao005ppfm,0.0269194587175091
2322.6,60.43449999999999,kao005ppfm,0.026921908816351484
2324.9,60.50699999999999,kao005ppfm,0.026954205573819248
2327.2,60.6255,kao005ppfm,0.027006994067059663
2329.5,60.72950000000001,kao005ppfm,0.027053323208806525
2331.8,60.85850000000001,kao005ppfm,0.0271107891634733
2334.1,60.94499999999999,kao005ppfm,0.02714932253617621
2336.4,60.9395,kao005ppfm,0.027146872437333835
2338.7,60.873000000000005,kao005ppfm,0.027117248514966854
2341.0,60.74050000000001,kao005ppfm,0.02705822340649129
2343.2,60.52700000000001,kao005ppfm,0.026963115024155188
2345.5,60.262,kao005ppfm,0.026845064807204055
2347.8,60.0155,kao005ppfm,0.026735255831813663
2350.1,59.78649999999999,kao005ppfm,0.026633242625467207
2352.4,59.584,kao005ppfm,0.026543034440815877
2354.6,59.425,kao005ppfm,0.026472204310645196
2356.9,59.34100000000001,kao005ppfm,0.026434784619234278
2359.1,59.32800000000001,kao005ppfm,0.026428993476515922
2361.4,59.3115,kao005ppfm,0.026421643179988772
2363.7,59.2865,kao005ppfm,0.02641050636706885
2365.9,59.218,kao005ppfm,0.026379991499668277
2368.2,59.07900000000001,kao005ppfm,0.026318070819833537
2370.4,58.874,kao005ppfm,0.026226748953890204
2372.7,58.5975,kao005ppfm,0.02610357580299591
2374.9,58.29550000000002,kao005ppfm,0.02596904310292331
2377.2,58.07149999999999,kao005ppfm,0.02586925725916083
2379.4,57.9155,kao005ppfm,0.025799763546540545
2381.6,57.834500000000006,kao005ppfm,0.025763680272680015
2383.9,57.86999999999999,kao005ppfm,0.025779494547026292
2386.1,57.99,kao005ppfm,0.0258329512490419
2388.3,58.1535,kao005ppfm,0.025905786005538167
2390.6,58.35799999999999,kao005ppfm,0.02599688513522309
2392.8,58.571000000000005,kao005ppfm,0.0260917707813008
2395.0,58.80350000000001,kao005ppfm,0.026195343141456037
2397.2,59.005500000000005,kao005ppfm,0.026285328589848975
2399.4,59.19450000000002,kao005ppfm,0.02636952289552356
2401.6,59.3525,kao005ppfm,0.026439907553177436
2403.9,59.4375,kao005ppfm,0.026477772717105157
2406.1,59.461,kao005ppfm,0.02648824132124988
2408.3,59.427,kao005ppfm,0.02647309525567879
2410.5,59.3765,kao005ppfm,0.026450598893580556
2412.7,59.27499999999999,kao005ppfm,0.026405383433125686
2414.9,59.16949999999999,kao005ppfm,0.026358386082603633
2417.1,59.0335,kao005ppfm,0.02629780182031928
2419.2,58.843,kao005ppfm,0.026212939305869508
2421.4,58.61650000000001,kao005ppfm,0.02611203978081505
2423.6,58.38999999999999,kao005ppfm,0.02601114025576059
2425.8,58.101,kao005ppfm,0.025882398698406337
2428.0,57.8155,kao005ppfm,0.025755216294860873
2430.2,57.492,kao005ppfm,0.02561110593567713
2432.3,57.14949999999999,kao005ppfm,0.025458531598674252
2434.5,56.7625,kao005ppfm,0.025286133734673928
2436.7,56.38950000000001,kao005ppfm,0.025119972485908755
2438.8,56.04999999999999,kao005ppfm,0.024968734566456256
2441.0,55.7715,kao005ppfm,0.024844670470528376
2443.2,55.5065,kao005ppfm,0.024726620253577244
2445.3,55.27,kao005ppfm,0.02462126600335482
2447.5,55.04299999999999,kao005ppfm,0.02452014374204196
2449.6,54.842000000000006,kao005ppfm,0.024430603766165824
2451.8,54.64,kao005ppfm,0.024340618317772882
2453.9,54.46500000000001,kao005ppfm,0.02426266062733346
2456.1,54.3035,kao005ppfm,0.024190716815870785
2458.2,54.167,kao005ppfm,0.024129909817328033
2460.4,54.102,kao005ppfm,0.024100954103736246
2462.5,54.03249999999999,kao005ppfm,0.02406999376381887
2464.6,53.944500000000005,kao005ppfm,0.024030792182340766
2466.8,53.871500000000005,kao005ppfm,0.023998272688614604
2468.9,53.7755,kao005ppfm,0.023955507327002117
2471.0,53.715,kao005ppfm,0.02392855623973592
2473.1,53.6585,kao005ppfm,0.0239033870425369
2475.2,53.5265,kao005ppfm,0.023844584670319732
2477.4,53.316,kao005ppfm,0.023750812705534023
2479.5,53.107000000000006,kao005ppfm,0.02365770894952351
2481.6,52.932,kao005ppfm,0.023579751259084084
2483.7,52.69449999999999,kao005ppfm,0.023473951536344857
2485.8,52.471,kao005ppfm,0.023374388428840792
2487.9,52.307,kao005ppfm,0.02330133093608613
2490.0,52.2015,kao005ppfm,0.02325433358556408
2492.1,52.0915,kao005ppfm,0.02320533160871644
2494.2,52.049,kao005ppfm,0.023186399026752576
2496.3,51.9855,kao005ppfm,0.023158111521935986
2498.4,51.961,kao005ppfm,0.023147197445274464
2500.5,51.9975,kao005ppfm,0.023163457192137547
2502.6,51.9745,kao005ppfm,0.02315321132425122
2504.7,51.884,kao005ppfm,0.02311289606148112
2506.7,51.86800000000001,kao005ppfm,0.023105768501212376
2508.8,51.935500000000005,kao005ppfm,0.02313583789609615
2510.9,51.9095,kao005ppfm,0.023124255610659436
2513.0,51.815,kao005ppfm,0.023082158457822143
339.3,51.629375,kao005ppfr,0.023822192957348123
340.8,51.27375,kao005ppfr,0.023658104831732484
342.3,49.868125000000006,kao005ppfr,0.023009538584791236
343.7,49.113125,kao005ppfr,0.02266117574517139
345.2,48.344375,kao005ppfr,0.02230646854920085
346.7,47.574375,kao005ppfr,0.02195118459356207
348.1,47.083125,kao005ppfr,0.021724518043941873
349.6,46.386875,kao005ppfr,0.021403262908729532
351.1,46.03875,kao005ppfr,0.02124263534112336
352.5,45.8425,kao005ppfr,0.02115208407320893
354.0,45.594375,kao005ppfr,0.021037597279062344
355.5,45.16125,kao005ppfr,0.02083775005401553
357.0,45.155625,kao005ppfr,0.020835154635508425
358.4,45.246875,kao005ppfr,0.020877258091290297
359.9,45.234375,kao005ppfr,0.020871490494607847
361.4,45.273125,kao005ppfr,0.020889370044323435
362.8,45.37,kao005ppfr,0.020934068918612405
364.3,45.493125,kao005ppfr,0.020990879745934516
365.8,45.524375,kao005ppfr,0.021005298737640635
367.2,45.5225,kao005ppfr,0.021004433598138268
368.7,45.800625,kao005ppfr,0.02113276262432273
370.1,46.041875,kao005ppfr,0.021244077240293972
371.6,46.249375,kao005ppfr,0.021339819345222607
373.1,46.439375,kao005ppfr,0.02142748681479581
374.5,46.68375,kao005ppfr,0.021540243329937668
376.0,46.866875,kao005ppfr,0.021624738621335526
377.5,47.06625,kao005ppfr,0.021716731788420564
378.9,47.31125,kao005ppfr,0.021829776683396543
380.4,47.5425,kao005ppfr,0.021936477222021824
381.9,47.84375,kao005ppfr,0.022075476302068818
383.3,48.043125,kao005ppfr,0.02216746946915386
384.8,48.20125,kao005ppfr,0.022240429567186824
386.2,48.5075,kao005ppfr,0.022381735685906793
387.7,48.725625,kao005ppfr,0.022482380248015507
389.2,48.939375,kao005ppfr,0.022581006151285363
390.6,49.13375,kao005ppfr,0.022670692279697428
392.1,49.338750000000005,kao005ppfr,0.02276528086528957
393.6,49.54375,kao005ppfr,0.022859869450881715
395.0,49.730625,kao005ppfr,0.02294609502128431
396.5,49.906875,kao005ppfr,0.02302741813450682
397.9,50.05375,kao005ppfr,0.023095187395525584
399.4,50.286875,kao005ppfr,0.023202753073653236
400.9,50.496875,kao005ppfr,0.023299648697918358
402.3,50.669375,kao005ppfr,0.023379241532136136
403.8,50.820625,kao005ppfr,0.023449029451993755
405.2,50.999375,kao005ppfr,0.023531506084552758
406.7,51.161875,kao005ppfr,0.023606484841424576
408.1,51.351875,kao005ppfr,0.023694152310997783
409.6,51.541875000000005,kao005ppfr,0.023781819780570992
411.1,51.7,kao005ppfr,0.023854779878603953
412.5,51.92625,kao005ppfr,0.02395917337855626
414.0,52.12375,kao005ppfr,0.024050301406138935
415.4,52.33625,kao005ppfr,0.024148350549740544
416.9,52.560625,kao005ppfr,0.024251878910190483
418.3,52.784375,kao005ppfr,0.024355118890806295
419.8,53.000625,kao005ppfr,0.024454898313412642
421.2,53.235,kao005ppfr,0.024563040751208538
422.7,53.4375,kao005ppfr,0.024656475817464194
424.1,53.693125,kao005ppfr,0.02477442316962025
425.6,53.901875,kao005ppfr,0.024870742034217127
427.0,54.145,kao005ppfr,0.024982921789690738
428.5,54.37,kao005ppfr,0.025086738529974794
429.9,54.595,kao005ppfr,0.025190555270258853
431.4,54.838125,kao005ppfr,0.025302735025732465
432.8,55.090625,kao005ppfr,0.02541924047871791
434.3,55.33375,kao005ppfr,0.02553142023419152
435.7,55.5775,kao005ppfr,0.02564388836949925
437.2,55.815625,kao005ppfr,0.025753761086299877
438.6,56.049375000000005,kao005ppfr,0.025861615144261656
440.1,56.276250000000005,kao005ppfr,0.025966297024048082
441.5,56.5075,kao005ppfr,0.026072997562673363
443.0,56.709375,kao005ppfr,0.026166144249094896
444.4,56.9225,kao005ppfr,0.02626448177253063
445.8,57.125625,kao005ppfr,0.026358205218620406
447.3,57.33,kao005ppfr,0.026452505424378426
448.7,57.521875,kao005ppfr,0.026541038033454
450.2,57.7225,kao005ppfr,0.026633607960207285
451.6,57.92,kao005ppfr,0.02672473598778996
453.0,58.089375,kao005ppfr,0.026802886922837128
454.5,58.225625,kao005ppfr,0.02686575372667581
455.9,58.385625,kao005ppfr,0.02693957896421114
457.4,58.52125,kao005ppfr,0.027002157388215698
458.8,58.68,kao005ppfr,0.027075405866082786
460.2,58.820625,kao005ppfr,0.02714029132876032
461.7,58.93625,kao005ppfr,0.027193641598072964
463.1,59.0625,kao005ppfr,0.027251894324565686
464.5,59.179375,kao005ppfr,0.027305821353546575
466.0,59.28625,kao005ppfr,0.0273551343051815
467.4,59.40125,kao005ppfr,0.02740819619466002
468.9,59.530625,kao005ppfr,0.027467890820323356
470.3,59.6225,kao005ppfr,0.02751028265593935
471.7,59.726875,kao005ppfr,0.027558442088237784
473.1,59.83125,kao005ppfr,0.027606601520536223
474.6,59.931875000000005,kao005ppfr,0.02765303067382993
476.0,60.036875,kao005ppfr,0.02770147848596249
477.4,60.14375,kao005ppfr,0.027750791437597417
478.9,60.2625,kao005ppfr,0.027805583606080674
480.3,60.366875,kao005ppfr,0.027853743038379113
481.7,60.481875,kao005ppfr,0.02790680492785763
483.1,60.59,kao005ppfr,0.027956694639160805
484.6,60.69875,kao005ppfr,0.0280068727302981
486.0,60.8175,kao005ppfr,0.028061664898781355
487.4,60.943125,kao005ppfr,0.028119629245439953
488.9,61.066875,kao005ppfr,0.028176728452596188
490.3,61.193125,kao005ppfr,0.02823498117908891
491.7,61.316875,kao005ppfr,0.02829208038624514
493.1,61.440625,kao005ppfr,0.028349179593401372
494.5,61.56937500000001,kao005ppfr,0.028408585839230588
496.0,61.7,kao005ppfr,0.028468857224562168
497.4,61.828125,kao005ppfr,0.028527975090557253
498.8,61.951875,kao005ppfr,0.028585074297713488
500.2,62.08625,kao005ppfr,0.028647075962049802
501.6,62.221875,kao005ppfr,0.028709654386054356
503.1,62.358125,kao005ppfr,0.02877252118989304
504.5,62.485625,kao005ppfr,0.028831350676054007
505.9,62.615,kao005ppfr,0.028891045301717343
507.3,62.745000000000005,kao005ppfr,0.0289510283072148
508.7,62.870625,kao005ppfr,0.029008992653873397
510.1,62.999375,kao005ppfr,0.02906839889970261
511.6,63.134375,kao005ppfr,0.029130688943873044
513.0,63.266875,kao005ppfr,0.02919182546870699
514.4,63.39937499999999,kao005ppfr,0.029252961993540934
515.8,63.530625,kao005ppfr,0.02931352175870664
517.2,63.661875,kao005ppfr,0.02937408152387234
518.6,63.79062499999999,kao005ppfr,0.02943348776970155
520.0,63.929375,kao005ppfr,0.029497508092876722
521.5,64.059375,kao005ppfr,0.029557491098374182
522.9,64.190625,kao005ppfr,0.029618050863539882
524.3,64.315,kao005ppfr,0.029675438450530237
525.7,64.44874999999999,kao005ppfr,0.029737151735032424
527.1,64.585625,kao005ppfr,0.02980030691870523
528.5,64.73,kao005ppfr,0.029866922660387506
529.9,64.8725,kao005ppfr,0.02993267326256741
531.3,65.005,kao005ppfr,0.029993809787401352
532.7,65.123125,kao005ppfr,0.030048313576050485
534.1,65.22874999999999,kao005ppfr,0.030097049768017164
535.5,65.35624999999999,kao005ppfr,0.03015587925417813
536.9,65.480625,kao005ppfr,0.03021326684116849
538.3,65.5975,kao005ppfr,0.030267193870149377
539.7,65.709375,kao005ppfr,0.030318813860457282
541.1,65.83125,kao005ppfr,0.03037504792811115
542.5,65.948125,kao005ppfr,0.03042897495709204
544.0,66.053125,kao005ppfr,0.030477422769224598
545.3,66.1625,kao005ppfr,0.030527889240196015
546.8,66.266875,kao005ppfr,0.030576048672494454
548.2,66.371875,kao005ppfr,0.030624496484627017
549.5,66.465,kao005ppfr,0.030667465079911253
550.9,66.573125,kao005ppfr,0.03071735479121443
552.3,66.68062499999999,kao005ppfr,0.030766956122683473
553.7,66.776875,kao005ppfr,0.030811366617138326
555.1,66.88,kao005ppfr,0.030858949289768515
556.5,66.9975,kao005ppfr,0.030913164698583528
557.9,67.109375,kao005ppfr,0.030964784688891436
559.3,67.226875,kao005ppfr,0.03101900009770645
560.7,67.333125,kao005ppfr,0.031068024669507248
562.1,67.435,kao005ppfr,0.0311150305824692
563.5,67.533125,kao005ppfr,0.031160306216426414
564.9,67.62437499999999,kao005ppfr,0.031202409672208276
566.3,67.71187499999999,kao005ppfr,0.031242782848985413
567.7,67.804375,kao005ppfr,0.031285463064435526
569.1,67.891875,kao005ppfr,0.031325836241212664
570.5,67.974375,kao005ppfr,0.03136390237931682
571.8,68.06125,kao005ppfr,0.031403987176259834
573.2,68.14375,kao005ppfr,0.031442053314363984
574.6,68.22,kao005ppfr,0.03147723565412692
576.0,68.29375,kao005ppfr,0.03151126447455336
577.4,68.363125,kao005ppfr,0.03154327463614094
578.8,68.435625,kao005ppfr,0.03157672669689914
580.2,68.50750000000001,kao005ppfr,0.03160989037782322
581.5,68.565,kao005ppfr,0.031636421322562475
582.9,68.624375,kao005ppfr,0.0316638174068041
584.3,68.685625,kao005ppfr,0.0316920786305481
585.7,68.7425,kao005ppfr,0.03171832119545324
587.1,68.79124999999999,kao005ppfr,0.03174081482251478
588.5,68.8425,kao005ppfr,0.03176446196891282
589.8,68.895625,kao005ppfr,0.03178897425481322
591.2,68.94125,kao005ppfr,0.03181002598270415
592.6,68.986875,kao005ppfr,0.03183107771059509
594.0,69.031875,kao005ppfr,0.0318518410586519
595.4,69.06875,kao005ppfr,0.03186885546886512
596.7,69.105625,kao005ppfr,0.03188586987907834
598.1,69.145,kao005ppfr,0.03190403780862805
599.5,69.178125,kao005ppfr,0.031919321939836535
600.9,69.22,kao005ppfr,0.03193864338872274
602.2,69.25500000000001,kao005ppfr,0.0319547926594336
603.6,69.29124999999999,kao005ppfr,0.03197151868981269
605.0,69.320625,kao005ppfr,0.03198507254201645
606.4,69.351875,kao005ppfr,0.031999491533722564
607.7,69.3875,kao005ppfr,0.032015929184267544
609.1,69.4225,kao005ppfr,0.032032078454978394
610.5,69.46125,kao005ppfr,0.032049958004693985
611.9,69.4975,kao005ppfr,0.03206668403507308
613.2,69.535,kao005ppfr,0.032083986825120425
614.6,69.564375,kao005ppfr,0.03209754067732418
616.0,69.593125,kao005ppfr,0.032110806149693805
617.3,69.62375,kao005ppfr,0.0321249367615658
618.7,69.6575,kao005ppfr,0.03214050927260841
620.1,69.698125,kao005ppfr,0.03215925396182637
621.5,69.728125,kao005ppfr,0.03217309619386424
622.8,69.76375,kao005ppfr,0.032189533844409216
624.2,69.79249999999999,kao005ppfr,0.03220279931677884
625.5,69.82124999999999,kao005ppfr,0.03221606478914847
626.9,69.8475,kao005ppfr,0.03222817674218162
628.3,69.88,kao005ppfr,0.03224317249355598
629.6,69.90625,kao005ppfr,0.03225528444658912
631.0,69.935,kao005ppfr,0.03226854991895875
632.4,69.965625,kao005ppfr,0.03228268053083075
633.7,69.983125,kao005ppfr,0.03229075516618617
635.1,70.006875,kao005ppfr,0.03230171359988283
636.5,70.02375,kao005ppfr,0.032309499855404135
637.8,70.04749999999999,kao005ppfr,0.032320458289100774
639.2,70.06375,kao005ppfr,0.032327956164787966
640.5,70.08250000000001,kao005ppfr,0.03233660755981164
641.9,70.09875,kao005ppfr,0.032344105435498816
643.2,70.10875000000001,kao005ppfr,0.032348719512844785
644.6,70.12062499999999,kao005ppfr,0.0323541987296931
646.0,70.12375,kao005ppfr,0.032355640628863716
647.3,70.14,kao005ppfr,0.032363138504550894
648.7,70.15062499999999,kao005ppfr,0.03236804096173097
650.0,70.15875,kao005ppfr,0.032371789899574566
651.4,70.17625000000001,kao005ppfr,0.03237986453493
652.7,70.19687499999999,kao005ppfr,0.032389381069456026
654.1,70.205,kao005ppfr,0.032393130007299625
655.4,70.216875,kao005ppfr,0.03239860922414795
656.8,70.22625,kao005ppfr,0.032402934921659785
658.1,70.240625,kao005ppfr,0.0324095676578446
659.5,70.25437500000001,kao005ppfr,0.032415912014195296
660.8,70.29125,kao005ppfr,0.032432926424408516
662.2,70.32749999999999,kao005ppfr,0.032449652454787606
663.5,70.344375,kao005ppfr,0.032457438710308914
664.9,70.36875,kao005ppfr,0.03246868552383969
666.2,70.39625,kao005ppfr,0.03248137423654107
667.6,70.423125,kao005ppfr,0.032493774569408336
668.9,70.46125,kao005ppfr,0.0325113657392898
670.3,70.5,kao005ppfr,0.032529245289005394
671.6,70.53875000000001,kao005ppfr,0.032547124838720985
673.0,70.59625,kao005ppfr,0.03257365578346024
674.3,70.65124999999999,kao005ppfr,0.032599033208863
675.6,70.708125,kao005ppfr,0.03262527577376814
677.0,70.74812499999999,kao005ppfr,0.03264373208315197
678.3,70.780625,kao005ppfr,0.03265872783452634
679.7,70.821875,kao005ppfr,0.03267776090357842
681.0,70.87,kao005ppfr,0.032699966150805844
682.3,70.914375,kao005ppfr,0.03272044111902854
683.7,70.95875000000001,kao005ppfr,0.03274091608725123
685.0,70.99375,kao005ppfr,0.03275706535796208
686.4,71.04062499999999,kao005ppfr,0.032778693845521255
687.7,71.076875,kao005ppfr,0.03279541987590036
689.0,71.12187500000002,kao005ppfr,0.03281618322395718
690.4,71.16312500000001,kao005ppfr,0.03283521629300925
691.7,71.20125,kao005ppfr,0.03285280746289071
693.0,71.236875,kao005ppfr,0.03286924511343568
694.4,71.27812499999999,kao005ppfr,0.03288827818248776
695.7,71.31,kao005ppfr,0.03290298555402801
697.0,71.35125000000001,kao005ppfr,0.032922018623080085
698.4,71.39125,kao005ppfr,0.032940474932463916
699.7,71.42999999999999,kao005ppfr,0.0329583544821795
701.0,71.47125,kao005ppfr,0.03297738755123158
702.4,71.515625,kao005ppfr,0.032997862519454274
703.7,71.554375,kao005ppfr,0.03301574206916986
705.0,71.595,kao005ppfr,0.03303448675838781
706.3,71.62875,kao005ppfr,0.03305005926943042
707.7,71.66062500000001,kao005ppfr,0.03306476664097067
709.0,71.7,kao005ppfr,0.033082934570520375
710.3,71.736875,kao005ppfr,0.033099948980733596
711.6,71.773125,kao005ppfr,0.03311667501111269
713.0,71.80687499999999,kao005ppfr,0.0331322475221553
714.3,71.84375,kao005ppfr,0.03314926193236853
715.6,71.871875,kao005ppfr,0.03316223902490403
716.9,71.899375,kao005ppfr,0.03317492773760542
718.2,71.935625,kao005ppfr,0.03319165376798452
719.6,71.97,kao005ppfr,0.03320751465886125
720.9,72.008125,kao005ppfr,0.03322510582874272
722.2,72.033125,kao005ppfr,0.03323664102210761
723.5,72.06125,kao005ppfr,0.033249618114643116
724.8,72.08625,kao005ppfr,0.03326115330800802
726.2,72.10875,kao005ppfr,0.033271534982036416
727.5,72.14250000000001,kao005ppfr,0.03328710749307903
728.8,72.175625,kao005ppfr,0.03330239162428751
730.1,72.205625,kao005ppfr,0.033316233856325386
731.4,72.238125,kao005ppfr,0.03333122960769975
732.7,72.27,kao005ppfr,0.033345936979239994
734.0,72.2925,kao005ppfr,0.0333563186532684
735.3,72.314375,kao005ppfr,0.03336641194746268
736.7,72.33624999999999,kao005ppfr,0.033376505241656966
738.0,72.37125,kao005ppfr,0.03339265451236782
739.3,72.40375,kao005ppfr,0.033407650263742185
740.6,72.42750000000001,kao005ppfr,0.03341860869743884
741.9,72.44687499999999,kao005ppfr,0.03342754847229663
743.2,72.465,kao005ppfr,0.03343591148748618
744.5,72.48875,kao005ppfr,0.03344686992118283
745.8,72.51875000000001,kao005ppfr,0.03346071215322071
747.1,72.55875,kao005ppfr,0.03347916846260454
748.4,72.5925,kao005ppfr,0.033494740973647144
749.7,72.62062499999999,kao005ppfr,0.03350771806618265
751.0,72.63874999999999,kao005ppfr,0.0335160810813722
752.3,72.66375,kao005ppfr,0.0335276162747371
753.6,72.6875,kao005ppfr,0.03353857470843375
754.9,72.71000000000001,kao005ppfr,0.03354895638246216
756.2,72.74187500000001,kao005ppfr,0.0335636637540024
757.5,72.77187500000001,kao005ppfr,0.03357750598604028
758.8,72.78562500000001,kao005ppfr,0.03358385034239097
760.1,72.811875,kao005ppfr,0.0335959622954241
761.4,72.83625,kao005ppfr,0.03360720910895488
762.7,72.8625,kao005ppfr,0.03361932106198802
764.0,72.886875,kao005ppfr,0.033630567875518796
765.3,72.91,kao005ppfr,0.03364123792938132
766.6,72.929375,kao005ppfr,0.03365017770423911
767.9,72.953125,kao005ppfr,0.03366113613793577
769.2,72.97500000000001,kao005ppfr,0.03367122943213005
770.4,72.989375,kao005ppfr,0.03367786216831486
771.7,73.01375,kao005ppfr,0.033689108981845635
773.0,73.03812500000001,kao005ppfr,0.03370035579537641
774.3,73.05625,kao005ppfr,0.03370871881056596
775.6,73.0775,kao005ppfr,0.03371852372492612
776.9,73.094375,kao005ppfr,0.03372630998044743
778.2,73.11,kao005ppfr,0.03373351947630048
779.4,73.13,kao005ppfr,0.0337427476309924
780.7,73.15312499999999,kao005ppfr,0.033753417684854924
782.0,73.178125,kao005ppfr,0.033764952878219824
783.3,73.18875,kao005ppfr,0.033769855335399904
784.5,73.20125,kao005ppfr,0.033775622932082354
785.8,73.218125,kao005ppfr,0.033783409187603655
787.1,73.22625,kao005ppfr,0.03378715812544725
788.4,73.248125,kao005ppfr,0.03379725141964153
789.7,73.278125,kao005ppfr,0.033811093651679405
790.9,73.29,kao005ppfr,0.03381657286852773
792.2,73.3075,kao005ppfr,0.033824647503883164
793.5,73.321875,kao005ppfr,0.03383128024006798
794.8,73.33875,kao005ppfr,0.03383906649558928
796.0,73.35374999999999,kao005ppfr,0.03384598761160821
797.3,73.371875,kao005ppfr,0.033854350626797765
798.5,73.390625,kao005ppfr,0.03386300202182144
799.8,73.40375,kao005ppfr,0.03386905799833801
801.1,73.42124999999999,kao005ppfr,0.03387713263369343
802.3,73.445625,kao005ppfr,0.03388837944722421
803.6,73.46000000000001,kao005ppfr,0.033895012183409026
804.9,73.48374999999999,kao005ppfr,0.033905970617105666
806.1,73.49625,kao005ppfr,0.03391173821378812
807.4,73.5,kao005ppfr,0.03391346849279286
808.7,73.51624999999999,kao005ppfr,0.03392096636848003
809.9,73.536875,kao005ppfr,0.03393048290300607
811.2,73.55875,kao005ppfr,0.03394057619720036
812.4,73.57312499999999,kao005ppfr,0.03394720893338517
813.7,73.58375000000001,kao005ppfr,0.03395211139056526
815.0,73.598125,kao005ppfr,0.03395874412675007
816.2,73.604375,kao005ppfr,0.033961627925091296
817.5,73.61625000000001,kao005ppfr,0.03396710714193962
818.7,73.638125,kao005ppfr,0.033977200436133906
820.0,73.6525,kao005ppfr,0.03398383317231872
821.2,73.66749999999999,kao005ppfr,0.03399075428833765
822.5,73.6825,kao005ppfr,0.033997675404356595
823.7,73.689375,kao005ppfr,0.03400084758253194
825.0,73.69749999999999,kao005ppfr,0.034004596520375525
826.2,73.715625,kao005ppfr,0.03401295953556508
827.5,73.72875,kao005ppfr,0.03401901551208165
828.7,73.74375,kao005ppfr,0.034025936628100585
829.9,73.75687500000001,kao005ppfr,0.03403199260461716
831.2,73.75,kao005ppfr,0.03402882042644181
832.4,73.7675,kao005ppfr,0.03403689506179724
833.7,73.77437499999999,kao005ppfr,0.03404006723997258
834.9,73.791875,kao005ppfr,0.03404814187532801
836.1,73.80375,kao005ppfr,0.034053621092176335
837.4,73.8175,kao005ppfr,0.034059965448527026
838.6,73.81937500000001,kao005ppfr,0.034060830588029396
839.8,73.83500000000001,kao005ppfr,0.03406804008388246
841.1,73.84375,kao005ppfr,0.034072077401560166
842.3,73.846875,kao005ppfr,0.03407351930073078
843.5,73.866875,kao005ppfr,0.034082747455422696
844.8,73.88,kao005ppfr,0.03408880343193926
846.0,73.88125,kao005ppfr,0.03408938019160751
847.2,73.8825,kao005ppfr,0.03408995695127575
848.5,73.891875,kao005ppfr,0.03409428264878759
849.7,73.90687499999999,kao005ppfr,0.03410120376480652
850.9,73.905,kao005ppfr,0.034100338625304163
852.2,73.92125,kao005ppfr,0.03410783650099134
853.4,73.94,kao005ppfr,0.03411648789601501
854.6,73.950625,kao005ppfr,0.0341213903531951
855.8,73.96812499999999,kao005ppfr,0.03412946498855052
857.0,73.958125,kao005ppfr,0.03412485091120456
858.3,73.96000000000001,kao005ppfr,0.03412571605070694
859.5,73.95500000000001,kao005ppfr,0.03412340901203396
860.7,73.97687499999999,kao005ppfr,0.03413350230622823
861.9,73.991875,kao005ppfr,0.03414042342224717
863.1,74.01375,kao005ppfr,0.03415051671644146
864.3,74.03,kao005ppfr,0.03415801459212864
865.5,74.021875,kao005ppfr,0.034154265654285046
866.8,74.025625,kao005ppfr,0.03415599593328979
868.0,74.01875,kao005ppfr,0.034152823755114435
869.2,74.02625,kao005ppfr,0.03415628431312391
870.4,74.05375000000001,kao005ppfr,0.03416897302582529
871.6,74.054375,kao005ppfr,0.03416926140565941
872.8,74.05875,kao005ppfr,0.03417128006449827
874.0,74.06625,kao005ppfr,0.034174740622507735
875.2,74.06937500000001,kao005ppfr,0.03417618252167835
876.4,74.08375000000001,kao005ppfr,0.03418281525786317
877.6,74.084375,kao005ppfr,0.03418310363769728
878.8,74.090625,kao005ppfr,0.03418598743603851
880.0,74.1225,kao005ppfr,0.03420069480757876
881.2,74.128125,kao005ppfr,0.034203290226085856
882.4,74.128125,kao005ppfr,0.034203290226085856
883.6,74.124375,kao005ppfr,0.03420155994708112
884.8,74.148125,kao005ppfr,0.03421251838077777
886.0,74.14687500000001,kao005ppfr,0.03421194162110953
887.2,74.17124999999999,kao005ppfr,0.03422318843464029
888.4,74.158125,kao005ppfr,0.03421713245812373
889.6,74.17500000000001,kao005ppfr,0.03422491871364504
890.8,74.16625,kao005ppfr,0.03422088139596732
892.0,74.19999999999999,kao005ppfr,0.034236453907009926
893.2,74.19125,kao005ppfr,0.03423241658933222
894.3,74.209375,kao005ppfr,0.034240779604521765
895.5,74.22687499999999,kao005ppfr,0.03424885423987719
896.7,74.22125,kao005ppfr,0.03424625882137009
897.9,74.236875,kao005ppfr,0.034253468317223146
899.1,74.243125,kao005ppfr,0.034256352115564374
900.3,74.23749999999998,kao005ppfr,0.03425375669705726
901.5,74.243125,kao005ppfr,0.034256352115564374
902.6,74.26500000000001,kao005ppfr,0.034266445409758664
903.8,74.26124999999999,kao005ppfr,0.034264715130753916
905.0,74.27250000000001,kao005ppfr,0.03426990596776813
906.2,74.278125,kao005ppfr,0.03427250138627523
907.4,74.275,kao005ppfr,0.03427105948710462
908.5,74.25,kao005ppfr,0.03425952429373972
909.7,74.264375,kao005ppfr,0.034266157029924534
910.9,74.26249999999999,kao005ppfr,0.03426529189042216
912.1,74.2875,kao005ppfr,0.03427682708378706
913.2,74.28187500000001,kao005ppfr,0.034274231665279965
914.4,74.27875,kao005ppfr,0.034272789766109354
915.6,74.281875,kao005ppfr,0.034274231665279965
916.8,74.296875,kao005ppfr,0.0342811527812989
917.9,74.31375,kao005ppfr,0.034288939036820204
919.1,74.33625,kao005ppfr,0.03429932071084861
920.2,74.370625,kao005ppfr,0.03431518160172534
921.4,74.35062500000001,kao005ppfr,0.03430595344703343
922.6,74.35374999999999,kao005ppfr,0.034307395346204035
923.8,74.359375,kao005ppfr,0.03430999076471114
924.9,74.358125,kao005ppfr,0.03430941400504289
926.1,74.393125,kao005ppfr,0.03432556327575375
927.2,74.408125,kao005ppfr,0.03433248439177269
928.4,74.40062499999999,kao005ppfr,0.03432902383376321
929.6,74.386875,kao005ppfr,0.03432267947741253
930.7,74.36499999999998,kao005ppfr,0.03431258618321823
931.9,74.3625,kao005ppfr,0.03431143266388175
933.0,74.3775,kao005ppfr,0.03431835377990069
934.2,74.41125,kao005ppfr,0.03433392629094329
935.3,74.448125,kao005ppfr,0.03435094070115652
936.5,74.42375000000001,kao005ppfr,0.03433969388762575
937.7,74.4125,kao005ppfr,0.03433450305061154
938.8,74.36125,kao005ppfr,0.034310855904213504
940.0,74.36687500000001,kao005ppfr,0.03431345132272061
941.1,74.40625,kao005ppfr,0.034331619252270316
942.3,74.439375,kao005ppfr,0.0343469033834788
943.4,74.44062500000001,kao005ppfr,0.034347480143147056
944.6,74.41875,kao005ppfr,0.03433738684895277
945.7,74.38187500000001,kao005ppfr,0.034320372438739546
946.9,74.365625,kao005ppfr,0.03431287456305236
948.0,74.3475,kao005ppfr,0.034304511547862813
949.2,74.3675,kao005ppfr,0.03431373970255473
950.3,74.364375,kao005ppfr,0.034312297803384115
951.5,74.34062499999999,kao005ppfr,0.03430133936968746
952.6,74.304375,kao005ppfr,0.034284613339308365
953.8,74.30812499999999,kao005ppfr,0.0342863436183131
954.9,74.31937500000001,kao005ppfr,0.03429153445532731
956.1,74.33125,kao005ppfr,0.03429701367217563
957.2,74.36937499999999,kao005ppfr,0.03431460484205709
958.3,74.35374999999999,kao005ppfr,0.034307395346204035
959.5,74.365625,kao005ppfr,0.03431287456305236
960.6,74.30125,kao005ppfr,0.034283171440137754
961.8,74.293125,kao005ppfr,0.03427942250229417
962.9,74.343125,kao005ppfr,0.034302492889023956
964.1,74.269375,kao005ppfr,0.034268464068597515
965.2,74.11500000000001,kao005ppfr,0.03419723424956929
966.3,74.00375000000001,kao005ppfr,0.034145902639095504
967.5,73.98875000000001,kao005ppfr,0.03413898152307657
968.6,74.1,kao005ppfr,0.034190313133550344
969.8,74.3325,kao005ppfr,0.034297590431843876
970.9,74.51124999999999,kao005ppfr,0.03438006706440287
972.1,74.618125,kao005ppfr,0.03442938001603781
973.2,74.63062500000001,kao005ppfr,0.034435147612720256
974.3,74.76499999999999,kao005ppfr,0.03449714927705656
975.5,74.706875,kao005ppfr,0.034470329952483184
976.6,74.74375,kao005ppfr,0.03448734436269641
977.8,74.74625,kao005ppfr,0.0344884978820329
978.9,74.78125,kao005ppfr,0.03450464715274375
980.0,74.7825,kao005ppfr,0.034505223912411995
981.2,74.851875,kao005ppfr,0.034537234073999584
982.3,74.77875,kao005ppfr,0.03450349363340726
983.5,74.92375,kao005ppfr,0.034570397754923654
984.6,74.8575,kao005ppfr,0.03453982949250668
985.7,74.925,kao005ppfr,0.0345709745145919
986.9,74.77875,kao005ppfr,0.03450349363340726
988.0,74.81,kao005ppfr,0.03451791262511338
989.1,74.77687499999999,kao005ppfr,0.03450262849390489
992.0,74.979375,kao005ppfr,0.034596063560160546
995.9,75.023125,kao005ppfr,0.03461625014854911
999.7,75.044375,kao005ppfr,0.03462605506290928
1003.6,75.074375,kao005ppfr,0.03463989729494715
1007.4,75.1225,kao005ppfr,0.034662102542174576
1011.3,75.14750000000001,kao005ppfr,0.03467363773553948
1015.1,75.185,kao005ppfr,0.034690940525586814
1019.0,75.21124999999999,kao005ppfr,0.03470305247861995
1022.8,75.239375,kao005ppfr,0.03471602957115546
1026.7,75.25999999999999,kao005ppfr,0.034725546105681494
1030.5,75.29125,kao005ppfr,0.03473996509738762
1034.4,75.2975,kao005ppfr,0.034742848895728845
1038.2,75.33437500000001,kao005ppfr,0.034759863305942065
1042.1,75.3775,kao005ppfr,0.03477976151449651
1045.9,75.39250000000001,kao005ppfr,0.03478668263051545
1049.7,75.425625,kao005ppfr,0.03480196676172393
1053.6,75.4125,kao005ppfr,0.03479591078520736
1057.4,75.47375000000001,kao005ppfr,0.03482417200895136
1061.2,75.48625,kao005ppfr,0.034829939605633804
1065.1,75.494375,kao005ppfr,0.0348336885434774
1068.9,75.539375,kao005ppfr,0.03485445189153421
1072.7,75.574375,kao005ppfr,0.034870601162245066
1076.6,75.56312500000001,kao005ppfr,0.03486541032523086
1080.4,75.57625,kao005ppfr,0.03487146630174743
1084.2,75.61375000000001,kao005ppfr,0.03488876909179477
1088.0,75.64875,kao005ppfr,0.03490491836250563
1091.8,75.6625,kao005ppfr,0.03491126271885631
1095.7,75.70249999999999,kao005ppfr,0.034929719028240144
1099.5,75.721875,kao005ppfr,0.03493865880309795
1103.3,75.725,kao005ppfr,0.03494010070226855
1107.1,75.7325,kao005ppfr,0.034943561260278026
1110.9,75.73750000000001,kao005ppfr,0.03494586829895101
1114.8,75.765,kao005ppfr,0.03495855701165239
1118.6,75.77437499999999,kao005ppfr,0.03496288270916422
1122.4,75.825625,kao005ppfr,0.03498652985556226
1126.2,75.85875,kao005ppfr,0.03500181398677075
1130.0,75.851875,kao005ppfr,0.0349986418085954
1133.8,75.83500000000001,kao005ppfr,0.0349908555530741
1137.6,75.848125,kao005ppfr,0.03499691152959067
1141.4,75.856875,kao005ppfr,0.035000948847268384
1145.2,75.85125000000001,kao005ppfr,0.03499835342876128
1149.0,75.85062500000001,kao005ppfr,0.03499806504892716
1152.8,75.869375,kao005ppfr,0.03500671644395083
1156.6,75.89125,kao005ppfr,0.03501680973814511
1160.4,75.9025,kao005ppfr,0.035022000575159314
1164.2,75.94874999999999,kao005ppfr,0.035043340682884366
1168.0,75.96625,kao005ppfr,0.0350514153182398
1171.8,76.029375,kao005ppfr,0.03508054168148616
1175.6,76.05687499999999,kao005ppfr,0.03509323039418754
1179.4,76.085625,kao005ppfr,0.035106495866557175
1183.2,76.091875,kao005ppfr,0.035109379664898396
1187.0,76.105625,kao005ppfr,0.035115724021249094
1190.7,76.13125,kao005ppfr,0.035127547594448104
1194.5,76.12625,kao005ppfr,0.03512524055577513
1198.3,76.14625,kao005ppfr,0.03513446871046704
1202.1,76.1125,kao005ppfr,0.03511889619942444
1205.9,76.063125,kao005ppfr,0.03509611419252877
1209.7,76.06562500000001,kao005ppfr,0.03509726771186526
1213.4,76.03,kao005ppfr,0.03508083006132028
1217.2,75.99125000000001,kao005ppfr,0.0350629505116047
1221.0,75.95500000000001,kao005ppfr,0.0350462244812256
1224.8,75.896875,kao005ppfr,0.03501940515665221
1228.5,75.83749999999999,kao005ppfr,0.03499200907241058
1232.3,75.790625,kao005ppfr,0.03497038058485141
1236.1,75.761875,kao005ppfr,0.03495711511248178
1239.8,75.733125,kao005ppfr,0.03494384964011215
1243.6,75.81,kao005ppfr,0.0349793203597092
1247.4,75.87062499999999,kao005ppfr,0.03500729320361907
1251.1,75.896875,kao005ppfr,0.03501940515665221
1254.9,75.971875,kao005ppfr,0.035054010736746896
1258.7,76.02625,kao005ppfr,0.03507909978231555
1262.4,76.05375000000001,kao005ppfr,0.035091788495016936
1266.2,76.044375,kao005ppfr,0.035087462797505097
1269.9,76.028125,kao005ppfr,0.03507996492181792
1273.7,76.01124999999999,kao005ppfr,0.035072178666296604
1277.4,75.97,kao005ppfr,0.03505314559724453
1281.2,75.886875,kao005ppfr,0.03501479107930626
1284.9,75.701875,kao005ppfr,0.03492943064840603
1288.7,75.579375,kao005ppfr,0.03487290820091804
1292.4,75.396875,kao005ppfr,0.0347887012893543
1296.2,75.28625,kao005ppfr,0.034737658058714635
1299.9,75.1325,kao005ppfr,0.03466671661952053
1303.7,75.015625,kao005ppfr,0.03461278959053964
1307.4,74.908125,kao005ppfr,0.03456318825907059
1311.2,74.83687499999999,kao005ppfr,0.03453031295798064
1314.9,74.7475,kao005ppfr,0.034489074641701145
1318.7,74.658125,kao005ppfr,0.03444783632542164
1322.4,74.52812499999999,kao005ppfr,0.03438785331992418
1326.1,74.43562499999999,kao005ppfr,0.03434517310447406
1329.9,74.36625000000001,kao005ppfr,0.034313162942886485
1333.6,74.31062499999999,kao005ppfr,0.034287497137649586
1337.3,74.29375000000002,kao005ppfr,0.03427971088212829
1341.1,74.215,kao005ppfr,0.03424337502302887
1344.8,73.9625,kao005ppfr,0.034126869570043426
1348.5,73.53875,kao005ppfr,0.03393134804250844
1352.2,73.07000000000001,kao005ppfr,0.03371506316691666
1356.0,72.706875,kao005ppfr,0.03354751448329154
1359.7,72.554375,kao005ppfr,0.03347714980376568
1363.4,72.463125,kao005ppfr,0.03343504634798381
1367.1,72.423125,kao005ppfr,0.03341659003859998
1370.8,72.150625,kao005ppfr,0.03329085643092262
1374.6,71.648125,kao005ppfr,0.03305899904428822
1378.3,70.870625,kao005ppfr,0.03270025453063997
1382.0,69.7475,kao005ppfr,0.03218203596872204
1385.7,68.16375,kao005ppfr,0.0314512814690559
1389.4,66.4625,kao005ppfr,0.030666311560574765
1393.1,65.255625,kao005ppfr,0.03010945010088443
1396.8,64.7775,kao005ppfr,0.029888839527780806
1400.5,64.9975,kao005ppfr,0.029990349229391887
1404.2,65.113125,kao005ppfr,0.030043699498704526
1407.9,64.08,kao005ppfr,0.029567007632900218
1411.7,64.009375,kao005ppfr,0.02953442071164439
1415.4,65.091875,kao005ppfr,0.030033894584344367
1419.1,67.92875,kao005ppfr,0.031342850651425884
1422.8,70.57125,kao005ppfr,0.03256212059009535
1426.4,72.16375,kao005ppfr,0.033296912407439185
1430.2,73.154375,kao005ppfr,0.03375399444452318
1433.8,73.79374999999999,kao005ppfr,0.03404900701483037
1437.5,74.205625,kao005ppfr,0.03423904932551703
1441.2,74.446875,kao005ppfr,0.03435036394148828
1444.9,74.62625,kao005ppfr,0.0344331289538814
1448.6,74.75,kao005ppfr,0.03449022816103763
1452.3,74.8725,kao005ppfr,0.03454675060852562
1456.0,74.95687500000001,kao005ppfr,0.03458568188613215
1459.7,75.060625,kao005ppfr,0.034633552938596456
1463.3,75.07,kao005ppfr,0.03463787863610829
1467.0,75.18625,kao005ppfr,0.03469151728525506
1470.7,75.226875,kao005ppfr,0.034710261974473015
1474.4,75.29374999999999,kao005ppfr,0.034741118616724104
1478.1,75.33250000000001,kao005ppfr,0.0347589981664397
1481.7,75.440625,kao005ppfr,0.03480888787774287
1485.4,75.49562499999999,kao005ppfr,0.03483426530314564
1489.1,75.53375,kao005ppfr,0.034851856473027104
1492.8,75.568125,kao005ppfr,0.03486771736390384
1496.4,75.62062499999999,kao005ppfr,0.03489194126997011
1500.1,75.68062499999999,kao005ppfr,0.03491962573404586
1503.8,75.73125,kao005ppfr,0.03494298450060978
1507.4,75.7775,kao005ppfr,0.03496432460833484
1511.1,75.824375,kao005ppfr,0.034985953095894015
1514.7,75.873125,kao005ppfr,0.03500844672295556
1518.4,75.9075,kao005ppfr,0.035024307613832295
1522.1,75.92750000000001,kao005ppfr,0.035033535768524214
1525.7,75.95875000000001,kao005ppfr,0.035047954760230336
1529.4,75.981875,kao005ppfr,0.03505862481409286
1533.0,76.00437500000001,kao005ppfr,0.035069006488121265
1536.7,76.02625,kao005ppfr,0.03507909978231555
1540.3,76.0375,kao005ppfr,0.03508429061932975
1544.0,76.0675,kao005ppfr,0.035098132851367626
1547.6,76.084375,kao005ppfr,0.03510591910688893
1551.3,76.1125,kao005ppfr,0.03511889619942444
1554.9,76.141875,kao005ppfr,0.03513245005162819
1558.6,76.141875,kao005ppfr,0.03513245005162819
1562.2,76.17125,kao005ppfr,0.03514600390383194
1565.8,76.18375,kao005ppfr,0.03515177150051439
1569.5,76.2,kao005ppfr,0.03515926937620157
1573.1,76.22250000000001,kao005ppfr,0.03516965105022998
1576.8,76.22500000000001,kao005ppfr,0.03517080456956647
1580.4,76.238125,kao005ppfr,0.03517686054608304
1584.0,76.24624999999999,kao005ppfr,0.03518060948392662
1587.7,76.27812499999999,kao005ppfr,0.03519531685546687
1591.3,76.2925,kao005ppfr,0.03520194959165169
1594.9,76.300625,kao005ppfr,0.035205698529495275
1598.5,76.306875,kao005ppfr,0.0352085823278365
1602.2,76.32499999999999,kao005ppfr,0.035216945343026045
1605.8,76.31125,kao005ppfr,0.035210600986675354
1609.4,76.340625,kao005ppfr,0.03522415483887911
1613.0,76.34562500000001,kao005ppfr,0.035226461877552094
1616.7,76.35750000000002,kao005ppfr,0.03523194109440042
1620.3,76.35750000000002,kao005ppfr,0.03523194109440042
1623.9,76.34875,kao005ppfr,0.0352279037767227
1627.5,76.363125,kao005ppfr,0.03523453651290751
1631.1,76.35874999999999,kao005ppfr,0.035232517854068654
1634.7,76.36875,kao005ppfr,0.03523713193141462
1638.3,76.38874999999999,kao005ppfr,0.03524636008610653
1641.9,76.4025,kao005ppfr,0.035252704442457226
1645.6,76.4,kao005ppfr,0.03525155092312074
1649.2,76.418125,kao005ppfr,0.03525991393831029
1652.8,76.43562500000002,kao005ppfr,0.03526798857366572
1656.4,76.419375,kao005ppfr,0.03526049069797853
1660.0,76.42750000000001,kao005ppfr,0.03526423963582213
1663.6,76.431875,kao005ppfr,0.03526625829466098
1667.2,76.41,kao005ppfr,0.035256165000466695
1670.8,76.424375,kao005ppfr,0.03526279773665151
1674.4,76.41312500000001,kao005ppfr,0.03525760689963731
1678.0,76.4,kao005ppfr,0.03525155092312074
1681.6,76.36375,kao005ppfr,0.035234824892741635
1685.1,76.3575,kao005ppfr,0.035231941094400414
1688.7,76.34375,kao005ppfr,0.03522559673804972
1692.3,76.313125,kao005ppfr,0.035211466126177725
1695.9,76.269375,kao005ppfr,0.03519127953778915
1699.5,76.228125,kao005ppfr,0.03517224646873708
1703.1,76.17625000000001,kao005ppfr,0.03514831094250492
1706.7,76.14,kao005ppfr,0.03513158491212582
1710.2,76.076875,kao005ppfr,0.03510245854887946
1713.8,75.995,kao005ppfr,0.03506468079060943
1717.4,75.924375,kao005ppfr,0.035032093869353596
1721.0,75.78812500000001,kao005ppfr,0.03496922706551492
1724.5,75.674375,kao005ppfr,0.03491674193570464
1728.1,75.56812500000001,kao005ppfr,0.034867717363903844
1731.7,75.58375000000001,kao005ppfr,0.0348749268597569
1735.2,75.60624999999999,kao005ppfr,0.0348853085337853
1738.8,75.63062500000001,kao005ppfr,0.03489655534731608
1742.4,75.6575,kao005ppfr,0.03490895568018334
1745.9,75.66000000000001,kao005ppfr,0.03491010919951983
1749.5,75.6525,kao005ppfr,0.034906648641510364
1753.1,75.58125,kao005ppfr,0.034873773340420404
1756.6,75.49125,kao005ppfr,0.03483224664430678
1760.2,75.38125,kao005ppfr,0.03478149179350124
1763.8,75.35874999999999,kao005ppfr,0.03477111011947283
1767.3,75.30937499999999,kao005ppfr,0.034748328112577165
1770.9,75.28125,kao005ppfr,0.03473535102004166
1774.4,75.263125,kao005ppfr,0.03472698800485211
1778.0,75.20875000000001,kao005ppfr,0.03470189895928347
1781.5,75.16625,kao005ppfr,0.03468228913056314
1785.1,75.09625000000001,kao005ppfr,0.03464999058914144
1788.6,75.03812500000001,kao005ppfr,0.034623171264568056
1792.1,75.00125,kao005ppfr,0.03460615685435483
1795.7,74.954375,kao005ppfr,0.03458452836679565
1799.2,74.926875,kao005ppfr,0.034571839654094265
1802.8,74.851875,kao005ppfr,0.034537234073999584
1806.3,74.82249999999999,kao005ppfr,0.034523680221795826
1809.8,74.771875,kao005ppfr,0.034500321455231915
1813.4,74.685,kao005ppfr,0.0344602366582889
1816.9,74.67125,kao005ppfr,0.03445389230193821
1820.4,74.62375,kao005ppfr,0.03443197543454491
1824.0,74.72375,kao005ppfr,0.03447811620800449
1827.5,74.78,kao005ppfr,0.03450407039307551
1831.0,74.82125,kao005ppfr,0.034523103462127586
1834.6,74.80000000000001,kao005ppfr,0.034513298547767426
1838.1,74.75625,kao005ppfr,0.034493111959378854
1841.6,74.74125000000001,kao005ppfr,0.03448619084335992
1845.1,74.83375,kao005ppfr,0.03452887105881003
1848.6,74.98875,kao005ppfr,0.03460038925767238
1852.2,75.134375,kao005ppfr,0.0346675817590229
1855.7,75.206875,kao005ppfr,0.034701033819781096
1859.2,75.261875,kao005ppfr,0.034726411245183865
1862.7,75.215,kao005ppfr,0.03470478275762469
1866.2,75.0775,kao005ppfr,0.034641339194117764
1869.7,74.876875,kao005ppfr,0.03454876926736448
1873.2,74.681875,kao005ppfr,0.03445879475911829
1876.7,74.480625,kao005ppfr,0.03436593645253088
1880.2,74.25937499999999,kao005ppfr,0.03426384999125155
1883.7,73.96937500000001,kao005ppfr,0.03413004174821877
1887.2,73.61625000000001,kao005ppfr,0.03396710714193962
1890.7,73.189375,kao005ppfr,0.03377014371523403
1894.2,72.74000000000001,kao005ppfr,0.03356279861450003
1897.7,72.238125,kao005ppfr,0.03333122960769975
1902.7,71.423125,kao005ppfr,0.032955182304004155
1905.5,71.09687500000001,kao005ppfr,0.03280464803059228
1908.2,70.84375,kao005ppfr,0.0326878541977727
1911.0,70.690625,kao005ppfr,0.03261720113841272
1913.7,70.655625,kao005ppfr,0.03260105186770187
1916.5,70.573125,kao005ppfr,0.03256298572959771
1919.2,70.465625,kao005ppfr,0.03251338439812866
1921.9,70.40625,kao005ppfr,0.032485988313887035
1924.7,70.39625,kao005ppfr,0.03248137423654107
1927.4,70.386875,kao005ppfr,0.03247704853902924
1930.1,70.37375,kao005ppfr,0.03247099256251267
1932.9,70.344375,kao005ppfr,0.032457438710308914
1935.6,70.30875,kao005ppfr,0.03244100105976394
1938.3,70.293125,kao005ppfr,0.03243379156391088
1941.0,70.32124999999999,kao005ppfr,0.032446768656446384
1943.7,70.375,kao005ppfr,0.03247156932218091
1946.4,70.435,kao005ppfr,0.03249925378625666
1949.2,70.51625,kao005ppfr,0.03253674316469257
1951.9,70.610625,kao005ppfr,0.032580288519645055
1954.6,70.7225,kao005ppfr,0.03263190850995296
1957.3,70.813125,kao005ppfr,0.032673723585900705
1960.0,70.91062500000001,kao005ppfr,0.032718710840023806
1962.7,71.03875,kao005ppfr,0.032777828706018884
1965.4,71.14875,kao005ppfr,0.032828583556824435
1968.1,71.24375,kao005ppfr,0.032872417291611035
1970.7,71.36937499999999,kao005ppfr,0.032930381638269626
1973.4,71.49499999999999,kao005ppfr,0.03298834598492823
1976.1,71.606875,kao005ppfr,0.03303996597523614
1978.8,71.70625000000001,kao005ppfr,0.033085818368861604
1981.5,71.8275,kao005ppfr,0.033141764056681344
1984.1,71.95875000000001,kao005ppfr,0.03320232382184705
1986.8,72.09,kao005ppfr,0.03326288358701275
1989.5,72.219375,kao005ppfr,0.033322578212676084
1992.1,72.331875,kao005ppfr,0.03337448658281811
1994.8,72.44187500000001,kao005ppfr,0.03342524143362366
1997.5,72.5475,kao005ppfr,0.03347397762559033
2000.1,72.64250000000001,kao005ppfr,0.033517811360376945
2002.8,72.765,kao005ppfr,0.033574333807864926
2005.4,72.88187500000001,kao005ppfr,0.033628260836845815
2008.1,72.99249999999999,kao005ppfr,0.03367930406748547
2010.7,73.128125,kao005ppfr,0.03374188249149003
2013.4,73.23500000000001,kao005ppfr,0.03379119544312497
2016.0,73.3175,kao005ppfr,0.03382926158122911
2018.6,73.399375,kao005ppfr,0.03386703933949915
2021.3,73.466875,kao005ppfr,0.03389818436158437
2023.9,73.54874999999998,kao005ppfr,0.03393596211985439
2026.5,73.6225,kao005ppfr,0.033969990940280845
2029.2,73.686875,kao005ppfr,0.033999694063195446
2031.8,73.745,kao005ppfr,0.03402651338776883
2034.4,73.80875,kao005ppfr,0.03405592813084932
2037.0,73.86937499999999,kao005ppfr,0.03408390097475918
2039.7,73.9075,kao005ppfr,0.03410149214464065
2042.3,73.9075,kao005ppfr,0.03410149214464065
2044.9,73.90875,kao005ppfr,0.0341020689043089
2047.5,73.91999999999999,kao005ppfr,0.034107259741323094
2050.1,73.959375,kao005ppfr,0.03412542767087281
2052.7,73.96062500000001,kao005ppfr,0.034126004430541056
2055.3,73.94437500000001,kao005ppfr,0.03411850655485388
2057.9,73.934375,kao005ppfr,0.034113892477507915
2060.5,73.916875,kao005ppfr,0.03410581784215249
2063.1,73.87812500000001,kao005ppfr,0.034087938292436906
2065.7,73.804375,kao005ppfr,0.03405390947201045
2068.3,73.706875,kao005ppfr,0.034008922217887365
2070.9,73.6075,kao005ppfr,0.03396306982426191
2073.4,73.545625,kao005ppfr,0.033934520220683786
2076.0,73.488125,kao005ppfr,0.03390798927594453
2078.6,73.398125,kao005ppfr,0.033866462579830905
2081.2,73.27375,kao005ppfr,0.033809074992840554
2083.7,73.17500000000001,kao005ppfr,0.03376351097904922
2086.3,73.060625,kao005ppfr,0.03371073746940482
2088.9,72.96375,kao005ppfr,0.03366603859511585
2091.4,72.91187500000001,kao005ppfr,0.03364210306888369
2094.0,72.85062500000001,kao005ppfr,0.0336138418451397
2096.6,72.81,kao005ppfr,0.03359509715592174
2099.1,72.770625,kao005ppfr,0.033576929226372024
2101.6,72.66,kao005ppfr,0.03352588599573236
2104.2,72.47062499999998,kao005ppfr,0.03343850690599327
2106.8,72.245,kao005ppfr,0.0333344017858751
2109.3,72.02437499999999,kao005ppfr,0.03323260370442989
2111.8,71.875625,kao005ppfr,0.03316396930390877
2114.4,71.770625,kao005ppfr,0.033115521491776205
2116.9,71.70875,kao005ppfr,0.033086971888198084
2119.4,71.645,kao005ppfr,0.03305755714511761
2122.0,71.561875,kao005ppfr,0.03301920262717933
2124.5,71.4175,kao005ppfr,0.03295258688549706
2127.0,71.246875,kao005ppfr,0.032873859190781646
2129.6,70.97500000000001,kao005ppfr,0.03274841396293841
2132.1,70.594375,kao005ppfr,0.03257279064395787
2134.6,70.08625,kao005ppfr,0.03233833783881637
2137.1,69.4225,kao005ppfr,0.032032078454978394
2139.6,68.596875,kao005ppfr,0.03165112869410272
2142.1,67.54875,kao005ppfr,0.03116751571227947
2144.6,66.33562500000001,kao005ppfr,0.030607770454247923
2147.1,65.09125,kao005ppfr,0.030033606204510243
2149.6,63.8675,kao005ppfr,0.02946895848929861
2152.1,62.725,kao005ppfr,0.028941800152522883
2154.6,61.718125,kao005ppfr,0.028477220239751716
2157.1,60.90125,kao005ppfr,0.02810030779655375
2159.6,60.2775,kao005ppfr,0.02781250472209961
2162.1,59.85125,kao005ppfr,0.027615829675228142
2164.6,59.639375,kao005ppfr,0.027518068911460653
2167.1,59.5225,kao005ppfr,0.027464141882479764
2169.6,59.459375,kao005ppfr,0.027435015519233403
2172.0,59.471875,kao005ppfr,0.02744078311591585
2174.5,59.484375,kao005ppfr,0.0274465507125983
2177.0,59.4425,kao005ppfr,0.027427229263712098
2179.4,59.316875,kao005ppfr,0.0273692649170535
2181.9,59.0875,kao005ppfr,0.027263429517930583
2184.4,58.74875,kao005ppfr,0.027107127647836248
2186.8,58.31625,kao005ppfr,0.026907568802623554
2189.3,57.870000000000005,kao005ppfr,0.026701665601060173
2191.7,57.41625,kao005ppfr,0.026492301841487317
2194.2,56.86125,kao005ppfr,0.026236220548786635
2196.6,56.06125,kao005ppfr,0.02586709436110998
2199.1,54.939375,kao005ppfr,0.02534945255886029
2201.5,53.609375,kao005ppfr,0.02473578027184785
2204.0,52.480625,kao005ppfr,0.024214966291422817
2206.4,52.185,kao005ppfr,0.02407856262988293
2208.9,52.92875,kao005ppfr,0.02442173463248857
2211.3,54.42875,kao005ppfr,0.0251138462343823
2213.7,56.21375,kao005ppfr,0.02593745904063584
2216.1,57.97125,kao005ppfr,0.026748383134187995
2218.6,59.53625,kao005ppfr,0.027470486238830458
2221.0,60.85375,kao005ppfr,0.02807839092916045
2223.4,61.90375,kao005ppfr,0.028562869050486064
2225.8,62.741875,kao005ppfr,0.028949586408044185
2228.2,63.33,kao005ppfr,0.029220951831953352
2230.6,63.751250000000006,kao005ppfr,0.029415319840151846
2233.1,64.061875,kao005ppfr,0.02955864461771067
2235.5,64.268125,kao005ppfr,0.029653809962971057
2237.9,64.4425,kao005ppfr,0.029734267936691202
2240.3,64.601875,kao005ppfr,0.029807804794392417
2242.7,64.71125,kao005ppfr,0.029858271265363834
2245.1,64.785,kao005ppfr,0.02989230008579027
2247.5,64.831875,kao005ppfr,0.02991392857334945
2249.9,64.833125,kao005ppfr,0.029914505333017694
2252.2,64.813125,kao005ppfr,0.02990527717832578
2254.6,64.73750000000001,kao005ppfr,0.029870383218396978
2257.0,64.636875,kao005ppfr,0.02982395406510327
2259.4,64.52375,kao005ppfr,0.029771757315127118
2261.8,64.400625,kao005ppfr,0.029714946487805007
2264.1,64.27625,kao005ppfr,0.029657558900814653
2266.5,64.13875,kao005ppfr,0.029594115337307724
2268.9,63.935,kao005ppfr,0.029500103511383827
2271.2,63.69,kao005ppfr,0.02938705861640785
2273.6,63.475625,kao005ppfr,0.02928814433330387
2276.0,63.2725,kao005ppfr,0.029194420887214093
2278.3,63.050625,kao005ppfr,0.029092046046100644
2280.7,62.822500000000005,kao005ppfr,0.028986787406645977
2283.0,62.625625,kao005ppfr,0.028895947758897422
2285.4,62.432500000000005,kao005ppfr,0.028806838390153605
2287.7,62.25,kao005ppfr,0.028722631478589868
2290.1,62.06,kao005ppfr,0.02863496400901666
2292.4,61.844375,kao005ppfr,0.028535472966244438
2294.8,61.641875,kao005ppfr,0.02844203789998878
2297.1,61.428125,kao005ppfr,0.028343411996718925
2299.4,61.19125,kao005ppfr,0.02823411603958654
2301.8,60.893125,kao005ppfr,0.02809655885871016
2304.1,60.589375,kao005ppfr,0.02795640625932668
2306.4,60.311875,kao005ppfr,0.02782836561297634
2308.7,60.045625,kao005ppfr,0.027705515803640203
2311.1,59.850625,kao005ppfr,0.02761554129539402
2313.4,59.710625,kao005ppfr,0.027550944212550603
2315.7,59.61625,kao005ppfr,0.027507398857598123
2318.0,59.544375,kao005ppfr,0.02747423517667405
2320.3,59.51625,kao005ppfr,0.02746125808413854
2322.6,59.528125,kao005ppfr,0.02746673730098687
2324.9,59.578125,kao005ppfr,0.027489807687716656
2327.2,59.65875,kao005ppfr,0.027527008686318445
2329.5,59.758125,kao005ppfr,0.027572861079943906
2331.8,59.873125,kao005ppfr,0.027625922969422425
2334.1,59.94437500000001,kao005ppfr,0.02765879827051238
2336.4,59.928125,kao005ppfr,0.027651300394825194
2338.7,59.855625,kao005ppfr,0.027617848334067
2341.0,59.706875,kao005ppfr,0.02754921393354587
2343.2,59.511875,kao005ppfr,0.027459239425299684
2345.5,59.25749999999999,kao005ppfr,0.02734186883281187
2347.8,59.015625,kao005ppfr,0.027230265837006506
2350.1,58.800625,kao005ppfr,0.027131063174068406
2352.4,58.635000000000005,kao005ppfr,0.027054642518025977
2354.6,58.47125,kao005ppfr,0.026979087001485907
2356.9,58.378125,kao005ppfr,0.02693611840620167
2359.1,58.334375,kao005ppfr,0.026915931817813106
2361.4,58.346875,kao005ppfr,0.02692169941449555
2363.7,58.31125,kao005ppfr,0.026905261763950576
2365.9,58.188125,kao005ppfr,0.026848450936628465
2368.2,58.01625,kao005ppfr,0.026769146482244807
2370.4,57.763125,kao005ppfr,0.026652352649425243
2372.7,57.48875,kao005ppfr,0.026525753902245514
2374.9,57.22625,kao005ppfr,0.02640463437191411
2377.2,56.995000000000005,kao005ppfr,0.02629793383328883
2379.4,56.81625,kao005ppfr,0.026215457200729823
2381.6,56.739375,kao005ppfr,0.02617998648113277
2383.9,56.739375,kao005ppfr,0.02617998648113277
2386.1,56.82375,kao005ppfr,0.02621891775873929
2388.3,57.00812500000001,kao005ppfr,0.0263039898098054
2390.6,57.23,kao005ppfr,0.02640636465091884
2392.8,57.43875,kao005ppfr,0.026502683515515723
2395.0,57.65875,kao005ppfr,0.0266041932171268
2397.2,57.895625,kao005ppfr,0.02671348917425919
2399.4,58.106875,kao005ppfr,0.026810961558192556
2401.6,58.2375,kao005ppfr,0.026871232943524132
2403.9,58.2625,kao005ppfr,0.026882768136889033
2406.1,58.25875,kao005ppfr,0.026881037857884295
2408.3,58.27125,kao005ppfr,0.026886805454566745
2410.5,58.21875,kao005ppfr,0.026862581548500464
2412.7,58.071250000000006,kao005ppfr,0.026794523907647583
2414.9,57.938125,kao005ppfr,0.02673309900297951
2417.1,57.795625,kao005ppfr,0.026667348400799606
2419.2,57.63,kao005ppfr,0.026590927744757173
2421.4,57.408750000000005,kao005ppfr,0.026488841283477848
2423.6,57.151250000000005,kao005ppfr,0.026370028791819426
2425.8,56.900625000000005,kao005ppfr,0.02625438847833635
2428.0,56.60000000000001,kao005ppfr,0.026115677778123483
2430.2,56.248125,kao005ppfr,0.025953319931512574
2432.3,55.895,kao005ppfr,0.025790385325233426
2434.5,55.526875,kao005ppfr,0.025620529602935337
2436.7,55.171875,kao005ppfr,0.02545672985715382
2438.8,54.84,kao005ppfr,0.025303600165234832
2441.0,54.538125,kao005ppfr,0.025164312705353718
2443.2,54.273125,kao005ppfr,0.025042039655685827
2445.3,54.030625,kao005ppfr,0.02493014828004634
2447.5,53.81375,kao005ppfr,0.02483008047760587
2449.6,53.674375,kao005ppfr,0.024765771774596577
2451.8,53.5625,kao005ppfr,0.02471415178428867
2453.9,53.4275,kao005ppfr,0.024651861740118235
2456.1,53.2925,kao005ppfr,0.024589571695947797
2458.2,53.186875,kao005ppfr,0.024540835503981114
2460.4,53.1075,kao005ppfr,0.024504211265047572
2462.5,53.02125,kao005ppfr,0.02446441484793868
2464.6,52.93875,kao005ppfr,0.024426348709834525
2466.8,52.868125,kao005ppfr,0.024393761788578695
2468.9,52.7875,kao005ppfr,0.02435656078997691
2471.0,52.69375,kao005ppfr,0.02431330381485855
2473.1,52.56875,kao005ppfr,0.024255627848034075
2475.2,52.400625000000005,kao005ppfr,0.024178053672655152
2477.4,52.169375,kao005ppfr,0.024071353134029867
2479.5,51.955625,kao005ppfr,0.023972727230760008
2481.6,51.77,kao005ppfr,0.023887078420025663
2483.7,51.53,kao005ppfr,0.023776340563722666
2485.8,51.320625,kao005ppfr,0.023679733319291664
2487.9,51.14375,kao005ppfr,0.023598121826235028
2490.0,51.00625,kao005ppfr,0.023534678262728103
2492.1,50.905,kao005ppfr,0.023487960729600275
2494.2,50.85187500000001,kao005ppfr,0.023463448443699877
2496.3,50.831875,kao005ppfr,0.023454220289007954
2498.4,50.822500000000005,kao005ppfr,0.023449894591496122
2500.5,50.815,kao005ppfr,0.02344643403348665
2502.6,50.74125,kao005ppfr,0.02341240521306021
2504.7,50.755,kao005ppfr,0.023418749569410903
2506.7,50.750625,kao005ppfr,0.023416730910572045
2508.8,50.713750000000005,kao005ppfr,0.023399716500358828
2510.9,50.735,kao005ppfr,0.023409521414718987
2513.0,50.833125,kao005ppfr,0.0234547970486762
339.3,34.774736842105256,kao5ck,0.02044265027922381
340.8,33.25894736842105,kao5ck,0.019551579435232943
342.3,32.37052631578948,kao5ck,0.01902931291278275
343.7,31.83789473684211,kao5ck,0.018716200518991512
345.2,30.928947368421053,kao5ck,0.018181867412195594
346.7,30.664736842105263,kao5ck,0.01802654881369441
348.1,29.56947368421052,kao5ck,0.017382688248991283
349.6,29.152105263157893,kao5ck,0.017137334367295188
351.1,28.40842105263157,kao5ck,0.016700152734462168
352.5,28.247368421052634,kao5ck,0.016605476457288142
354.0,27.94526315789474,kao5ck,0.016427881087687186
355.5,27.77526315789473,kao5ck,0.016327945017336816
357.0,27.639473684210525,kao5ck,0.01624811992089597
358.4,27.411578947368422,kao5ck,0.016114149894698733
359.9,27.276315789473685,kao5ck,0.016034634197856494
361.4,27.30684210526316,kao5ck,0.016052579374575753
362.8,27.11684210526316,kao5ck,0.015940886119478286
364.3,27.25263157894737,kao5ck,0.016020711215919137
365.8,27.29421052631579,kao5ck,0.016045153784209162
367.2,27.37736842105263,kao5ck,0.016094038920789217
368.7,27.55263157894737,kao5ck,0.01619706898712566
370.1,27.568947368421057,kao5ck,0.01620666037468251
371.6,27.648947368421048,kao5ck,0.01625368911367091
373.1,27.82210526315789,kao5ck,0.016355481581612923
374.5,27.86263157894737,kao5ck,0.01637930535070574
376.0,28.129473684210524,kao5ck,0.01653617094719996
377.5,28.25315789473684,kao5ck,0.016608879852872828
378.9,28.32842105263158,kao5ck,0.016653123995473765
380.4,28.49473684210526,kao5ck,0.01675089426863387
381.9,28.51473684210526,kao5ck,0.016762651453380975
383.3,28.751578947368422,kao5ck,0.01690188127275455
384.8,28.852631578947364,kao5ck,0.01696128599568727
386.2,29.095789473684214,kao5ck,0.017104228610244143
387.7,29.238421052631576,kao5ck,0.01718807590146689
389.2,29.28,kao5ck,0.01721251846975692
390.6,29.40368421052632,kao5ck,0.017285227375429788
392.1,29.45578947368421,kao5ck,0.017315857935691972
393.6,29.55,kao5ck,0.017371240463842794
395.0,29.738421052631576,kao5ck,0.017482005520144433
396.5,29.856842105263155,kao5ck,0.01755162042983122
397.9,29.98526315789474,kao5ck,0.01762711393189156
399.4,30.081052631578945,kao5ck,0.017683424658838202
400.9,30.164210526315788,kao5ck,0.017732309795418257
402.3,30.29578947368421,kao5ck,0.017809659695070243
403.8,30.41631578947369,kao5ck,0.017880512203151466
405.2,30.54421052631579,kao5ck,0.01795569630561319
406.7,30.723157894736843,kao5ck,0.01806089216913989
408.1,30.811578947368425,kao5ck,0.018112871301706027
409.6,30.935789473684213,kao5ck,0.0181858896069775
411.1,31.06368421052632,kao5ck,0.01826107370943923
412.5,31.24473684210527,kao5ck,0.018367507171360365
414.0,31.39684210526316,kao5ck,0.018456923655358056
415.4,31.589473684210528,kao5ck,0.018570163908448564
416.9,31.75894736842105,kao5ck,0.018669790579200318
418.3,31.93526315789474,kao5ck,0.01877343944473398
419.8,32.12263157894737,kao5ck,0.018883585701838405
421.2,32.26894736842105,kao5ck,0.01896959879025141
422.7,32.47894736842105,kao5ck,0.01909304923009598
424.1,32.666842105263164,kao5ck,0.01920350488679902
425.6,32.87842105263159,kao5ck,0.01932788352543941
427.0,33.095263157894735,kao5ck,0.019455356160065877
428.5,33.30263157894737,kao5ck,0.019577259601917408
429.9,33.50105263157894,kao5ck,0.019693903250592597
431.4,33.69684210526315,kao5ck,0.01980899990127475
432.8,33.90210526315789,kao5ck,0.01992966574473185
434.3,34.11736842105264,kao5ck,0.0200562101805625
435.7,34.34736842105264,kao5ck,0.020191417805154172
437.2,34.57,kao5ck,0.020322293835365324
438.6,34.76842105263158,kao5ck,0.02043893748404052
440.1,34.981578947368426,kao5ck,0.020564244321476736
441.5,35.16526315789473,kao5ck,0.0206722247813909
443.0,35.36,kao5ck,0.020786702632875843
444.4,35.57684210526316,kao5ck,0.020914175267502316
445.8,35.78578947368421,kao5ck,0.021037006908149667
447.3,35.98842105263158,kao5ck,0.021156125753613725
448.7,36.19263157894736,kao5ck,0.0212761727978736
450.2,36.38105263157895,kao5ck,0.02138693785417525
451.6,36.58210526315789,kao5ck,0.02150512850084348
453.0,36.76631578947369,kao5ck,0.02161341836035626
454.5,36.9721052631579,kao5ck,0.021734393603411967
455.9,37.15842105263158,kao5ck,0.021843921061319174
457.4,37.33631578947369,kao5ck,0.02194849812564866
458.8,37.516842105263166,kao5ck,0.022054622187971187
460.2,37.6978947368421,kao5ck,0.022161055649892313
461.7,37.86842105263158,kao5ck,0.022261301119841287
463.1,38.02894736842106,kao5ck,0.02235566799741671
464.5,38.19157894736842,kao5ck,0.02245127247338656
466.0,38.35947368421053,kao5ck,0.022549970945342494
467.4,38.51315789473684,kao5ck,0.022640315628136013
468.9,38.65894736842105,kao5ck,0.02272601931695041
470.3,38.81526315789474,kao5ck,0.022817910997736973
471.7,38.95842105263158,kao5ck,0.02290206768855833
473.1,39.10210526315789,kao5ck,0.02298653377897829
474.6,39.24473684210526,kao5ck,0.023070381070201047
476.0,39.37526315789473,kao5ck,0.023147112170655813
477.4,39.52789473684211,kao5ck,0.023236838054252123
478.9,39.66421052631578,kao5ck,0.02331697255029157
480.3,39.82000000000001,kao5ck,0.023408554831479533
481.7,39.96473684210527,kao5ck,0.023493639721096714
483.1,40.125263157894736,kao5ck,0.02358800659867213
484.6,40.27105263157896,kao5ck,0.02367371028748654
486.0,40.41368421052632,kao5ck,0.023757557578709287
487.4,40.54578947368421,kao5ck,0.023835216877959874
488.9,40.68894736842106,kao5ck,0.02391937356878124
490.3,40.83105263157895,kao5ck,0.024002911460405382
491.7,40.96473684210527,kao5ck,0.0240814989584518
493.1,41.095789473684206,kao5ck,0.02415853945850517
494.5,41.22052631578948,kao5ck,0.02423186716337526
496.0,41.35368421052632,kao5ck,0.024310145261823065
497.4,41.48368421052632,kao5ck,0.024386566962679226
498.8,41.60684210526315,kao5ck,0.02445896646875348
500.2,41.74315789473685,kao5ck,0.02453910096479294
501.6,41.85947368421053,kao5ck,0.024607478276085296
503.1,41.98842105263159,kao5ck,0.024683281177744244
504.5,42.10631578947369,kao5ck,0.024752586687832423
505.9,42.23473684210527,kao5ck,0.02482808018989276
507.3,42.37052631578948,kao5ck,0.02490790528633361
508.7,42.515263157894736,kao5ck,0.02499299017595079
510.1,42.64,kao5ck,0.02506631788082087
511.6,42.78421052631579,kao5ck,0.025151093370839445
513.0,42.91,kao5ck,0.025225039874906742
514.4,43.03842105263158,kao5ck,0.02530053337696708
515.8,43.17052631578946,kao5ck,0.025378192676217666
517.2,43.30263157894737,kao5ck,0.025455851975468267
518.6,43.435263157894745,kao5ck,0.025533820674317472
520.0,43.56842105263158,kao5ck,0.025612098772765275
521.5,43.69210526315789,kao5ck,0.02568480767843814
522.9,43.81315789473685,kao5ck,0.02575596958611797
524.3,43.93947368421053,kao5ck,0.02583022548978388
525.7,44.056315789473686,kao5ck,0.025898912200674837
527.1,44.12578947368421,kao5ck,0.025939752947691082
528.5,44.16631578947369,kao5ck,0.0259635767167839
529.9,44.26157894736842,kao5ck,0.026019578044131932
531.3,44.39789473684211,kao5ck,0.026099712540171394
532.7,44.56947368421053,kao5ck,0.026200576809317578
534.1,44.74526315789473,kao5ck,0.026303916275252626
535.5,44.89,kao5ck,0.026389001164869814
536.9,45.00736842105264,kao5ck,0.02645799727535939
538.3,45.14947368421052,kao5ck,0.026541535166983526
539.7,45.25368421052631,kao5ck,0.026602796287507897
541.1,45.38210526315789,kao5ck,0.026678289789568235
542.5,45.50842105263158,kao5ck,0.026752545693234146
544.0,45.62368421052632,kao5ck,0.026820304205329284
545.3,45.77947368421053,kao5ck,0.026911886486517232
546.8,46.00842105263157,kao5ck,0.02704647531191168
548.2,46.17473684210526,kao5ck,0.027144245585071794
549.5,46.28105263157895,kao5ck,0.0272067443039906
550.9,46.43368421052632,kao5ck,0.027296470187586904
552.3,46.58631578947368,kao5ck,0.027386196071183203
553.7,46.6178947368421,kao5ck,0.02740476004709968
555.1,46.56736842105263,kao5ck,0.027375057685633315
556.5,46.60578947368421,kao5ck,0.0273976438563317
557.9,46.69736842105263,kao5ck,0.02745147938648948
559.3,46.82,kao5ck,0.027523569492965128
560.7,46.93578947368421,kao5ck,0.027591637404658875
562.1,47.03684210526316,kao5ck,0.027651042127591605
563.5,47.15210526315789,kao5ck,0.02771880063968674
564.9,47.25526315789473,kao5ck,0.02777944296101389
566.3,47.357894736842105,kao5ck,0.027839775882742446
567.7,47.46421052631579,kao5ck,0.027902274601661246
569.1,47.56842105263157,kao5ck,0.027963535722185615
570.5,47.67421052631579,kao5ck,0.028025725041505817
571.8,47.77421052631578,kao5ck,0.028084510965241317
573.2,47.87421052631579,kao5ck,0.028143296888976835
574.6,47.98052631578948,kao5ck,0.028205795607895642
576.0,48.08315789473684,kao5ck,0.028266128529624186
577.4,48.17631578947368,kao5ck,0.02832089225857779
578.8,48.268947368421045,kao5ck,0.028375346587932785
580.2,48.35947368421051,kao5ck,0.028428563318893346
581.5,48.45,kao5ck,0.02848178004985392
582.9,48.53684210526316,kao5ck,0.028532830983624233
584.3,48.619473684210526,kao5ck,0.028581406720605676
585.7,48.69947368421053,kao5ck,0.028628435459594086
587.1,48.77736842105264,kao5ck,0.028674226600188066
588.5,48.84894736842105,kao5ck,0.028716304945598736
589.8,48.91684210526317,kao5ck,0.02875621749381917
591.2,48.98315789473684,kao5ck,0.028795201843243762
592.6,49.04684210526316,kao5ck,0.028832639194675325
594.0,49.10526315789473,kao5ck,0.028866982550120802
595.4,49.15684210526315,kao5ck,0.02889730371078438
596.7,49.20947368421052,kao5ck,0.028928243670645174
598.1,49.2542105263158,kao5ck,0.02895454263652686
599.5,49.30052631578948,kao5ck,0.028981769801204357
600.9,49.34736842105264,kao5ck,0.029009306365480464
602.2,49.392105263157895,kao5ck,0.02903560533136213
603.6,49.44263157894738,kao5ck,0.0290653076928285
605.0,49.48631578947368,kao5ck,0.02909098785951295
606.4,49.53368421052632,kao5ck,0.02911883382338767
607.7,49.58263157894736,kao5ck,0.0291476079860582
609.1,49.63842105263157,kao5ck,0.029180404343510644
610.5,49.69368421052632,kao5ck,0.029212891301364487
611.9,49.75,kao5ck,0.029245997058415532
613.2,49.81473684210526,kao5ck,0.029284053209044307
614.6,49.88000000000001,kao5ck,0.029322418759271697
616.0,49.95157894736842,kao5ck,0.02936449710468237
617.3,50.01368421052632,kao5ck,0.02940100625731811
618.7,50.07578947368421,kao5ck,0.029437515409953846
620.1,50.14368421052631,kao5ck,0.029477427958174266
621.5,50.21052631578947,kao5ck,0.029516721707197477
622.8,50.27789473684211,kao5ck,0.029556324855819296
624.2,50.34578947368421,kao5ck,0.029596237404039723
625.5,50.40315789473684,kao5ck,0.029629961960287984
626.9,50.463157894736845,kao5ck,0.029665233514529293
628.3,50.5178947368421,kao5ck,0.029697411072784514
629.6,50.57263157894737,kao5ck,0.029729588631039746
631.0,50.626315789473686,kao5ck,0.029761147390097754
632.4,50.67473684210527,kao5ck,0.029789612153169685
633.7,50.71894736842105,kao5ck,0.029815601719452748
635.1,50.75315789473684,kao5ck,0.029835712693362264
636.5,50.77473684210526,kao5ck,0.029848398076905192
637.8,50.80052631578947,kao5ck,0.02986355865723698
639.2,50.81315789473685,kao5ck,0.029870984247603573
640.5,50.80947368421052,kao5ck,0.029868818450413313
641.9,50.79315789473685,kao5ck,0.029859227062856476
643.2,50.75789473684211,kao5ck,0.02983849728974974
644.6,50.7021052631579,kao5ck,0.029805700932297296
646.0,50.65578947368421,kao5ck,0.029778473767619794
647.3,50.62052631578947,kao5ck,0.029757743994513062
648.7,50.573157894736845,kao5ck,0.02972989803063835
650.0,50.52842105263158,kao5ck,0.029703599064756676
651.4,50.47526315789474,kao5ck,0.029672349705297273
652.7,50.34,kao5ck,0.029592834008455034
654.1,50.16473684210526,kao5ck,0.02948980394211859
655.4,50.048947368421054,kao5ck,0.029421736030424844
656.8,49.96894736842105,kao5ck,0.029374707291436434
658.1,49.90315789473684,kao5ck,0.029336032341610443
659.5,49.84368421052632,kao5ck,0.02930107018696775
660.8,49.75210526315789,kao5ck,0.029247234656809958
662.2,49.67736842105264,kao5ck,0.029203299913807643
663.5,49.62789473684211,kao5ck,0.029174216351538492
664.9,49.57368421052632,kao5ck,0.029142348192881872
666.2,49.55736842105264,kao5ck,0.029132756805325028
667.6,49.55368421052631,kao5ck,0.029130591008134768
668.9,49.626842105263165,kao5ck,0.02917359755234128
670.3,49.86473684210527,kao5ck,0.02931344617091207
671.6,50.12526315789474,kao5ck,0.029466598972222997
673.0,50.28684210526317,kao5ck,0.029561584648995637
674.3,50.524736842105256,kao5ck,0.029701433267566416
675.6,50.78947368421052,kao5ck,0.02985706126566621
677.0,50.90105263157896,kao5ck,0.029922653980571107
678.3,50.89947368421053,kao5ck,0.029921725781775273
679.7,50.98157894736841,kao5ck,0.029969992119158104
681.0,51.15105263157894,kao5ck,0.030069618789909866
682.3,51.33052631578947,kao5ck,0.030175124053035175
683.7,51.51157894736842,kao5ck,0.030281557514956307
685.0,51.68631578947368,kao5ck,0.030384278181694143
686.4,51.85473684210526,kao5ck,0.03048328605324868
687.7,52.01736842105263,kao5ck,0.030578890529218538
689.0,52.16894736842105,kao5ck,0.030667997613617624
690.4,52.32210526315789,kao5ck,0.03075803289681253
691.7,52.46842105263158,kao5ck,0.03084404598522554
693.0,52.60368421052631,kao5ck,0.03092356168206778
694.4,52.74473684210527,kao5ck,0.031006480774494714
695.7,52.8778947368421,kao5ck,0.031084758872942517
697.0,53.02157894736841,kao5ck,0.031169224963362482
698.4,53.15842105263158,kao5ck,0.031249668859000553
699.7,53.30315789473684,kao5ck,0.03133475374861774
701.0,53.43578947368421,kao5ck,0.031412722447466936
702.4,53.57263157894737,kao5ck,0.031493166343105006
703.7,53.70842105263158,kao5ck,0.031572991439545846
705.0,53.84473684210526,kao5ck,0.03165312593558531
706.3,53.98315789473685,kao5ck,0.031734498030019195
707.7,54.11631578947369,kao5ck,0.031812776128467
709.0,54.258947368421055,kao5ck,0.031896623419689754
710.3,54.38473684210526,kao5ck,0.031970569923757054
711.6,54.50210526315789,kao5ck,0.03203956603424662
713.0,54.62052631578947,kao5ck,0.032109180943933405
714.3,54.74631578947369,kao5ck,0.03218312744800071
715.6,54.86105263157894,kao5ck,0.032250576560497235
716.9,54.98315789473685,kao5ck,0.032322357267374285
718.2,55.09736842105263,kao5ck,0.0323894969802722
719.6,55.204736842105255,kao5ck,0.03245261449838822
720.9,55.30736842105264,kao5ck,0.032512947420116775
722.2,55.405789473684216,kao5ck,0.03257080514505646
723.5,55.514210526315786,kao5ck,0.03263454146236969
724.8,55.61263157894737,kao5ck,0.03269239918730938
726.2,55.71315789473684,kao5ck,0.03275149451064349
727.5,55.813684210526304,kao5ck,0.0328105898339776
728.8,55.90894736842105,kao5ck,0.03286659116132565
730.1,56.00105263157894,kao5ck,0.03292073609108203
731.4,56.08789473684211,kao5ck,0.032971787024852345
732.7,56.17526315789475,kao5ck,0.03302314735822127
734.0,56.264210526315786,kao5ck,0.033075435890386
735.3,56.3536842105263,kao5ck,0.03312803382214935
736.7,56.43526315789474,kao5ck,0.033175990759933584
738.0,56.51473684210527,kao5ck,0.03322271009932339
739.3,56.59631578947369,kao5ck,0.03327066703710762
740.6,56.672105263157896,kao5ck,0.03331522057930716
741.9,56.75368421052631,kao5ck,0.033363177517091384
743.2,56.826842105263175,kao5ck,0.0334061840612979
744.5,56.89578947368421,kao5ck,0.033446715408715536
745.8,56.96736842105263,kao5ck,0.033488793754126216
747.1,57.04157894736843,kao5ck,0.033532419097529936
748.4,57.114210526315794,kao5ck,0.03357511624213783
749.7,57.19526315789473,kao5ck,0.033622763780323445
751.0,57.27105263157896,kao5ck,0.033667317322523004
752.3,57.33631578947368,kao5ck,0.03370568287275038
753.6,57.40368421052632,kao5ck,0.0337452860213722
754.9,57.46263157894737,kao5ck,0.03377993877641628
756.2,57.52473684210526,kao5ck,0.03381644792905202
757.5,57.58789473684211,kao5ck,0.03385357588088498
758.8,57.65526315789473,kao5ck,0.03389317902950679
760.1,57.72052631578948,kao5ck,0.03393154457973418
761.4,57.783157894736846,kao5ck,0.03396836313196852
762.7,57.83894736842105,kao5ck,0.034001159489420965
764.0,57.9,kao5ck,0.03403704984285948
765.3,57.96263157894737,kao5ck,0.034073868395093826
766.6,58.02315789473685,kao5ck,0.03410944934893374
767.9,58.07947368421053,kao5ck,0.03414255510598479
769.2,58.142105263157895,kao5ck,0.03417937365821914
770.4,58.19052631578947,kao5ck,0.03420783842129106
771.7,58.25105263157894,kao5ck,0.03424341937513098
773.0,58.30736842105264,kao5ck,0.03427652513218203
774.3,58.35684210526315,kao5ck,0.03430560869445117
775.6,58.41421052631578,kao5ck,0.03433933325069943
776.9,58.46315789473684,kao5ck,0.03436810741336998
778.2,58.51052631578948,kao5ck,0.034395953377244694
779.4,58.57157894736843,kao5ck,0.03443184373068322
780.7,58.62157894736842,kao5ck,0.03446123669255097
782.0,58.67263157894737,kao5ck,0.03449124845361594
783.3,58.72315789473683,kao5ck,0.034520950815082295
784.5,58.77684210526316,kao5ck,0.034552509574140314
785.8,58.82947368421053,kao5ck,0.0345834495340011
787.1,58.87210526315791,kao5ck,0.03460851090148836
788.4,58.92052631578947,kao5ck,0.034636975664560275
789.7,58.968421052631584,kao5ck,0.034665131028033605
790.9,59.01473684210527,kao5ck,0.034692358192711104
792.2,59.06789473684211,kao5ck,0.03472360755217051
793.5,59.11842105263158,kao5ck,0.034753309913636864
794.8,59.16,kao5ck,0.03477775248192689
796.0,59.20684210526316,kao5ck,0.034805289046203
797.3,59.24210526315789,kao5ck,0.034826018819309724
798.5,59.29,kao5ck,0.034854174182783054
799.8,59.3278947368421,kao5ck,0.034876450953882816
801.1,59.37999999999999,kao5ck,0.034907081514145004
802.3,59.42842105263159,kao5ck,0.03493554627721695
803.6,59.46315789473685,kao5ck,0.03495596665072507
804.9,59.5042105263158,kao5ck,0.034980099819416494
806.1,59.55,kao5ck,0.03500701758449537
807.4,59.58894736842105,kao5ck,0.03502991315479236
808.7,59.62947368421052,kao5ck,0.03505373692388517
809.9,59.67947368421052,kao5ck,0.03508312988575293
811.2,59.71421052631579,kao5ck,0.035103550259261054
812.4,59.7442105263158,kao5ck,0.03512118603638171
813.7,59.783157894736846,kao5ck,0.035144081606678694
815.0,59.817894736842106,kao5ck,0.035164501980186814
816.2,59.85684210526316,kao5ck,0.03518739755048381
817.5,59.88947368421052,kao5ck,0.035206580325597495
818.7,59.94105263157896,kao5ck,0.03523690148626108
820.0,59.968947368421055,kao5ck,0.035253299664987296
821.2,60.00368421052631,kao5ck,0.03527372003849542
822.5,60.02473684210526,kao5ck,0.035286096022439734
823.7,60.04105263157894,kao5ck,0.03529568740999658
825.0,60.0757894736842,kao5ck,0.035316107783504705
826.2,60.126842105263165,kao5ck,0.03534611954456968
827.5,60.17789473684211,kao5ck,0.035376131305634655
828.7,60.23421052631579,kao5ck,0.0354092370626857
829.9,60.2678947368421,kao5ck,0.035429038636996604
831.2,60.275263157894734,kao5ck,0.03543337023137712
832.4,60.28052631578947,kao5ck,0.0354364642273632
833.7,60.30684210526315,kao5ck,0.03545193420729359
834.9,60.34473684210527,kao5ck,0.035474210978393365
836.1,60.38,kao5ck,0.0354949407515001
837.4,60.40315789473684,kao5ck,0.03550855433383884
838.6,60.438421052631575,kao5ck,0.03552928410694558
839.8,60.44631578947367,kao5ck,0.03553392510092469
841.1,60.48421052631578,kao5ck,0.03555620187202446
842.3,60.52473684210528,kao5ck,0.035580025641117285
843.5,60.56789473684211,kao5ck,0.035605396408203135
844.8,60.57578947368421,kao5ck,0.03561003740218225
846.0,60.60842105263156,kao5ck,0.03562922017729593
847.2,60.62,kao5ck,0.035636026968465316
848.5,60.647894736842105,kao5ck,0.03565242514719154
849.7,60.67473684210526,kao5ck,0.035668204526720544
850.9,60.704736842105255,kao5ck,0.03568584030384119
852.2,60.72578947368421,kao5ck,0.035698216287785516
853.4,60.75157894736843,kao5ck,0.035713376868117305
854.6,60.77684210526316,kao5ck,0.03572822804885048
855.8,60.8,kao5ck,0.03574184163118923
857.0,60.82736842105263,kao5ck,0.03575793041031684
858.3,60.84684210526316,kao5ck,0.035769378195465336
859.5,60.87368421052632,kao5ck,0.03578515757499435
860.7,60.88368421052631,kao5ck,0.035791036167367896
861.9,60.90105263157894,kao5ck,0.035801246354121956
863.1,60.92842105263157,kao5ck,0.03581733513324956
864.3,60.96368421052632,kao5ck,0.035838064906356305
865.5,60.970000000000006,kao5ck,0.0358417777015396
866.8,61.00157894736842,kao5ck,0.035860341677456074
868.0,61.02421052631579,kao5ck,0.035873645860196215
869.2,61.03210526315789,kao5ck,0.03587828685417533
870.4,61.05947368421053,kao5ck,0.03589437563330295
871.6,61.08,kao5ck,0.03590644221764865
872.8,61.1,kao5ck,0.03591819940239576
874.0,61.1178947368421,kao5ck,0.03592871898874843
875.2,61.13736842105264,kao5ck,0.03594016677389693
876.4,61.166315789473686,kao5ck,0.03595718375182036
877.6,61.18157894736842,kao5ck,0.03596615634017999
878.8,61.18894736842105,kao5ck,0.035970487934560494
880.0,61.20842105263158,kao5ck,0.03598193571970899
881.2,61.21842105263157,kao5ck,0.03598781431208254
882.4,61.25947368421052,kao5ck,0.03601194748077396
883.6,61.27368421052631,kao5ck,0.036020301269936376
884.8,61.27421052631578,kao5ck,0.03602061066953498
886.0,61.28263157894736,kao5ck,0.03602556106311271
887.2,61.31105263157894,kao5ck,0.03604226864143754
888.4,61.33894736842105,kao5ck,0.036058666820163766
889.6,61.36105263157896,kao5ck,0.0360716616033053
890.8,61.380526315789474,kao5ck,0.03608310938845379
892.0,61.39894736842105,kao5ck,0.03609393837440507
893.2,61.39842105263159,kao5ck,0.03609362897480647
894.3,61.40473684210527,kao5ck,0.036097341769989764
895.5,61.422105263157896,kao5ck,0.03610755195674382
896.7,61.4278947368421,kao5ck,0.0361109553523285
897.9,61.49421052631578,kao5ck,0.0361499397017531
899.1,61.49368421052631,kao5ck,0.0361496303021545
900.3,61.52894736842105,kao5ck,0.036170360075261226
901.5,61.5042105263158,kao5ck,0.03615581829412667
902.6,61.54368421052632,kao5ck,0.03617902326402225
903.8,61.5484210526316,kao5ck,0.03618180786040974
905.0,61.54894736842105,kao5ck,0.03618211726000833
906.2,61.55052631578948,kao5ck,0.03618304545880416
907.4,61.56684210526317,kao5ck,0.03619263684636101
908.5,61.56473684210526,kao5ck,0.03619139924796657
909.7,61.58,kao5ck,0.0362003718363262
910.9,61.60105263157895,kao5ck,0.03621274782027052
912.1,61.62105263157895,kao5ck,0.03622450500501762
913.2,61.64315789473683,kao5ck,0.03623749978815915
914.4,61.63684210526316,kao5ck,0.03623378699297586
915.6,61.63947368421052,kao5ck,0.03623533399096889
916.8,61.66999999999999,kao5ck,0.03625327916768815
917.9,61.688421052631575,kao5ck,0.03626410815363943
919.1,61.7421052631579,kao5ck,0.03629566691269745
920.2,61.73421052631579,kao5ck,0.03629102591871833
921.4,61.72052631578948,kao5ck,0.036282981529154525
922.6,61.70736842105264,kao5ck,0.03627524653918933
923.8,61.72526315789474,kao5ck,0.03628576612554199
924.9,61.76157894736842,kao5ck,0.036307114697845935
926.1,61.81999999999999,kao5ck,0.03634145805329141
927.2,61.81947368421052,kao5ck,0.03634114865369281
928.4,61.83684210526315,kao5ck,0.03635135884044687
929.6,61.79052631578947,kao5ck,0.036324131675769374
930.7,61.79842105263158,kao5ck,0.036328772669748495
931.9,61.81684210526316,kao5ck,0.03633960165569978
933.0,61.87,kao5ck,0.036370851015159175
934.2,61.87368421052632,kao5ck,0.03637301681234943
935.3,61.85842105263159,kao5ck,0.036364044223989804
936.5,61.876315789473686,kao5ck,0.03637456381034247
937.7,61.8621052631579,kao5ck,0.03636621002118006
938.8,61.88578947368422,kao5ck,0.03638013300311742
940.0,61.89947368421053,kao5ck,0.03638817739268122
941.1,61.90684210526317,kao5ck,0.03639250898706174
942.3,61.90157894736843,kao5ck,0.036389414991075654
943.4,61.923684210526304,kao5ck,0.03640240977421718
944.6,61.91736842105264,kao5ck,0.0363986969790339
945.7,61.89526315789474,kao5ck,0.03638570219589236
946.9,61.87105263157895,kao5ck,0.03637146981435639
948.0,61.890526315789465,kao5ck,0.03638291759950488
949.2,61.88631578947369,kao5ck,0.036380442402716026
950.3,61.87263157894736,kao5ck,0.03637239801315221
951.5,61.85578947368421,kao5ck,0.036362497225996764
952.6,61.84684210526314,kao5ck,0.03635723743282042
953.8,61.84947368421052,kao5ck,0.036358784430813466
954.9,61.84105263157894,kao5ck,0.03635383403723574
956.1,61.876315789473686,kao5ck,0.03637456381034247
957.2,61.89947368421053,kao5ck,0.03638817739268122
958.3,61.92526315789473,kao5ck,0.036403337973013004
959.5,61.931578947368415,kao5ck,0.0364070507681963
960.6,61.96157894736842,kao5ck,0.036424686545316956
961.8,62.00473684210526,kao5ck,0.036450057312402806
962.9,61.935263157894745,kao5ck,0.036409216565386565
964.1,61.882105263157904,kao5ck,0.03637796720592716
965.2,61.73052631578948,kao5ck,0.03628886012152808
966.3,61.6,kao5ck,0.036212129021073305
967.5,61.67052631578946,kao5ck,0.036253588567286756
968.6,61.760000000000005,kao5ck,0.03630618649905012
969.8,61.96315789473684,kao5ck,0.03642561474411278
970.9,62.04842105263158,kao5ck,0.03647573747908727
972.1,62.10526315789474,kao5ck,0.036509152635736924
973.2,62.17578947368422,kao5ck,0.036550612181950395
974.3,62.23105263157896,kao5ck,0.03658309913980423
975.5,62.35263157894736,kao5ck,0.03665457044708265
976.6,62.38684210526316,kao5ck,0.03667468142099217
977.8,62.26736842105263,kao5ck,0.03660444771210817
978.9,62.228947368421046,kao5ck,0.036581861541409785
980.0,62.16000000000001,kao5ck,0.03654133019399216
981.2,62.22473684210527,kao5ck,0.036579386344620934
982.3,62.27894736842105,kao5ck,0.03661125450327754
983.5,62.39263157894737,kao5ck,0.03667808481657686
984.6,62.376315789473686,kao5ck,0.03666849342902002
985.7,62.28789473684212,kao5ck,0.036616514296453885
986.9,62.2278947368421,kao5ck,0.036581242742212576
988.0,62.15,kao5ck,0.0365354516016186
989.1,62.28631578947369,kao5ck,0.03661558609765806
992.0,63.40526315789474,kao5ck,0.03727336964429854
995.9,63.38315789473685,kao5ck,0.037260374861157006
999.7,63.35,kao5ck,0.0372408826864447
1003.6,63.40368421052632,kao5ck,0.037272441445502714
1007.4,63.43526315789474,kao5ck,0.037291005421419186
1011.3,63.48210526315789,kao5ck,0.03731854198569529
1015.1,63.51368421052632,kao5ck,0.03733710596161177
1019.0,63.533157894736846,kao5ck,0.037348553746760264
1022.8,63.526315789473685,kao5ck,0.03734453155197836
1026.7,63.48578947368421,kao5ck,0.03732070778288555
1030.5,63.47473684210527,kao5ck,0.03731421039131479
1034.4,63.42578947368422,kao5ck,0.03728543622864425
1038.2,63.462105263157895,kao5ck,0.03730678480094819
1042.1,63.49263157894736,kao5ck,0.03732472997766745
1045.9,63.50631578947368,kao5ck,0.03733277436723126
1049.7,63.54947368421052,kao5ck,0.03735814513431711
1053.6,63.51105263157893,kao5ck,0.03733555896361872
1057.4,63.57578947368421,kao5ck,0.037373615114247506
1061.2,63.57842105263159,kao5ck,0.037375162112240554
1065.1,63.56894736842106,kao5ck,0.03736959291946561
1068.9,63.63315789473684,kao5ck,0.037407339670495775
1072.7,63.66263157894736,kao5ck,0.037424666048017814
1076.6,63.60736842105263,kao5ck,0.037392179090163985
1080.4,63.626842105263165,kao5ck,0.037403626875312485
1084.2,63.68894736842106,kao5ck,0.03744013602794822
1088.0,63.706315789473685,kao5ck,0.03745034621470228
1091.8,63.64894736842105,kao5ck,0.03741662165845401
1095.7,63.60999999999999,kao5ck,0.03739372608815702
1099.5,63.58947368421053,kao5ck,0.03738165950381132
1103.3,63.635263157894734,kao5ck,0.03740857726889021
1107.1,63.69947368421054,kao5ck,0.03744632401992038
1110.9,63.74105263157895,kao5ck,0.03747076658821041
1114.8,63.82052631578948,kao5ck,0.0375174859276002
1118.6,63.853157894736846,kao5ck,0.037536668702713896
1122.4,63.94157894736841,kao5ck,0.03758864783528002
1126.2,64.0278947368421,kao5ck,0.03763938936945173
1130.0,64.10578947368421,kao5ck,0.037685180510045706
1133.8,64.18578947368422,kao5ck,0.037732209249034115
1137.6,64.26157894736842,kao5ck,0.03777676279123365
1141.4,64.34315789473685,kao5ck,0.03782471972901789
1145.2,64.41421052631578,kao5ck,0.03786648867482995
1149.0,64.52526315789474,kao5ck,0.03793177199013623
1152.8,64.76947368421054,kao5ck,0.03807533340389033
1156.6,65.10315789473684,kao5ck,0.03827149274940775
1160.4,65.36578947368422,kao5ck,0.03842588314911312
1164.2,65.57947368421053,kao5ck,0.038551499386147936
1168.0,65.5942105263158,kao5ck,0.03856016257490897
1171.8,65.56947368421052,kao5ck,0.03854562079377438
1175.6,65.44421052631579,kao5ck,0.03847198368930569
1179.4,65.19684210526314,kao5ck,0.038326565877959955
1183.2,64.8157894736842,kao5ck,0.03810256056856781
1187.0,64.44684210526317,kao5ck,0.037885671449943654
1190.7,64.19315789473684,kao5ck,0.03773654084341462
1194.5,64.05421052631579,kao5ck,0.037654859349382126
1198.3,64.05368421052631,kao5ck,0.03765454994978352
1202.1,64.0142105263158,kao5ck,0.037631344979887925
1205.9,63.99105263157895,kao5ck,0.037617731397549176
1209.7,64.04157894736842,kao5ck,0.03764743375901554
1213.4,64.0321052631579,kao5ck,0.0376418645662406
1217.2,63.981578947368426,kao5ck,0.03761216220477423
1221.0,63.93789473684211,kao5ck,0.03758648203808977
1224.8,63.88052631578949,kao5ck,0.03755275748184152
1228.5,63.8278947368421,kao5ck,0.03752181752198071
1232.3,63.79315789473684,kao5ck,0.03750139714847259
1236.1,63.75684210526315,kao5ck,0.037480048576168636
1239.8,63.718421052631584,kao5ck,0.037457462405470265
1243.6,63.797894736842096,kao5ck,0.03750418174486005
1247.4,63.85947368421052,kao5ck,0.037540381497897186
1251.1,63.86368421052632,kao5ck,0.03754285669468606
1254.9,63.94368421052633,kao5ck,0.03758988543367447
1258.7,63.98842105263159,kao5ck,0.037616184399556135
1262.4,63.997894736842106,kao5ck,0.037621753592331074
1266.2,63.968421052631584,kao5ck,0.037604427214809034
1269.9,63.95263157894736,kao5ck,0.03759514522685079
1273.7,63.95736842105264,kao5ck,0.03759792982323827
1277.4,63.9642105263158,kao5ck,0.03760195201802018
1281.2,63.93263157894738,kao5ck,0.0375833880421037
1284.9,63.740526315789474,kao5ck,0.03747045718861179
1288.7,63.63736842105263,kao5ck,0.03740981486728463
1292.4,63.44315789473685,kao5ck,0.037295646415398315
1296.2,63.35736842105262,kao5ck,0.03724521428082521
1299.9,63.20052631578948,kao5ck,0.03715301320044005
1303.7,63.08631578947368,kao5ck,0.03708587348754212
1307.4,62.96368421052631,kao5ck,0.03701378338106647
1311.2,62.87684210526317,kao5ck,0.03696273244729617
1314.9,62.783157894736846,kao5ck,0.03690765931874395
1318.7,62.71473684210528,kao5ck,0.03686743737092493
1322.4,62.59894736842104,kao5ck,0.036799369459231165
1326.1,62.516315789473694,kao5ck,0.03675079372224973
1329.9,62.446315789473694,kao5ck,0.03670964357563487
1333.6,62.37473684210527,kao5ck,0.03666756523022419
1337.3,62.34263157894736,kao5ck,0.0366486918547091
1341.1,62.25105263157896,kao5ck,0.03659485632455133
1344.8,62.00052631578947,kao5ck,0.03644758211561394
1348.5,61.5921052631579,kao5ck,0.036207488027094184
1352.2,61.15368421052632,kao5ck,0.03594975816145377
1356.0,60.81368421052632,kao5ck,0.03574988602075304
1359.7,60.68684210526317,kao5ck,0.03567532071748853
1363.4,60.612631578947365,kao5ck,0.0356316953740848
1367.1,60.62473684210526,kao5ck,0.03563881156485278
1370.8,60.3821052631579,kao5ck,0.035496178349894526
1374.6,59.905789473684216,kao5ck,0.035216171713154346
1378.3,59.21421052631579,kao5ck,0.03480962064058351
1382.0,58.298947368421054,kao5ck,0.0342715747386043
1385.7,56.96789473684211,kao5ck,0.033489103153724824
1389.4,55.46052631578947,kao5ck,0.03260298270331168
1393.1,54.345789473684206,kao5ck,0.03194767435346006
1396.8,53.87684210526316,kao5ck,0.03167199931110039
1400.5,54.02,kao5ck,0.03175615600192175
1404.2,54.16526315789474,kao5ck,0.03184155029113754
1407.9,53.258421052631576,kao5ck,0.031308454782736056
1411.7,53.09736842105263,kao5ck,0.031213778505562027
1415.4,53.94368421052632,kao5ck,0.0317112930601236
1419.1,56.19263157894737,kao5ck,0.03303335754497533
1422.8,58.3242105263158,kao5ck,0.03428642591933749
1426.4,59.54157894736842,kao5ck,0.03500206719091765
1430.2,60.29631578947368,kao5ck,0.035445746215321434
1433.8,60.77789473684211,kao5ck,0.0357288468480477
1437.5,61.08105263157895,kao5ck,0.035907061016845876
1441.2,61.23263157894737,kao5ck,0.03599616810124496
1444.9,61.35684210526317,kao5ck,0.03606918640651644
1448.6,61.4278947368421,kao5ck,0.0361109553523285
1452.3,61.5078947368421,kao5ck,0.03615798409131691
1456.0,61.53947368421053,kao5ck,0.03617654806723339
1459.7,61.59157894736842,kao5ck,0.036207178627495576
1463.3,61.53473684210527,kao5ck,0.03617376347084592
1467.0,61.62526315789473,kao5ck,0.03622698020180648
1470.7,61.64105263157894,kao5ck,0.036236262189764716
1474.4,61.69157894736843,kao5ck,0.036265964551231086
1478.1,61.694736842105264,kao5ck,0.036267820948822735
1481.7,61.80736842105263,kao5ck,0.036334032462924826
1485.4,61.85,kao5ck,0.036359093830412074
1489.1,61.87052631578946,kao5ck,0.036371160414757776
1492.8,61.89631578947368,kao5ck,0.03638632099508957
1496.4,61.94052631578948,kao5ck,0.03641231056137264
1500.1,62.000526315789486,kao5ck,0.03644758211561395
1503.8,62.0521052631579,kao5ck,0.03647790327627752
1507.4,62.10631578947368,kao5ck,0.03650977143493414
1511.1,62.15894736842105,kao5ck,0.036540711394794936
1514.7,62.21736842105263,kao5ck,0.036575054750240414
1518.4,62.24894736842106,kao5ck,0.03659361872615689
1522.1,62.2821052631579,kao5ck,0.036613110900869196
1525.7,62.33105263157895,kao5ck,0.03664188506353973
1529.4,62.35736842105262,kao5ck,0.03665735504347012
1533.0,62.38578947368419,kao5ck,0.03667406262179494
1536.7,62.41,kao5ck,0.03668829500333092
1540.3,62.43210526315789,kao5ck,0.03670128978647245
1544.0,62.461052631578944,kao5ck,0.03671830676439589
1547.6,62.47052631578948,kao5ck,0.03672387595717084
1551.3,62.50473684210528,kao5ck,0.03674398693108036
1554.9,62.54,kao5ck,0.03676471670418708
1558.6,62.54157894736842,kao5ck,0.036765644902982904
1562.2,62.56631578947368,kao5ck,0.03678018668411748
1565.8,62.57631578947368,kao5ck,0.03678606527649103
1569.5,62.59000000000001,kao5ck,0.03679410966605484
1573.1,62.61105263157896,kao5ck,0.03680648564999916
1576.8,62.61578947368421,kao5ck,0.036809270246386624
1580.4,62.635789473684206,kao5ck,0.036821027431133725
1584.0,62.63736842105264,kao5ck,0.036821955629929556
1587.7,62.67947368421053,kao5ck,0.03684670759781819
1591.3,62.7,kao5ck,0.0368587741821639
1594.9,62.71578947368421,kao5ck,0.036868056170122135
1598.5,62.72631578947368,kao5ck,0.03687424416209429
1602.2,62.75157894736841,kao5ck,0.036889095342827465
1605.8,62.74105263157895,kao5ck,0.036882907350855317
1609.4,62.77894736842105,kao5ck,0.036905184121955086
1613.0,62.798947368421054,kao5ck,0.036916941306702186
1616.7,62.82578947368421,kao5ck,0.03693272068623119
1620.3,62.8357894736842,kao5ck,0.03693859927860474
1623.9,62.834210526315786,kao5ck,0.03693767107980892
1627.5,62.84421052631578,kao5ck,0.03694354967218246
1631.1,62.8536842105263,kao5ck,0.03694911886495741
1634.7,62.87947368421053,kao5ck,0.036964279445289204
1638.3,62.92157894736843,kao5ck,0.036989031413177845
1641.9,62.92947368421053,kao5ck,0.03699367240715696
1645.6,62.90789473684212,kao5ck,0.03698098702361404
1649.2,62.89947368421052,kao5ck,0.036976036630036305
1652.8,62.88105263157896,kao5ck,0.036965207644085035
1656.4,62.83157894736842,kao5ck,0.03693612408181588
1660.0,62.82210526315789,kao5ck,0.036930554889040935
1663.6,62.79315789473685,kao5ck,0.036913537911117504
1667.2,62.74315789473684,kao5ck,0.03688414494924975
1670.8,62.73157894736841,kao5ck,0.036877338158080364
1674.4,62.69842105263158,kao5ck,0.036857845983368075
1678.0,62.66157894736842,kao5ck,0.036836188011465515
1681.6,62.609473684210535,kao5ck,0.036805557451203334
1685.1,62.57842105263159,kao5ck,0.03678730287488547
1688.7,62.55105263157895,kao5ck,0.03677121409575785
1692.3,62.51105263157893,kao5ck,0.036747699726263634
1695.9,62.46157894736842,kao5ck,0.0367186161639945
1699.5,62.43315789473685,kao5ck,0.03670190858566968
1703.1,62.39894736842106,kao5ck,0.03668179761176016
1706.7,62.38473684210527,kao5ck,0.03667344382259775
1710.2,62.33736842105264,kao5ck,0.03664559785872303
1713.8,62.276315789473685,kao5ck,0.03660970750528451
1717.4,62.21631578947368,kao5ck,0.0365744359510432
1721.0,62.11315789473685,kao5ck,0.036513793629716046
1724.5,62.053157894736856,kao5ck,0.036478522075474744
1728.1,62.05684210526315,kao5ck,0.03648068787266499
1731.7,62.181052631578936,kao5ck,0.03655370617793646
1735.2,62.205789473684206,kao5ck,0.036568247959071036
1738.8,62.14736842105263,kao5ck,0.03653390460362556
1742.4,62.06263157894737,kao5ck,0.03648409126824968
1745.9,61.95473684210527,kao5ck,0.03642066435053506
1749.5,61.887894736842114,kao5ck,0.03638137060151185
1753.1,61.8084210526316,kao5ck,0.036334651262122056
1756.6,61.74473684210525,kao5ck,0.036297213910690476
1760.2,61.65421052631578,kao5ck,0.03624399717972991
1763.8,61.65052631578947,kao5ck,0.03624183138253966
1767.3,61.59789473684212,kao5ck,0.03621089142267888
1770.9,61.53736842105263,kao5ck,0.036175310468838956
1774.4,61.497894736842106,kao5ck,0.03615210549894336
1778.0,61.42631578947368,kao5ck,0.03611002715353268
1781.5,61.39000000000001,kao5ck,0.03608867858122874
1785.1,61.31789473684211,kao5ck,0.03604629083621945
1788.6,61.26105263157895,kao5ck,0.03601287567956979
1792.1,61.23473684210526,kao5ck,0.035997405699639384
1795.7,61.20315789473684,kao5ck,0.03597884172372291
1799.2,61.18473684210526,kao5ck,0.035968012737771636
1802.8,61.10421052631579,kao5ck,0.035920674599184625
1806.3,61.09105263157895,kao5ck,0.03591293960921942
1809.8,61.06,kao5ck,0.03589468503290156
1813.4,60.96368421052631,kao5ck,0.0358380649063563
1816.9,60.97368421052632,kao5ck,0.03584394349872986
1820.4,60.90263157894736,kao5ck,0.03580217455291777
1824.0,61.00736842105264,kao5ck,0.03586374507304076
1827.5,61.04526315789473,kao5ck,0.03588602184414053
1831.0,61.08368421052632,kao5ck,0.035908608014838916
1834.6,61.08,kao5ck,0.03590644221764865
1838.1,61.067894736842106,kao5ck,0.035899326026880674
1841.6,61.06684210526316,kao5ck,0.035898707227683464
1845.1,61.14000000000001,kao5ck,0.03594171377188997
1848.6,61.22210526315789,kao5ck,0.0359899801092728
1852.2,61.35736842105262,kao5ck,0.036069495806115036
1855.7,61.37947368421052,kao5ck,0.03608249058925657
1859.2,61.40578947368422,kao5ck,0.03609796056918698
1862.7,61.30157894736842,kao5ck,0.0360366994486626
1866.2,61.12210526315791,kao5ck,0.0359311941855373
1869.7,60.96894736842105,kao5ck,0.03584115890234238
1873.2,60.83210526315789,kao5ck,0.035760715006704316
1876.7,60.640526315789465,kao5ck,0.035648093552811025
1880.2,60.34157894736842,kao5ck,0.03547235458080172
1883.7,59.93631578947368,kao5ck,0.0352341168898736
1887.2,59.454736842105255,kao5ck,0.03495101625714733
1890.7,58.85315789473683,kao5ck,0.03459737251593846
1894.2,58.221578947368414,kao5ck,0.03422609299760893
1897.7,57.54052631578947,kao5ck,0.03382572991701026
1902.7,56.94052631578947,kao5ck,0.0334730143745972
1905.5,56.60789473684211,kao5ck,0.033277473828277
1908.2,56.11842105263157,kao5ck,0.0329897322015716
1911.0,55.73736842105262,kao5ck,0.03276572689217945
1913.7,55.50842105263157,kao5ck,0.032631138066785
1916.5,55.30842105263157,kao5ck,0.032513566219313984
1919.2,55.15368421052631,kao5ck,0.032422602737323246
1921.9,54.99473684210526,kao5ck,0.03232916405854366
1924.7,54.86263157894736,kao5ck,0.03225150475929305
1927.4,54.75999999999999,kao5ck,0.03219117183756451
1930.1,54.68894736842103,kao5ck,0.03214940289175243
1932.9,54.61842105263157,kao5ck,0.03210794334553897
1935.6,54.59105263157893,kao5ck,0.03209185456641136
1938.3,54.58684210526315,kao5ck,0.0320893793696225
1941.0,54.61052631578947,kao5ck,0.03210330235155986
1943.7,54.66631578947367,kao5ck,0.032136098709012295
1946.4,54.71368421052631,kao5ck,0.03216394467288701
1949.2,54.770526315789446,kao5ck,0.032197359829536656
1951.9,54.850526315789466,kao5ck,0.03224438856852507
1954.6,54.93631578947367,kao5ck,0.032294820703098165
1957.3,55.02421052631578,kao5ck,0.03234649043606569
1960.0,55.12052631578947,kao5ck,0.03240311056261095
1962.7,55.233157894736834,kao5ck,0.03246932207671305
1965.4,55.3357894736842,kao5ck,0.03252965499844159
1968.1,55.42842105263157,kao5ck,0.03258410932779659
1970.7,55.53105263157895,kao5ck,0.032644442249525146
1973.4,55.63894736842104,kao5ck,0.032707869167239764
1976.1,55.760000000000005,kao5ck,0.032779031074919605
1978.8,55.88526315789472,kao5ck,0.03285266817938828
1981.5,55.99631578947368,kao5ck,0.03291795149469456
1984.1,56.085789473684194,kao5ck,0.032970549426457905
1986.8,56.216842105263154,kao5ck,0.03304758992651129
1989.5,56.35999999999999,kao5ck,0.03313174661733265
1992.1,56.499473684210514,kao5ck,0.03321373751096375
1994.8,56.62473684210524,kao5ck,0.033287374615432436
1997.5,56.72947368421052,kao5ck,0.03334894513555542
2000.1,56.85315789473683,kao5ck,0.03342165404122829
2002.8,57.00999999999999,kao5ck,0.03351385512161345
2005.4,57.11631578947368,kao5ck,0.03357635384053226
2008.1,57.18473684210525,kao5ck,0.03361657578835128
2010.7,57.30631578947367,kao5ck,0.03368804709562972
2013.4,57.43526315789472,kao5ck,0.03376384999728866
2016.0,57.51263157894737,kao5ck,0.03380933173828404
2018.6,57.60894736842104,kao5ck,0.03386595186482928
2021.3,57.70473684210526,kao5ck,0.033922262591775935
2023.9,57.7494736842105,kao5ck,0.033948561557657596
2026.5,57.78,kao5ck,0.03396650673437687
2029.2,57.81526315789473,kao5ck,0.0339872365074836
2031.8,57.8257894736842,kao5ck,0.03399342449945576
2034.4,57.85315789473683,kao5ck,0.03400951327858337
2037.0,57.88631578947367,kao5ck,0.034029005453295666
2039.7,57.896842105263154,kao5ck,0.034035193445267835
2042.3,57.88578947368419,kao5ck,0.03402869605369706
2044.9,57.85947368421052,kao5ck,0.03401322607376667
2047.5,57.81,kao5ck,0.03398414251149753
2050.1,57.76631578947368,kao5ck,0.03395846234481306
2052.7,57.73421052631578,kao5ck,0.033939588969297975
2055.3,57.70263157894736,kao5ck,0.0339210249933815
2057.9,57.67631578947366,kao5ck,0.0339055550134511
2060.5,57.63210526315788,kao5ck,0.03387956544716803
2063.1,57.581578947368406,kao5ck,0.03384986308570167
2065.7,57.53684210526315,kao5ck,0.03382356411982
2068.3,57.47684210526315,kao5ck,0.0337882925655787
2070.9,57.41894736842104,kao5ck,0.033754258609731816
2073.4,57.3757894736842,kao5ck,0.033728887842645966
2076.0,57.30736842105263,kao5ck,0.03368866589482694
2078.6,57.23157894736841,kao5ck,0.033644112352627396
2081.2,57.168421052631565,kao5ck,0.03360698440079444
2083.7,57.084210526315786,kao5ck,0.03355748046501717
2086.3,56.98315789473684,kao5ck,0.03349807574208445
2088.9,56.917894736842086,kao5ck,0.033459710191857055
2091.4,56.86105263157895,kao5ck,0.03342629503520741
2094.0,56.82421052631577,kao5ck,0.03340463706330484
2096.6,56.81473684210526,kao5ck,0.03339906787052991
2099.1,56.781578947368416,kao5ck,0.033379575695817607
2101.6,56.72052631578946,kao5ck,0.03334368534237908
2104.2,56.61473684210525,kao5ck,0.03328149602305889
2106.8,56.43999999999999,kao5ck,0.03317877535632105
2109.3,56.25894736842104,kao5ck,0.03307234189439992
2111.8,56.15105263157893,kao5ck,0.03300891497668529
2114.4,56.10999999999999,kao5ck,0.03298478180799388
2116.9,56.06999999999999,kao5ck,0.03296126743849967
2119.4,55.99789473684209,kao5ck,0.03291887969349038
2122.0,55.93052631578947,kao5ck,0.03287927654486857
2124.5,55.82421052631578,kao5ck,0.032816777825949765
2127.0,55.65421052631578,kao5ck,0.0327168417555994
2129.6,55.47421052631578,kao5ck,0.03261102709287548
2132.1,55.22842105263158,kao5ck,0.03246653748032558
2134.6,54.8657894736842,kao5ck,0.0322533611568847
2137.1,54.35947368421052,kao5ck,0.031955718743023866
2139.6,53.7315789473684,kao5ck,0.03158660502188458
2142.1,52.96631578947368,kao5ck,0.031136738005508653
2144.6,52.06105263157893,kao5ck,0.030604570695902986
2147.1,51.088947368421046,kao5ck,0.030033109637274128
2149.6,50.116842105263146,kao5ck,0.02946164857864526
2152.1,49.19894736842104,kao5ck,0.02892205567867301
2154.6,48.417894736842086,kao5ck,0.028462906674338824
2157.1,47.767368421052616,kao5ck,0.028080488770459412
2159.6,47.27631578947367,kao5ck,0.027791818944958205
2162.1,46.93263157894736,kao5ck,0.027589781007067223
2164.6,46.73263157894736,kao5ck,0.02747220915959621
2167.1,46.65052631578946,kao5ck,0.027423942822213367
2169.6,46.63157894736841,kao5ck,0.027412804436663482
2172.0,46.64631578947368,kao5ck,0.02742146762542451
2174.5,46.6557894736842,kao5ck,0.027427036818199448
2177.0,46.62263157894736,kao5ck,0.027407544643487148
2179.4,46.56210526315788,kao5ck,0.02737196368964723
2181.9,46.41684210526315,kao5ck,0.02728656940043144
2184.4,46.15368421052631,kao5ck,0.027131869601127474
2186.8,45.81631578947368,kao5ck,0.026933544458419785
2189.3,45.434210526315766,kao5ck,0.02670892034983041
2191.7,45.0715789473684,kao5ck,0.02649574402638954
2194.2,44.66421052631577,kao5ck,0.026256268737066997
2196.6,44.08210526315788,kao5ck,0.025914072781006617
2199.1,43.20842105263157,kao5ck,0.025400469447317442
2201.5,42.10315789473683,kao5ck,0.024750730290240764
2204.0,41.15315789473683,kao5ck,0.024192264014753433
2206.4,40.8857894736842,kao5ck,0.0240350890186606
2208.9,41.442105263157885,kao5ck,0.024362124394389194
2211.3,42.605263157894726,kao5ck,0.025045897507312738
2213.7,44.03315789473684,kao5ck,0.025885298618336085
2216.1,45.4157894736842,kao5ck,0.02669809136387914
2218.6,46.65736842105263,kao5ck,0.027427965016995275
2221.0,47.70473684210525,kao5ck,0.02804367021822507
2223.4,48.53947368421052,kao5ck,0.028534377981617266
2225.8,49.17315789473684,kao5ck,0.028906895098341226
2228.2,49.61999999999999,kao5ck,0.029169575357559364
2230.6,49.94052631578946,kao5ck,0.0293579997131116
2233.1,50.16684210526315,kao5ck,0.029491041540513015
2235.5,50.30631578947367,kao5ck,0.029573032434144116
2237.9,50.3757894736842,kao5ck,0.029613873181160367
2240.3,50.424210526315775,kao5ck,0.029642337944232294
2242.7,50.46947368421052,kao5ck,0.029668946309712584
2245.1,50.48473684210525,kao5ck,0.029677918898072208
2247.5,50.49105263157894,kao5ck,0.029681631693255505
2249.9,50.45315789473684,kao5ck,0.02965935492215574
2252.2,50.36842105263157,kao5ck,0.029609541586779854
2254.6,50.27368421052631,kao5ck,0.02955384965903043
2257.0,50.18052631578947,kao5ck,0.029499085930076826
2259.4,50.07105263157893,kao5ck,0.029434730813566366
2261.8,49.94631578947367,kao5ck,0.029361403108696286
2264.1,49.81473684210526,kao5ck,0.029284053209044307
2266.5,49.66210526315789,kao5ck,0.029194327325448004
2268.9,49.51684210526315,kao5ck,0.02910893303623221
2271.2,49.34315789473683,kao5ck,0.029006831168691585
2273.6,49.168421052631565,kao5ck,0.02890411050195375
2276.0,48.99894736842104,kao5ck,0.028804483831201995
2278.3,48.832105263157885,kao5ck,0.028706404158443277
2280.7,48.652105263157885,kao5ck,0.028600589495719364
2283.0,48.52105263157894,kao5ck,0.028523548995665986
2285.4,48.4057894736842,kao5ck,0.028455790483570848
2287.7,48.25947368421051,kao5ck,0.028369777395157836
2290.1,48.11894736842104,kao5ck,0.02828716770232952
2292.4,47.97736842105263,kao5ck,0.02820393921030399
2294.8,47.83789473684209,kao5ck,0.028121948316672876
2297.1,47.6657894736842,kao5ck,0.028020774647928084
2299.4,47.49736842105262,kao5ck,0.027921766776373542
2301.8,47.28473684210525,kao5ck,0.02779676933853593
2304.1,47.08368421052631,kao5ck,0.0276785786918677
2306.4,46.88526315789473,kao5ck,0.027561935043192508
2308.7,46.67210526315788,kao5ck,0.02743662820575629
2311.1,46.51526315789472,kao5ck,0.027344427125371124
2313.4,46.4057894736842,kao5ck,0.027280072008860675
2315.7,46.32789473684209,kao5ck,0.027234280868266698
2318.0,46.25315789473683,kao5ck,0.027190346125264372
2320.3,46.21105263157894,kao5ck,0.027165594157375735
2322.6,46.20526315789473,kao5ck,0.02716219076179105
2324.9,46.23105263157893,kao5ck,0.027177351342122836
2327.2,46.28157894736841,kao5ck,0.0272070537035892
2329.5,46.32894736842105,kao5ck,0.027234899667463917
2331.8,46.40631578947367,kao5ck,0.027280381408459283
2334.1,46.45157894736842,kao5ck,0.02730698977393957
2336.4,46.44947368421052,kao5ck,0.027305752175545133
2338.7,46.395263157894725,kao5ck,0.027273884016888513
2341.0,46.29684210526315,kao5ck,0.027216026291948834
2343.2,46.15842105263158,kao5ck,0.02713465419751495
2345.5,45.98473684210525,kao5ck,0.02703255232997432
2347.8,45.83052631578946,kao5ck,0.026941898247582197
2350.1,45.68368421052631,kao5ck,0.026855575759570583
2352.4,45.53263157894735,kao5ck,0.026766778074770098
2354.6,45.40473684210525,kao5ck,0.026691593972308372
2356.9,45.36368421052631,kao5ck,0.026667460803616955
2359.1,45.34947368421052,kao5ck,0.026659107014454543
2361.4,45.31736842105262,kao5ck,0.026640233638939453
2363.7,45.262105263157885,kao5ck,0.02660774668108562
2365.9,45.192105263157885,kao5ck,0.026566596534470764
2368.2,45.06421052631578,kao5ck,0.02649141243200904
2370.4,44.89947368421051,kao5ck,0.02639457035764475
2372.7,44.71894736842104,kao5ck,0.026288446295322225
2374.9,44.49736842105262,kao5ck,0.026158189064308283
2377.2,44.28315789473684,kao5ck,0.026032263427674857
2379.4,44.15105263157894,kao5ck,0.025954604128424263
2381.6,44.06999999999999,kao5ck,0.025906956590238638
2383.9,44.04684210526315,kao5ck,0.025893343007899892
2386.1,44.11473684210525,kao5ck,0.025933255556120312
2388.3,44.24894736842104,kao5ck,0.026012152453765338
2390.6,44.38842105263157,kao5ck,0.02609414334739644
2392.8,44.53894736842104,kao5ck,0.026182631632598312
2395.0,44.73947368421051,kao5ck,0.026300512879667934
2397.2,44.9057894736842,kao5ck,0.026398283152828047
2399.4,45.00947368421052,kao5ck,0.02645923487375381
2401.6,45.07052631578947,kao5ck,0.026495125227192336
2403.9,45.10578947368421,kao5ck,0.02651585500029907
2406.1,45.1257894736842,kao5ck,0.026527612185046165
2408.3,45.09526315789472,kao5ck,0.0265096670083269
2410.5,44.99736842105261,kao5ck,0.02645211868298582
2412.7,44.89684210526315,kao5ck,0.02639302335965171
2414.9,44.82315789473683,kao5ck,0.026349707415846597
2417.1,44.72842105263158,kao5ck,0.026294015488097178
2419.2,44.54842105263157,kao5ck,0.026188200825373254
2421.4,44.35947368421052,kao5ck,0.026077126369473007
2423.6,44.167894736842086,kao5ck,0.02596450491557971
2425.8,43.90842105263158,kao5ck,0.025811970913466008
2428.0,43.63631578947368,kao5ck,0.025652011320985695
2430.2,43.37526315789472,kao5ck,0.025498549120076153
2432.3,43.09842105263157,kao5ck,0.02533580493120838
2434.5,42.75157894736841,kao5ck,0.025131910595725747
2436.7,42.43263157894736,kao5ck,0.024944414438969335
2438.8,42.17368421052631,kao5ck,0.02479218983645423
2441.0,41.977894736842096,kao5ck,0.024677093185772075
2443.2,41.75736842105263,kao5ck,0.024547454753955356
2445.3,41.588947368421046,kao5ck,0.02444844688240081
2447.5,41.41631578947368,kao5ck,0.024346963814057408
2449.6,41.22052631578947,kao5ck,0.024231867163375255
2451.8,41.05157894736841,kao5ck,0.0241325498922221
2453.9,40.90105263157894,kao5ck,0.02404406160702023
2456.1,40.83052631578946,kao5ck,0.024002602060806767
2458.2,40.7315789473684,kao5ck,0.023944434936268466
2460.4,40.61842105263157,kao5ck,0.023877914022567767
2462.5,40.50999999999999,kao5ck,0.02381417770525453
2464.6,40.436842105263146,kao5ck,0.023771171161048026
2466.8,40.34052631578947,kao5ck,0.023714551034502776
2468.9,40.2557894736842,kao5ck,0.023664737699126897
2471.0,40.182631578947365,kao5ck,0.023621731154920396
2473.1,40.04210526315789,kao5ck,0.023539121462092076
2475.2,39.86157894736841,kao5ck,0.023432997399769548
2477.4,39.714210526315775,kao5ck,0.023346365512159323
2479.5,39.56210526315788,kao5ck,0.023256949028161628
2481.6,39.38999999999999,kao5ck,0.023155775359416837
2483.7,39.23263157894736,kao5ck,0.02306326487943306
2485.8,39.07736842105261,kao5ck,0.02297199199784371
2487.9,38.90631578947367,kao5ck,0.022871437128296136
2490.0,38.77631578947367,kao5ck,0.022795015427439974
2492.1,38.78315789473683,kao5ck,0.02279903762222188
2494.2,38.71842105263157,kao5ck,0.022760981471593104
2496.3,38.64210526315789,kao5ck,0.02271611852979495
2498.4,38.56315789473683,kao5ck,0.02266970859000376
2500.5,38.60105263157892,kao5ck,0.022691985361103523
2502.6,38.597894736842086,kao5ck,0.02269012896351188
2504.7,38.59842105263157,kao5ck,0.022690438363110493
2506.7,38.56368421052631,kao5ck,0.022670017989602373
2508.8,38.52210526315788,kao5ck,0.02264557542131234
2510.9,38.55263157894736,kao5ck,0.022663520598031603
2513.0,38.66368421052631,kao5ck,0.02272880391333788
339.3,37.49157894736842,kao5pem,0.020155348894810604
340.8,36.11157894736843,kao5pem,0.019413465457095568
342.3,35.10473684210526,kao5pem,0.018872190469929707
343.7,34.22894736842105,kao5pem,0.018401368944240222
345.2,33.54315789473684,kao5pem,0.01803269079041005
346.7,32.474736842105266,kao5pem,0.017458311164719152
348.1,32.19,kao5pem,0.017305237579744386
349.6,31.80315789473684,kao5pem,0.017097272542856302
351.1,31.35263157894737,kao5pem,0.0168550710849295
352.5,30.707894736842107,kao5pem,0.016508462690116025
354.0,30.562105263157893,kao5pem,0.016430086751043915
355.5,30.217894736842105,kao5pem,0.016245040310057784
357.0,30.083157894736843,kao5pem,0.01617260622918248
358.4,30.07631578947369,kao5pem,0.016168927936013034
359.9,30.16736842105263,kao5pem,0.016217877529729544
361.4,30.02894736842105,kao5pem,0.016143462829455304
362.8,30.08736842105263,kao5pem,0.01617486979420983
364.3,29.96315789473684,kao5pem,0.01610809462590291
365.8,29.97947368421053,kao5pem,0.016116865940383904
367.2,29.975263157894734,kao5pem,0.01611460237535655
368.7,30.20052631578948,kao5pem,0.016235703104319956
370.1,30.38315789473684,kao5pem,0.016333885237381402
371.6,30.5621052631579,kao5pem,0.016430086751043918
373.1,30.63105263157895,kao5pem,0.01646715262836683
374.5,30.759473684210523,kao5pem,0.016536191361701102
376.0,30.886315789473684,kao5pem,0.01660438125815012
377.5,30.980526315789472,kao5pem,0.01665502852563715
378.9,31.247368421052627,kao5pem,0.016798481959245663
380.4,31.38947368421053,kao5pem,0.016874877278918843
381.9,31.53421052631579,kao5pem,0.01695268732673411
383.3,31.70263157894737,kao5pem,0.01704322992782824
384.8,31.88736842105263,kao5pem,0.017142543843403368
386.2,32.06157894736842,kao5pem,0.01723619884641011
387.7,32.231578947368426,kao5pem,0.017327590284389502
389.2,32.34894736842105,kao5pem,0.017390687159526973
390.6,32.47105263157895,kao5pem,0.01745633054532022
392.1,32.57210526315789,kao5pem,0.017510656105976692
393.6,32.67894736842105,kao5pem,0.017568094068545786
395.0,32.85052631578948,kao5pem,0.01766033434341044
396.5,32.979473684210525,kao5pem,0.017729656022373128
397.9,33.135789473684206,kao5pem,0.01781369087401362
399.4,33.28736842105264,kao5pem,0.017895179214998343
400.9,33.40368421052632,kao5pem,0.017957710198878978
402.3,33.53105263157895,kao5pem,0.018026183040956413
403.8,33.66315789473685,kao5pem,0.018097202393689626
405.2,33.79631578947368,kao5pem,0.018168787637679668
406.7,33.98,kao5pem,0.018267535661997954
408.1,34.09315789473684,kao5pem,0.018328368972108076
409.6,34.26263157894737,kao5pem,0.018419477464459048
411.1,34.415263157894735,kao5pem,0.0185015316967006
412.5,34.58315789473684,kao5pem,0.018591791352166317
414.0,34.78052631578947,kao5pem,0.0186978959628235
415.4,34.962631578947374,kao5pem,0.018795795150256537
416.9,35.149473684210534,kao5pem,0.01889624084834534
418.3,35.36157894736842,kao5pem,0.019010267936598258
419.8,35.58999999999999,kao5pem,0.019133066339332167
421.2,35.805263157894736,kao5pem,0.019248791101355613
422.7,36.03052631578947,kao5pem,0.01936989183031901
424.1,36.255263157894746,kao5pem,0.019490709613654
425.6,36.485263157894735,kao5pem,0.019614356853273167
427.0,36.69736842105262,kao5pem,0.01972838394152609
428.5,36.922631578947374,kao5pem,0.019849484670489498
429.9,37.16842105263158,kao5pem,0.01998162027896124
431.4,37.40631578947368,kao5pem,0.0201095117030067
432.8,37.65105263157896,kao5pem,0.020241081420221622
434.3,37.88315789473684,kao5pem,0.02036586044235446
435.7,38.12157894736843,kao5pem,0.02049403481202835
437.2,38.345789473684206,kao5pem,0.020614569649734907
438.6,38.57684210526316,kao5pem,0.02073878278061092
440.1,38.81736842105263,kao5pem,0.020868088932798474
441.5,39.0478947368421,kao5pem,0.02099201911804607
443.0,39.27157894736842,kao5pem,0.021112271010124212
444.4,39.502631578947366,kao5pem,0.021236484141000225
445.8,39.72421052631579,kao5pem,0.021355604250564694
447.3,39.95052631578947,kao5pem,0.02147727087078493
448.7,40.175789473684205,kao5pem,0.021598371599748332
450.2,40.39368421052632,kao5pem,0.021715511089913868
451.6,40.612631578947365,kao5pem,0.02183321647133624
453.0,40.82315789473684,kao5pem,0.0219463947227039
454.5,41.04473684210526,kao5pem,0.02206551483226837
455.9,41.265263157894736,kao5pem,0.022184069050576002
457.4,41.46631578947368,kao5pem,0.02229215428063212
458.8,41.66368421052632,kao5pem,0.02239825889128931
460.2,41.85210526315789,kao5pem,0.022499553426263363
461.7,42.0457894736842,kao5pem,0.022603677417521614
463.1,42.23315789473684,kao5pem,0.02270440606123884
464.5,42.413157894736834,kao5pem,0.02280117346615819
466.0,42.58578947368421,kao5pem,0.02289397963227968
467.4,42.7621052631579,kao5pem,0.0229887664178001
468.9,42.930526315789486,kao5pem,0.023079309018894236
470.3,43.0821052631579,kao5pem,0.023160797359878953
471.7,43.2378947368421,kao5pem,0.02324454926589102
473.1,43.38210526315789,kao5pem,0.02332207636807787
474.6,43.53736842105263,kao5pem,0.023405545328461525
476.0,43.696842105263165,kao5pem,0.023491277853872537
477.4,43.858947368421056,kao5pem,0.023578425107425634
478.9,44.01947368421052,kao5pem,0.023664723524093472
480.3,44.18421052631579,kao5pem,0.023753285505788674
481.7,44.33736842105264,kao5pem,0.023835622683658655
483.1,44.50578947368421,kao5pem,0.023926165284752783
484.6,44.68315789473685,kao5pem,0.024021517961530046
486.0,44.85105263157896,kao5pem,0.02411177761699576
487.4,45.02315789473684,kao5pem,0.02420430083748882
488.9,45.17526315789474,kao5pem,0.02428607212410196
490.3,45.328421052631576,kao5pem,0.024368409301971934
491.7,45.48105263157894,kao5pem,0.024450463534213488
493.1,45.62842105263158,kao5pem,0.02452968831017086
494.5,45.79210526315789,kao5pem,0.024617684400609217
496.0,45.939473684210526,kao5pem,0.02469690917656658
497.4,46.078421052631576,kao5pem,0.02477160682246924
498.8,46.22105263157895,kao5pem,0.024848285087770833
500.2,46.361578947368415,kao5pem,0.024923831570558747
501.6,46.50736842105264,kao5pem,0.025002207509630864
503.1,46.64631578947368,kao5pem,0.025076905155533517
504.5,46.787894736842105,kao5pem,0.02515301752957827
505.9,46.93789473684211,kao5pem,0.025233657033677737
507.3,47.08473684210526,kao5pem,0.025312598864006677
508.7,47.23105263157896,kao5pem,0.025391257748707215
510.1,47.37736842105264,kao5pem,0.025469916633407735
511.6,47.52789473684211,kao5pem,0.025550839083135615
513.0,47.67421052631579,kao5pem,0.025629497967836142
514.4,47.82736842105262,kao5pem,0.02571183514570611
515.8,47.976315789473695,kao5pem,0.025791908758548747
517.2,48.12315789473685,kao5pem,0.02587085058887769
518.6,48.265263157894736,kao5pem,0.02594724590855086
520.0,48.41157894736841,kao5pem,0.026025904793251384
521.5,48.54368421052632,kao5pem,0.0260969241459846
522.9,48.67947368421053,kao5pem,0.026169924118116743
524.3,48.814736842105255,kao5pem,0.026242641144620462
525.7,48.95736842105264,kao5pem,0.026319319409922066
527.1,49.10210526315789,kao5pem,0.026397129457737326
528.5,49.22263157894737,kao5pem,0.026461924006645317
529.9,49.33894736842105,kao5pem,0.026524454990525952
531.3,49.46,kao5pem,0.026589532485062357
532.7,49.58052631578947,kao5pem,0.026654327033970346
534.1,49.67842105263158,kao5pem,0.02670695492085631
535.5,49.80736842105263,kao5pem,0.026776276599819005
536.9,49.92052631578947,kao5pem,0.026837109909929126
538.3,50.03157894736843,kao5pem,0.026896811437525574
539.7,50.15157894736842,kao5pem,0.026961323040805136
541.1,50.276315789473685,kao5pem,0.027028381154740478
542.5,50.39947368421053,kao5pem,0.027094590431790563
544.0,50.5178947368421,kao5pem,0.02715825319818487
545.3,50.63947368421052,kao5pem,0.0272236136383497
546.8,50.76789473684211,kao5pem,0.02729265237168398
548.2,50.89736842105263,kao5pem,0.02736225699627509
549.5,50.99368421052631,kao5pem,0.027414036046275795
550.9,51.107894736842105,kao5pem,0.027475435247642756
552.3,51.22052631578947,kao5pem,0.027535985612124454
553.7,51.32052631578947,kao5pem,0.027589745281524098
555.1,51.44631578947369,kao5pem,0.027657369286716277
556.5,51.59157894736842,kao5pem,0.027735462280159964
557.9,51.72526315789474,kao5pem,0.027807330469778433
559.3,51.86368421052632,kao5pem,0.027881745170052676
560.7,51.99,kao5pem,0.02794965212087327
562.1,52.10684210526316,kao5pem,0.028012466050382327
563.5,52.22526315789474,kao5pem,0.028076128816776638
564.9,52.34105263157895,kao5pem,0.028138376855028853
566.3,52.456315789473685,kao5pem,0.02820034194765265
567.7,52.571052631578944,kao5pem,0.028262024094648026
569.1,52.68578947368421,kao5pem,0.028323706241643404
570.5,52.79736842105263,kao5pem,0.028383690714868265
571.8,52.91157894736842,kao5pem,0.028445089916235223
573.2,53.01894736842105,kao5pem,0.028502810824432734
574.6,53.126315789473686,kao5pem,0.028560531732630245
576.0,53.23210526315789,kao5pem,0.028617403803942492
577.4,53.34,kao5pem,0.028675407657768427
578.8,53.44157894736841,kao5pem,0.028730016164053317
580.2,53.54263157894737,kao5pem,0.028784341724709804
581.5,53.63736842105264,kao5pem,0.028835271937825254
582.9,53.73,kao5pem,0.02888507036842702
584.3,53.817894736842106,kao5pem,0.028932322288373023
585.7,53.904210526315794,kao5pem,0.028978725371433766
587.1,53.98894736842105,kao5pem,0.02902427961760925
588.5,54.0721052631579,kao5pem,0.02906898502689948
589.8,54.146842105263154,kao5pem,0.029109163306134996
591.2,54.21631578947369,kao5pem,0.02914651212908633
592.6,54.28,kao5pem,0.02918074855012505
594.0,54.34315789473684,kao5pem,0.029214702025535347
595.4,54.40315789473684,kao5pem,0.02924695782717513
596.7,54.46263157894737,kao5pem,0.029278930683186495
598.1,54.51736842105264,kao5pem,0.029308357028542092
599.5,54.56105263157894,kao5pem,0.029331841515700875
600.9,54.61105263157896,kao5pem,0.029358721350400706
602.2,54.66105263157895,kao5pem,0.02938560118510052
603.6,54.71052631578947,kao5pem,0.029412198074171923
605.0,54.76315789473684,kao5pem,0.02944049263701384
606.4,54.81736842105263,kao5pem,0.02946963603674101
607.7,54.87157894736842,kao5pem,0.029498779436468184
609.1,54.93000000000001,kao5pem,0.029530186401222715
610.5,54.99052631578948,kao5pem,0.02956272514849092
611.9,55.055263157894736,kao5pem,0.029597527460786473
613.2,55.12157894736842,kao5pem,0.029633178609967288
614.6,55.19315789473685,kao5pem,0.029671659215432297
616.0,55.26473684210527,kao5pem,0.029710139820897305
617.3,55.33473684210527,kao5pem,0.029747771589477053
618.7,55.40526315789474,kao5pem,0.029785686303685215
620.1,55.47842105263159,kao5pem,0.029825015746035483
621.5,55.55,kao5pem,0.029863496351500485
622.8,55.625789473684215,kao5pem,0.029904240521992847
624.2,55.69368421052632,kao5pem,0.029940740508058918
625.5,55.760000000000005,kao5pem,0.029976391657239733
626.9,55.8242105263158,kao5pem,0.030010911023906878
628.3,55.88263157894737,kao5pem,0.030042317988661395
629.6,55.93894736842106,kao5pem,0.030072593170902252
631.0,55.99105263157895,kao5pem,0.030100604788115746
632.4,56.03842105263157,kao5pem,0.030126069894673462
633.7,56.08052631578947,kao5pem,0.030148705544947
635.1,56.11631578947369,kao5pem,0.030167945847679508
636.5,56.14684210526317,kao5pem,0.03018435669412782
637.8,56.17157894736842,kao5pem,0.030197655138663515
639.2,56.18736842105263,kao5pem,0.030206143507516093
640.5,56.194736842105264,kao5pem,0.03021010474631396
641.9,56.18894736842105,kao5pem,0.030206992344401346
643.2,56.16578947368421,kao5pem,0.030194542736750905
644.6,56.143157894736845,kao5pem,0.030182376074728883
646.0,56.10631578947368,kao5pem,0.03016256988073954
647.3,56.05052631578948,kao5pem,0.030132577644127113
648.7,55.98736842105263,kao5pem,0.03009862416871681
650.0,55.92894736842104,kao5pem,0.030067217203962278
651.4,55.86947368421051,kao5pem,0.03003524434795091
652.7,55.79315789473685,kao5pem,0.029994217231830142
654.1,55.67631578947368,kao5pem,0.029931403302321084
655.4,55.56315789473683,kao5pem,0.02987056999221096
656.8,55.46894736842105,kao5pem,0.029819922724723932
658.1,55.374210526315785,kao5pem,0.029768992511608482
659.5,55.27263157894737,kao5pem,0.02971438400532359
660.8,55.21052631578947,kao5pem,0.029680996421170124
662.2,55.12736842105262,kao5pem,0.029636291011879895
663.5,55.06052631578947,kao5pem,0.02960035691707066
664.9,55.0263157894737,kao5pem,0.02958196545122343
666.2,55.02263157894737,kao5pem,0.029579984831824484
667.6,55.038947368421056,kao5pem,0.02958875614630548
668.9,55.08894736842105,kao5pem,0.0296156359810053
670.3,55.19631578947369,kao5pem,0.02967335688920281
671.6,55.33473684210527,kao5pem,0.029747771589477053
673.0,55.47631578947368,kao5pem,0.0298238839635218
674.3,55.63157894736842,kao5pem,0.029907352923905454
675.6,55.80736842105263,kao5pem,0.030001856763797456
677.0,55.98736842105263,kao5pem,0.03009862416871681
678.3,56.17473684210527,kao5pem,0.030199352812434035
679.7,56.3821052631579,kao5pem,0.030310833390031183
681.0,56.58263157894736,kao5pem,0.030418635674458877
682.3,56.77315789473685,kao5pem,0.03052106199194662
683.7,56.961052631578944,kao5pem,0.030622073581292257
685.0,57.14157894736842,kao5pem,0.030719123931840033
686.4,57.3221052631579,kao5pem,0.03081617428238781
687.7,57.49105263157895,kao5pem,0.030906999829110358
689.0,57.65473684210527,kao5pem,0.03099499591954872
690.4,57.81052631578947,kao5pem,0.031078747825560783
691.7,57.955789473684206,kao5pem,0.031156840819004473
693.0,58.103157894736846,kao5pem,0.031236065594961844
694.4,58.24736842105262,kao5pem,0.03131359269714869
695.7,58.3878947368421,kao5pem,0.031389139179936604
697.0,58.533157894736846,kao5pem,0.0314672321733803
698.4,58.67526315789475,kao5pem,0.03154362749305348
699.7,58.81368421052632,kao5pem,0.031618042193327714
701.0,58.96052631578947,kao5pem,0.03169698402365666
702.4,59.10052631578948,kao5pem,0.03177224756081616
703.7,59.24736842105262,kao5pem,0.0318511893911451
705.0,59.38736842105264,kao5pem,0.0319264529283046
706.3,59.531578947368416,kao5pem,0.032003980030491444
707.7,59.66736842105264,kao5pem,0.0320769800026236
709.0,59.8021052631579,kao5pem,0.032149414083498896
710.3,59.93736842105263,kao5pem,0.032222131110002626
711.6,60.06684210526316,kao5pem,0.03229173573459374
713.0,60.19263157894737,kao5pem,0.03235935973978592
714.3,60.3163157894737,kao5pem,0.032425851962464426
715.6,60.436842105263146,kao5pem,0.0324906465113724
716.9,60.555263157894736,kao5pem,0.032554309277766716
718.2,60.67421052631579,kao5pem,0.03261825498978945
719.6,60.78684210526316,kao5pem,0.03267880535427115
720.9,60.89631578947368,kao5pem,0.03273765804498233
722.2,60.99842105263158,kao5pem,0.032792549496895654
723.5,61.107894736842105,kao5pem,0.03285140218760684
724.8,61.20789473684211,kao5pem,0.03290516185700648
726.2,61.31,kao5pem,0.032960053308919796
727.5,61.41368421052632,kao5pem,0.033015793597718376
728.8,61.5078947368421,kao5pem,0.033066440865205396
730.1,61.60526315789474,kao5pem,0.03311878580646295
731.4,61.69421052631579,kao5pem,0.03316660361766579
732.7,61.78473684210525,kao5pem,0.033215270265753875
734.0,61.876315789473686,kao5pem,0.033264502805098815
735.3,61.97368421052632,kao5pem,0.03331684774635636
736.7,62.05894736842104,kao5pem,0.033362684938160254
738.0,62.14157894736842,kao5pem,0.033407107401822074
739.3,62.21631578947368,kao5pem,0.03344728568105759
740.6,62.292631578947365,kao5pem,0.03348831279717837
741.9,62.367368421052646,kao5pem,0.033528491076413904
743.2,62.44315789473685,kao5pem,0.033569235246906255
744.5,62.5178947368421,kao5pem,0.033609413526141774
745.8,62.59526315789475,kao5pem,0.0336510065335194
747.1,62.67052631578947,kao5pem,0.03369146775838333
748.4,62.74526315789474,kao5pem,0.033731646037618856
749.7,62.81578947368421,kao5pem,0.03376956075182702
751.0,62.88263157894738,kao5pem,0.03380549484663626
752.3,62.95157894736843,kao5pem,0.03384256072395917
753.6,63.01631578947368,kao5pem,0.03387736303625472
754.9,63.08263157894736,kao5pem,0.03391301418543553
756.2,63.14842105263159,kao5pem,0.03394838238898794
757.5,63.21684210526316,kao5pem,0.03398516532068242
758.8,63.28,kao5pem,0.03401911879609272
760.1,63.34526315789475,kao5pem,0.034054204054016705
761.4,63.404210526315794,kao5pem,0.03408589396439965
762.7,63.4642105263158,kao5pem,0.034118149766039434
764.0,63.52526315789473,kao5pem,0.034150971458936044
765.3,63.584210526315786,kao5pem,0.034182661369318995
766.6,63.64473684210526,kao5pem,0.0342152001165872
767.9,63.70578947368421,kao5pem,0.034248021809483824
769.2,63.7678947368421,kao5pem,0.03428140939363728
770.4,63.82473684210525,kao5pem,0.03431196752150655
771.7,63.882105263157904,kao5pem,0.03434280859500425
773.0,63.936315789473696,kao5pem,0.03437195199473143
774.3,63.99315789473684,kao5pem,0.034402510122600684
775.6,64.04947368421051,kao5pem,0.03443278530484153
776.9,64.10105263157895,kao5pem,0.03446051397642662
778.2,64.15578947368421,kao5pem,0.03448994032178221
779.4,64.20631578947368,kao5pem,0.034517103102110445
780.7,64.25684210526315,kao5pem,0.03454426588243868
782.0,64.3136842105263,kao5pem,0.03457482401030795
783.3,64.36052631578949,kao5pem,0.03460000617123727
784.5,64.41368421052631,kao5pem,0.03462858367970759
785.8,64.46473684210525,kao5pem,0.03465602940566425
787.1,64.51631578947368,kao5pem,0.034683758077249334
788.4,64.56263157894738,kao5pem,0.034708657292550224
789.7,64.61526315789474,kao5pem,0.03473695185539214
790.9,64.65631578947368,kao5pem,0.03475902161440883
792.2,64.70526315789473,kao5pem,0.034785335557851814
793.5,64.75526315789475,kao5pem,0.03481221539255164
794.8,64.79368421052632,kao5pem,0.03483287042342623
796.0,64.84473684210526,kao5pem,0.03486031614938289
797.3,64.89421052631577,kao5pem,0.03488691303845429
798.5,64.9378947368421,kao5pem,0.03491039752561308
799.8,64.9821052631579,kao5pem,0.0349341649584003
801.1,65.02947368421053,kao5pem,0.03495963006495802
802.3,65.07368421052632,kao5pem,0.03498339749774523
803.6,65.11947368421052,kao5pem,0.03500801376741769
804.9,65.15894736842102,kao5pem,0.03502923468954912
806.1,65.1957894736842,kao5pem,0.03504904088353847
807.4,65.23631578947368,kao5pem,0.035070827696926744
808.7,65.28052631578949,kao5pem,0.03509459512971397
809.9,65.32368421052631,kao5pem,0.035117796671244324
811.2,65.36315789473683,kao5pem,0.03513901759337576
812.4,65.39736842105263,kao5pem,0.035157409059223016
813.7,65.4342105263158,kao5pem,0.03517721525321236
815.0,65.4642105263158,kao5pem,0.03519334315403225
816.2,65.50157894736843,kao5pem,0.03521343229365001
817.5,65.54210526315791,kao5pem,0.035235219107038286
818.7,65.57473684210527,kao5pem,0.035252761736000275
820.0,65.61631578947369,kao5pem,0.035275114440645385
821.2,65.65210526315789,kao5pem,0.03529435474337789
822.5,65.67736842105262,kao5pem,0.035307936133542
823.7,65.70263157894736,kao5pem,0.035321517523706124
825.0,65.74684210526317,kao5pem,0.03534528495649334
826.2,65.77368421052631,kao5pem,0.03535971518354271
827.5,65.80736842105263,kao5pem,0.03537782370376154
828.7,65.84578947368422,kao5pem,0.03539847873463614
829.9,65.86157894736843,kao5pem,0.035406967103488715
831.2,65.8878947368421,kao5pem,0.03542111438490967
832.4,65.91526315789474,kao5pem,0.03543582755758747
833.7,65.94842105263157,kao5pem,0.035453653132177874
834.9,65.98526315789475,kao5pem,0.035473459326167224
836.1,66.0142105263158,kao5pem,0.03548902133573027
837.4,66.03684210526315,kao5pem,0.03550118799775229
838.6,66.04947368421051,kao5pem,0.03550797869283435
839.8,66.07894736842105,kao5pem,0.03552382364802583
841.1,66.10210526315791,kao5pem,0.03553627325567628
842.3,66.13315789473684,kao5pem,0.035552967047753
843.5,66.1642105263158,kao5pem,0.035569660839829736
844.8,66.1921052631579,kao5pem,0.03558465695813595
846.0,66.21684210526317,kao5pem,0.035597955402671654
847.2,66.23631578947368,kao5pem,0.035608424390923155
848.5,66.2478947368421,kao5pem,0.035614649194748375
849.7,66.27736842105261,kao5pem,0.035630494149939844
850.9,66.30105263157895,kao5pem,0.03564322670321872
852.2,66.31736842105263,kao5pem,0.03565199801769971
853.4,66.35526315789475,kao5pem,0.0356723701029459
854.6,66.36,kao5pem,0.03567491661360166
855.8,66.39421052631577,kao5pem,0.0356933080794489
857.0,66.41947368421054,kao5pem,0.035706889469613035
858.3,66.43526315789474,kao5pem,0.0357153778384656
859.5,66.46,kao5pem,0.0357286762830013
860.7,66.47631578947369,kao5pem,0.0357374475974823
861.9,66.50210526315789,kao5pem,0.035751311933274826
863.1,66.51684210526315,kao5pem,0.03575923441087057
864.3,66.5442105263158,kao5pem,0.03577394758354837
865.5,66.55684210526316,kao5pem,0.035780738278630424
866.8,66.57842105263157,kao5pem,0.035792339049395605
868.0,66.60105263157894,kao5pem,0.035804505711417633
869.2,66.61736842105263,kao5pem,0.03581327702589863
870.4,66.63315789473684,kao5pem,0.0358217653947512
871.6,66.64526315789472,kao5pem,0.035828273144204836
872.8,66.66736842105263,kao5pem,0.03584015686059845
874.0,66.68631578947368,kao5pem,0.03585034290322154
875.2,66.72052631578947,kao5pem,0.03586873436906878
876.4,66.74736842105263,kao5pem,0.035883164596118164
877.6,66.75842105263159,kao5pem,0.03588910645431497
878.8,66.76210526315789,kao5pem,0.0358910870737139
880.0,66.77157894736843,kao5pem,0.035896180095025446
881.2,66.78421052631579,kao5pem,0.035902970790107507
882.4,66.8078947368421,kao5pem,0.03591570334338637
883.6,66.83631578947367,kao5pem,0.035930982407321
884.8,66.84631578947366,kao5pem,0.03593635837426096
886.0,66.86473684210526,kao5pem,0.03594626147125563
887.2,66.86789473684212,kao5pem,0.03594795914502616
888.4,66.88842105263159,kao5pem,0.0359589940245345
889.6,66.90473684210527,kao5pem,0.035967765339015495
890.8,66.93315789473684,kao5pem,0.03598304440295012
892.0,66.94684210526316,kao5pem,0.035990400989289024
893.2,66.95578947368422,kao5pem,0.03599521106497216
894.3,66.97052631578947,kao5pem,0.036003133542567886
895.5,66.98421052631579,kao5pem,0.03601049012890679
896.7,66.99684210526316,kao5pem,0.03601728082398885
897.9,67.01631578947368,kao5pem,0.036027749812240356
899.1,67.0278947368421,kao5pem,0.03603397461606558
900.3,67.03105263157894,kao5pem,0.03603567228983609
901.5,67.07,kao5pem,0.036056610266339106
902.6,67.06894736842105,kao5pem,0.03605604437508227
903.8,67.08526315789473,kao5pem,0.03606481568956326
905.0,67.0757894736842,kao5pem,0.03605972266825171
906.2,67.10105263157897,kao5pem,0.03607330405841585
907.4,67.07842105263157,kao5pem,0.036061137396393814
908.5,67.0957894736842,kao5pem,0.03607047460213165
909.7,67.11105263157894,kao5pem,0.0360786800253558
910.9,67.13157894736841,kao5pem,0.036089714904864144
912.1,67.15052631578946,kao5pem,0.03609990094748724
913.2,67.14052631578947,kao5pem,0.03609452498054728
914.4,67.1521052631579,kao5pem,0.036100749784372506
915.6,67.16842105263157,kao5pem,0.036109521098853486
916.8,67.1778947368421,kao5pem,0.03611461412016504
917.9,67.20473684210526,kao5pem,0.036129044347214416
919.1,67.22526315789474,kao5pem,0.036140079226722764
920.2,67.24315789473684,kao5pem,0.03614969937808901
921.4,67.25421052631579,kao5pem,0.03615564123628581
922.6,67.27210526315788,kao5pem,0.03616526138765206
923.8,67.2721052631579,kao5pem,0.03616526138765207
924.9,67.28315789473685,kao5pem,0.036171203245848875
926.1,67.29947368421053,kao5pem,0.03617997456032986
927.2,67.31947368421051,kao5pem,0.036190726494209784
928.4,67.32631578947368,kao5pem,0.03619440478737924
929.6,67.3357894736842,kao5pem,0.036199497808690785
930.7,67.33157894736843,kao5pem,0.03619723424366344
931.9,67.3436842105263,kao5pem,0.036203741993117065
933.0,67.3673684210526,kao5pem,0.03621647454639592
934.2,67.35842105263157,kao5pem,0.03621166447071281
935.3,67.37263157894738,kao5pem,0.036219304002680135
936.5,67.38,kao5pem,0.036223265241477995
937.7,67.36,kao5pem,0.03621251330759807
938.8,67.37263157894739,kao5pem,0.03621930400268014
940.0,67.3721052631579,kao5pem,0.036219021057051715
941.1,67.37157894736842,kao5pem,0.03621873811142329
942.3,67.39578947368422,kao5pem,0.036231753610330576
943.4,67.39052631578947,kao5pem,0.03622892415404638
944.6,67.4021052631579,kao5pem,0.03623514895787161
945.7,67.39105263157894,kao5pem,0.036229207099674796
946.9,67.35894736842106,kao5pem,0.036211947416341234
948.0,67.32947368421051,kao5pem,0.03619610246114975
949.2,67.32263157894737,kao5pem,0.036192424167980304
950.3,67.33631578947367,kao5pem,0.0361997807543192
951.5,67.36473684210527,kao5pem,0.03621505981825385
952.6,67.35,kao5pem,0.0362071373406581
953.8,67.33736842105263,kao5pem,0.036200346645576045
954.9,67.34000000000002,kao5pem,0.03620176137371815
956.1,67.33736842105263,kao5pem,0.036200346645576045
957.2,67.32473684210527,kao5pem,0.036193555950493984
958.3,67.38947368421053,kao5pem,0.03622835826278954
959.5,67.40947368421052,kao5pem,0.03623911019666947
960.6,67.42473684210528,kao5pem,0.03624731561989363
961.8,67.44894736842105,kao5pem,0.0362603311188009
962.9,67.39947368421053,kao5pem,0.03623373422972951
964.1,67.28631578947368,kao5pem,0.03617290091961938
965.2,67.15842105263157,kao5pem,0.036104145131913526
966.3,67.04052631578948,kao5pem,0.03604076531114764
967.5,67.0784210526316,kao5pem,0.03606113739639383
968.6,67.22631578947369,kao5pem,0.036140645117979604
969.8,67.41631578947369,kao5pem,0.03624278848983892
970.9,67.53473684210527,kao5pem,0.03630645125623324
972.1,67.59263157894736,kao5pem,0.036337575275359336
973.2,67.62,kao5pem,0.03635228844803714
974.3,67.64052631578947,kao5pem,0.03636332332754548
975.5,67.63315789473684,kao5pem,0.03635936208874761
976.6,67.69842105263157,kao5pem,0.036394447346671584
977.8,67.66684210526314,kao5pem,0.036377470608966435
978.9,67.67842105263158,kao5pem,0.03638369541279166
980.0,67.7015789473684,kao5pem,0.0363961450204421
981.2,67.67263157894736,kao5pem,0.03638058301087905
982.3,67.67894736842106,kao5pem,0.03638397835842009
983.5,67.66684210526316,kao5pem,0.03637747060896644
984.6,67.71315789473684,kao5pem,0.036402369824267325
985.7,67.60052631578947,kao5pem,0.036341819459785624
986.9,67.67684210526313,kao5pem,0.03638284657590639
988.0,67.66052631578947,kao5pem,0.03637407526142541
989.1,67.64105263157894,kao5pem,0.0363636062731739
992.0,67.95894736842105,kao5pem,0.036534505432739076
995.9,67.99157894736844,kao5pem,0.03655204806170107
999.7,68.00263157894737,kao5pem,0.036557989919897865
1003.6,68.0521052631579,kao5pem,0.03658458680896927
1007.4,68.09631578947368,kao5pem,0.03660835424175647
1011.3,68.13999999999999,kao5pem,0.03663183872891526
1015.1,68.17736842105265,kao5pem,0.03665192786853304
1019.0,68.19263157894738,kao5pem,0.03666013329175719
1022.8,68.21105263157895,kao5pem,0.03667003638875185
1026.7,68.23526315789474,kao5pem,0.036683051887659135
1030.5,68.26736842105264,kao5pem,0.03670031157099271
1034.4,68.26473684210526,kao5pem,0.03669889684285061
1038.2,68.30631578947369,kao5pem,0.03672124954749572
1042.1,68.34368421052632,kao5pem,0.03674133868711348
1045.9,68.35631578947368,kao5pem,0.036748129382195543
1049.7,68.39052631578947,kao5pem,0.036766520848042786
1053.6,68.36578947368422,kao5pem,0.03675322240350709
1057.4,68.43947368421054,kao5pem,0.036792834791485776
1061.2,68.45263157894736,kao5pem,0.03679990843219624
1065.1,68.46052631578948,kao5pem,0.03680415261662254
1068.9,68.5078947368421,kao5pem,0.03682961772318026
1072.7,68.54105263157896,kao5pem,0.03684744329777068
1076.6,68.53736842105262,kao5pem,0.03684546267837173
1080.4,68.55684210526317,kao5pem,0.03685593166662325
1084.2,68.56421052631579,kao5pem,0.03685989290542111
1088.0,68.59157894736842,kao5pem,0.03687460607809891
1091.8,68.61473684210526,kao5pem,0.03688705568574935
1095.7,68.64526315789475,kao5pem,0.03690346653219767
1099.5,68.65315789473686,kao5pem,0.036907710716623965
1103.3,68.66473684210526,kao5pem,0.036913935520449165
1107.1,68.67421052631579,kao5pem,0.03691902854176072
1110.9,68.68263157894738,kao5pem,0.036923555671815426
1114.8,68.69894736842106,kao5pem,0.03693232698629642
1118.6,68.68947368421053,kao5pem,0.036927233964984874
1122.4,68.71894736842104,kao5pem,0.03694307892017634
1126.2,68.74000000000002,kao5pem,0.036954396745313124
1130.0,68.74210526315788,kao5pem,0.036955528527826784
1133.8,68.74578947368421,kao5pem,0.036957509147225724
1137.6,68.76315789473684,kao5pem,0.03696684635296355
1141.4,68.78526315789475,kao5pem,0.03697873006935717
1145.2,68.75473684210527,kao5pem,0.03696231922290885
1149.0,68.73263157894739,kao5pem,0.03695043550651526
1152.8,68.7242105263158,kao5pem,0.03694590837646054
1156.6,68.74368421052631,kao5pem,0.036956377364712044
1160.4,68.75736842105262,kao5pem,0.03696373395105094
1164.2,68.81947368421055,kao5pem,0.036997121535204416
1168.0,68.83473684210526,kao5pem,0.03700532695842856
1171.8,68.87947368421051,kao5pem,0.03702937733684418
1175.6,68.89736842105263,kao5pem,0.03703899748821044
1179.4,68.89842105263159,kao5pem,0.03703956337946729
1183.2,68.86842105263159,kao5pem,0.03702343547864739
1187.0,68.88999999999999,kao5pem,0.03703503624941257
1190.7,68.91947368421052,kao5pem,0.03705088120460404
1194.5,68.92,kao5pem,0.03705116415023247
1198.3,68.94263157894737,kao5pem,0.03706333081225449
1202.1,68.90421052631578,kao5pem,0.03704267578137989
1205.9,68.85578947368421,kao5pem,0.037016644783565325
1209.7,68.86210526315789,kao5pem,0.03702004013110635
1213.4,68.84105263157893,kao5pem,0.037008722305969584
1217.2,68.80947368421053,kao5pem,0.03699174556826444
1221.0,68.77263157894735,kao5pem,0.03697193937427509
1224.8,68.71526315789474,kao5pem,0.036941098300777415
1228.5,68.65736842105264,kao5pem,0.036909974281651305
1232.3,68.60894736842106,kao5pem,0.03688394328383674
1236.1,68.56894736842106,kao5pem,0.03686243941607689
1239.8,68.53263157894737,kao5pem,0.03684291616771596
1243.6,68.60210526315788,kao5pem,0.03688026499066729
1247.4,68.65421052631581,kao5pem,0.0369082766078808
1251.1,68.66368421052633,kao5pem,0.03691336962919234
1254.9,68.73473684210526,kao5pem,0.03695156728902892
1258.7,68.77894736842106,kao5pem,0.03697533472181613
1262.4,68.80105263157895,kao5pem,0.03698721843820974
1266.2,68.78894736842105,kao5pem,0.036980710688756094
1269.9,68.76842105263158,kao5pem,0.036969675809247746
1273.7,68.75157894736843,kao5pem,0.03696062154913834
1277.4,68.71947368421051,kao5pem,0.036943361865804755
1281.2,68.6457894736842,kao5pem,0.03690374947782608
1284.9,68.47526315789473,kao5pem,0.03681207509421827
1288.7,68.37,kao5pem,0.036755485968534445
1292.4,68.19473684210526,kao5pem,0.03666126507427086
1296.2,68.10000000000001,kao5pem,0.03661033486115541
1299.9,67.9536842105263,kao5pem,0.036531675976454875
1303.7,67.84842105263158,kao5pem,0.036475086850771055
1307.4,67.74526315789474,kao5pem,0.036419629507600894
1311.2,67.67368421052632,kao5pem,0.03638114890213589
1314.9,67.58842105263157,kao5pem,0.03633531171033198
1318.7,67.50421052631579,kao5pem,0.03629004040978492
1322.4,67.37894736842105,kao5pem,0.036222699350221155
1326.1,67.2857894736842,kao5pem,0.03617261797399096
1329.9,67.21315789473684,kao5pem,0.03613357147726912
1333.6,67.14842105263158,kao5pem,0.036098769164973565
1337.3,67.11947368421053,kao5pem,0.03608320715541052
1341.1,67.03578947368422,kao5pem,0.03603821880049187
1344.8,66.80578947368421,kao5pem,0.035914571560872695
1348.5,66.41842105263159,kao5pem,0.035706323578356194
1352.2,65.98421052631579,kao5pem,0.03547289343491038
1356.0,65.6342105263158,kao5pem,0.03528473459201164
1359.7,65.47210526315789,kao5pem,0.03519758733845853
1363.4,65.37842105263158,kao5pem,0.03514722301659992
1367.1,65.3478947368421,kao5pem,0.035130812170151605
1370.8,65.11736842105263,kao5pem,0.035006881984904016
1374.6,64.6778947368421,kao5pem,0.03477062238517402
1378.3,63.99210526315789,kao5pem,0.034401944231343844
1382.0,63.00684210526316,kao5pem,0.03387227001494318
1385.7,61.6057894736842,kao5pem,0.03311906875209136
1389.4,60.06684210526316,kao5pem,0.03229173573459374
1393.1,58.92947368421053,kao5pem,0.03168029023157993
1396.8,58.423684210526325,kao5pem,0.03140837948266911
1400.5,58.54473684210526,kao5pem,0.031473456977205515
1404.2,58.663157894736834,kao5pem,0.03153711974359982
1407.9,57.74210526315789,kao5pem,0.031041964893866292
1411.7,57.56894736842106,kao5pem,0.030948875782116393
1415.4,58.40263157894737,kao5pem,0.031397061657532345
1419.1,60.755263157894746,kao5pem,0.032661828616566004
1422.8,63.05157894736842,kao5pem,0.033896320393358804
1426.4,64.39421052631579,kao5pem,0.034618114691456085
1430.2,65.2163157894737,kao5pem,0.03506007576304683
1433.8,65.73315789473685,kao5pem,0.03533792837015444
1437.5,66.05315789473686,kao5pem,0.035509959312233295
1441.2,66.22999999999999,kao5pem,0.03560502904338212
1444.9,66.35157894736841,kao5pem,0.03567038948354695
1448.6,66.41947368421052,kao5pem,0.03570688946961302
1452.3,66.4942105263158,kao5pem,0.03574706774884855
1456.0,66.53421052631579,kao5pem,0.0357685716166084
1459.7,66.59473684210528,kao5pem,0.03580111036387661
1463.3,66.57157894736842,kao5pem,0.035788660756226165
1467.0,66.6557894736842,kao5pem,0.035833932056773224
1470.7,66.6715789473684,kao5pem,0.03584242042562579
1474.4,66.71052631578948,kao5pem,0.03586335840212883
1478.1,66.73421052631579,kao5pem,0.03587609095540768
1481.7,66.82789473684211,kao5pem,0.035926455277266296
1485.4,66.87473684210526,kao5pem,0.0359516374381956
1489.1,66.89684210526315,kao5pem,0.0359635211545892
1492.8,66.92842105263158,kao5pem,0.03598049789229436
1496.4,66.96894736842104,kao5pem,0.036002284705682626
1500.1,67.01947368421054,kao5pem,0.03602944748601088
1503.8,67.07052631578948,kao5pem,0.03605689321196753
1507.4,67.1178947368421,kao5pem,0.03608235831852525
1511.1,67.16894736842104,kao5pem,0.03610980404448191
1514.7,67.2257894736842,kao5pem,0.03614036217235118
1518.4,67.2636842105263,kao5pem,0.03616073425759736
1522.1,67.29684210526317,kao5pem,0.036178559832187776
1525.7,67.33894736842106,kao5pem,0.036201195482461306
1529.4,67.36631578947369,kao5pem,0.0362159086551391
1533.0,67.3957894736842,kao5pem,0.03623175361033057
1536.7,67.42473684210526,kao5pem,0.036247315619893625
1540.3,67.45,kao5pem,0.03626089701005775
1544.0,67.47999999999999,kao5pem,0.036277024910877635
1547.6,67.49368421052631,kao5pem,0.036284381497216536
1551.3,67.52684210526317,kao5pem,0.03630220707180695
1554.9,67.56000000000002,kao5pem,0.03632003264639736
1558.6,67.55578947368421,kao5pem,0.03631776908137
1562.2,67.58473684210526,kao5pem,0.03633333109093305
1565.8,67.59473684210528,kao5pem,0.036338707057873024
1569.5,67.60473684210527,kao5pem,0.036344083024812984
1573.1,67.63,kao5pem,0.0363576644149771
1576.8,67.63526315789473,kao5pem,0.036360493871261286
1580.4,67.65526315789472,kao5pem,0.036371245805141214
1584.0,67.66473684210526,kao5pem,0.03637633882645276
1587.7,67.70052631578947,kao5pem,0.036395579129185264
1591.3,67.71999999999998,kao5pem,0.036406048117436765
1594.9,67.73789473684211,kao5pem,0.03641566826880303
1598.5,67.75578947368422,kao5pem,0.03642528842016928
1602.2,67.78210526315789,kao5pem,0.03643943570159023
1605.8,67.78157894736842,kao5pem,0.036439152755961816
1609.4,67.82105263157894,kao5pem,0.036460373678093246
1613.0,67.83684210526316,kao5pem,0.03646886204694583
1616.7,67.86,kao5pem,0.036481311654596275
1620.3,67.8657894736842,kao5pem,0.03648442405650888
1623.9,67.86368421052632,kao5pem,0.03648329227399521
1627.5,67.8821052631579,kao5pem,0.03649319537098988
1631.1,67.88789473684211,kao5pem,0.03649630777290249
1634.7,67.89736842105265,kao5pem,0.03650140079421404
1638.3,67.92052631578947,kao5pem,0.03651385040186447
1641.9,67.91947368421053,kao5pem,0.03651328451060764
1645.6,67.91052631578948,kao5pem,0.03650847443492452
1649.2,67.91368421052633,kao5pem,0.03651017210869503
1652.8,67.91789473684211,kao5pem,0.036512435673722386
1656.4,67.88210526315791,kao5pem,0.036493195370989884
1660.0,67.86947368421053,kao5pem,0.03648640467590782
1663.6,67.84736842105262,kao5pem,0.03647452095951421
1667.2,67.80631578947367,kao5pem,0.03645245120049751
1670.8,67.79263157894736,kao5pem,0.03644509461415862
1674.4,67.76052631578948,kao5pem,0.036427834930825055
1678.0,67.72894736842105,kao5pem,0.0364108581931199
1681.6,67.67526315789475,kao5pem,0.03638199773902115
1685.1,67.65263157894738,kao5pem,0.03636983107699913
1688.7,67.63105263157895,kao5pem,0.03635823030623394
1692.3,67.59736842105261,kao5pem,0.036340121786015096
1695.9,67.56210526315789,kao5pem,0.03632116442891102
1699.5,67.53157894736842,kao5pem,0.03630475358246271
1703.1,67.50210526315789,kao5pem,0.03628890862727124
1706.7,67.48473684210526,kao5pem,0.03627957142153341
1710.2,67.44526315789474,kao5pem,0.03625835049940197
1713.8,67.38684210526317,kao5pem,0.036226943534647456
1717.4,67.34052631578945,kao5pem,0.036202044319346545
1721.0,67.25263157894737,kao5pem,0.03615479239940056
1724.5,67.19157894736843,kao5pem,0.03612197070650394
1728.1,67.12894736842105,kao5pem,0.03608830017672206
1731.7,67.15157894736842,kao5pem,0.03610046683874408
1735.2,67.14263157894737,kao5pem,0.03609565676306096
1738.8,67.11315789473683,kao5pem,0.036079811807869476
1742.4,67.07947368421051,kao5pem,0.03606170328765065
1745.9,67.03842105263156,kao5pem,0.03603963352863395
1749.5,67.01315789473684,kao5pem,0.036026052138469836
1753.1,66.9521052631579,kao5pem,0.035993230445573225
1756.6,66.89368421052633,kao5pem,0.0359618234808187
1760.2,66.81157894736842,kao5pem,0.0359176839627853
1763.8,66.8,kao5pem,0.03591145915896008
1767.3,66.74473684210525,kao5pem,0.035881749867976064
1770.9,66.69368421052631,kao5pem,0.03585430414201941
1774.4,66.66526315789476,kao5pem,0.035839025078084785
1778.0,66.59526315789473,kao5pem,0.03580139330950503
1781.5,66.54736842105262,kao5pem,0.035775645257318876
1785.1,66.47947368421052,kao5pem,0.035739145271252805
1788.6,66.42631578947369,kao5pem,0.035710567762782475
1792.1,66.40789473684212,kao5pem,0.035700664665787814
1795.7,66.37368421052633,kao5pem,0.03568227319994057
1799.2,66.35,kao5pem,0.035669540646661696
1802.8,66.28894736842103,kao5pem,0.035636718953765065
1806.3,66.26894736842105,kao5pem,0.035625967019885144
1809.8,66.23578947368419,kao5pem,0.03560814144529473
1813.4,66.16526315789474,kao5pem,0.03557022673108657
1816.9,66.16578947368421,kao5pem,0.03557050967671499
1820.4,66.12631578947371,kao5pem,0.03554928875458357
1824.0,66.20368421052632,kao5pem,0.03559088176196117
1827.5,66.25842105263158,kao5pem,0.03562030810731676
1831.0,66.31052631578947,kao5pem,0.03564831972453026
1834.6,66.28894736842105,kao5pem,0.03563671895376507
1838.1,66.25842105263158,kao5pem,0.03562030810731676
1841.6,66.24684210526316,kao5pem,0.03561408330349154
1845.1,66.31684210526316,kao5pem,0.035651715072071294
1848.6,66.42157894736842,kao5pem,0.0357080212521267
1852.2,66.5463157894737,kao5pem,0.03577507936606205
1855.7,66.58842105263159,kao5pem,0.03579771501633558
1859.2,66.62105263157896,kao5pem,0.035815257645297575
1862.7,66.57105263157897,kao5pem,0.03578837781059775
1866.2,66.41263157894737,kao5pem,0.035703211176443574
1869.7,66.23263157894738,kao5pem,0.03560644377152423
1873.2,66.0442105263158,kao5pem,0.03550514923655017
1876.7,65.84368421052632,kao5pem,0.03539734695212247
1880.2,65.56789473684209,kao5pem,0.035249083442830814
1883.7,65.22894736842106,kao5pem,0.035066866458128884
1887.2,64.77526315789474,kao5pem,0.034822967326431566
1890.7,64.23578947368422,kao5pem,0.03453294805730193
1894.2,63.64578947368421,kao5pem,0.03421576600784404
1897.7,63.01789473684209,kao5pem,0.03387821187313997
1902.7,61.794210526315794,kao5pem,0.03322036328706543
1905.5,61.4078947368421,kao5pem,0.03301268119580576
1908.2,61.135789473684206,kao5pem,0.03286639830591305
1911.0,60.86736842105263,kao5pem,0.032722096035419285
1913.7,60.585789473684216,kao5pem,0.03257072012421503
1916.5,60.3742105263158,kao5pem,0.03245697598159053
1919.2,60.23,kao5pem,0.03237944887940367
1921.9,60.10473684210526,kao5pem,0.03231210781983992
1924.7,59.97684210526315,kao5pem,0.032243352032134055
1927.4,59.9078947368421,kao5pem,0.03220628615481115
1930.1,59.861578947368415,kao5pem,0.03218138693951026
1932.9,59.8278947368421,kao5pem,0.03216327841929143
1935.6,59.80157894736842,kao5pem,0.032149131137870476
1938.3,59.79842105263158,kao5pem,0.03214743346409996
1941.0,59.82315789473684,kao5pem,0.032160731908635665
1943.7,59.88,kao5pem,0.032191290036504935
1946.4,59.94473684210525,kao5pem,0.032226092348800486
1949.2,60.0078947368421,kao5pem,0.032260045824210784
1951.9,60.08315789473685,kao5pem,0.032300507049074736
1954.6,60.19315789473685,kao5pem,0.03235964268541434
1957.3,60.28684210526317,kao5pem,0.03241000700727295
1960.0,60.39052631578948,kao5pem,0.032465747296071525
1962.7,60.514210526315786,kao5pem,0.03253223951875002
1965.4,60.63000000000002,kao5pem,0.03259448755700225
1968.1,60.73263157894737,kao5pem,0.032649661954543975
1970.7,60.86421052631578,kao5pem,0.032720398361648764
1973.4,60.98263157894737,kao5pem,0.03278406112804308
1976.1,61.09473684210526,kao5pem,0.03284432854689636
1978.8,61.2278947368421,kao5pem,0.03291591379088641
1981.5,61.36473684210527,kao5pem,0.03298947965427539
1984.1,61.49105263157895,kao5pem,0.033057386605095995
1986.8,61.61684210526316,kao5pem,0.03312501061028817
1989.5,61.74894736842104,kao5pem,0.03319602996302137
1992.1,61.86894736842106,kao5pem,0.033260541566300955
1994.8,61.99,kao5pem,0.03332561906083736
1997.5,62.09947368421052,kao5pem,0.03338447175154854
2000.1,62.21789473684211,kao5pem,0.03344813451794286
2002.8,62.334210526315786,kao5pem,0.03351066550182349
2005.4,62.44842105263158,kao5pem,0.03357206470319045
2008.1,62.58315789473684,kao5pem,0.03364449878406575
2010.7,62.70842105263158,kao5pem,0.033711839843629514
2013.4,62.80736842105264,kao5pem,0.033765033621772314
2016.0,62.877894736842094,kao5pem,0.03380294833598048
2018.6,62.96631578947368,kao5pem,0.0338504832015549
2021.3,63.05052631578948,kao5pem,0.03389575450210197
2023.9,63.09578947368422,kao5pem,0.03392008782614602
2026.5,63.14947368421052,kao5pem,0.033948948280244765
2029.2,63.20894736842106,kao5pem,0.033980921136256136
2031.8,63.236315789473686,kao5pem,0.03399563430893393
2034.4,63.25473684210526,kao5pem,0.0340055374059286
2037.0,63.27789473684211,kao5pem,0.03401798701357905
2039.7,63.27421052631578,kao5pem,0.03401600639418011
2042.3,63.26105263157895,kao5pem,0.03400893275346963
2044.9,63.23684210526316,kao5pem,0.03399591725456235
2047.5,63.21315789473684,kao5pem,0.03398318470128349
2050.1,63.20052631578948,kao5pem,0.033976394006201435
2052.7,63.163157894736834,kao5pem,0.033956304866583666
2055.3,63.13736842105264,kao5pem,0.03394244053079114
2057.9,63.12157894736843,kao5pem,0.033933952161938556
2060.5,63.09947368421052,kao5pem,0.03392206844554495
2063.1,63.06210526315789,kao5pem,0.033901979305927185
2065.7,63.018947368421045,kao5pem,0.033878777764396815
2068.3,62.962105263157895,kao5pem,0.03384821963652755
2070.9,62.9057894736842,kao5pem,0.033817944454286694
2073.4,62.84473684210526,kao5pem,0.03378512276139008
2076.0,62.80052631578946,kao5pem,0.03376135532860286
2078.6,62.74842105263158,kao5pem,0.03373334371138937
2081.2,62.66473684210524,kao5pem,0.03368835535647071
2083.7,62.57368421052631,kao5pem,0.033639405762754204
2086.3,62.49368421052633,kao5pem,0.033596398027234506
2088.9,62.43631578947368,kao5pem,0.0335655569537368
2091.4,62.40736842105263,kao5pem,0.03354999494417375
2094.0,62.37684210526315,kao5pem,0.03353358409772544
2096.6,62.3478947368421,kao5pem,0.03351802208816238
2099.1,62.31631578947368,kao5pem,0.03350104535045723
2101.6,62.24473684210528,kao5pem,0.03346256474499224
2104.2,62.128947368421045,kao5pem,0.03340031670674001
2106.8,61.966842105263154,kao5pem,0.03331316945318691
2109.3,61.80473684210527,kao5pem,0.03322602219963382
2111.8,61.666315789473686,kao5pem,0.033151607499359574
2114.4,61.59263157894737,kao5pem,0.03311199511138089
2116.9,61.56526315789473,kao5pem,0.03309728193870309
2119.4,61.525263157894734,kao5pem,0.03307577807094323
2122.0,61.452631578947376,kao5pem,0.03303673157422139
2124.5,61.31631578947368,kao5pem,0.03296344865646082
2127.0,61.173684210526325,kao5pem,0.03288677039115924
2129.6,60.98736842105264,kao5pem,0.03278660763869886
2132.1,60.694736842105264,kao5pem,0.0326292898692978
2134.6,60.30263157894738,kao5pem,0.032418495376125525
2137.1,59.819473684210536,kao5pem,0.03215875128923674
2139.6,59.17947368421052,kao5pem,0.031814689405079026
2142.1,58.369473684210526,kao5pem,0.031379236082941936
2144.6,57.40157894736843,kao5pem,0.0308588990722791
2147.1,56.401578947368414,kao5pem,0.030321302378282688
2149.6,55.42473684210526,kao5pem,0.029796155291936723
2152.1,54.486315789473686,kao5pem,0.02929166323646536
2154.6,53.65105263157896,kao5pem,0.028842628524164155
2157.1,52.9878947368421,kao5pem,0.028486117032356
2159.6,52.47842105263158,kao5pem,0.028212225664046256
2162.1,52.13421052631579,kao5pem,0.028027179223060122
2164.6,51.92157894736842,kao5pem,0.027912869189178777
2167.1,51.81684210526315,kao5pem,0.027856563009123363
2169.6,51.76473684210526,kao5pem,0.027828551391909866
2172.0,51.775789473684206,kao5pem,0.02783449325010667
2174.5,51.79631578947369,kao5pem,0.02784552812961502
2177.0,51.76315789473684,kao5pem,0.027827702555024612
2179.4,51.67684210526316,kao5pem,0.027781299471963873
2181.9,51.50631578947368,kao5pem,0.02768962508835606
2184.4,51.220000000000006,kao5pem,0.02753570266649604
2186.8,50.85842105263158,kao5pem,0.027341319019772072
2189.3,50.48052631578948,kao5pem,0.02713816405856712
2191.7,50.10052631578947,kao5pem,0.02693387731484848
2194.2,49.67526315789473,kao5pem,0.026705257247085792
2196.6,49.0478947368421,kao5pem,0.026367986058010152
2199.1,48.12157894736842,kao5pem,0.025870001751992427
2201.5,46.99473684210526,kao5pem,0.025264215161547
2204.0,46.04,kao5pem,0.02475095179159464
2206.4,45.74947368421053,kao5pem,0.024594765804707264
2208.9,46.32210526315789,kao5pem,0.024902610648427307
2211.3,47.54578947368421,kao5pem,0.025560459234501863
2213.7,49.03684210526316,kao5pem,0.026362044199813355
2216.1,50.47684210526316,kao5pem,0.027136183439168182
2218.6,51.77052631578948,kao5pem,0.027831663793822486
2221.0,52.86578947368421,kao5pem,0.028420473646562756
2223.4,53.71526315789473,kao5pem,0.028877147890831283
2225.8,54.36473684210527,kao5pem,0.02922630279630054
2228.2,54.87684210526315,kao5pem,0.029501608892752374
2230.6,55.218947368421055,kao5pem,0.029685523551224835
2233.1,55.44631578947369,kao5pem,0.02980775606270191
2235.5,55.614210526315794,kao5pem,0.029898015718167626
2237.9,55.74842105263158,kao5pem,0.02997016685341451
2240.3,55.82578947368421,kao5pem,0.030011759860792128
2242.7,55.86473684210527,kao5pem,0.03003269783729515
2245.1,55.89052631578948,kao5pem,0.030046562173087685
2247.5,55.88631578947368,kao5pem,0.030044298608060325
2249.9,55.87105263157895,kao5pem,0.030036093184836174
2252.2,55.82631578947369,kao5pem,0.030012042806420548
2254.6,55.740526315789474,kao5pem,0.02996592266898822
2257.0,55.64157894736842,kao5pem,0.02991272889084542
2259.4,55.54631578947369,kao5pem,0.029861515732101555
2261.8,55.42421052631579,kao5pem,0.029795872346308306
2264.1,55.30105263157895,kao5pem,0.02972966306925822
2266.5,55.16789473684211,kao5pem,0.029658077825268175
2268.9,55.02368421052632,kao5pem,0.029580550723081325
2271.2,54.845789473684206,kao5pem,0.029484915100675645
2273.6,54.65684210526316,kao5pem,0.02938333762007317
2276.0,54.485263157894735,kao5pem,0.02929109734520852
2278.3,54.317894736842106,kao5pem,0.02920112063537123
2280.7,54.13842105263157,kao5pem,0.02910463617608029
2283.0,53.99052631578948,kao5pem,0.029025128454494512
2285.4,53.83736842105263,kao5pem,0.02894279127662453
2287.7,53.69105263157895,kao5pem,0.028864132391924004
2290.1,53.55157894736842,kao5pem,0.028789151800392924
2292.4,53.43368421052632,kao5pem,0.028725771979627036
2294.8,53.27894736842106,kao5pem,0.028642585964871802
2297.1,53.10157894736842,kao5pem,0.02854723328809454
2299.4,52.932631578947365,kao5pem,0.02845640774137199
2301.8,52.75631578947369,kao5pem,0.028361620955851576
2304.1,52.52421052631579,kao5pem,0.028236841933718723
2306.4,52.282631578947374,kao5pem,0.02810696989027433
2308.7,52.07105263157895,kao5pem,0.027993225747649824
2311.1,51.90263157894736,kao5pem,0.027902683146555685
2313.4,51.79631578947368,kao5pem,0.027845528129615018
2315.7,51.73894736842105,kao5pem,0.02781468705611733
2318.0,51.6778947368421,kao5pem,0.027781865363220706
2320.3,51.62631578947368,kao5pem,0.02775413669163563
2322.6,51.62263157894736,kao5pem,0.027752156072236692
2324.9,51.635263157894734,kao5pem,0.027758946767318753
2327.2,51.701578947368425,kao5pem,0.02779459791649957
2329.5,51.78526315789473,kao5pem,0.027839586271418214
2331.8,51.86736842105263,kao5pem,0.027883725789451606
2334.1,51.89578947368421,kao5pem,0.02789900485338624
2336.4,51.90736842105264,kao5pem,0.027905229657211466
2338.7,51.86526315789473,kao5pem,0.027882594006937926
2341.0,51.77,kao5pem,0.027831380848194063
2343.2,51.61368421052632,kao5pem,0.027747345996553575
2345.5,51.41894736842105,kao5pem,0.027642656114038478
2347.8,51.25105263157894,kao5pem,0.027552396458572766
2350.1,51.095263157894735,kao5pem,0.027468644552560696
2352.4,50.94157894736843,kao5pem,0.027386024429062305
2354.6,50.83105263157895,kao5pem,0.027326605847094277
2356.9,50.774736842105256,kao5pem,0.027296330664853423
2359.1,50.73578947368421,kao5pem,0.027275392688350407
2361.4,50.712105263157895,kao5pem,0.027262660135071545
2363.7,50.68421052631579,kao5pem,0.02724766401676533
2365.9,50.6278947368421,kao5pem,0.027217388834524476
2368.2,50.48315789473684,kao5pem,0.02713957878670921
2370.4,50.2542105263158,kao5pem,0.02701649743834688
2372.7,50.03947368421052,kao5pem,0.02690105562195185
2374.9,49.844736842105256,kao5pem,0.02679636573943676
2377.2,49.64421052631579,kao5pem,0.026688563455009064
2379.4,49.49736842105264,kao5pem,0.026609621624680124
2381.6,49.4078947368421,kao5pem,0.02656152086784886
2383.9,49.415263157894735,kao5pem,0.026565482106646728
2386.1,49.49105263157895,kao5pem,0.026606226277139093
2388.3,49.62421052631579,kao5pem,0.02667781152112914
2390.6,49.79684210526316,kao5pem,0.026770617687250624
2392.8,49.98842105263159,kao5pem,0.0268736098959952
2395.0,50.17684210526316,kao5pem,0.02697490443096926
2397.2,50.352105263157895,kao5pem,0.02706912532523284
2399.4,50.48736842105262,kao5pem,0.02714184235173656
2401.6,50.578947368421055,kao5pem,0.0271910748910815
2403.9,50.60105263157895,kao5pem,0.027202958607475104
2406.1,50.6,kao5pem,0.027202392716218264
2408.3,50.56578947368422,kao5pem,0.027184001250371022
2410.5,50.50526315789474,kao5pem,0.027151462503102814
2412.7,50.39473684210526,kao5pem,0.02709204392113479
2414.9,50.240526315789474,kao5pem,0.027009140852007976
2417.1,50.13894736842106,kao5pem,0.026954532345723082
2419.2,49.99684210526315,kao5pem,0.026878137026049898
2421.4,49.798421052631575,kao5pem,0.026771466524135878
2423.6,49.602631578947374,kao5pem,0.026666210750363954
2425.8,49.361578947368415,kao5pem,0.02653662165254797
2428.0,49.09736842105264,kao5pem,0.026394582947081562
2430.2,48.81315789473685,kao5pem,0.026241792307735212
2432.3,48.51631578947368,kao5pem,0.026082210973306798
2434.5,48.17421052631579,kao5pem,0.025898296314834344
2436.7,47.87736842105263,kao5pem,0.025738714980405936
2438.8,47.6036842105263,kao5pem,0.025591583253627967
2441.0,47.29631578947368,kao5pem,0.02542634300663118
2443.2,47.056842105263165,kao5pem,0.025297602745700466
2445.3,46.86947368421053,kao5pem,0.025196874101983246
2447.5,46.695789473684215,kao5pem,0.02510350204460492
2449.6,46.516842105263166,kao5pem,0.025007300530942408
2451.8,46.382105263157904,kao5pem,0.0249348664500671
2453.9,46.22473684210527,kao5pem,0.024850265707169774
2456.1,46.10052631578947,kao5pem,0.024783490538862845
2458.2,46.02315789473684,kao5pem,0.024741897531485226
2460.4,45.92,kao5pem,0.024686440188315072
2462.5,45.82000000000001,kao5pem,0.024632680518915435
2464.6,45.75263157894737,kao5pem,0.02459646347847778
2466.8,45.66894736842105,kao5pem,0.02455147512355913
2468.9,45.5521052631579,kao5pem,0.02448866119405008
2471.0,45.39263157894737,kao5pem,0.024402928668639075
2473.1,45.2721052631579,kao5pem,0.024338134119731084
2475.2,45.17736842105263,kao5pem,0.024287203906615634
2477.4,45.05894736842105,kao5pem,0.024223541140221322
2479.5,44.835789473684216,kao5pem,0.0241035721937716
2481.6,44.65947368421053,kao5pem,0.02400878540825118
2483.7,44.49157894736842,kao5pem,0.023918525752785465
2485.8,44.30842105263157,kao5pem,0.023820060674095596
2487.9,44.14631578947368,kao5pem,0.023732913420542495
2490.0,44.04,kao5pem,0.023675758403601824
2492.1,43.951578947368425,kao5pem,0.023628223538027408
2494.2,43.86578947368421,kao5pem,0.02358210340059508
2496.3,43.81473684210527,kao5pem,0.023554657674638428
2498.4,43.8478947368421,kao5pem,0.023572483249228827
2500.5,43.8721052631579,kao5pem,0.023585498748136115
2502.6,43.84894736842104,kao5pem,0.02357304914048566
2504.7,43.755263157894746,kao5pem,0.023522684818627064
2506.7,43.7678947368421,kao5pem,0.023529475513709118
2508.8,43.79368421052632,kao5pem,0.02354333984950166
2510.9,43.76105263157895,kao5pem,0.02352579722053967
2513.0,43.84263157894737,kao5pem,0.02356965379294464
339.3,39.4325,kao5ppfm,0.019561559063574586
340.8,37.779,kao5ppfm,0.01874129562829606
342.3,36.6255,kao5ppfm,0.01816907072802767
343.7,35.562000000000005,kao5ppfm,0.017641492764061104
345.2,34.5365,kao5ppfm,0.017132765728755307
346.7,33.7145,kao5ppfm,0.01672499037719864
348.1,33.0715,kao5ppfm,0.0164060128211756
349.6,32.342499999999994,kao5ppfm,0.016044372637130818
351.1,31.8085,kao5ppfm,0.01577946748173999
352.5,31.484,kao5ppfm,0.015618490472518412
354.0,31.2915,kao5ppfm,0.015522995636539508
355.5,31.1765,kao5ppfm,0.015465946773487177
357.0,30.988500000000005,kao5ppfm,0.015372684284323366
358.4,30.778,kao5ppfm,0.015268260061084095
359.9,30.654000000000003,kao5ppfm,0.015206746504401583
361.4,30.60100000000001,kao5ppfm,0.015180454419690511
362.8,30.5115,kao5ppfm,0.015136055521923692
364.3,30.615,kao5ppfm,0.01518739949867079
365.8,30.6745,kao5ppfm,0.015216916084336996
367.2,30.664,kao5ppfm,0.015211707275101785
368.7,30.7425,kao5ppfm,0.015250649325098375
370.1,30.843499999999988,kao5ppfm,0.015300753109170418
371.6,31.069500000000005,kao5ppfm,0.01541286652699501
373.1,31.1795,kao5ppfm,0.015467435004697237
374.5,31.262500000000006,kao5ppfm,0.015508609401508923
376.0,31.461,kao5ppfm,0.015607080699907945
377.5,31.634,kao5ppfm,0.015692902033021452
378.9,31.86950000000001,kao5ppfm,0.015809728183011233
380.4,31.944,kao5ppfm,0.015846685924727738
381.9,32.121500000000005,kao5ppfm,0.015934739604656342
383.3,32.3025,kao5ppfm,0.016024529554330008
384.8,32.474000000000004,kao5ppfm,0.016109606771838487
386.2,32.621,kao5ppfm,0.01618253010113147
387.7,32.8,kao5ppfm,0.016271327896665095
389.2,33.0225,kao5ppfm,0.016381705044744607
390.6,33.118,kao5ppfm,0.016429080404931545
392.1,33.221000000000004,kao5ppfm,0.016480176343143634
393.6,33.292500000000004,kao5ppfm,0.016515645853650084
395.0,33.459,kao5ppfm,0.01659824268580846
396.5,33.576,kao5ppfm,0.016656283703000832
397.9,33.768,kao5ppfm,0.016751530500444724
399.4,33.914,kao5ppfm,0.016823957752667686
400.9,33.987,kao5ppfm,0.016860171378779168
402.3,34.12799999999999,kao5ppfm,0.01693011824565202
403.8,34.270500000000006,kao5ppfm,0.017000809228129916
405.2,34.4645,kao5ppfm,0.017097048179713848
406.7,34.61,kao5ppfm,0.0171692273934018
408.1,34.781,kao5ppfm,0.017254056572375265
409.6,34.927,kao5ppfm,0.017326483824598227
411.1,35.1175,kao5ppfm,0.01742098650643709
412.5,35.269000000000005,kao5ppfm,0.017496142182545162
414.0,35.462,kao5ppfm,0.017591885057059078
415.4,35.654,kao5ppfm,0.01768713185450297
416.9,35.8825,kao5ppfm,0.0178004854650026
418.3,36.103,kao5ppfm,0.017909870458942073
419.8,36.328,kao5ppfm,0.018021487799696638
421.2,36.547,kao5ppfm,0.018130128678031075
422.7,36.7995,kao5ppfm,0.018255388138211197
424.1,37.0115,kao5ppfm,0.018360556477055492
425.6,37.24849999999999,kao5ppfm,0.018478126742650296
427.0,37.497,kao5ppfm,0.01860140189455034
428.5,37.7435,kao5ppfm,0.018723684892310338
429.9,38.0045,kao5ppfm,0.01885316100758563
431.4,38.244,kao5ppfm,0.018971971465855487
432.8,38.4935,kao5ppfm,0.019095742694825543
434.3,38.748000000000005,kao5ppfm,0.019221994309145708
435.7,38.98649999999999,kao5ppfm,0.019340308690345538
437.2,39.2445,kao5ppfm,0.019468296574410775
438.6,39.4995,kao5ppfm,0.019594796227265943
440.1,39.739,kao5ppfm,0.0197136066855358
441.5,39.99550000000001,kao5ppfm,0.019840850453996004
443.0,40.235,kao5ppfm,0.019959660912265857
444.4,40.462,kao5ppfm,0.02007227040716046
445.8,40.7095,kao5ppfm,0.02019504948199048
447.3,40.953500000000005,kao5ppfm,0.02031609228707543
448.7,41.199,kao5ppfm,0.020437879207765405
450.2,41.45,kao5ppfm,0.020562394552340497
451.6,41.6895,kao5ppfm,0.020681205010610354
453.0,41.9125,kao5ppfm,0.020791830197224876
454.5,42.135,kao5ppfm,0.020902207345304385
455.9,42.3575,kao5ppfm,0.021012584493383897
457.4,42.584,kao5ppfm,0.02112494594974349
458.8,42.80800000000001,kao5ppfm,0.021236067213428036
460.2,43.024,kao5ppfm,0.02134321986055241
461.7,43.2345,kao5ppfm,0.02144764408379168
463.1,43.4385,kao5ppfm,0.021548843806075815
464.5,43.627,kao5ppfm,0.02164235433377464
466.0,43.8175,kao5ppfm,0.021736857015613502
467.4,43.9985,kao5ppfm,0.02182664696528717
468.9,44.1775,kao5ppfm,0.0219154447608208
470.3,44.352,kao5ppfm,0.02200201020953934
471.7,44.52749999999999,kao5ppfm,0.022089071735327894
473.1,44.6945,kao5ppfm,0.022171916606021285
474.6,44.86150000000001,kao5ppfm,0.022254761476714676
476.0,45.03699999999999,kao5ppfm,0.022341823002503227
477.4,45.2085,kao5ppfm,0.02242690022001171
478.9,45.38549999999999,kao5ppfm,0.022514705861405294
480.3,45.562,kao5ppfm,0.022602263464263875
481.7,45.747,kao5ppfm,0.022694037722217626
483.1,45.9225,kao5ppfm,0.022781099248006184
484.6,46.1005,kao5ppfm,0.022869400966469795
486.0,46.286,kao5ppfm,0.022961423262958556
487.4,46.465,kao5ppfm,0.02305022105849219
488.9,46.6425,kao5ppfm,0.023138274738420783
490.3,46.8275,kao5ppfm,0.023230048996374538
491.7,47.0015,kao5ppfm,0.023316366406558067
493.1,47.157,kao5ppfm,0.023393506390946218
494.5,47.3175,kao5ppfm,0.023473126760684474
496.0,47.472,kao5ppfm,0.023549770668002606
497.4,47.63349999999999,kao5ppfm,0.023629887114810875
498.8,47.8045,kao5ppfm,0.023714716293784348
500.2,47.96749999999999,kao5ppfm,0.023795576856197646
501.6,48.1205,kao5ppfm,0.023871476647910755
503.1,48.272000000000006,kao5ppfm,0.02394663232401883
504.5,48.4275,kao5ppfm,0.024023772308406983
505.9,48.582,kao5ppfm,0.024100416215725114
507.3,48.74900000000001,kao5ppfm,0.024183261086418505
508.7,48.921,kao5ppfm,0.024268586342461988
510.1,49.0885,kao5ppfm,0.024351679251690385
511.6,49.255,kao5ppfm,0.024434276083848763
513.0,49.42,kao5ppfm,0.024516128800402107
514.4,49.57999999999999,kao5ppfm,0.024595501131605347
515.8,49.74550000000001,kao5ppfm,0.02467760188669371
517.2,49.9095,kao5ppfm,0.024758958526177034
518.6,50.07350000000001,kao5ppfm,0.024840315165660362
520.0,50.2315,kao5ppfm,0.02491869534272356
521.5,50.3935,kao5ppfm,0.02499905982806685
522.9,50.547,kao5ppfm,0.025075207658314957
524.3,50.700500000000005,kao5ppfm,0.025151355488563072
525.7,50.843,kao5ppfm,0.02522204647104096
527.1,50.989,kao5ppfm,0.02529447372326392
528.5,51.15,kao5ppfm,0.025374342131537185
529.9,51.299,kao5ppfm,0.025448257614970205
531.3,51.435500000000005,kao5ppfm,0.025515972135027976
532.7,51.5585,kao5ppfm,0.02557698961464047
534.1,51.6755,kao5ppfm,0.025635030631832843
535.5,51.81999999999999,kao5ppfm,0.025706713768450767
536.9,51.952,kao5ppfm,0.025772195941693447
538.3,52.078,kao5ppfm,0.025834701652516005
539.7,52.21,kao5ppfm,0.02590018382575868
541.1,52.36900000000001,kao5ppfm,0.025979060079891907
542.5,52.511,kao5ppfm,0.026049503023834783
544.0,52.633,kao5ppfm,0.02611002442637726
545.3,52.762,kao5ppfm,0.026174018368409872
546.8,52.8935,kao5ppfm,0.026239252503117542
548.2,53.028,kao5ppfm,0.026305974869035267
549.5,53.1435,kao5ppfm,0.02636327177062261
550.9,53.282,kao5ppfm,0.026431978444820415
552.3,53.4295,kao5ppfm,0.026505149812648406
553.7,53.5645,kao5ppfm,0.026572120217101147
555.1,53.6995,kao5ppfm,0.026639090621553882
556.5,53.8625,kao5ppfm,0.026719951183967187
557.9,54.016,kao5ppfm,0.0267960990142153
559.3,54.174,kao5ppfm,0.026874479191278503
560.7,54.31400000000001,kao5ppfm,0.026943929981081347
562.1,54.449,kao5ppfm,0.027010900385534078
563.5,54.5835,kao5ppfm,0.02707762275145181
564.9,54.718,kao5ppfm,0.027144345117369538
566.3,54.85549999999999,kao5ppfm,0.02721255571449732
567.7,54.98699999999999,kao5ppfm,0.027277789849204984
569.1,55.11749999999999,kao5ppfm,0.02734252790684263
570.5,55.24649999999999,kao5ppfm,0.027406521848875248
571.8,55.376,kao5ppfm,0.027470763829442878
573.2,55.4985,kao5ppfm,0.02753153327052036
574.6,55.6265,kao5ppfm,0.027595031135482957
576.0,55.7525,kao5ppfm,0.02765753684630551
577.4,55.8765,kao5ppfm,0.027719050402988027
578.8,55.99699999999999,kao5ppfm,0.027778827689925466
580.2,56.109,kao5ppfm,0.027834388321767742
581.5,56.21750000000001,kao5ppfm,0.027888212683864946
582.9,56.328,kao5ppfm,0.027943029200102183
584.3,56.43299999999999,kao5ppfm,0.027995117292454307
585.7,56.53800000000001,kao5ppfm,0.028047205384806446
587.1,56.6365,kao5ppfm,0.028096068976203436
588.5,56.724,kao5ppfm,0.02813947571983021
589.8,56.81450000000001,kao5ppfm,0.02818437069466705
591.2,56.8945,kao5ppfm,0.02822405686026867
592.6,56.9775,kao5ppfm,0.028265231257080352
594.0,57.0545,kao5ppfm,0.028303429191471913
595.4,57.12349999999999,kao5ppfm,0.02833765850930331
596.7,57.1875,kao5ppfm,0.028369407441784608
598.1,57.25,kao5ppfm,0.028400412258660877
599.5,57.312,kao5ppfm,0.028431169037002133
600.9,57.37199999999999,kao5ppfm,0.028460933661203346
602.2,57.435,kao5ppfm,0.02849218651661463
603.6,57.49549999999999,kao5ppfm,0.02852219917935085
605.0,57.557,kao5ppfm,0.028552707919157105
606.4,57.61749999999999,kao5ppfm,0.028582720581893324
607.7,57.68050000000001,kao5ppfm,0.02861397343730461
609.1,57.7515,kao5ppfm,0.028649194909276046
610.5,57.8285,kao5ppfm,0.028687392843667607
611.9,57.9065,kao5ppfm,0.02872608685512919
613.2,57.985000000000014,kao5ppfm,0.02876502890512579
614.6,58.066500000000005,kao5ppfm,0.028805459186332438
616.0,58.14899999999999,kao5ppfm,0.0288463855446091
617.3,58.2315,kao5ppfm,0.02888731190288578
618.7,58.3205,kao5ppfm,0.028931462762117586
620.1,58.41199999999999,kao5ppfm,0.028976853814024435
621.5,58.49900000000001,kao5ppfm,0.02902001251911621
622.8,58.582,kao5ppfm,0.02906118691592789
624.2,58.6625,kao5ppfm,0.029101121120064518
625.5,58.73750000000001,kao5ppfm,0.029138326900316047
626.9,58.8115,kao5ppfm,0.02917503660349754
628.3,58.88349999999999,kao5ppfm,0.029210754152538997
629.6,58.957,kao5ppfm,0.02924721581718549
631.0,59.021,kao5ppfm,0.029278964749666788
632.4,59.0755,kao5ppfm,0.029306000949982893
633.7,59.1275,kao5ppfm,0.029331796957623946
635.1,59.1725,kao5ppfm,0.02935412042577486
636.5,59.2085,kao5ppfm,0.029371979200295592
637.8,59.24050000000001,kao5ppfm,0.029387853666536245
639.2,59.2625,kao5ppfm,0.029398767362076687
640.5,59.27750000000001,kao5ppfm,0.029406208518126996
641.9,59.272500000000015,kao5ppfm,0.029403728132776894
643.2,59.2565,kao5ppfm,0.029395790899656566
644.6,59.2255,kao5ppfm,0.029380412510485933
646.0,59.186,kao5ppfm,0.029360817466220133
647.3,59.13099999999999,kao5ppfm,0.029333533227369014
648.7,59.075,kao5ppfm,0.029305752911447883
650.0,58.99550000000001,kao5ppfm,0.029266314784381273
651.4,58.8975,kao5ppfm,0.029217699231519286
652.7,58.79600000000001,kao5ppfm,0.02916734740891223
654.1,58.69,kao5ppfm,0.029114763239490075
655.4,58.5825,kao5ppfm,0.029061434954462898
656.8,58.476,kao5ppfm,0.029008602746505737
658.1,58.36049999999999,kao5ppfm,0.02895130584491839
659.5,58.25600000000001,kao5ppfm,0.02889946579110128
660.8,58.17700000000001,kao5ppfm,0.028860275702569677
662.2,58.0915,kao5ppfm,0.028817861113082942
663.5,58.02,kao5ppfm,0.028782391602576493
664.9,57.98949999999999,kao5ppfm,0.02876726125194087
666.2,58.0215,kao5ppfm,0.028783135718181523
667.6,58.03900000000001,kao5ppfm,0.02879181706690688
668.9,58.09150000000001,kao5ppfm,0.028817861113082946
670.3,58.18199999999998,kao5ppfm,0.028862756087919765
671.6,58.30099999999999,kao5ppfm,0.028921789259252182
673.0,58.45450000000001,kao5ppfm,0.028997937089500308
674.3,58.662,kao5ppfm,0.029100873081529508
675.6,58.90250000000001,kao5ppfm,0.02922017961686939
677.0,59.124,kao5ppfm,0.029330060687878877
678.3,59.342,kao5ppfm,0.029438205489143297
679.7,59.55999999999999,kao5ppfm,0.02954635029040771
681.0,59.794500000000006,kao5ppfm,0.029662680363327476
682.3,60.025,kao5ppfm,0.029777026127967145
683.7,60.25600000000001,kao5ppfm,0.029891619931141835
685.0,60.46650000000001,kao5ppfm,0.029996044154381105
686.4,60.67249999999999,kao5ppfm,0.030098236030805272
687.7,60.86800000000001,kao5ppfm,0.030195219097994244
689.0,61.06600000000001,kao5ppfm,0.03029344235785826
690.4,61.25300000000002,kao5ppfm,0.03038620876995206
691.7,61.42999999999999,kao5ppfm,0.030474014411345632
693.0,61.6025,kao5ppfm,0.030559587705924134
694.4,61.77000000000002,kao5ppfm,0.03064268061515254
695.7,61.94199999999999,kao5ppfm,0.030728005871196014
697.0,62.1135,kao5ppfm,0.030813083088704497
698.4,62.28900000000001,kao5ppfm,0.030900144614493058
699.7,62.455000000000005,kao5ppfm,0.030982493408116422
701.0,62.62949999999999,kao5ppfm,0.031069058856834957
702.4,62.7995,kao5ppfm,0.031153391958738407
703.7,62.97100000000002,kao5ppfm,0.031238469176246893
705.0,63.1435,kao5ppfm,0.03132404247082538
706.3,63.314,kao5ppfm,0.03140862361126384
707.7,63.48300000000002,kao5ppfm,0.03149246063609727
709.0,63.64849999999999,kao5ppfm,0.03157456139118562
710.3,63.81249999999999,kao5ppfm,0.031655918030668945
711.6,63.968500000000006,kao5ppfm,0.03173330605359211
713.0,64.12749999999998,kao5ppfm,0.031812182307725326
714.3,64.28049999999999,kao5ppfm,0.031888082099438435
715.6,64.42349999999999,kao5ppfm,0.031959021120451334
716.9,64.571,kao5ppfm,0.03203219248827933
718.2,64.71450000000002,kao5ppfm,0.03210337954782724
719.6,64.85499999999999,kao5ppfm,0.03217307837616508
720.9,64.99400000000001,kao5ppfm,0.03224203308889791
722.2,65.12899999999999,kao5ppfm,0.03230900349335064
723.5,65.256,kao5ppfm,0.03237200528124322
724.8,65.38199999999999,kao5ppfm,0.03243451099206577
726.2,65.51050000000001,kao5ppfm,0.032498256895563384
727.5,65.636,kao5ppfm,0.03256051456785092
728.8,65.76,kao5ppfm,0.032622028124533436
730.1,65.88199999999999,kao5ppfm,0.03268254952707591
731.4,66.001,kao5ppfm,0.03274158269840833
732.7,66.11149999999999,kao5ppfm,0.03279639921464556
734.0,66.21900000000002,kao5ppfm,0.03284972749967276
735.3,66.33399999999999,kao5ppfm,0.03290677636272507
736.7,66.439,kao5ppfm,0.0329588644550772
738.0,66.54499999999999,kao5ppfm,0.03301144862449935
739.3,66.64600000000002,kao5ppfm,0.033061552408571414
740.6,66.7415,kao5ppfm,0.03310892776875834
741.9,66.8325,kao5ppfm,0.03315407078213018
743.2,66.92299999999999,kao5ppfm,0.033198965756967014
744.5,67.018,kao5ppfm,0.03324609307861895
745.8,67.116,kao5ppfm,0.033294708631480936
747.1,67.21400000000001,kao5ppfm,0.03334332418434292
748.4,67.30749999999999,kao5ppfm,0.03338970739038981
749.7,67.394,kao5ppfm,0.03343261805694657
751.0,67.4785,kao5ppfm,0.033474536569363285
752.3,67.57000000000001,kao5ppfm,0.033519927621270144
753.6,67.6645,kao5ppfm,0.033566806904387056
754.9,67.7475,kao5ppfm,0.03360798130119874
756.2,67.8355,kao5ppfm,0.03365163608336052
757.5,67.91850000000001,kao5ppfm,0.03369281048017221
758.8,67.99699999999999,kao5ppfm,0.03373175253016879
760.1,68.0785,kao5ppfm,0.03377218281137545
761.4,68.1585,kao5ppfm,0.03381186897697708
762.7,68.237,kao5ppfm,0.03385081102697366
764.0,68.31700000000001,kao5ppfm,0.03389049719257529
765.3,68.39000000000001,kao5ppfm,0.03392671081868678
766.6,68.46649999999998,kao5ppfm,0.03396466071454331
767.9,68.54799999999999,kao5ppfm,0.03400509099574996
769.2,68.62300000000002,kao5ppfm,0.0340422967760015
770.4,68.6995,kao5ppfm,0.03408024667185804
771.7,68.77149999999999,kao5ppfm,0.0341159642208995
773.0,68.84050000000002,kao5ppfm,0.03415019353873091
774.3,68.906,kao5ppfm,0.03418268658681723
775.6,68.983,kao5ppfm,0.03422088452120879
776.9,69.05199999999999,kao5ppfm,0.03425511383904019
778.2,69.131,kao5ppfm,0.034294303927571795
779.4,69.1985,kao5ppfm,0.034327789129798156
780.7,69.26599999999999,kao5ppfm,0.03436127433202452
782.0,69.32750000000001,kao5ppfm,0.03439178307183079
783.3,69.39500000000001,kao5ppfm,0.034425268274057154
784.5,69.46549999999999,kao5ppfm,0.03446024170749357
785.8,69.52749999999999,kao5ppfm,0.034490998485834826
787.1,69.59550000000002,kao5ppfm,0.03452473172659622
788.4,69.6575,kao5ppfm,0.03455548850493747
789.7,69.72200000000001,kao5ppfm,0.03458748547595378
790.9,69.787,kao5ppfm,0.034619730485505096
792.2,69.852,kao5ppfm,0.034651975495056414
793.5,69.916,kao5ppfm,0.034683724427537706
794.8,69.98049999999999,kao5ppfm,0.034715721398554014
796.0,70.04249999999999,kao5ppfm,0.03474647817689527
797.3,70.09950000000002,kao5ppfm,0.03477475456988644
798.5,70.16250000000001,kao5ppfm,0.034806007425297714
799.8,70.2235,kao5ppfm,0.034836268126568946
801.1,70.28999999999999,kao5ppfm,0.03486925725172529
802.3,70.34550000000002,kao5ppfm,0.034896789529111426
803.6,70.40400000000001,kao5ppfm,0.03492581003770761
804.9,70.46199999999999,kao5ppfm,0.034954582507768776
806.1,70.51599999999999,kao5ppfm,0.03498137066954987
807.4,70.57550000000002,kao5ppfm,0.035010887255216096
808.7,70.62650000000001,kao5ppfm,0.03503618718578712
809.9,70.681,kao5ppfm,0.03506322338610322
811.2,70.73649999999999,kao5ppfm,0.03509075566348934
812.4,70.79,kao5ppfm,0.035117295786735434
813.7,70.84450000000001,kao5ppfm,0.035144331987051546
815.0,70.9005,kao5ppfm,0.03517211230297267
816.2,70.946,kao5ppfm,0.035194683809658595
817.5,70.99599999999998,kao5ppfm,0.0352194876631596
818.7,71.04700000000001,kao5ppfm,0.03524478759373065
820.0,71.093,kao5ppfm,0.03526760713895158
821.2,71.14099999999999,kao5ppfm,0.03529141883831254
822.5,71.18849999999999,kao5ppfm,0.03531498249913851
823.7,71.2355,kao5ppfm,0.03533829812142947
825.0,71.293,kao5ppfm,0.03536682255295563
826.2,71.33000000000001,kao5ppfm,0.035385177404546386
827.5,71.3645,kao5ppfm,0.035402292063462085
828.7,71.4025,kao5ppfm,0.03542114299212285
829.9,71.45599999999999,kao5ppfm,0.03544768311536893
831.2,71.4985,kao5ppfm,0.0354687663908448
832.4,71.5395,kao5ppfm,0.03548910555071563
833.7,71.58350000000002,kao5ppfm,0.03551093294179653
834.9,71.6205,kao5ppfm,0.03552928779338728
836.1,71.646,kao5ppfm,0.03554193775867279
837.4,71.68299999999999,kao5ppfm,0.035560292610263534
838.6,71.73500000000001,kao5ppfm,0.035586088617904604
839.8,71.77700000000002,kao5ppfm,0.03560692385484546
841.1,71.81,kao5ppfm,0.03562329439815612
842.3,71.843,kao5ppfm,0.03563966494146679
843.5,71.8785,kao5ppfm,0.035657275677452506
844.8,71.90849999999998,kao5ppfm,0.0356721579895531
846.0,71.9485,kao5ppfm,0.03569200107235392
847.2,71.99050000000003,kao5ppfm,0.03571283630929479
848.5,72.025,kao5ppfm,0.03572995096821048
849.7,72.06250000000001,kao5ppfm,0.035748553858336245
850.9,72.10199999999999,kao5ppfm,0.035768148902602034
852.2,72.12749999999998,kao5ppfm,0.03578079886788754
853.4,72.1575,kao5ppfm,0.03579568117998816
854.6,72.184,kao5ppfm,0.0358088272223437
855.8,72.21700000000001,kao5ppfm,0.035825197765654376
857.0,72.25300000000001,kao5ppfm,0.035843056540175104
858.3,72.28350000000002,kao5ppfm,0.035858186890810724
859.5,72.31799999999998,kao5ppfm,0.03587530154972641
860.7,72.354,kao5ppfm,0.03589316032424714
861.9,72.39649999999999,kao5ppfm,0.035914243599723
863.1,72.41899999999998,kao5ppfm,0.035925405333798455
864.3,72.44950000000001,kao5ppfm,0.03594053568443409
865.5,72.465,kao5ppfm,0.0359482248790194
866.8,72.497,kao5ppfm,0.03596409934526005
868.0,72.529,kao5ppfm,0.03597997381150069
869.2,72.5555,kao5ppfm,0.03599311985385623
870.4,72.589,kao5ppfm,0.03600973843570191
871.6,72.61799999999998,kao5ppfm,0.03602412467073249
872.8,72.6455,kao5ppfm,0.036037766790158056
874.0,72.66850000000001,kao5ppfm,0.03604917656276853
875.2,72.7,kao5ppfm,0.03606480299047416
876.4,72.72050000000002,kao5ppfm,0.036074972570409584
877.6,72.7465,kao5ppfm,0.0360878705742301
878.8,72.76700000000001,kao5ppfm,0.036098040154165525
880.0,72.79100000000001,kao5ppfm,0.03610994600384601
881.2,72.814,kao5ppfm,0.03612135577645647
882.4,72.845,kao5ppfm,0.0361367341656271
883.6,72.87400000000001,kao5ppfm,0.036151120400657696
884.8,72.8965,kao5ppfm,0.036162282134733145
886.0,72.9195,kao5ppfm,0.03617369190734361
887.2,72.94700000000002,kao5ppfm,0.03618733402676918
888.4,72.964,kao5ppfm,0.03619576733695951
889.6,72.99450000000002,kao5ppfm,0.03621089768759514
890.8,73.02699999999999,kao5ppfm,0.036227020192370785
892.0,73.04549999999998,kao5ppfm,0.036236197618166155
893.2,73.06499999999998,kao5ppfm,0.03624587112103155
894.3,73.0805,kao5ppfm,0.03625356031561688
895.5,73.09399999999998,kao5ppfm,0.03626025735606214
896.7,73.1215,kao5ppfm,0.03627389947548771
897.9,73.13,kao5ppfm,0.03627811613058288
899.1,73.15700000000001,kao5ppfm,0.036291510211473435
900.3,73.18000000000002,kao5ppfm,0.03630291998408391
901.5,73.21200000000002,kao5ppfm,0.03631879445032455
902.6,73.22350000000002,kao5ppfm,0.03632449933662978
903.8,73.23400000000001,kao5ppfm,0.036329708145864996
905.0,73.23150000000001,kao5ppfm,0.03632846795318995
906.2,73.2465,kao5ppfm,0.03633590910924024
907.4,73.2565,kao5ppfm,0.036340869879940445
908.5,73.261,kao5ppfm,0.03634310222675553
909.7,73.28999999999999,kao5ppfm,0.036357488461786124
910.9,73.2915,kao5ppfm,0.03635823257739115
912.1,73.31199999999998,kao5ppfm,0.03636840215732656
913.2,73.321,kao5ppfm,0.03637286685095675
914.4,73.34299999999999,kao5ppfm,0.03638378054649719
915.6,73.3595,kao5ppfm,0.03639196581815253
916.8,73.40650000000001,kao5ppfm,0.036415281440443495
917.9,73.408,kao5ppfm,0.03641602555604852
919.1,73.4435,kao5ppfm,0.036433636292034235
920.2,73.47299999999998,kao5ppfm,0.03644827056559983
921.4,73.49,kao5ppfm,0.036456703875790177
922.6,73.53699999999999,kao5ppfm,0.03648001949808113
923.8,73.52149999999999,kao5ppfm,0.036472330303495816
924.9,73.55800000000002,kao5ppfm,0.03649043711655157
926.1,73.566,kao5ppfm,0.036494405733111725
927.2,73.5815,kao5ppfm,0.036502094927697036
928.4,73.64250000000001,kao5ppfm,0.03653235562896828
929.6,73.65899999999999,kao5ppfm,0.03654054090062361
930.7,73.66299999999998,kao5ppfm,0.03654252520890368
931.9,73.6705,kao5ppfm,0.036546245786928847
933.0,73.6735,kao5ppfm,0.036547734018138905
934.2,73.67850000000001,kao5ppfm,0.03655021440348901
935.3,73.665,kao5ppfm,0.03654351736304373
936.5,73.68699999999998,kao5ppfm,0.03655443105858417
937.7,73.7115,kao5ppfm,0.03656658494679967
938.8,73.7295,kao5ppfm,0.03657551433406004
940.0,73.75899999999999,kao5ppfm,0.036590148607625626
941.1,73.75949999999999,kao5ppfm,0.03659039664616064
942.3,73.7235,kao5ppfm,0.036572537871639915
943.4,73.731,kao5ppfm,0.03657625844966506
944.6,73.75699999999999,kao5ppfm,0.036589156453485594
945.7,73.788,kao5ppfm,0.036604534842656224
946.9,73.778,kao5ppfm,0.03659957407195603
948.0,73.7585,kao5ppfm,0.03658990056909062
949.2,73.7435,kao5ppfm,0.03658245941304032
950.3,73.6725,kao5ppfm,0.03654723794106888
951.5,73.6735,kao5ppfm,0.036547734018138905
952.6,73.6815,kao5ppfm,0.03655170263469906
953.8,73.7295,kao5ppfm,0.03657551433406004
954.9,73.737,kao5ppfm,0.03657923491208519
956.1,73.7445,kao5ppfm,0.03658295549011034
957.2,73.74699999999999,kao5ppfm,0.036584195682785384
958.3,73.778,kao5ppfm,0.03659957407195603
959.5,73.826,kao5ppfm,0.03662338577131699
960.6,73.863,kao5ppfm,0.036641740622907745
961.8,73.87,kao5ppfm,0.03664521316239789
962.9,73.8315,kao5ppfm,0.036626114195202106
964.1,73.7455,kao5ppfm,0.03658345156718037
965.2,73.57949999999998,kao5ppfm,0.03650110277355699
966.3,73.41299999999998,kao5ppfm,0.03641850594139861
967.5,73.4195,kao5ppfm,0.03642173044235375
968.6,73.60449999999999,kao5ppfm,0.036513504700307495
969.8,73.844,kao5ppfm,0.03663231515857736
970.9,74.0395,kao5ppfm,0.03672929822576632
972.1,74.149,kao5ppfm,0.03678361866493354
973.2,74.13399999999999,kao5ppfm,0.036776177508883234
974.3,74.234,kao5ppfm,0.03682578521588527
975.5,74.268,kao5ppfm,0.036842651836265956
976.6,74.2445,kao5ppfm,0.03683099402512048
977.8,74.22199999999998,kao5ppfm,0.03681983229104501
978.9,74.2455,kao5ppfm,0.0368314901021905
980.0,74.1955,kao5ppfm,0.036806686248689484
981.2,74.27799999999999,kao5ppfm,0.03684761260696615
982.3,74.23350000000002,kao5ppfm,0.036825537177350265
983.5,74.31,kao5ppfm,0.03686348707320681
984.6,74.2705,kao5ppfm,0.036843892028941005
985.7,74.20349999999999,kao5ppfm,0.03681065486524965
986.9,74.24300000000001,kao5ppfm,0.03683024990951545
988.0,74.199,kao5ppfm,0.03680842251843456
989.1,74.23299999999999,kao5ppfm,0.03682528913881524
992.0,74.998,kao5ppfm,0.03720478809738076
995.9,75.05199999999999,kao5ppfm,0.03723157625916185
999.7,75.0895,kao5ppfm,0.03725017914928762
1003.6,75.1505,kao5ppfm,0.03728043985055885
1007.4,75.209,kao5ppfm,0.03730946035915504
1011.3,75.26499999999999,kao5ppfm,0.03733724067507617
1015.1,75.32650000000001,kao5ppfm,0.037367749414882426
1019.0,75.35400000000001,kao5ppfm,0.03738139153430799
1022.8,75.37700000000001,kao5ppfm,0.03739280130691845
1026.7,75.41600000000001,kao5ppfm,0.03741214831264924
1030.5,75.4575,kao5ppfm,0.037432735511055075
1034.4,75.477,kao5ppfm,0.03744240901392047
1038.2,75.544,kao5ppfm,0.03747564617761183
1042.1,75.60400000000001,kao5ppfm,0.037505410801813056
1045.9,75.63550000000001,kao5ppfm,0.03752103722951869
1049.7,75.6935,kao5ppfm,0.03754980969957986
1053.6,75.6905,kao5ppfm,0.037548321468369804
1057.4,75.76999999999998,kao5ppfm,0.03758775959543641
1061.2,75.80850000000001,kao5ppfm,0.0376068585626322
1065.1,75.833,kao5ppfm,0.03761901245084769
1068.9,75.8985,kao5ppfm,0.03765150549893402
1072.7,75.952,kao5ppfm,0.037678045622180106
1076.6,75.975,kao5ppfm,0.037689455394790565
1080.4,76.00049999999999,kao5ppfm,0.03770210536007608
1084.2,76.0135,kao5ppfm,0.03770855436198635
1088.0,76.0395,kao5ppfm,0.03772145236580688
1091.8,76.0625,kao5ppfm,0.037732862138417346
1095.7,76.12899999999999,kao5ppfm,0.03776585126357369
1099.5,76.1745,kao5ppfm,0.037788422770259615
1103.3,76.21449999999999,kao5ppfm,0.03780826585306042
1107.1,76.2465,kao5ppfm,0.03782414031930107
1110.9,76.25399999999999,kao5ppfm,0.037827860897326225
1114.8,76.2995,kao5ppfm,0.037850432404012146
1118.6,76.32600000000001,kao5ppfm,0.037863578446367695
1122.4,76.37700000000001,kao5ppfm,0.037888878376938724
1126.2,76.4115,kao5ppfm,0.03790599303585442
1130.0,76.421,kao5ppfm,0.037910705768019616
1133.8,76.4355,kao5ppfm,0.03791789888553491
1137.6,76.44699999999999,kao5ppfm,0.037923603771840134
1141.4,76.43549999999999,kao5ppfm,0.0379178988855349
1145.2,76.364,kao5ppfm,0.03788242937502846
1149.0,76.2795,kao5ppfm,0.03784051086261175
1152.8,76.22800000000001,kao5ppfm,0.03781496289350571
1156.6,76.23200000000001,kao5ppfm,0.037816947201785786
1160.4,76.22500000000001,kao5ppfm,0.03781347466229564
1164.2,76.25300000000001,kao5ppfm,0.03782736482025621
1168.0,76.24950000000001,kao5ppfm,0.037825628550511144
1171.8,76.28299999999999,kao5ppfm,0.03784224713235681
1175.6,76.3,kao5ppfm,0.037850680442547156
1179.4,76.27450000000002,kao5ppfm,0.03783803047726165
1183.2,76.184,kao5ppfm,0.03779313550242481
1187.0,76.128,kao5ppfm,0.037765355186503674
1190.7,76.12349999999999,kao5ppfm,0.03776312283968858
1194.5,76.16049999999998,kao5ppfm,0.037781477691279326
1198.3,76.23049999999999,kao5ppfm,0.03781620308618075
1202.1,76.23150000000001,kao5ppfm,0.037816699163250776
1205.9,76.203,kao5ppfm,0.037802560966755196
1209.7,76.1985,kao5ppfm,0.0378003286199401
1213.4,76.17600000000002,kao5ppfm,0.03778916688586465
1217.2,76.1525,kao5ppfm,0.03777750907471917
1221.0,76.153,kao5ppfm,0.037777757113254186
1224.8,76.1395,kao5ppfm,0.03777106007280891
1228.5,76.1385,kao5ppfm,0.03777056399573888
1232.3,76.142,kao5ppfm,0.037772300265483956
1236.1,76.15549999999999,kao5ppfm,0.03777899730592923
1239.8,76.1745,kao5ppfm,0.037788422770259615
1243.6,76.29750000000001,kao5ppfm,0.037849440249872114
1247.4,76.40849999999999,kao5ppfm,0.03790450480464436
1251.1,76.4745,kao5ppfm,0.0379372458912657
1254.9,76.5895,kao5ppfm,0.03799429475431803
1258.7,76.672,kao5ppfm,0.038035221112594705
1262.4,76.735,kao5ppfm,0.03806647396800598
1266.2,76.74600000000001,kao5ppfm,0.03807193081577621
1269.9,76.753,kao5ppfm,0.038075403355266345
1273.7,76.746,kao5ppfm,0.0380719308157762
1277.4,76.71549999999999,kao5ppfm,0.03805680046514058
1281.2,76.63250000000001,kao5ppfm,0.03801562606832891
1284.9,76.437,kao5ppfm,0.03791864300113994
1288.7,76.28200000000001,kao5ppfm,0.0378417510552868
1292.4,76.076,kao5ppfm,0.03773955917886262
1296.2,75.94149999999999,kao5ppfm,0.037672836812944886
1299.9,75.76250000000002,kao5ppfm,0.037584039017411267
1303.7,75.61249999999998,kao5ppfm,0.03750962745690821
1307.4,75.479,kao5ppfm,0.03744340116806051
1311.2,75.38300000000001,kao5ppfm,0.03739577776933857
1314.9,75.27700000000002,kao5ppfm,0.037343193599916426
1318.7,75.1705,kao5ppfm,0.03729036139195926
1322.4,75.0185,kao5ppfm,0.037214957677316175
1326.1,74.9005,kao5ppfm,0.03715642058305378
1329.9,74.8075,kao5ppfm,0.0371102854155419
1333.6,74.72999999999999,kao5ppfm,0.03707183944261532
1337.3,74.6935,kao5ppfm,0.037053732629559584
1341.1,74.5965,kao5ppfm,0.03700561315376762
1344.8,74.308,kao5ppfm,0.03686249491906677
1348.5,73.797,kao5ppfm,0.03660899953628641
1352.2,73.17999999999999,kao5ppfm,0.036302919984083894
1356.0,72.65149999999998,kao5ppfm,0.036040743252578174
1359.7,72.3875,kao5ppfm,0.03590977890609283
1363.4,72.24050000000001,kao5ppfm,0.03583685557679985
1367.1,72.1625,kao5ppfm,0.03579816156533826
1370.8,71.84200000000001,kao5ppfm,0.03563916886439677
1374.6,71.25949999999999,kao5ppfm,0.035350203971109946
1378.3,70.37500000000001,kao5ppfm,0.034911423802677026
1382.0,69.13850000000001,kao5ppfm,0.03429802450559695
1385.7,67.39,kao5ppfm,0.03343063374866649
1389.4,65.42299999999999,kao5ppfm,0.032454850151936596
1393.1,63.9335,kao5ppfm,0.031715943356141404
1396.8,63.2445,kao5ppfm,0.03137414625489743
1400.5,63.37250000000002,kao5ppfm,0.03143764411986003
1404.2,63.61350000000001,kao5ppfm,0.03155719869373492
1407.9,62.599,kao5ppfm,0.031053928506199337
1411.7,62.312,kao5ppfm,0.03091155438710352
1415.4,63.29599999999999,kao5ppfm,0.03139969422400347
1419.1,66.10999999999999,kao5ppfm,0.032795655099040526
1422.8,69.11299999999999,kao5ppfm,0.03428537454031142
1426.4,70.917,kao5ppfm,0.03518029757462801
1430.2,72.03600000000002,kao5ppfm,0.0357354078159807
1433.8,72.74750000000003,kao5ppfm,0.03608836665130014
1437.5,73.19950000000003,kao5ppfm,0.036312593486949304
1441.2,73.46600000000002,kao5ppfm,0.036444798026109705
1444.9,73.6505,kao5ppfm,0.03653632424552843
1448.6,73.7775,kao5ppfm,0.03659932603342101
1452.3,73.9035,kao5ppfm,0.03666183174424356
1456.0,73.98850000000002,kao5ppfm,0.0367039982951953
1459.7,74.07899999999998,kao5ppfm,0.03674889327003211
1463.3,74.10149999999999,kao5ppfm,0.036760055004107575
1467.0,74.21350000000001,kao5ppfm,0.03681561563594986
1470.7,74.26899999999999,kao5ppfm,0.036843147913335976
1474.4,74.3475,kao5ppfm,0.036882089963332566
1478.1,74.4005,kao5ppfm,0.03690838204804364
1481.7,74.51899999999999,kao5ppfm,0.03696716718084104
1485.4,74.5845,kao5ppfm,0.03699966022892738
1489.1,74.64099999999999,kao5ppfm,0.03702768858338352
1492.8,74.703,kao5ppfm,0.03705844536172478
1496.4,74.78049999999999,kao5ppfm,0.03709689133465134
1500.1,74.87049999999999,kao5ppfm,0.03714153827095317
1503.8,74.9595,kao5ppfm,0.03718568913018498
1507.4,75.04499999999999,kao5ppfm,0.0372281037196717
1511.1,75.13600000000001,kao5ppfm,0.03727324673304356
1514.7,75.225,kao5ppfm,0.03731739759227536
1518.4,75.3015,kao5ppfm,0.037355347488131914
1522.1,75.36650000000002,kao5ppfm,0.03738759249768324
1525.7,75.4405,kao5ppfm,0.037424302200864734
1529.4,75.49699999999999,kao5ppfm,0.03745233055532087
1533.0,75.556,kao5ppfm,0.03748159910245207
1536.7,75.60650000000001,kao5ppfm,0.037506650994488105
1540.3,75.65,kao5ppfm,0.03752823034703398
1544.0,75.7,kao5ppfm,0.037553034200535
1547.6,75.73299999999999,kao5ppfm,0.03756940474384566
1551.3,75.7815,kao5ppfm,0.03759346448174165
1554.9,75.82400000000001,kao5ppfm,0.037614547757217516
1558.6,75.84250000000002,kao5ppfm,0.03762372518301289
1562.2,75.88250000000001,kao5ppfm,0.0376435682658137
1565.8,75.90599999999999,kao5ppfm,0.03765522607695917
1569.5,75.92749999999998,kao5ppfm,0.0376658917339646
1573.1,75.95349999999999,kao5ppfm,0.03767878973778513
1576.8,75.971,kao5ppfm,0.03768747108651049
1580.4,75.99999999999999,kao5ppfm,0.03770185732154107
1584.0,76.02599999999998,kao5ppfm,0.037714755325361594
1587.7,76.063,kao5ppfm,0.037733110176952356
1591.3,76.0895,kao5ppfm,0.03774625621930789
1594.9,76.1135,kao5ppfm,0.03775816206898838
1598.5,76.148,kao5ppfm,0.037775276727904074
1602.2,76.1825,kao5ppfm,0.03779239138681978
1605.8,76.19399999999999,kao5ppfm,0.037798096273125005
1609.4,76.23750000000001,kao5ppfm,0.0378196756256709
1613.0,76.2525,kao5ppfm,0.037827116781721196
1616.7,76.26849999999999,kao5ppfm,0.03783505401484152
1620.3,76.2695,kao5ppfm,0.037835550091911536
1623.9,76.25750000000001,kao5ppfm,0.0378295971670713
1627.5,76.263,kao5ppfm,0.037832325590956416
1631.1,76.25750000000001,kao5ppfm,0.0378295971670713
1634.7,76.265,kao5ppfm,0.03783331774509645
1638.3,76.289,kao5ppfm,0.03784522359477694
1641.9,76.29499999999999,kao5ppfm,0.03784820005719705
1645.6,76.292,kao5ppfm,0.037846711825987
1649.2,76.29599999999999,kao5ppfm,0.03784869613426708
1652.8,76.297,kao5ppfm,0.0378491922113371
1656.4,76.2515,kao5ppfm,0.037826620704651176
1660.0,76.236,kao5ppfm,0.037818931510065865
1663.6,76.19450000000002,kao5ppfm,0.03779834431166003
1667.2,76.12349999999999,kao5ppfm,0.03776312283968858
1670.8,76.0675,kao5ppfm,0.037735342523767444
1674.4,75.959,kao5ppfm,0.03768151816167025
1678.0,75.7935,kao5ppfm,0.03759941740658189
1681.6,75.49600000000001,kao5ppfm,0.03745183447825086
1685.1,75.1075,kao5ppfm,0.03725910853654798
1688.7,74.70349999999999,kao5ppfm,0.03705869340025978
1692.3,74.3465,kao5ppfm,0.036881593886262554
1695.9,74.06349999999999,kao5ppfm,0.03674120407544681
1699.5,73.825,kao5ppfm,0.03662288969424698
1703.1,73.63,kao5ppfm,0.036526154665593016
1706.7,73.542,kao5ppfm,0.03648249988343124
1710.2,73.5025,kao5ppfm,0.036462904839165436
1713.8,73.44300000000001,kao5ppfm,0.03643338825349923
1717.4,73.345,kao5ppfm,0.03638477270063724
1721.0,73.18499999999999,kao5ppfm,0.03630540036943399
1724.5,73.07950000000001,kao5ppfm,0.036253064238546864
1728.1,73.00300000000001,kao5ppfm,0.03621511434269031
1731.7,73.029,kao5ppfm,0.03622801234651083
1735.2,73.08000000000001,kao5ppfm,0.036253312277081874
1738.8,73.20399999999998,kao5ppfm,0.03631482583376437
1742.4,73.3575,kao5ppfm,0.0363909736640125
1745.9,73.48600000000002,kao5ppfm,0.03645471956751011
1749.5,73.567,kao5ppfm,0.03649490181018174
1753.1,73.567,kao5ppfm,0.03649490181018174
1756.6,73.53849999999998,kao5ppfm,0.03648076361368616
1760.2,73.47150000000002,kao5ppfm,0.03644752644999481
1763.8,73.46450000000002,kao5ppfm,0.03644405391050467
1767.3,73.42600000000002,kao5ppfm,0.03642495494330889
1770.9,73.4135,kao5ppfm,0.03641875397993363
1774.4,73.42549999999999,kao5ppfm,0.03642470690477387
1778.0,73.42099999999999,kao5ppfm,0.03642247455795878
1781.5,73.4275,kao5ppfm,0.036425699058913914
1785.1,73.39599999999999,kao5ppfm,0.03641007263120827
1788.6,73.36,kao5ppfm,0.03639221385668755
1792.1,73.332,kao5ppfm,0.036378323698726976
1795.7,73.296,kao5ppfm,0.03636046492420625
1799.2,73.27250000000001,kao5ppfm,0.03634880711306077
1802.8,73.209,kao5ppfm,0.036317306219114484
1806.3,73.18,kao5ppfm,0.0363029199840839
1809.8,73.119,kao5ppfm,0.03627265928281266
1813.4,73.04,kao5ppfm,0.03623346919428106
1816.9,73.01650000000001,kao5ppfm,0.036221811383135585
1820.4,72.9895,kao5ppfm,0.036208417302245034
1824.0,73.08899999999998,kao5ppfm,0.036257776970712044
1827.5,73.18350000000001,kao5ppfm,0.03630465625382897
1831.0,73.27000000000001,kao5ppfm,0.036347566920385724
1834.6,73.30199999999999,kao5ppfm,0.036363441386626366
1838.1,73.31500000000001,kao5ppfm,0.036369890388536635
1841.6,73.35299999999998,kao5ppfm,0.036388741317197396
1845.1,73.506,kao5ppfm,0.036464641108910505
1848.6,73.7095,kao5ppfm,0.03656559279265963
1852.2,73.93000000000002,kao5ppfm,0.03667497778659912
1855.7,74.048,kao5ppfm,0.0367335148808615
1859.2,74.12700000000001,kao5ppfm,0.036772704969393104
1862.7,74.1005,kao5ppfm,0.036759558927037556
1866.2,73.9395,kao5ppfm,0.036679690518764296
1869.7,73.7195,kao5ppfm,0.03657055356335983
1873.2,73.483,kao5ppfm,0.03645323133630004
1876.7,73.22,kao5ppfm,0.03632276306688471
1880.2,72.873,kao5ppfm,0.03615062432358767
1883.7,72.42750000000001,kao5ppfm,0.03592962198889364
1887.2,71.858,kao5ppfm,0.03564710609751709
1890.7,71.171,kao5ppfm,0.03530630115041316
1894.2,70.429,kao5ppfm,0.034938211964458114
1897.7,69.631,kao5ppfm,0.03454234246258193
1902.7,68.11300000000001,kao5ppfm,0.033789297470291156
1905.5,67.58900000000003,kao5ppfm,0.03352935308560054
1908.2,67.12899999999999,kao5ppfm,0.03330115763339119
1911.0,66.76199999999999,kao5ppfm,0.03311909734869375
1913.7,66.49800000000002,kao5ppfm,0.03298813300220841
1916.5,66.2475,kao5ppfm,0.03286386569616832
1919.2,66.0575,kao5ppfm,0.032769611052864474
1921.9,65.92049999999999,kao5ppfm,0.032701648494271686
1924.7,65.8075,kao5ppfm,0.032645591785359404
1927.4,65.71950000000001,kao5ppfm,0.03260193700319762
1930.1,65.6455,kao5ppfm,0.03256522730001611
1932.9,65.59850000000002,kao5ppfm,0.03254191167772517
1935.6,65.5655,kao5ppfm,0.03252554113441449
1938.3,65.5735,kao5ppfm,0.032529509750974656
1941.0,65.59650000000002,kao5ppfm,0.032540919523585135
1943.7,65.64349999999999,kao5ppfm,0.03256423514587607
1946.4,65.7175,kao5ppfm,0.032600944849057574
1949.2,65.828,kao5ppfm,0.03265576136529482
1951.9,65.96,kao5ppfm,0.03272124353853749
1954.6,66.0675,kao5ppfm,0.03277457182356467
1957.3,66.16149999999999,kao5ppfm,0.03282120306814657
1960.0,66.2755,kao5ppfm,0.03287775585412889
1962.7,66.4075,kao5ppfm,0.03294323802737156
1965.4,66.53300000000002,kao5ppfm,0.03300549569965912
1968.1,66.6515,kao5ppfm,0.033064280832456515
1970.7,66.8,kao5ppfm,0.03313794827735452
1973.4,66.96799999999999,kao5ppfm,0.033221289225117925
1976.1,67.122,kao5ppfm,0.033297685093901054
1978.8,67.2785,kao5ppfm,0.033375321155359225
1981.5,67.44500000000001,kao5ppfm,0.033457917987517606
1984.1,67.59,kao5ppfm,0.033529849162670544
1986.8,67.7535,kao5ppfm,0.03361095776361886
1989.5,67.92300000000002,kao5ppfm,0.033695042826987306
1992.1,68.10000000000001,kao5ppfm,0.033782848468380894
1994.8,68.26599999999999,kao5ppfm,0.03386519726200425
1997.5,68.4145,kao5ppfm,0.033938864706902265
2000.1,68.57300000000001,kao5ppfm,0.03401749292250048
2002.8,68.7265,kao5ppfm,0.034093640752748594
2005.4,68.87550000000002,kao5ppfm,0.03416755623618162
2008.1,69.041,kao5ppfm,0.034249656991269965
2010.7,69.1935,kao5ppfm,0.03432530874444806
2013.4,69.3225,kao5ppfm,0.034389302686480674
2016.0,69.426,kao5ppfm,0.03444064666322778
2018.6,69.52799999999999,kao5ppfm,0.034491246524369835
2021.3,69.622,kao5ppfm,0.03453787776895175
2023.9,69.702,kao5ppfm,0.03457756393455337
2026.5,69.763,kao5ppfm,0.03460782463582461
2029.2,69.818,kao5ppfm,0.03463510887467572
2031.8,69.849,kao5ppfm,0.034650487263846355
2034.4,69.881,kao5ppfm,0.034666361730087
2037.0,69.89599999999999,kao5ppfm,0.0346738028861373
2039.7,69.88149999999999,kao5ppfm,0.03466660976862201
2042.3,69.855,kao5ppfm,0.03465346372626647
2044.9,69.83849999999998,kao5ppfm,0.03464527845461113
2047.5,69.80949999999999,kao5ppfm,0.034630892219580545
2050.1,69.773,kao5ppfm,0.03461278540652481
2052.7,69.74250000000002,kao5ppfm,0.0345976550558892
2055.3,69.70599999999999,kao5ppfm,0.03457954824283345
2057.9,69.6725,kao5ppfm,0.03456292966098777
2060.5,69.6255,kao5ppfm,0.03453961403869682
2063.1,69.579,kao5ppfm,0.03451654645494087
2065.7,69.519,kao5ppfm,0.034486781830739666
2068.3,69.4435,kao5ppfm,0.03444932801195313
2070.9,69.36000000000001,kao5ppfm,0.034407905576606446
2073.4,69.2915,kao5ppfm,0.034373924297310045
2076.0,69.22100000000002,kao5ppfm,0.034338950863873625
2078.6,69.1455,kao5ppfm,0.03430149704508709
2081.2,69.03999999999999,kao5ppfm,0.034249160914199946
2083.7,68.929,kao5ppfm,0.034194096359427696
2086.3,68.82449999999999,kao5ppfm,0.03414225630561057
2088.9,68.74099999999999,kao5ppfm,0.03410083387026388
2091.4,68.682,kao5ppfm,0.034071565323132685
2094.0,68.6385,kao5ppfm,0.0340499859705868
2096.6,68.6315,kao5ppfm,0.034046513431096666
2099.1,68.58800000000001,kao5ppfm,0.034024934078550784
2101.6,68.497,kao5ppfm,0.033979791065178934
2104.2,68.34200000000001,kao5ppfm,0.0339028991193258
2106.8,68.141,kao5ppfm,0.03380318762825172
2109.3,67.94199999999998,kao5ppfm,0.03370446829131767
2111.8,67.7695,kao5ppfm,0.03361889499673918
2114.4,67.654,kao5ppfm,0.03356159809515184
2116.9,67.6135,kao5ppfm,0.03354150697381602
2119.4,67.549,kao5ppfm,0.03350951000279972
2122.0,67.444,kao5ppfm,0.033457421910447586
2124.5,67.3015,kao5ppfm,0.0333867309279697
2127.0,67.111,kao5ppfm,0.03329222824613083
2129.6,66.87749999999998,kao5ppfm,0.03317639425028109
2132.1,66.548,kao5ppfm,0.03301293685570942
2134.6,66.068,kao5ppfm,0.03277481986209968
2137.1,65.42,kao5ppfm,0.032453361920726544
2139.6,64.6385,kao5ppfm,0.032065677690505695
2142.1,63.675500000000014,kao5ppfm,0.03158795547207618
2144.6,62.51700000000001,kao5ppfm,0.031013250186457682
2147.1,61.292,kao5ppfm,0.030405555775682838
2149.6,60.08800000000001,kao5ppfm,0.029808278983378428
2152.1,58.96600000000001,kao5ppfm,0.029251680510815677
2154.6,57.96900000000001,kao5ppfm,0.02875709167200546
2157.1,57.139,kao5ppfm,0.028345347703888628
2159.6,56.5115,kao5ppfm,0.0280340593424509
2162.1,56.0925,kao5ppfm,0.027826203050112408
2164.6,55.8495,kao5ppfm,0.02770565632209748
2167.1,55.720000000000006,kao5ppfm,0.027641414341529856
2169.6,55.653,kao5ppfm,0.027608177177838495
2172.0,55.65200000000001,kao5ppfm,0.02760768110076848
2174.5,55.681,kao5ppfm,0.027622067335799062
2177.0,55.65500000000001,kao5ppfm,0.027609169331978538
2179.4,55.545,kao5ppfm,0.027554600854276304
2181.9,55.347,kao5ppfm,0.02745637759441229
2184.4,55.0175,kao5ppfm,0.027292920199840608
2186.8,54.602500000000006,kao5ppfm,0.027087048215782197
2189.3,54.16799999999999,kao5ppfm,0.02687150272885838
2191.7,53.73100000000001,kao5ppfm,0.026654717049259525
2194.2,53.23100000000001,kao5ppfm,0.026406678514249386
2196.6,52.524,kao5ppfm,0.026055952025745045
2199.1,51.46999999999999,kao5ppfm,0.02553308679394367
2201.5,50.1765,kao5ppfm,0.024891411103872444
2204.0,49.03249999999999,kao5ppfm,0.024323898935769243
2206.4,48.627,kao5ppfm,0.024122739683876026
2208.9,49.2375,kao5ppfm,0.024425594735123405
2211.3,50.6475,kao5ppfm,0.025125063403851997
2213.7,52.3815,kao5ppfm,0.02598526104326716
2216.1,54.083000000000006,kao5ppfm,0.02682933617790666
2218.6,55.63800000000001,kao5ppfm,0.027600736021788197
2221.0,56.9455,kao5ppfm,0.028249356790839703
2223.4,57.9625,kao5ppfm,0.028753867171050326
2225.8,58.74399999999999,kao5ppfm,0.029141551401271167
2228.2,59.3395,kao5ppfm,0.029436965296468248
2230.6,59.753,kao5ppfm,0.02964209316492163
2233.1,60.018,kao5ppfm,0.029773553588477004
2235.5,60.2115,kao5ppfm,0.02986954450152593
2237.9,60.326,kao5ppfm,0.02992634532604325
2240.3,60.38100000000001,kao5ppfm,0.02995362956489437
2242.7,60.373000000000005,kao5ppfm,0.029949660948334206
2245.1,60.326999999999984,kao5ppfm,0.029926841403113264
2247.5,60.262,kao5ppfm,0.029894596393561953
2249.9,60.122,kao5ppfm,0.029825145603759113
2252.2,59.916,kao5ppfm,0.029722953727334935
2254.6,59.685500000000005,kao5ppfm,0.029608607962695266
2257.0,59.421500000000016,kao5ppfm,0.029477643616209918
2259.4,59.1145,kao5ppfm,0.029325347955713683
2261.8,58.824,kao5ppfm,0.029181237566872794
2264.1,58.53099999999999,kao5ppfm,0.02903588698535685
2266.5,58.19250000000001,kao5ppfm,0.028867964897154992
2268.9,57.875,kao5ppfm,0.02871046042742355
2271.2,57.57800000000001,kao5ppfm,0.028563125537627534
2273.6,57.3045,kao5ppfm,0.028427448458976982
2276.0,57.061,kao5ppfm,0.028306653692427044
2278.3,56.843500000000006,kao5ppfm,0.028198756929697637
2280.7,56.646,kao5ppfm,0.02810078170836863
2283.0,56.50350000000001,kao5ppfm,0.028030090725890744
2285.4,56.37149999999999,kao5ppfm,0.027964608552648058
2287.7,56.22850000000001,kao5ppfm,0.02789366953163517
2290.1,56.06700000000001,kao5ppfm,0.027813553084826893
2292.4,55.88349999999999,kao5ppfm,0.027722522942478164
2294.8,55.663,kao5ppfm,0.027613137948538695
2297.1,55.407,kao5ppfm,0.027486142218613504
2299.4,55.084500000000006,kao5ppfm,0.02732615736353197
2301.8,54.7135,kao5ppfm,0.027142112770554446
2304.1,54.3305,kao5ppfm,0.026952115252736678
2306.4,53.979,kao5ppfm,0.02677774416262455
2308.7,53.669,kao5ppfm,0.026623960270918262
2311.1,53.407,kao5ppfm,0.02649398807857295
2313.4,53.24400000000001,kao5ppfm,0.02641312751615965
2315.7,53.162,kao5ppfm,0.026372449196417982
2318.0,53.087,kao5ppfm,0.026335243416166464
2320.3,53.0775,kao5ppfm,0.02633053068400127
2322.6,53.123000000000005,kao5ppfm,0.026353102190687195
2324.9,53.2085,kao5ppfm,0.026395516780173926
2327.2,53.3115,kao5ppfm,0.026446612718386015
2329.5,53.43150000000001,kao5ppfm,0.026506141966788452
2331.8,53.5635,kao5ppfm,0.026571624140031124
2334.1,53.64450000000001,kao5ppfm,0.02661180638270277
2336.4,53.6675,kao5ppfm,0.026623216155313233
2338.7,53.615,kao5ppfm,0.02659717210913717
2341.0,53.4665,kao5ppfm,0.02652350466423916
2343.2,53.26450000000001,kao5ppfm,0.026423297096095068
2345.5,53.003,kao5ppfm,0.02629357294228476
2347.8,52.76649999999999,kao5ppfm,0.02617625071522496
2350.1,52.564,kao5ppfm,0.02607579510854586
2352.4,52.353,kao5ppfm,0.02597112284677158
2354.6,52.1995,kao5ppfm,0.025894975016523467
2356.9,52.14,kao5ppfm,0.02586545843085726
2359.1,52.1255,kao5ppfm,0.02585826531334197
2361.4,52.141000000000005,kao5ppfm,0.025865954507927284
2363.7,52.1495,kao5ppfm,0.025870171163022454
2365.9,52.1095,kao5ppfm,0.02585032808022164
2368.2,51.98849999999999,kao5ppfm,0.02579030275474918
2370.4,51.828,kao5ppfm,0.025710682385010935
2372.7,51.6275,kao5ppfm,0.025611218932471865
2374.9,51.3895,kao5ppfm,0.02549315258980704
2377.2,51.1805,kao5ppfm,0.025389472482172805
2379.4,51.06699999999999,kao5ppfm,0.0253331677347255
2381.6,51.035,kao5ppfm,0.025317293268484854
2383.9,51.05650000000001,kao5ppfm,0.025327958925490293
2386.1,51.1405,kao5ppfm,0.025369629399371995
2388.3,51.27900000000001,kao5ppfm,0.025438336073569805
2390.6,51.447500000000005,kao5ppfm,0.02552192505986822
2392.8,51.64699999999999,kao5ppfm,0.02562089243533726
2395.0,51.85799999999999,kao5ppfm,0.025725564697111538
2397.2,52.041,kao5ppfm,0.02581634680092525
2399.4,52.1895,kao5ppfm,0.025890014245823264
2401.6,52.316,kao5ppfm,0.02595276799518083
2403.9,52.412,kao5ppfm,0.026000391393902776
2406.1,52.4465,kao5ppfm,0.026017506052818475
2408.3,52.437,kao5ppfm,0.02601279332065328
2410.5,52.4205,kao5ppfm,0.026004608048997947
2412.7,52.3005,kao5ppfm,0.025945078800595513
2414.9,52.1735,kao5ppfm,0.02588207701270294
2417.1,52.0245,kao5ppfm,0.02580816152926992
2419.2,51.85,kao5ppfm,0.02572159608055138
2421.4,51.6685,kao5ppfm,0.0256315580923427
2423.6,51.447,kao5ppfm,0.02552167702133321
2425.8,51.181,kao5ppfm,0.02538972052070781
2428.0,50.8595,kao5ppfm,0.025230231742696292
2430.2,50.5525,kao5ppfm,0.02507793608220007
2432.3,50.258500000000005,kao5ppfm,0.02493208942361411
2434.5,49.9685,kao5ppfm,0.024788227073308227
2436.7,49.636,kao5ppfm,0.02462328144752649
2438.8,49.33900000000001,kao5ppfm,0.02447594655773047
2441.0,49.0315,kao5ppfm,0.024323402858699227
2443.2,48.7605,kao5ppfm,0.024188965972723735
2445.3,48.53500000000001,kao5ppfm,0.024077100593434167
2447.5,48.2795,kao5ppfm,0.02395035290204398
2449.6,48.0305,kao5ppfm,0.023826829711608932
2451.8,47.8365,kao5ppfm,0.023730590760024997
2453.9,47.6865,kao5ppfm,0.023656179199521957
2456.1,47.48350000000001,kao5ppfm,0.023555475554307842
2458.2,47.285,kao5ppfm,0.02345700425590881
2460.4,47.1515,kao5ppfm,0.023390777967061106
2462.5,47.078,kao5ppfm,0.023354316302414618
2464.6,47.0275,kao5ppfm,0.023329264410378595
2466.8,46.97349999999999,kao5ppfm,0.023302476248597492
2468.9,46.895,kao5ppfm,0.023263534198600905
2471.0,46.835,kao5ppfm,0.02323376957439969
2473.1,46.807,kao5ppfm,0.02321987941643912
2475.2,46.71900000000001,kao5ppfm,0.02317622463427734
2477.4,46.573,kao5ppfm,0.023103797382054377
2479.5,46.4575,kao5ppfm,0.023046500480467035
2481.6,46.3195,kao5ppfm,0.022978041844804235
2483.7,46.093,kao5ppfm,0.022865680388444644
2485.8,45.909,kao5ppfm,0.022774402207560912
2487.9,45.75750000000001,kao5ppfm,0.022699246531452843
2490.0,45.651,kao5ppfm,0.022646414323495682
2492.1,45.60699999999999,kao5ppfm,0.022624586932414783
2494.2,45.54899999999999,kao5ppfm,0.02259581446235361
2496.3,45.5125,kao5ppfm,0.022577707649297875
2498.4,45.516,kao5ppfm,0.022579443919042944
2500.5,45.504000000000005,kao5ppfm,0.0225734909942027
2502.6,45.495,kao5ppfm,0.022569026300572517
2504.7,45.498000000000005,kao5ppfm,0.02257051453178258
2506.7,45.4915,kao5ppfm,0.02256729003082745
2508.8,45.4865,kao5ppfm,0.022564809645477343
2510.9,45.4925,kao5ppfm,0.022567786107897465
2513.0,45.475,kao5ppfm,0.022559104759172114
339.3,32.31949999999999,kao5ppfr,0.020770641319767937
340.8,31.3855,kao5ppfr,0.02017039134706839
342.3,30.815,kao5ppfr,0.01980375043761968
343.7,29.757000000000005,kao5ppfr,0.01912380989038614
345.2,28.7835,kao5ppfr,0.018498174613701963
346.7,28.154000000000003,kao5ppfr,0.018093616414757246
348.1,27.5125,kao5ppfr,0.017681346224728587
349.6,27.222,kao5ppfr,0.01749465177390501
351.1,26.8425,kao5ppfr,0.017250760055875586
352.5,26.571500000000004,kao5ppfr,0.017076597590563406
354.0,26.364,kao5ppfr,0.016943244411403706
355.5,26.2785,kao5ppfr,0.016888296474930675
357.0,26.1635,kao5ppfr,0.016814389893709637
358.4,26.2225,kao5ppfr,0.016852307183205645
359.9,25.979000000000003,kao5ppfr,0.01669581803079415
361.4,25.8735,kao5ppfr,0.016628016775847892
362.8,25.825,kao5ppfr,0.016596847478550322
364.3,25.88150000000001,kao5ppfr,0.016633158103237185
365.8,25.9475,kao5ppfr,0.01667557405419882
367.2,25.942,kao5ppfr,0.01667203939161868
368.7,26.1535,kao5ppfr,0.016807963234473026
370.1,26.174000000000007,kao5ppfr,0.016821137885908083
371.6,26.307500000000005,kao5ppfr,0.01690693378671685
373.1,26.484500000000004,kao5ppfr,0.01702068565520488
374.5,26.5705,kao5ppfr,0.01707595492463974
376.0,26.6795,kao5ppfr,0.017146005510318814
377.5,26.8165,kao5ppfr,0.017234050741860397
378.9,26.9185,kao5ppfr,0.01729960266607384
380.4,27.0645,kao5ppfr,0.01739343189092837
381.9,27.1735,kao5ppfr,0.017463482476607443
383.3,27.329,kao5ppfr,0.01756341702773676
384.8,27.4125,kao5ppfr,0.01761707963236247
386.2,27.594,kao5ppfr,0.017733723497506973
387.7,27.645,kao5ppfr,0.017766499459613696
389.2,27.7875,kao5ppfr,0.017858079353735415
390.6,27.878000000000004,kao5ppfr,0.017916240619826756
392.1,28.0495,kao5ppfr,0.018026457825734647
393.6,28.1455,kao5ppfr,0.01808815375440612
395.0,28.251,kao5ppfr,0.018155955009352378
396.5,28.370500000000003,kao5ppfr,0.018232753587229894
397.9,28.434500000000003,kao5ppfr,0.01827388420634421
399.4,28.5525,kao5ppfr,0.018349718785336228
400.9,28.690500000000004,kao5ppfr,0.018438406682801476
402.3,28.805,kao5ppfr,0.01851199193106068
403.8,28.922500000000003,kao5ppfr,0.01858750517709087
405.2,29.0315,kao5ppfr,0.01865755576276994
406.7,29.1115,kao5ppfr,0.018708969036662835
408.1,29.253500000000003,kao5ppfr,0.018800227597822725
409.6,29.3615,kao5ppfr,0.018869635517578132
411.1,29.509000000000007,kao5ppfr,0.018964428741318165
412.5,29.6795,kao5ppfr,0.019074003281302394
414.0,29.817500000000003,kao5ppfr,0.01916269117876764
415.4,29.952,kao5ppfr,0.019249129745500068
416.9,30.0985,kao5ppfr,0.019343280303316435
418.3,30.23,kao5ppfr,0.01942779087227788
419.8,30.4005,kao5ppfr,0.019537365412262114
421.2,30.591500000000003,kao5ppfr,0.019660114603681403
422.7,30.766,kao5ppfr,0.01977225980736028
424.1,30.9505,kao5ppfr,0.01989083167027577
425.6,31.129,kao5ppfr,0.020005547537649295
427.0,31.295,kao5ppfr,0.020112230080977053
428.5,31.4875,kao5ppfr,0.02023594327128183
429.9,31.670500000000004,kao5ppfr,0.020353551135311832
431.4,31.8585,kao5ppfr,0.020474372328960135
432.8,32.0595,kao5ppfr,0.020603548179616033
434.3,32.247,kao5ppfr,0.020724048040302506
435.7,32.434,kao5ppfr,0.02084422656802715
437.2,32.620000000000005,kao5ppfr,0.020963762429828135
438.6,32.79600000000001,kao5ppfr,0.021076871632392507
440.1,32.98650000000001,kao5ppfr,0.021199299490849963
441.5,33.1635,kao5ppfr,0.02131305135933799
443.0,33.351,kao5ppfr,0.021433551220024463
444.4,33.529,kao5ppfr,0.02154794575443616
445.8,33.711,kao5ppfr,0.021664910952542492
447.3,33.896,kao5ppfr,0.021783804148419815
448.7,34.07849999999999,kao5ppfr,0.021901090679487978
450.2,34.2525,kao5ppfr,0.02201291455020503
451.6,34.4265,kao5ppfr,0.022124738420922076
453.0,34.60000000000001,kao5ppfr,0.0222362409586773
454.5,34.776,kao5ppfr,0.022349350161241666
455.9,34.9525,kao5ppfr,0.022462780696767867
457.4,35.114,kao5ppfr,0.022566571243439148
458.8,35.2695,kao5ppfr,0.022666505794568467
460.2,35.422,kao5ppfr,0.022764512347926796
461.7,35.573,kao5ppfr,0.022861554902399637
463.1,35.736000000000004,kao5ppfr,0.022966309447956412
464.5,35.88600000000001,kao5ppfr,0.023062709336505595
466.0,36.03,kao5ppfr,0.023155253229512802
467.4,36.158,kao5ppfr,0.023237514467741437
468.9,36.28849999999999,kao5ppfr,0.023321382370779214
470.3,36.4165,kao5ppfr,0.023403643609007853
471.7,36.571000000000005,kao5ppfr,0.02350293549421351
473.1,36.694500000000005,kao5ppfr,0.023582304735785667
474.6,36.8305,kao5ppfr,0.023669707301403588
476.0,36.9765,kao5ppfr,0.023763536526258122
477.4,37.099,kao5ppfr,0.023842263101906618
478.9,37.23,kao5ppfr,0.02392645233790623
480.3,37.371,kao5ppfr,0.024017068233142463
481.7,37.511,kao5ppfr,0.024107041462455032
483.1,37.6515,kao5ppfr,0.024197336024729427
484.6,37.7865,kao5ppfr,0.024284095924423686
486.0,37.9195,kao5ppfr,0.024369570492270627
487.4,38.0485,kao5ppfr,0.02445247439642292
488.9,38.181,kao5ppfr,0.024537627631308026
490.3,38.303,kao5ppfr,0.024616032873994692
491.7,38.422,kao5ppfr,0.024692510118910375
493.1,38.5475,kao5ppfr,0.024773164692329857
494.5,38.6665,kao5ppfr,0.024849641937245537
496.0,38.78450000000001,kao5ppfr,0.024925476516237565
497.4,38.904,kao5ppfr,0.025002275094115074
498.8,39.024,kao5ppfr,0.025079395004954416
500.2,39.14,kao5ppfr,0.025153944252099113
501.6,39.251000000000005,kao5ppfr,0.02522528016962551
503.1,39.3635,kao5ppfr,0.025297580086037393
504.5,39.4735,kao5ppfr,0.025368273337640124
505.9,39.5985,kao5ppfr,0.025448606578097773
507.3,39.71750000000001,kao5ppfr,0.02552508382301346
508.7,39.84,kao5ppfr,0.025603810398661952
510.1,39.9495,kao5ppfr,0.02567418231730285
511.6,40.0645,kao5ppfr,0.02574808889852389
513.0,40.1825,kao5ppfr,0.025823923477515907
514.4,40.3095,kao5ppfr,0.02590554204982088
515.8,40.432,kao5ppfr,0.02598426862546938
517.2,40.5465,kao5ppfr,0.026057853873728585
518.6,40.663,kao5ppfr,0.026132724453835108
520.0,40.7755,kao5ppfr,0.026205024370246997
521.5,40.886,kao5ppfr,0.02627603895481156
522.9,40.9915,kao5ppfr,0.026343840209757816
524.3,41.107000000000006,kao5ppfr,0.026418068123940687
525.7,41.203,kao5ppfr,0.026479764052612157
527.1,41.235,kao5ppfr,0.026500329362169315
528.5,41.25849999999999,kao5ppfr,0.026515432011375347
529.9,41.3565,kao5ppfr,0.026578413271894148
531.3,41.486,kao5ppfr,0.02666163850900827
532.7,41.624500000000005,kao5ppfr,0.026750647739435352
534.1,41.77449999999999,kao5ppfr,0.02684704762798452
535.5,41.9365,kao5ppfr,0.026951159507617645
536.9,42.04,kao5ppfr,0.027017675430716575
538.3,42.169500000000006,kao5ppfr,0.027100900667830705
539.7,42.2985,kao5ppfr,0.02718380457198299
541.1,42.4525,kao5ppfr,0.02728277512422682
542.5,42.55850000000001,kao5ppfr,0.02735089771213491
544.0,42.6635,kao5ppfr,0.027418377634119327
545.3,42.7935,kao5ppfr,0.027501924204195286
546.8,42.9945,kao5ppfr,0.027631100054851185
548.2,43.194,kao5ppfr,0.027759311906621596
549.5,43.3255,kao5ppfr,0.02784382247558304
550.9,43.444,kao5ppfr,0.027919978387536893
552.3,43.5335,kao5ppfr,0.027977496987704565
553.7,43.507,kao5ppfr,0.027960466340727543
555.1,43.44,kao5ppfr,0.027917407723842245
556.5,43.45,kao5ppfr,0.02792383438307886
557.9,43.532500000000006,kao5ppfr,0.02797685432178091
559.3,43.624,kao5ppfr,0.028035658253795906
560.7,43.7215,kao5ppfr,0.02809831818135287
562.1,43.812,kao5ppfr,0.02815647944744421
563.5,43.9035,kao5ppfr,0.02821528337945921
564.9,43.996,kao5ppfr,0.02827472997739787
566.3,44.0845,kao5ppfr,0.028331605911641883
567.7,44.1745,kao5ppfr,0.028389445844771394
569.1,44.266000000000005,kao5ppfr,0.028448249776786394
570.5,44.3575,kao5ppfr,0.028507053708801394
571.8,44.4435,kao5ppfr,0.028562322978236254
573.2,44.526,kao5ppfr,0.028615342916938305
574.6,44.615,kao5ppfr,0.02867254018414415
576.0,44.6985,kao5ppfr,0.02872620278876986
577.4,44.78600000000001,kao5ppfr,0.02878243605709022
578.8,44.86,kao5ppfr,0.028829993335441142
580.2,44.93599999999999,kao5ppfr,0.028878835945639388
581.5,45.011,kao5ppfr,0.028927035889913983
582.9,45.085,kao5ppfr,0.02897459316826491
584.3,45.1525,kao5ppfr,0.029017973118112043
585.7,45.217000000000006,kao5ppfr,0.029059425070188192
587.1,45.2785,kao5ppfr,0.02909894902449335
588.5,45.342,kao5ppfr,0.029139758310645834
589.8,45.403,kao5ppfr,0.029178960931989167
591.2,45.456,kao5ppfr,0.029213022225943214
592.6,45.504000000000005,kao5ppfr,0.029243870190278954
594.0,45.554,kao5ppfr,0.02927600348646201
595.4,45.5975,kao5ppfr,0.029303959454141267
596.7,45.641,kao5ppfr,0.029331915421820533
598.1,45.6785,kao5ppfr,0.029356015393957827
599.5,45.71699999999999,kao5ppfr,0.02938075803201878
600.9,45.75450000000001,kao5ppfr,0.029404858004156084
602.2,45.7905,kao5ppfr,0.029427993977407883
603.6,45.8225,kao5ppfr,0.029448559286965038
605.0,45.864,kao5ppfr,0.029475229922796976
606.4,45.9035,kao5ppfr,0.029500615226781598
607.7,45.947,kao5ppfr,0.02952857119446086
609.1,45.9885,kao5ppfr,0.0295552418302928
610.5,46.03849999999999,kao5ppfr,0.029587375126475853
611.9,46.087500000000006,kao5ppfr,0.02961886575673526
613.2,46.14649999999999,kao5ppfr,0.029656783046231257
614.6,46.203500000000005,kao5ppfr,0.029693415003879956
616.0,46.25599999999999,kao5ppfr,0.029727154964872163
617.3,46.3115,kao5ppfr,0.029762822923635364
618.7,46.3675,kao5ppfr,0.02979881221536039
620.1,46.4285,kao5ppfr,0.029838014836703723
621.5,46.49,kao5ppfr,0.02987753879100889
622.8,46.5465,kao5ppfr,0.029913849415695744
624.2,46.59,kao5ppfr,0.029941805383375007
625.5,46.642,kao5ppfr,0.02997522401140539
626.9,46.69550000000001,kao5ppfr,0.03000960663832127
628.3,46.747,kao5ppfr,0.030042703933389814
629.6,46.795,kao5ppfr,0.03007355189772555
631.0,46.8335,kao5ppfr,0.030098294535786507
632.4,46.871,kao5ppfr,0.030122394507923804
633.7,46.9085,kao5ppfr,0.030146494480061094
635.1,46.93849999999999,kao5ppfr,0.030165774457770925
636.5,46.961,kao5ppfr,0.03018023444105331
637.8,46.983,kao5ppfr,0.030194373091373853
639.2,46.98950000000001,kao5ppfr,0.030198550419877658
640.5,46.986,kao5ppfr,0.030196301089144836
641.9,46.969,kao5ppfr,0.030185375768442598
643.2,46.9375,kao5ppfr,0.03016513179184727
644.6,46.894000000000005,kao5ppfr,0.03013717582416801
646.0,46.847,kao5ppfr,0.030106970525755932
647.3,46.811,kao5ppfr,0.03008383455250413
648.7,46.7735,kao5ppfr,0.030059734580366832
650.0,46.754,kao5ppfr,0.03004720259485544
651.4,46.687000000000005,kao5ppfr,0.030004143977970143
652.7,46.556,kao5ppfr,0.029919954741970522
654.1,46.4095,kao5ppfr,0.02982580418415416
655.4,46.3255,kao5ppfr,0.02977182024656662
656.8,46.2745,kao5ppfr,0.029739044284459903
658.1,46.217,kao5ppfr,0.029702090993849378
659.5,46.1635,kao5ppfr,0.029667708366933505
660.8,46.084,kao5ppfr,0.029616616426002444
662.2,45.995000000000005,kao5ppfr,0.029559419158796597
663.5,45.9355,kao5ppfr,0.029521180536338752
664.9,45.9635,kao5ppfr,0.02953917518220127
666.2,46.0145,kao5ppfr,0.02957195114430799
667.6,46.016000000000005,kao5ppfr,0.029572915143193483
668.9,46.068,kao5ppfr,0.02960633377122386
670.3,46.271,kao5ppfr,0.029736794953727084
671.6,46.544500000000006,kao5ppfr,0.029912564083848424
673.0,46.75150000000001,kao5ppfr,0.03004559593004629
674.3,46.9735,kao5ppfr,0.030188267765099076
675.6,47.162,kao5ppfr,0.030309410291709207
677.0,47.194,kao5ppfr,0.03032997560126637
678.3,47.16600000000001,kao5ppfr,0.03031198095540386
679.7,47.218500000000006,kao5ppfr,0.03034572091639607
681.0,47.365,kao5ppfr,0.030439871474212433
682.3,47.517500000000005,kao5ppfr,0.030537878027570766
683.7,47.669500000000006,kao5ppfr,0.03063556324796727
685.0,47.81699999999999,kao5ppfr,0.030730356471707285
686.4,47.95949999999999,kao5ppfr,0.030821936365829004
687.7,48.089000000000006,kao5ppfr,0.030905161602943137
689.0,48.2145,kao5ppfr,0.030985816176362615
690.4,48.339000000000006,kao5ppfr,0.031065828083858438
691.7,48.462,kao5ppfr,0.031144875992468762
693.0,48.578500000000005,kao5ppfr,0.031219746572575292
694.4,48.691500000000005,kao5ppfr,0.031292367821949
695.7,48.806,kao5ppfr,0.03136595307020821
697.0,48.9205,kao5ppfr,0.031439538318467415
698.4,49.039,kao5ppfr,0.03151569423042127
699.7,49.1555,kao5ppfr,0.0315905648105278
701.0,49.267,kao5ppfr,0.03166222206101602
702.4,49.38250000000001,kao5ppfr,0.031736449975198894
703.7,49.49400000000001,kao5ppfr,0.03180810722568712
705.0,49.606,kao5ppfr,0.03188008580913717
706.3,49.7205,kao5ppfr,0.031953671057396375
707.7,49.8355,kao5ppfr,0.03202757763861741
709.0,49.949,kao5ppfr,0.03210052022095295
710.3,50.05049999999999,kao5ppfr,0.03216575081220456
711.6,50.146,kao5ppfr,0.03222712540791421
713.0,50.2445,kao5ppfr,0.03229042800139484
714.3,50.342,kao5ppfr,0.0323530879289518
715.6,50.442,kao5ppfr,0.03241735452131792
716.9,50.537,kao5ppfr,0.03247840778406574
718.2,50.6255,kao5ppfr,0.03253528371830975
719.6,50.712,kao5ppfr,0.032590874320706446
720.9,50.799,kao5ppfr,0.03264678625606497
722.2,50.8785,kao5ppfr,0.03269787819699604
723.5,50.96750000000001,kao5ppfr,0.03275507546420189
724.8,51.05200000000001,kao5ppfr,0.03280938073475125
726.2,51.1365,kao5ppfr,0.03286368600530062
727.5,51.21650000000001,kao5ppfr,0.032915099279193526
728.8,51.294500000000006,kao5ppfr,0.032965227221239096
730.1,51.3665,kao5ppfr,0.033011499167742694
731.4,51.439,kao5ppfr,0.033058092447208136
732.7,51.514,kao5ppfr,0.033106292391482724
734.0,51.5895,kao5ppfr,0.03315481366871914
735.3,51.665,kao5ppfr,0.033203334945955565
736.7,51.73299999999999,kao5ppfr,0.033247036228764515
738.0,51.8,kao5ppfr,0.03329009484564982
739.3,51.864,kao5ppfr,0.033331225464764136
740.6,51.93050000000001,kao5ppfr,0.03337396274868761
741.9,51.99549999999999,kao5ppfr,0.03341573603372558
743.2,52.0595,kao5ppfr,0.0334568666528399
744.5,52.1195,kao5ppfr,0.033495426608259576
745.8,52.187,kao5ppfr,0.033538806558106704
747.1,52.25,kao5ppfr,0.03357929451129736
748.4,52.31099999999999,kao5ppfr,0.03361849713264069
749.7,52.375000000000014,kao5ppfr,0.03365962775175502
751.0,52.43300000000001,kao5ppfr,0.03369690237532736
752.3,52.491,kao5ppfr,0.03373417699889971
753.6,52.54600000000001,kao5ppfr,0.03376952362470108
754.9,52.60150000000001,kao5ppfr,0.033805191583464275
756.2,52.65599999999999,kao5ppfr,0.0338402168763038
757.5,52.707,kao5ppfr,0.033872992838410526
758.8,52.759,kao5ppfr,0.03390641146644091
760.1,52.8125,kao5ppfr,0.033940794093356784
761.4,52.86899999999999,kao5ppfr,0.03397710471804363
762.7,52.9215,kao5ppfr,0.034010844679035854
764.0,52.971,kao5ppfr,0.03404265664225708
765.3,53.0215,kao5ppfr,0.034075111271401975
766.6,53.07000000000001,kao5ppfr,0.03410628056869954
767.9,53.11999999999999,kao5ppfr,0.034138413864882595
769.2,53.16600000000001,kao5ppfr,0.03416797649737102
770.4,53.211,kao5ppfr,0.03419689646393577
771.7,53.25899999999999,kao5ppfr,0.0342277444282715
773.0,53.307500000000005,kao5ppfr,0.03425891372556908
774.3,53.3505,kao5ppfr,0.0342865483602865
775.6,53.399,kao5ppfr,0.034317717657584075
776.9,53.4395,kao5ppfr,0.03434374562749235
778.2,53.48299999999999,kao5ppfr,0.034371701595171604
779.4,53.5255,kao5ppfr,0.03439901489692721
780.7,53.5765,kao5ppfr,0.03443179085903394
782.0,53.60849999999999,kao5ppfr,0.03445235616859109
783.3,53.657,kao5ppfr,0.034483525465888655
784.5,53.694500000000005,kao5ppfr,0.034507625438025956
785.8,53.73049999999999,kao5ppfr,0.034530761411277755
787.1,53.769000000000005,kao5ppfr,0.034555504049338714
788.4,53.806,kao5ppfr,0.03457928268851418
789.7,53.8475,kao5ppfr,0.034605953324346114
790.9,53.884,kao5ppfr,0.03462941063055975
792.2,53.926,kao5ppfr,0.03465640259935352
793.5,53.9635,kao5ppfr,0.034680502571490815
794.8,54.002,kao5ppfr,0.034705245209551774
796.0,54.0415,kao5ppfr,0.034730630513536385
797.3,54.07350000000001,kao5ppfr,0.03475119582309355
798.5,54.112,kao5ppfr,0.0347759384611545
799.8,54.14549999999999,kao5ppfr,0.03479746776959715
801.1,54.1875,kao5ppfr,0.03482445973839092
802.3,54.2245,kao5ppfr,0.034848238377566385
803.6,54.2645,kao5ppfr,0.03487394501451283
804.9,54.29549999999999,kao5ppfr,0.034893867658146324
806.1,54.33,kao5ppfr,0.03491603963251264
807.4,54.35350000000001,kao5ppfr,0.03493114228171869
808.7,54.3865,kao5ppfr,0.0349523502571995
809.9,54.43150000000001,kao5ppfr,0.03498127022376426
811.2,54.467,kao5ppfr,0.03500408486405423
812.4,54.4995,kao5ppfr,0.035024971506573216
813.7,54.52149999999999,kao5ppfr,0.03503911015689375
815.0,54.55150000000001,kao5ppfr,0.03505839013460361
816.2,54.581500000000005,kao5ppfr,0.035077670112313435
817.5,54.61350000000001,kao5ppfr,0.0350982354218706
818.7,54.6475,kao5ppfr,0.035120086063275074
820.0,54.6795,kao5ppfr,0.035140651372832225
821.2,54.706500000000005,kao5ppfr,0.03515800335277108
822.5,54.718,kao5ppfr,0.03516539401089319
823.7,54.7245,kao5ppfr,0.035169571339396986
825.0,54.753,kao5ppfr,0.035187887318221325
826.2,54.7915,kao5ppfr,0.035212629956282285
827.5,54.84100000000001,kao5ppfr,0.035244441919503516
828.7,54.8995,kao5ppfr,0.035282037876037696
829.9,54.929,kao5ppfr,0.0353009965207857
831.2,54.926,kao5ppfr,0.03529906852301472
832.4,54.93399999999999,kao5ppfr,0.035304209850404
833.7,54.94899999999999,kao5ppfr,0.035313849839258914
834.9,54.985,kao5ppfr,0.03533698581251073
836.1,55.00750000000001,kao5ppfr,0.03535144579579311
837.4,55.025,kao5ppfr,0.035362692449457174
838.6,55.053,kao5ppfr,0.035380687095319684
839.8,55.0545,kao5ppfr,0.03538165109420518
841.1,55.093500000000006,kao5ppfr,0.03540671506522797
842.3,55.13099999999999,kao5ppfr,0.035430815037365254
843.5,55.162,kao5ppfr,0.03545073768099875
844.8,55.1655,kao5ppfr,0.03545298701173157
846.0,55.176,kao5ppfr,0.035459735003930015
847.2,55.193,kao5ppfr,0.03547066032463225
848.5,55.218,kao5ppfr,0.03548672697272379
849.7,55.23350000000001,kao5ppfr,0.035496688294540536
850.9,55.2495,kao5ppfr,0.03550697094931911
852.2,55.276,kao5ppfr,0.03552400159629614
853.4,55.302,kao5ppfr,0.03554071091031132
854.6,55.32750000000001,kao5ppfr,0.035557098891364686
855.8,55.330000000000005,kao5ppfr,0.03555870555617384
857.0,55.3615,kao5ppfr,0.03557894953276916
858.3,55.37149999999999,kao5ppfr,0.03558537619200577
859.5,55.399,kao5ppfr,0.03560304950490646
860.7,55.4045,kao5ppfr,0.0356065841674866
861.9,55.416,kao5ppfr,0.0356139748256087
863.1,55.45050000000001,kao5ppfr,0.03563614679997502
864.3,55.471,kao5ppfr,0.03564932145141006
865.5,55.48549999999999,kao5ppfr,0.035658640107303144
866.8,55.4945,kao5ppfr,0.035664424100616106
868.0,55.5065,kao5ppfr,0.03567213609170004
869.2,55.524,kao5ppfr,0.03568338274536411
870.4,55.548,kao5ppfr,0.03569880672753198
871.6,55.5615,kao5ppfr,0.035707482717501404
872.8,55.57900000000001,kao5ppfr,0.03571872937116548
874.0,55.58900000000001,kao5ppfr,0.03572515603040209
875.2,55.5885,kao5ppfr,0.035724834697440255
876.4,55.6075,kao5ppfr,0.03573704534998982
877.6,55.63349999999999,kao5ppfr,0.035753754664005
878.8,55.640999999999984,kao5ppfr,0.035758574658432456
880.0,55.66550000000001,kao5ppfr,0.035774319973562174
881.2,55.68150000000001,kao5ppfr,0.03578460262834075
882.4,55.68050000000001,kao5ppfr,0.03578395996241709
883.6,55.69250000000001,kao5ppfr,0.035791671953501025
884.8,55.69749999999999,kao5ppfr,0.03579488528311932
886.0,55.73750000000001,kao5ppfr,0.03582059192006578
887.2,55.75450000000001,kao5ppfr,0.03583151724076802
888.4,55.7635,kao5ppfr,0.035837301234080965
889.6,55.7625,kao5ppfr,0.035836658568157306
890.8,55.768,kao5ppfr,0.03584019323073744
892.0,55.785,kao5ppfr,0.03585111855143968
893.2,55.8055,kao5ppfr,0.035864293202874736
894.3,55.826,kao5ppfr,0.035877467854309786
895.5,55.838,kao5ppfr,0.03588517984539372
896.7,55.8455,kao5ppfr,0.035889999839821184
897.9,55.852,kao5ppfr,0.03589417716832498
899.1,55.86299999999999,kao5ppfr,0.03590124649348525
900.3,55.85849999999999,kao5ppfr,0.03589835449682877
901.5,55.891,kao5ppfr,0.03591924113934777
902.6,55.9045,kao5ppfr,0.03592791712931719
903.8,55.90599999999999,kao5ppfr,0.03592888112820268
905.0,55.8985,kao5ppfr,0.03592406113377523
906.2,55.90000000000001,kao5ppfr,0.03592502513266072
907.4,55.9025,kao5ppfr,0.035926631797469875
908.5,55.90400000000001,kao5ppfr,0.03592759579635537
909.7,55.94600000000001,kao5ppfr,0.03595458776514914
910.9,55.947,kao5ppfr,0.03595523043107279
912.1,55.95550000000001,kao5ppfr,0.03596069309142392
913.2,55.9705,kao5ppfr,0.03597033308027883
914.4,55.980500000000006,kao5ppfr,0.035976759739515446
915.6,55.993,kao5ppfr,0.03598479306356121
916.8,55.9895,kao5ppfr,0.035982543732828394
917.9,56.00500000000001,kao5ppfr,0.03599250505464515
919.1,56.0305,kao5ppfr,0.03600889303569851
920.2,56.048,kao5ppfr,0.036020139689362574
921.4,56.084,kao5ppfr,0.03604327566261438
922.6,56.07349999999999,kao5ppfr,0.03603652767041593
923.8,56.07749999999999,kao5ppfr,0.03603909833411058
924.9,56.088,kao5ppfr,0.03604584632630902
926.1,56.08149999999999,kao5ppfr,0.03604166899780522
927.2,56.0955,kao5ppfr,0.03605066632073648
928.4,56.118,kao5ppfr,0.03606512630401886
929.6,56.143,kao5ppfr,0.03608119295211039
930.7,56.158,kao5ppfr,0.03609083294096531
931.9,56.152,kao5ppfr,0.03608697694542334
933.0,56.157,kao5ppfr,0.03609019027504164
934.2,56.14399999999999,kao5ppfr,0.03608183561803404
935.3,56.16150000000001,kao5ppfr,0.03609308227169813
936.5,56.167,kao5ppfr,0.03609661693427826
937.7,56.1795,kao5ppfr,0.03610465025832402
938.8,56.218500000000006,kao5ppfr,0.03612971422934681
940.0,56.20400000000001,kao5ppfr,0.03612039557345372
941.1,56.19199999999999,kao5ppfr,0.036112683582369784
942.3,56.185,kao5ppfr,0.03610818492090416
943.4,56.1745,kao5ppfr,0.03610143692870572
944.6,56.1885,kao5ppfr,0.03611043425163697
945.7,56.2175,kao5ppfr,0.03612907156342315
946.9,56.2115,kao5ppfr,0.03612521556788118
948.0,56.19,kao5ppfr,0.03611139825052246
949.2,56.163,kao5ppfr,0.03609404627058361
950.3,56.149,kao5ppfr,0.036085048947652354
951.5,56.152,kao5ppfr,0.03608697694542334
952.6,56.149,kao5ppfr,0.036085048947652354
953.8,56.1995,kao5ppfr,0.036117503576797244
954.9,56.174000000000014,kao5ppfr,0.036101115595743895
956.1,56.186,kao5ppfr,0.03610882758682782
957.2,56.19350000000001,kao5ppfr,0.03611364758125528
958.3,56.1655,kao5ppfr,0.03609565293539276
959.5,56.20300000000001,kao5ppfr,0.03611975290753006
960.6,56.258500000000005,kao5ppfr,0.03615542086629326
961.8,56.2615,kao5ppfr,0.036157348864064236
962.9,56.2765,kao5ppfr,0.036166988852919156
964.1,56.17399999999999,kao5ppfr,0.03610111559574388
965.2,56.03499999999999,kao5ppfr,0.03601178503235497
966.3,55.94599999999999,kao5ppfr,0.03595458776514913
967.5,55.996,kao5ppfr,0.035986721061332196
968.6,56.073,kao5ppfr,0.0360362063374541
969.8,56.2105,kao5ppfr,0.03612457290195752
970.9,56.3695,kao5ppfr,0.03622675678381965
972.1,56.449,kao5ppfr,0.03627784872475071
973.2,56.459,kao5ppfr,0.036284275383987326
974.3,56.504,kao5ppfr,0.03631319535055208
975.5,56.534500000000016,kao5ppfr,0.03633279666122376
976.6,56.5465,kao5ppfr,0.03634050865230768
977.8,56.5535,kao5ppfr,0.036345007313773305
978.9,56.57499999999999,kao5ppfr,0.03635882463113201
980.0,56.55749999999999,kao5ppfr,0.036347577977467946
981.2,56.605,kao5ppfr,0.03637810460884185
982.3,56.595000000000006,kao5ppfr,0.036371677949605254
983.5,56.549,kao5ppfr,0.036342115317116834
984.6,56.53499999999999,kao5ppfr,0.036333117994185565
985.7,56.553,kao5ppfr,0.036344685980811475
986.9,56.544,kao5ppfr,0.03633890198749852
988.0,56.56949999999999,kao5ppfr,0.036355289968551883
989.1,56.5785,kao5ppfr,0.03636107396186484
992.0,57.3455,kao5ppfr,0.036853998725312975
995.9,57.315,kao5ppfr,0.036834397414641305
999.7,57.273,kao5ppfr,0.03680740544584754
1003.6,57.315,kao5ppfr,0.036834397414641305
1007.4,57.3365,kao5ppfr,0.03684821473200002
1011.3,57.3755,kao5ppfr,0.03687327870302281
1015.1,57.404,kao5ppfr,0.036891594681847155
1019.0,57.43300000000001,kao5ppfr,0.03691023199363333
1022.8,57.47099999999999,kao5ppfr,0.036934653298732446
1026.7,57.4455,kao5ppfr,0.03691826531767909
1030.5,57.452,kao5ppfr,0.03692244264618289
1034.4,57.3935,kao5ppfr,0.03688484668964871
1038.2,57.41150000000001,kao5ppfr,0.036896414676274615
1042.1,57.4365,kao5ppfr,0.03691248132436614
1045.9,57.4375,kao5ppfr,0.0369131239902898
1049.7,57.46750000000001,kao5ppfr,0.03693240396799964
1053.6,57.419,kao5ppfr,0.03690123467070207
1057.4,57.489,kao5ppfr,0.03694622128535835
1061.2,57.48649999999999,kao5ppfr,0.036944614620549196
1065.1,57.4695,kao5ppfr,0.03693368929984696
1068.9,57.522500000000015,kao5ppfr,0.036967750593801016
1072.7,57.536,kao5ppfr,0.03697642658377043
1076.6,57.43249999999999,kao5ppfr,0.03690991066067149
1080.4,57.45399999999999,kao5ppfr,0.03692372797803021
1084.2,57.5185,kao5ppfr,0.03696517993010636
1088.0,57.57000000000001,kao5ppfr,0.036998277225174916
1091.8,57.56150000000001,kao5ppfr,0.0369928145648238
1095.7,57.54599999999999,kao5ppfr,0.036982853243007034
1099.5,57.5545,kao5ppfr,0.03698831590335816
1103.3,57.602500000000006,kao5ppfr,0.037019163867693904
1107.1,57.646,kao5ppfr,0.03704711983537316
1110.9,57.63800000000001,kao5ppfr,0.03704197850798388
1114.8,57.639,kao5ppfr,0.03704262117390753
1118.6,57.5865,kao5ppfr,0.03700888121291532
1122.4,57.6435,kao5ppfr,0.03704551317056401
1126.2,57.755500000000005,kao5ppfr,0.03711749175401406
1130.0,57.9,kao5ppfr,0.0372103569799831
1133.8,58.051,kao5ppfr,0.03730739953445594
1137.6,58.26899999999999,kao5ppfr,0.037447500705814075
1141.4,58.5035,kao5ppfr,0.03759820586491264
1145.2,58.64399999999999,kao5ppfr,0.03768850042718703
1149.0,58.7805,kao5ppfr,0.037776224325766786
1152.8,58.98699999999999,kao5ppfr,0.03790893483900282
1156.6,59.226,kao5ppfr,0.03806253199475785
1160.4,59.38800000000001,kao5ppfr,0.03816664387439097
1164.2,59.5155,kao5ppfr,0.038248583779657765
1168.0,59.463,kao5ppfr,0.03821484381866555
1171.8,59.371,kao5ppfr,0.03815571855368872
1175.6,59.15650000000001,kao5ppfr,0.0380178667130634
1179.4,58.8215,kao5ppfr,0.03780257362863689
1183.2,58.37699999999999,kao5ppfr,0.03751690862556949
1187.0,58.00699999999999,kao5ppfr,0.03727912223381485
1190.7,57.7555,kao5ppfr,0.03711749175401406
1194.5,57.605,kao5ppfr,0.03702077053250305
1198.3,57.60349999999998,kao5ppfr,0.03701980653361755
1202.1,57.5665,kao5ppfr,0.0369960278944421
1205.9,57.56949999999999,kao5ppfr,0.03699795589221307
1209.7,57.664,kao5ppfr,0.037058687821999066
1213.4,57.70150000000001,kao5ppfr,0.03708278779413637
1217.2,57.69850000000001,kao5ppfr,0.03708085979636538
1221.0,57.6965,kao5ppfr,0.03707957446451805
1224.8,57.667,kao5ppfr,0.03706061581977005
1228.5,57.6525,kao5ppfr,0.03705129716387696
1232.3,57.6495,kao5ppfr,0.037049369166105975
1236.1,57.63649999999999,kao5ppfr,0.03704101450909837
1239.8,57.603,kao5ppfr,0.03701948520065573
1243.6,57.6905,kao5ppfr,0.03707571846897608
1247.4,57.7445,kao5ppfr,0.03711042242885379
1251.1,57.7435,kao5ppfr,0.037109779762930124
1254.9,57.8305,kao5ppfr,0.03716569169828865
1258.7,57.87449999999999,kao5ppfr,0.03719396899892974
1262.4,57.8815,kao5ppfr,0.037198467660395376
1266.2,57.8565,kao5ppfr,0.03718240101230384
1269.9,57.8455,kao5ppfr,0.03717533168714357
1273.7,57.854,kao5ppfr,0.03718079434749469
1277.4,57.86199999999999,kao5ppfr,0.03718593567488397
1281.2,57.8365,kao5ppfr,0.03716954769383062
1284.9,57.66499999999999,kao5ppfr,0.03705933048792272
1288.7,57.58699999999999,kao5ppfr,0.03700920254587714
1292.4,57.4185,kao5ppfr,0.03690091333774024
1296.2,57.3595,kao5ppfr,0.03686299604824423
1299.9,57.2285,kao5ppfr,0.03677880681224461
1303.7,57.14399999999999,kao5ppfr,0.03672450154169524
1307.4,57.0435,kao5ppfr,0.03665991361636729
1311.2,56.985500000000016,kao5ppfr,0.036622638992794956
1314.9,56.9145,kao5ppfr,0.036577009712214996
1318.7,56.8685,kao5ppfr,0.03654744707972658
1322.4,56.77200000000001,kao5ppfr,0.03648542981809329
1326.1,56.7055,kao5ppfr,0.03644269253416981
1329.9,56.6475,kao5ppfr,0.03640541791059746
1333.6,56.5875,kao5ppfr,0.036366857955177787
1337.3,56.566500000000005,kao5ppfr,0.03635336197078091
1341.1,56.48499999999999,kao5ppfr,0.03630098469800251
1344.8,56.26649999999999,kao5ppfr,0.03616056219368254
1348.5,55.924,kao5ppfr,0.03594044911482858
1352.2,55.557500000000005,kao5ppfr,0.03570491205380676
1356.0,55.295,kao5ppfr,0.0355362122488457
1359.7,55.2005,kao5ppfr,0.03547548031905971
1363.4,55.138,kao5ppfr,0.035435313698830885
1367.1,55.13950000000001,kao5ppfr,0.03543627769771639
1370.8,54.9035,kao5ppfr,0.03528460853973234
1374.6,54.4765,kao5ppfr,0.035010190190329006
1378.3,53.8645,kao5ppfr,0.03461687864504836
1382.0,53.051,kao5ppfr,0.03409406991614998
1385.7,51.85450000000001,kao5ppfr,0.033325120138489366
1389.4,50.5425,kao5ppfr,0.03248194244664587
1393.1,49.61050000000001,kao5ppfr,0.03188297780579365
1396.8,49.2505,kao5ppfr,0.031651618073275614
1400.5,49.3985,kao5ppfr,0.031746732629977466
1404.2,49.428,kao5ppfr,0.03176569127472547
1407.9,48.58300000000001,kao5ppfr,0.031222638569231773
1411.7,48.537,kao5ppfr,0.03119307593674335
1415.4,49.3605,kao5ppfr,0.03172231132487834
1419.1,51.428,kao5ppfr,0.03305102312204786
1422.8,53.2395,kao5ppfr,0.03421521244276011
1426.4,54.271,kao5ppfr,0.03487812234301663
1430.2,54.908,kao5ppfr,0.035287500536388815
1433.8,55.3265,kao5ppfr,0.03555645622544103
1437.5,55.585,kao5ppfr,0.03572258536670744
1441.2,55.7225,kao5ppfr,0.03581095193121085
1444.9,55.8455,kao5ppfr,0.035889999839821184
1448.6,55.91450000000001,kao5ppfr,0.03593434378855381
1452.3,55.99400000000001,kao5ppfr,0.03598543572948487
1456.0,56.021,kao5ppfr,0.03600278770942372
1459.7,56.073,kao5ppfr,0.0360362063374541
1463.3,56.011,kao5ppfr,0.03599636105018711
1467.0,56.1195,kao5ppfr,0.03606609030290435
1470.7,56.13099999999999,kao5ppfr,0.03607348096102645
1474.4,56.18299999999999,kao5ppfr,0.03610689958905683
1478.1,56.187,kao5ppfr,0.03610947025275148
1481.7,56.2965,kao5ppfr,0.03617984217139238
1485.4,56.335,kao5ppfr,0.036204584809453336
1489.1,56.35849999999999,kao5ppfr,0.03621968745865937
1492.8,56.38,kao5ppfr,0.03623350477601809
1496.4,56.424,kao5ppfr,0.036261782076659185
1500.1,56.474,kao5ppfr,0.03629391537284224
1503.8,56.5225,kao5ppfr,0.03632508467013981
1507.4,56.5675,kao5ppfr,0.036354004636704566
1511.1,56.610500000000016,kao5ppfr,0.036381639271422
1514.7,56.6685,kao5ppfr,0.03641891389499435
1518.4,56.6995,kao5ppfr,0.03643883653862784
1522.1,56.724,kao5ppfr,0.03645458185375754
1525.7,56.76299999999999,kao5ppfr,0.03647964582478032
1529.4,56.7845,kao5ppfr,0.03649346314213904
1533.0,56.80800000000001,kao5ppfr,0.036508565791345086
1536.7,56.833000000000006,kao5ppfr,0.03652463243943661
1540.3,56.8525,kao5ppfr,0.036537164424948004
1544.0,56.885000000000005,kao5ppfr,0.036558051067467
1547.6,56.895500000000006,kao5ppfr,0.03656479905966544
1551.3,56.9285,kao5ppfr,0.03658600703514626
1554.9,56.9635,kao5ppfr,0.0366085003424744
1558.6,56.96600000000001,kao5ppfr,0.03661010700728355
1562.2,56.99400000000001,kao5ppfr,0.03662810165314607
1565.8,57.0015,kao5ppfr,0.03663292164757352
1569.5,57.0185,kao5ppfr,0.036643846968275766
1573.1,57.04299999999999,kao5ppfr,0.03665959228340546
1576.8,57.045,kao5ppfr,0.03666087761525279
1580.4,57.0625,kao5ppfr,0.036672124268916854
1584.0,57.056,kao5ppfr,0.03666794694041305
1587.7,57.097,kao5ppfr,0.036694296243283166
1591.3,57.1185,kao5ppfr,0.03670811356064188
1594.9,57.12549999999999,kao5ppfr,0.036712612222107505
1598.5,57.144000000000005,kao5ppfr,0.036724501541695244
1602.2,57.16200000000001,kao5ppfr,0.036736069528321154
1605.8,57.149,kao5ppfr,0.03672771487131355
1609.4,57.19199999999999,kao5ppfr,0.036755349506030974
1613.0,57.205000000000005,kao5ppfr,0.03676370416303858
1616.7,57.229,kao5ppfr,0.036779128145206445
1620.3,57.239,kao5ppfr,0.03678555480444305
1623.9,57.232000000000006,kao5ppfr,0.03678105614297743
1627.5,57.2505,kao5ppfr,0.03679294546256516
1631.1,57.25450000000001,kao5ppfr,0.03679551612625981
1634.7,57.27499999999999,kao5ppfr,0.03680869077769485
1638.3,57.310500000000005,kao5ppfr,0.036831505417984835
1641.9,57.314,kao5ppfr,0.03683375474871765
1645.6,57.294,kao5ppfr,0.03682090143024442
1649.2,57.291,kao5ppfr,0.03681897343247344
1652.8,57.285,kao5ppfr,0.036815117436931465
1656.4,57.2435,kao5ppfr,0.03678844680109953
1660.0,57.239,kao5ppfr,0.03678555480444305
1663.6,57.21849999999999,kao5ppfr,0.036772380153007996
1667.2,57.173,kao5ppfr,0.03674313885348142
1670.8,57.166500000000006,kao5ppfr,0.036738961524977624
1674.4,57.130500000000005,kao5ppfr,0.03671582555172582
1678.0,57.093,kao5ppfr,0.036691725579588524
1681.6,57.033,kao5ppfr,0.03665316562416885
1685.1,56.99550000000001,kao5ppfr,0.036629065652031556
1688.7,56.9455,kao5ppfr,0.036596932355848495
1692.3,56.88499999999999,kao5ppfr,0.036558051067466985
1695.9,56.807,kao5ppfr,0.03650792312542142
1699.5,56.7405,kao5ppfr,0.03646518584149795
1703.1,56.662,kao5ppfr,0.036414736566490545
1706.7,56.59349999999999,kao5ppfr,0.03637071395071975
1710.2,56.498500000000014,kao5ppfr,0.03630966068797195
1713.8,56.376,kao5ppfr,0.03623093411232344
1717.4,56.269000000000005,kao5ppfr,0.0361621688584917
1721.0,56.086,kao5ppfr,0.0360445609944617
1724.5,55.959500000000006,kao5ppfr,0.03596326375511856
1728.1,55.8925,kao5ppfr,0.035920205138233255
1731.7,56.005500000000005,kao5ppfr,0.03599282638760697
1735.2,56.0835,kao5ppfr,0.03604295432965254
1738.8,56.117,kao5ppfr,0.036064483638095196
1742.4,56.1255,kao5ppfr,0.036069946298446315
1745.9,56.10149999999999,kao5ppfr,0.03605452231627844
1749.5,56.0955,kao5ppfr,0.03605066632073648
1753.1,56.032,kao5ppfr,0.036009857034583995
1756.6,55.95450000000001,kao5ppfr,0.03596005042550026
1760.2,55.847,kao5ppfr,0.03589096383870667
1763.8,55.8595,kao5ppfr,0.03589899716275244
1767.3,55.8375,kao5ppfr,0.035884858512431894
1770.9,55.839,kao5ppfr,0.03588582251131738
1774.4,55.86400000000001,kao5ppfr,0.03590188915940892
1778.0,55.8235,kao5ppfr,0.03587586118950064
1781.5,55.8335,kao5ppfr,0.035882287848737246
1785.1,55.7925,kao5ppfr,0.03585593854586714
1788.6,55.75,kao5ppfr,0.03582862524411154
1792.1,55.73100000000001,kao5ppfr,0.03581641459156198
1795.7,55.69499999999999,kao5ppfr,0.035793278618310165
1799.2,55.6765,kao5ppfr,0.03578138929872244
1802.8,55.6025,kao5ppfr,0.03573383202037151
1806.3,55.6,kao5ppfr,0.03573222535556236
1809.8,55.57249999999999,kao5ppfr,0.03571455204266167
1813.4,55.49249999999999,kao5ppfr,0.035663138768768775
1816.9,55.5065,kao5ppfr,0.03567213609170004
1820.4,55.43300000000001,kao5ppfr,0.035624900146310944
1824.0,55.545,kao5ppfr,0.035696878729760996
1827.5,55.585,kao5ppfr,0.03572258536670744
1831.0,55.632000000000005,kao5ppfr,0.03575279066511952
1834.6,55.63950000000001,kao5ppfr,0.03575761065954698
1838.1,55.6315,kao5ppfr,0.035752469332157685
1841.6,55.634,kao5ppfr,0.03575407599696684
1845.1,55.7,kao5ppfr,0.03579649194792848
1848.6,55.7935,kao5ppfr,0.0358565812117908
1852.2,55.911,kao5ppfr,0.035932094457820994
1855.7,55.9555,kao5ppfr,0.03596069309142391
1859.2,55.97899999999999,kao5ppfr,0.035975795740629944
1862.7,55.92,kao5ppfr,0.03593787845113394
1866.2,55.7995,kao5ppfr,0.03586043720733277
1869.7,55.678,kao5ppfr,0.03578235329760793
1873.2,55.5405,kao5ppfr,0.03569398673310452
1876.7,55.33699999999999,kao5ppfr,0.035563204217639456
1880.2,55.1035,kao5ppfr,0.035413141724464574
1883.7,54.79050000000001,kao5ppfr,0.035211987290358626
1887.2,54.40400000000001,kao5ppfr,0.03496359691086358
1890.7,53.907,kao5ppfr,0.03464419194680396
1894.2,53.4035,kao5ppfr,0.034320609654240546
1897.7,52.8515,kao5ppfr,0.03396585806437957
1902.7,52.2515,kao5ppfr,0.033580258510182856
1905.5,51.9025,kao5ppfr,0.033355968102825095
1908.2,51.584,kao5ppfr,0.033151279006139005
1911.0,51.2925,kao5ppfr,0.032963941889391765
1913.7,51.029,kao5ppfr,0.03279459941850705
1916.5,50.86899999999999,kao5ppfr,0.032691772870721246
1919.2,50.74549999999999,kao5ppfr,0.03261240362914909
1921.9,50.614,kao5ppfr,0.03252789306018765
1924.7,50.50999999999999,kao5ppfr,0.03246105580412688
1927.4,50.444,kao5ppfr,0.032418639853165246
1930.1,50.352,kao5ppfr,0.032359514588188414
1932.9,50.303,kao5ppfr,0.03232802395792902
1935.6,50.2805,kao5ppfr,0.032313563974646645
1938.3,50.271,kao5ppfr,0.03230745864837186
1941.0,50.28149999999999,kao5ppfr,0.032314206640570296
1943.7,50.31649999999999,kao5ppfr,0.03233669994789844
1946.4,50.35099999999999,kao5ppfr,0.03235887192226475
1949.2,50.39699999999999,kao5ppfr,0.03238843455475316
1951.9,50.48199999999999,kao5ppfr,0.03244306115826437
1954.6,50.562,kao5ppfr,0.032494474432157264
1957.3,50.62899999999999,kao5ppfr,0.03253753304904256
1960.0,50.7165,kao5ppfr,0.032593766317362924
1962.7,50.8205,kao5ppfr,0.03266060357342369
1965.4,50.91499999999999,kao5ppfr,0.032721335503209666
1968.1,50.9945,kao5ppfr,0.03277242744414073
1970.7,51.0855,kao5ppfr,0.032830910043193905
1973.4,51.19449999999999,kao5ppfr,0.03290096062887297
1976.1,51.2925,kao5ppfr,0.032963941889391765
1978.8,51.38949999999999,kao5ppfr,0.0330262804839869
1981.5,51.477,kao5ppfr,0.03308251375230726
1984.1,51.57099999999999,kao5ppfr,0.0331429243491314
1986.8,51.67999999999999,kao5ppfr,0.03321297493481048
1989.5,51.80799999999999,kao5ppfr,0.03329523617303911
1992.1,51.93449999999999,kao5ppfr,0.033376533412382246
1994.8,52.038,kao5ppfr,0.03344304933548119
1997.5,52.116,kao5ppfr,0.03349317727752676
2000.1,52.2265,kao5ppfr,0.03356419186209132
2002.8,52.3325,kao5ppfr,0.03363231444999941
2005.4,52.4265,kao5ppfr,0.03369272504682356
2008.1,52.515999999999984,kao5ppfr,0.03375024364699123
2010.7,52.6185,kao5ppfr,0.033816116904166506
2013.4,52.71999999999999,kao5ppfr,0.033881347495418115
2016.0,52.804,kao5ppfr,0.033935331433005665
2018.6,52.8975,kao5ppfr,0.033995420696867985
2021.3,52.9605,kao5ppfr,0.03403590865005864
2023.9,53.0035,kao5ppfr,0.03406354328477607
2026.5,53.060500000000005,kao5ppfr,0.034100175242424764
2029.2,53.0945,kao5ppfr,0.03412202588382924
2031.8,53.1035,kao5ppfr,0.03412780987714219
2034.4,53.1255,kao5ppfr,0.03414194852746274
2037.0,53.15749999999999,kao5ppfr,0.03416251383701989
2039.7,53.1865,kao5ppfr,0.03418115114880607
2042.3,53.181,kao5ppfr,0.03417761648622593
2044.9,53.1495,kao5ppfr,0.03415737250963061
2047.5,53.109,kao5ppfr,0.03413134453972233
2050.1,53.082,kao5ppfr,0.03411399255978347
2052.7,53.0675,kao5ppfr,0.03410467390389039
2055.3,53.045,kao5ppfr,0.03409021392060801
2057.9,53.0355,kao5ppfr,0.03408410859433323
2060.5,53.0215,kao5ppfr,0.034075111271401975
2063.1,52.99499999999998,kao5ppfr,0.03405808062442494
2065.7,52.9515,kao5ppfr,0.03403012465674569
2068.3,52.89699999999999,kao5ppfr,0.03399509936390615
2070.9,52.8455,kao5ppfr,0.0339620020688376
2073.4,52.8015,kao5ppfr,0.033933724768196505
2076.0,52.760000000000005,kao5ppfr,0.03390705413236457
2078.6,52.707,kao5ppfr,0.033872992838410526
2081.2,52.6495,kao5ppfr,0.03383603954780001
2083.7,52.5705,kao5ppfr,0.033785268939830776
2086.3,52.4985,kao5ppfr,0.03373899699332717
2088.9,52.4575,kao5ppfr,0.03371264769045706
2091.4,52.428,kao5ppfr,0.033693689045709053
2094.0,52.4035,kao5ppfr,0.033677943730579356
2096.6,52.39549999999999,kao5ppfr,0.03367280240319006
2099.1,52.365,kao5ppfr,0.033653201092518396
2101.6,52.304,kao5ppfr,0.03361399847117506
2104.2,52.20499999999999,kao5ppfr,0.0335503745447326
2106.8,52.05499999999999,kao5ppfr,0.033453974656183424
2109.3,51.9065,kao5ppfr,0.033358538766519744
2111.8,51.804,kao5ppfr,0.03329266550934447
2114.4,51.758,kao5ppfr,0.033263102876856056
2116.9,51.7325,kao5ppfr,0.03324671489580269
2119.4,51.689,kao5ppfr,0.03321875892812343
2122.0,51.62949999999999,kao5ppfr,0.03318052030566559
2124.5,51.5365,kao5ppfr,0.0331207523747651
2127.0,51.3995,kao5ppfr,0.03303270714322352
2129.6,51.2165,kao5ppfr,0.03291509927919352
2132.1,50.96249999999999,kao5ppfr,0.032751862134583566
2134.6,50.608,kao5ppfr,0.032524037064645676
2137.1,50.14699999999999,kao5ppfr,0.03222776807383786
2139.6,49.5585,kao5ppfr,0.03184955917776326
2142.1,48.8535,kao5ppfr,0.03139647970158212
2144.6,48.0365,kao5ppfr,0.03087142164195092
2147.1,47.12949999999999,kao5ppfr,0.030288523649190217
2149.6,46.2235,kao5ppfr,0.02970626832235318
2152.1,45.394000000000005,kao5ppfr,0.029173176938676222
2154.6,44.672,kao5ppfr,0.028709172141792836
2157.1,44.07299999999999,kao5ppfr,0.028324215253519778
2159.6,43.6285,kao5ppfr,0.028038550250452383
2162.1,43.334,kao5ppfr,0.02784928513593416
2164.6,43.1625,kao5ppfr,0.027739067930026267
2167.1,43.087,kao5ppfr,0.027690546652789846
2169.6,43.0585,kao5ppfr,0.0276722306739655
2172.0,43.051,kao5ppfr,0.027667410679538044
2174.5,43.0685,kao5ppfr,0.027678657333202114
2177.0,43.05199999999999,kao5ppfr,0.0276680533454617
2179.4,42.9695,kao5ppfr,0.02761503340675965
2181.9,42.8145,kao5ppfr,0.027515420188592172
2184.4,42.58749999999999,kao5ppfr,0.027369535023921074
2186.8,42.2955,kao5ppfr,0.02718187657421201
2189.3,41.971,kao5ppfr,0.02697333148198395
2191.7,41.6195,kao5ppfr,0.026747434409817045
2194.2,41.22949999999999,kao5ppfr,0.02649679469958917
2196.6,40.67,kao5ppfr,0.026137223115300742
2199.1,39.8355,kao5ppfr,0.025600918402005474
2201.5,38.80349999999999,kao5ppfr,0.024937687168787116
2204.0,37.92849999999999,kao5ppfr,0.02437535448558357
2206.4,37.681,kao5ppfr,0.02421629466947743
2208.9,38.2185,kao5ppfr,0.024561727603445323
2211.3,39.309,kao5ppfr,0.025262554793197854
2213.7,40.62949999999999,kao5ppfr,0.02611119514539246
2216.1,41.902,kao5ppfr,0.02692898753325133
2218.6,43.0495,kao5ppfr,0.027666446680652552
2221.0,44.01950000000001,kao5ppfr,0.028289832626603912
2223.4,44.789,kao5ppfr,0.0287843640548612
2225.8,45.37049999999999,kao5ppfr,0.029158074289470176
2228.2,45.802,kao5ppfr,0.029435384635529985
2230.6,46.1015,kao5ppfr,0.029627863079666514
2233.1,46.288,kao5ppfr,0.02974772027442932
2235.5,46.40899999999999,kao5ppfr,0.029825482851192325
2237.9,46.49399999999999,kao5ppfr,0.029880109454703527
2240.3,46.5335,kao5ppfr,0.029905494758688145
2242.7,46.5485,kao5ppfr,0.029915134747543065
2245.1,46.547,kao5ppfr,0.029914170748657574
2247.5,46.52649999999999,kao5ppfr,0.029900996097222514
2249.9,46.469,kao5ppfr,0.029864042806612003
2252.2,46.38649999999999,kao5ppfr,0.02981102286790995
2254.6,46.2745,kao5ppfr,0.029739044284459903
2257.0,46.16199999999999,kao5ppfr,0.02966674436804801
2259.4,46.026,kao5ppfr,0.029579341802430093
2261.8,45.87199999999999,kao5ppfr,0.029480371250186262
2264.1,45.7235,kao5ppfr,0.02938493536052258
2266.5,45.56249999999999,kao5ppfr,0.029281466146813123
2268.9,45.38649999999999,kao5ppfr,0.029168356944248755
2271.2,45.18149999999999,kao5ppfr,0.029036610429898208
2273.6,44.95399999999999,kao5ppfr,0.028890403932265288
2276.0,44.77049999999999,kao5ppfr,0.02877247473527346
2278.3,44.6115,kao5ppfr,0.028670290853411332
2280.7,44.4335,kao5ppfr,0.028555896318999643
2283.0,44.27049999999999,kao5ppfr,0.02845114177344286
2285.4,44.1125,kao5ppfr,0.028349600557504396
2287.7,43.962,kao5ppfr,0.02825287933599339
2290.1,43.81249999999999,kao5ppfr,0.028156800780406038
2292.4,43.642,kao5ppfr,0.02804722624042181
2294.8,43.463,kao5ppfr,0.027932189040086455
2297.1,43.25999999999999,kao5ppfr,0.027801727857583225
2299.4,43.039,kao5ppfr,0.02765969868845411
2301.8,42.8,kao5ppfr,0.02750610153269908
2304.1,42.5595,kao5ppfr,0.027351540378058564
2306.4,42.306,kao5ppfr,0.02718862456641045
2308.7,42.1155,kao5ppfr,0.027066196707952992
2311.1,41.9905,kao5ppfr,0.026985863467495343
2313.4,41.88849999999999,kao5ppfr,0.0269203115432819
2315.7,41.8505,kao5ppfr,0.026895890238182778
2318.0,41.8605,kao5ppfr,0.02690231689741939
2320.3,41.88849999999999,kao5ppfr,0.0269203115432819
2322.6,41.938,kao5ppfr,0.026952123506503136
2324.9,41.974,kao5ppfr,0.026975259479754935
2327.2,42.01049999999999,kao5ppfr,0.026998716785968567
2329.5,42.0465,kao5ppfr,0.027021852759220373
2331.8,42.0945,kao5ppfr,0.027052700723556106
2334.1,42.139,kao5ppfr,0.027081299357159035
2336.4,42.13049999999999,kao5ppfr,0.027075836696807905
2338.7,42.07449999999999,kao5ppfr,0.027039847405082883
2341.0,41.945999999999984,kao5ppfr,0.02695726483389241
2343.2,41.796,kao5ppfr,0.026860864945343243
2345.5,41.612,kao5ppfr,0.026742614415389585
2347.8,41.42700000000001,kao5ppfr,0.02662372121951227
2350.1,41.25849999999999,kao5ppfr,0.026515432011375347
2352.4,41.148,kao5ppfr,0.026444417426810793
2354.6,41.06949999999999,kao5ppfr,0.02639396815180338
2356.9,41.0185,kao5ppfr,0.026361192189696667
2359.1,41.0185,kao5ppfr,0.026361192189696667
2361.4,41.02049999999999,kao5ppfr,0.026362477521543984
2363.7,40.966,kao5ppfr,0.026327452228704452
2365.9,40.857,kao5ppfr,0.026257401643025383
2368.2,40.72249999999998,kao5ppfr,0.026170963076292943
2370.4,40.57849999999999,kao5ppfr,0.026078419183285736
2372.7,40.413,kao5ppfr,0.02597205797291981
2374.9,40.227,kao5ppfr,0.02585252211111883
2377.2,40.06549999999999,kao5ppfr,0.025748731564447545
2379.4,39.91499999999999,kao5ppfr,0.025652010342936533
2381.6,39.794,kao5ppfr,0.025574247766173532
2383.9,39.8,kao5ppfr,0.0255781037617155
2386.1,39.8995,kao5ppfr,0.025642049021119794
2388.3,39.9975,kao5ppfr,0.025705030281638588
2390.6,40.1355,kao5ppfr,0.025793718179103833
2392.8,40.313,kao5ppfr,0.025907791380553696
2395.0,40.479,kao5ppfr,0.02601447392388145
2397.2,40.599,kao5ppfr,0.026091593834720792
2399.4,40.69949999999999,kao5ppfr,0.02615618176004874
2401.6,40.8,kao5ppfr,0.026220769685376694
2403.9,40.8525,kao5ppfr,0.02625450964636891
2406.1,40.855,kao5ppfr,0.02625611631117806
2408.3,40.8335,kao5ppfr,0.026242298993819347
2410.5,40.746,kao5ppfr,0.026186065725498992
2412.7,40.65299999999999,kao5ppfr,0.026126297794598494
2414.9,40.5735,kao5ppfr,0.026075205853667436
2417.1,40.47499999999999,kao5ppfr,0.0260119032601868
2419.2,40.31,kao5ppfr,0.025905863382782713
2421.4,40.14149999999999,kao5ppfr,0.025797574174645795
2423.6,39.97499999999999,kao5ppfr,0.025690570298356204
2425.8,39.77349999999999,kao5ppfr,0.025561073114738476
2428.0,39.5445,kao5ppfr,0.025413902618220068
2430.2,39.31,kao5ppfr,0.02526319745912152
2432.3,39.033,kao5ppfr,0.025085178998267368
2434.5,38.739,kao5ppfr,0.024896235216710975
2436.7,38.485,kao5ppfr,0.024732998072101033
2438.8,38.27199999999999,kao5ppfr,0.024596110230361193
2441.0,38.041,kao5ppfr,0.02444765440199546
2443.2,37.846500000000006,kao5ppfr,0.024322655879843363
2445.3,37.6895,kao5ppfr,0.024221757329828553
2447.5,37.558,kao5ppfr,0.024137246760867107
2449.6,37.45499999999999,kao5ppfr,0.02407105217073
2451.8,37.32599999999999,kao5ppfr,0.023988148266577705
2453.9,37.176,kao5ppfr,0.02389174837802853
2456.1,37.06499999999999,kao5ppfr,0.023820412460502132
2458.2,36.996,kao5ppfr,0.023776068511769517
2460.4,36.94199999999999,kao5ppfr,0.023741364551891807
2462.5,36.884,kao5ppfr,0.02370408992831946
2464.6,36.7955,kao5ppfr,0.023647213994075444
2466.8,36.71600000000001,kao5ppfr,0.023596122053144385
2468.9,36.63499999999999,kao5ppfr,0.023544066113327818
2471.0,36.5675,kao5ppfr,0.023500686163480694
2473.1,36.4635,kao5ppfr,0.02343384890741993
2475.2,36.34349999999999,kao5ppfr,0.023356728996580582
2477.4,36.18749999999999,kao5ppfr,0.023256473112489434
2479.5,36.0825,kao5ppfr,0.023188993190505016
2481.6,35.9725,kao5ppfr,0.02311829993890228
2483.7,35.797,kao5ppfr,0.023005512069299742
2485.8,35.6345,kao5ppfr,0.022901078856704803
2487.9,35.522499999999994,kao5ppfr,0.022829100273254743
2490.0,35.44449999999999,kao5ppfr,0.022778972331209166
2492.1,35.40449999999999,kao5ppfr,0.02275326569426272
2494.2,35.35699999999999,kao5ppfr,0.022722739062888814
2496.3,35.34499999999999,kao5ppfr,0.02271502707180488
2498.4,35.3355,kao5ppfr,0.022708921745530106
2500.5,35.343999999999994,kao5ppfr,0.022714384405881218
2502.6,35.3265,kao5ppfr,0.022703137752217155
2504.7,35.32099999999999,kao5ppfr,0.02269960308963701
2506.7,35.31949999999999,kao5ppfr,0.022698639090751517
2508.8,35.3295,kao5ppfr,0.022705065749988138
2510.9,35.3275,kao5ppfr,0.022703780418140813
2513.0,35.3875,kao5ppfr,0.022742340373560488
